:020000040800F2
:100000000000022009E20008D9D90008DBD9000865
:10001000DDD90008DFD90008E1D9000800000000A0
:100020000000000000000000000000000164000863
:10003000E3D900080000000091640008835C000818
:100040005DE200085DE200085DE200085DE2000894
:100050005DE200085DE200085DE200085DE2000884
:100060005DE200085DE200085DE200085DE2000874
:100070005DE200085DE200085DE200085DE2000864
:100080005DE200085DE200085DE200085DE2000854
:100090005DE200085DE200085DE200085DE2000844
:1000A0005DE200085DE200085DE200085DE2000834
:1000B0005DE200085DE200085DE200085DE2000824
:1000C0005DE200085DE200085DE200085DE2000814
:1000D0005DE200085DE200085DE200085DE2000804
:1000E0005DE200085DE20008000000005DE200083B
:1000F0005DE200085DE200085DE200085DE20008E4
:100100005DE200085DE200085DE200085DE20008D3
:100110005DE200085DE20008E5D900085DE2000844
:100120005DE200085DE200085DE200085DE20008B3
:100130005DE200085DE200085DE200085DE20008A3
:100140005DE200085DE20008000000000000000021
:100150005DE200085DE200085DE200085DE2000883
:100160005DE200085DE200085DE200085DE2000873
:100170005DE200085DE200085DE2000800000000AA
:100180005DE200085DE200085DE200085DE2000853
:100190005DE200085DE200085DE200085DE2000843
:1001A000F1D900085DE20008FDD900085DE2000811
:1001B0005DE200085DE200085DE200085DE2000823
:1001C0005DE200085DE200085DE200085DE2000813
:1001D0005DE200085DE200085DE200085DE2000803
:1001E0005DE200085DE200085DE200085DE20008F3
:1001F0005DE200085DE200085DE200085DE20008E3
:100200005DE200085DE200085DE200085DE20008D2
:100210005DE200085DE200085DE200085DE20008C2
:100220005DE2000809DA000815DA000831DA000892
:100230005DE200085DE200085DE200085DE20008A2
:100240005DE200085DE200085DE200085DE2000892
:100250005DE200085DE200085DE200085DE2000882
:100260005DE200085DE200085DE200085DE2000872
:100270005DE200085DE200085DE200085DE2000862
:100280005DE200085DE200085DE200080000000099
:080290005DE200085DE20008D8
:1002C00002780B78012A28BF9A4240F0D8806DE965
:1002D000044540EA0104CDE902676FF0000C4FEAE3
:1002E00044721AB380EA010414F0070F6BD100F0D6
:1002F000070420F0070004F0030521F007014FEA8E
:10030000C505F0E8042314F0040FF1E804670CFAC3
:1003100005F462EA040266EA04060BD063EA040309
:10032000624667EA0407664604E000BFF0E804237B
:10033000F1E8046782FA4CF582EA0604A4FA8CF428
:100340006CBB83FA4CF583EA0705A5FA8CF595B9E1
:1003500050E9022351E9026782FA4CF582EA060469
:10036000A4FA8CF483FA4CF583EA0705A5FA8CF518
:100370002543DBD09CB92DBAB5FA85F424F00704E7
:1003800027FA04F1DDE9026723FA04F303F0FF0022
:1003900001F0FF01FDE80445A0EB0100704724BA1D
:1003A000B4FA84F424F0070426FA04F1DDE90267C4
:1003B00022FA04F202F0FF0001F0FF01FDE804451B
:1003C000A0EB0100704714F0030F3CD110F00304C0
:1003D00028D150F8082B51F8083B82FA4CF582EAF4
:1003E0000305A5FA8CF55DB950F8042C51F8043CCE
:1003F00082FA4CF582EA0305A5FA8CF5002DE8D0C7
:100400002DBAB5FA85F424F0070423FA04F122FA90
:1004100004F202F0FF0001F0FF01FDE80445A0EB4B
:10042000010070474FEAC40420F0030050F8082B85
:1004300021F0030151F8083B0CFA04F462EA0402CB
:1004400063EA0403C9E710F003041DD0A1EB040123
:1004500020F00300E40750F8042B06D012D28B786A
:100460005FFAA2F4E41A06D12BB1CB785FFAB2F4AA
:10047000E41A00D133B920465DF8104B7047A2EB67
:100480000300704701F1040150F8042BCC0721F060
:10049000030151F8043B48D824D222F07F4482FA69
:1004A0004CF594EA1325A5FA8CF50AD165B951F8F3
:1004B000043B84EA0204B4EB036F0ED150F8042B22
:1004C000EBE74FEA132355E035F07F454DD108782F
:1004D000FDE80445C0F1000070474FEA126203F0E6
:1004E000FF0347E002EA1C4482FA4CF594EA134504
:1004F000A5FA8CF50AD165B951F8043B84EA0204E7
:10050000B4EB034F0CD150F8042BEBE74FEA134345
:1005100030E015EA1C4528D10B884FEA124229E049
:100520004FEA124203EA1C4324E002F0FF0482FA7D
:100530004CF594EA1365A5FA8CF50AD165B951F822
:10054000043B84EA0204B4EB032F09D150F8042BD6
:10055000EBE74FEA13630DE015F0FF0F05D10B68D1
:100560004FEA122223F07F4304E04FF00000FDE841
:100570000445704712BA1BBA82FA4CF482EA0304AB
:10058000A4FA8CF5B5FA85F402FA04F203FA04F33E
:100590004FEA1260FDE80445A0EB1360704700BF0E
:1005A00001F0FF01102A2BDB10F0070F08D010F824
:1005B000013B013A8B422DD010F0070F42B3F6D128
:1005C000F0B441EA012141EA014122F007047FF041
:1005D00000070023F0E80256083C85EA010586EA98
:1005E000010685FA47F5A3FA87F586FA47F6A5FAD4
:1005F00087F68EB9EED1F0BC01F0FF0102F00702E0
:1006000032B110F8013B013A83EA010313B1F8D18A
:100610000020704701387047002D06BF354603386B
:10062000073815F0010F07D1013015F4807F02BFA4
:10063000013015F4C03F0130F0BC0138704700BFF5
:10064000844641EA000313F003036DD1403A41D3DD
:1006500051F8043B40F8043B51F8043B40F8043B9C
:1006600051F8043B40F8043B51F8043B40F8043B8C
:1006700051F8043B40F8043B51F8043B40F8043B7C
:1006800051F8043B40F8043B51F8043B40F8043B6C
:1006900051F8043B40F8043B51F8043B40F8043B5C
:1006A00051F8043B40F8043B51F8043B40F8043B4C
:1006B00051F8043B40F8043B51F8043B40F8043B3C
:1006C00051F8043B40F8043B51F8043B40F8043B2C
:1006D000403ABDD2303211D351F8043B40F8043BCC
:1006E00051F8043B40F8043B51F8043B40F8043B0C
:1006F00051F8043B40F8043B103AEDD20C3205D3DC
:1007000051F8043B40F8043B043AF9D2043208D0D3
:10071000D2071CBF11F8013B00F8013B01D30B8845
:1007200003806046704700BF082A13D38B078DD023
:1007300010F003038AD0C3F10403D21ADB071CBFF5
:1007400011F8013B00F8013B80D331F8023B20F85F
:10075000023B7BE7043AD9D3013A11F8013B00F898
:10076000013BF9D20B7803704B7843708B78837020
:10077000604670470000000000000000000000001C
:1007800030B490F800F020F007016FF0000C10F08A
:10079000070491F820F040F048804FF000046FF01B
:1007A0000700D1E9002391F840F000F1080082FA37
:1007B0004CF2A4FA8CF283FA4CF3A2FA8CF34BBB02
:1007C000D1E9022382FA4CF200F10800A4FA8CF27B
:1007D00083FA4CF3A2FA8CF3E3B9D1E9042382FA49
:1007E0004CF200F10800A4FA8CF283FA4CF3A2FA5E
:1007F0008CF37BB9D1E9062301F1200182FA4CF296
:1008000000F10800A4FA8CF283FA4CF3A2FA8CF3FC
:10081000002BC6D0002A04BF04301A4612BAB2FA1E
:1008200082F200EBD20030BC7047D1E9002304F023
:100830000305C4F100004FEAC50514F0040F91F858
:1008400040F00CFA05F562EA05021CBF63EA0503F5
:1008500062464FF00004AAE781F0004102E000BFC9
:1008600083F0004330B54FEA41044FEA430594EA70
:10087000050F08BF90EA020F1FBF54EA000C55EAAB
:10088000020C7FEA645C7FEA655C00F0E2804FEA7C
:100890005454D4EB5555B8BF6D420CDD2C4480EA5E
:1008A000020281EA030382EA000083EA010180EA8E
:1008B000020281EA0303362D88BF30BD11F0004FDC
:1008C0004FEA01314FF4801C4CEA113102D0404212
:1008D00061EB410113F0004F4FEA03334CEA13334D
:1008E00002D0524263EB430394EA050F00F0A78065
:1008F000A4F10104D5F1200E0DDB02FA0EFC22FA60
:1009000005F2801841F1000103FA0EF2801843FA53
:1009100005F359410EE0A5F120050EF1200E012A44
:1009200003FA0EFC28BF4CF0020C43FA05F3C01882
:1009300051EBE37101F0004507D54FF0000EDCF1FB
:10094000000C7EEB00006EEB0101B1F5801F1BD3A4
:10095000B1F5001F0CD349085FEA30004FEA3C0CA8
:1009600004F101044FEA445212F5800F80F09A809E
:10097000BCF1004F08BF5FEA500C50F1000041EBA2
:10098000045141EA050130BD5FEA4C0C404141EBA6
:100990000101013C28BFB1F5801FE9D291F0000FA1
:1009A00004BF01460020B1FA81F308BF2033A3F150
:1009B0000B03B3F120020CDA0C3208DD02F1140C47
:1009C000C2F10C0201FA0CF021FA02F10CE002F182
:1009D0001402D8BFC2F1200C01FA02F120FA0CFC7B
:1009E000DCBF41EA0C019040E41AA2BF01EB0451C4
:1009F000294330BD6FEA04041F3C1CDA0C340EDCC2
:100A000004F11404C4F1200220FA04F001FA02F304
:100A100040EA030021FA04F345EA030130BDC4F1C2
:100A20000C04C4F1200220FA02F001FA04F340EAB7
:100A30000300294630BD21FA04F0294630BD94F068
:100A4000000F83F4801306BF81F480110134013D4F
:100A50004EE77FEA645C18BF7FEA655C29D094EAC0
:100A6000050F08BF90EA020F05D054EA000C04BF3E
:100A70001946104630BD91EA030F1EBF0021002029
:100A800030BD5FEA545C05D14000494128BF41F0C8
:100A9000004130BD14F580043CBF01F5801130BD2C
:100AA00001F0004545F0FE4141F470014FF00000B7
:100AB00030BD7FEA645C1ABF194610467FEA655C68
:100AC0001CBF0B46024650EA013406BF52EA03350A
:100AD00091EA030F41F4002130BD00BF90F0000FF8
:100AE00004BF0021704730B54FF4806404F1320434
:100AF0004FF000054FF0000150E700BF90F0000FED
:100B000004BF0021704730B54FF4806404F1320413
:100B100010F0004548BF40424FF000013EE700BFE3
:100B200042004FEAE2014FEA31014FEA02701FBF73
:100B300012F07F4393F07F4F81F06051704732F0A5
:100B40007F4208BF704793F07F4F04BF41F40021FC
:100B5000704730B54FF4607401F0004521F000415A
:100B60001CE700BF50EA010208BF704730B54FF0E4
:100B700000050AE050EA010208BF704730B511F0E5
:100B8000004502D5404261EB41014FF4806404F11D
:100B900032045FEA915C3FF4D8AE4FF003025FEAA3
:100BA000DC0C18BF03325FEADC0C18BF033202EB27
:100BB000DC02C2F1200300FA03FC20FA02F001FA81
:100BC00003FE40EA0E0021FA02F11444BDE600BF24
:100BD00070B54FF0FF0C4CF4E06C1CEA11541DBFD3
:100BE0001CEA135594EA0C0F95EA0C0F00F0DEF89E
:100BF0002C4481EA030621EA4C5123EA4C5350EA83
:100C0000013518BF52EA033541F4801143F48013D3
:100C100038D0A0FB02CE4FF00005E1FB02E506F064
:100C20000042E0FB03E54FF00006E1FB03569CF0B9
:100C3000000F18BF4EF0010EA4F1FF04B6F5007FBF
:100C400064F5407404D25FEA4E0E6D4146EB060631
:100C500042EAC62141EA55514FEAC52040EA5E50BA
:100C60004FEACE2EB4F1FD0C88BFBCF5E06F1ED864
:100C7000BEF1004F08BF5FEA500E50F1000041EB9B
:100C8000045170BD06F0004646EA010140EA020048
:100C900081EA0301B4EB5C04C2BFD4EB0C0541EA6A
:100CA000045170BD41F480114FF0000E013C00F37F
:100CB000AB8014F1360FDEBF002001F0004170BDA3
:100CC000C4F10004203C35DA0C341BDC04F11404BC
:100CD000C4F1200500FA05F320FA04F001FA05F248
:100CE00040EA020001F0004221F0004110EBD37015
:100CF00021FA04F642EB06015EEA430E08BF20EA41
:100D0000D37070BDC4F10C04C4F1200500FA04F3E3
:100D100020FA05F001FA04F240EA020001F0004175
:100D200010EBD37041F100015EEA430E08BF20EAE8
:100D3000D37070BDC4F1200500FA05F24EEA020E30
:100D400020FA04F301FA05F243EA020321FA04F05F
:100D500001F0004121FA04F220EA020000EBD37016
:100D60005EEA430E08BF20EAD37070BD94F0000F16
:100D70000FD101F00046400041EB010111F4801F4A
:100D800008BF013CF7D041EA060195F0000F18BFFB
:100D9000704703F00046520043EB030313F4801F37
:100DA00008BF013DF7D043EA0603704794EA0C0FF1
:100DB0000CEA135518BF95EA0C0F0CD050EA410607
:100DC00018BF52EA4306D1D181EA030101F0004184
:100DD0004FF0000070BD50EA410606BF10461946AC
:100DE00052EA430619D094EA0C0F02D150EA0136B8
:100DF00013D195EA0C0F05D152EA03361CBF1046F9
:100E000019460AD181EA030101F0004141F0FE4197
:100E100041F470014FF0000070BD41F0FE4141F41B
:100E2000780170BD70B54FF0FF0C4CF4E06C1CEA1B
:100E300011541DBF1CEA135594EA0C0F95EA0C0FD0
:100E400000F0A7F8A4EB050481EA030E52EA03358B
:100E50004FEA013100F088804FEA03334FF08055AC
:100E600045EA131343EA12634FEA022245EA1115D9
:100E700045EA10654FEA00260EF000419D4208BF8A
:100E8000964244F1FD0404F5407402D25B084FEA37
:100E90003202B61A65EB03055B084FEA32024FF4E3
:100EA00080104FF4002CB6EB020E75EB030E22BF40
:100EB000B61A754640EA0C005B084FEA3202B6EB00
:100EC000020E75EB030E22BFB61A754640EA5C00AF
:100ED0005B084FEA3202B6EB020E75EB030E22BF3F
:100EE000B61A754640EA9C005B084FEA3202B6EB40
:100EF000020E75EB030E22BFB61A754640EADC00FF
:100F000055EA060E18D04FEA051545EA16754FEA60
:100F100006164FEAC30343EA52734FEAC2025FEA7E
:100F20001C1CC0D111F4801F0BD141EA00014FF00D
:100F300000004FF0004CB6E711F4801F04BF0143DE
:100F40000020B4F1FD0C88BFBCF5E06F3FF6AFAEFA
:100F5000B5EB030C04BFB6EB020C5FEA500C50F18A
:100F6000000041EB045170BD0EF0004E4EEA11310D
:100F700014EB5C04C2BFD4EB0C0541EA045170BD14
:100F800041F480114FF0000E013C90E645EA060E58
:100F90008DE60CEA135594EA0C0F08BF95EA0C0F86
:100FA0003FF43BAF94EA0C0F0AD150EA01347FF4CE
:100FB00034AF95EA0C0F7FF425AF104619462CE7A5
:100FC00095EA0C0F06D152EA03353FF4FDAE104608
:100FD000194622E750EA410618BF52EA43067FF459
:100FE000C5AE50EA41047FF40DAF52EA43057FF4E9
:100FF000EBAE12E74FF0FF3C06E000BF4FF0010CF4
:1010000002E000BF4FF0010C4DF804CD4FEA410C57
:101010007FEA6C5C4FEA430C18BF7FEA6C5C1BD024
:1010200001B050EA410C0CBF52EA430C91EA030FA5
:1010300002BF90EA020F0020704710F1000F91EA02
:10104000030F58BF994208BF90422CBFD8176FEAD0
:10105000E37040F0010070474FEA410C7FEA6C5C9E
:1010600002D150EA013C07D14FEA430C7FEA6C5CA5
:10107000D6D152EA033CD3D05DF8040B704700BFD1
:101080008446104662468C461946634600E000BF1F
:1010900001B5FFF7B7FF002848BF10F1000F01BDF1
:1010A0004DF808EDFFF7F4FF0CBF012000205DF8BC
:1010B00008FB00BF4DF808EDFFF7EAFF34BF012041
:1010C00000205DF808FB00BF4DF808EDFFF7E0FFDA
:1010D00094BF012000205DF808FB00BF4DF808ED2B
:1010E000FFF7CEFF94BF012000205DF808FB00BF92
:1010F0004DF808EDFFF7C4FF34BF012000205DF874
:1011000008FB00BF4FEA410C7FEA6C5C02D150EA59
:10111000013C0AD14FEA430C7FEA6C5C02D152EAEF
:10112000033C02D14FF0000070474FF001007047C0
:101130004FEA410212F5001215D211D56FF47873FF
:10114000B3EB625212D94FEAC12343F0004343EAA2
:10115000505311F0004F23FA02F018BF404270477D
:101160004FF00000704750EA013005D111F0004007
:1011700008BF6FF0004070474FF00000704700BF9D
:1011800000F1340191E838009C46A6464CF8045D15
:1011900090E8FF0FE54600BD90EC210B704700BFC3
:1011A00080EC210B704700BF90EC200B704700BF14
:1011B00080EC200B704700BFD0EC200B704700BFC5
:1011C000C0EC200B704700BFF0EC0201F0EC021104
:1011D000F0EC0221F0EC0231F0EC0241F0EC0251B3
:1011E000F0EC0261F0EC0271F0EC0281F0EC0291A3
:1011F000F0EC02A1F0EC02B1F0EC02C1F0EC02D193
:10120000F0EC02E1F0EC02F1704700BFE0EC02010B
:10121000E0EC0211E0EC0221E0EC0231E0EC0241F2
:10122000E0EC0251E0EC0261E0EC0271E0EC0281E2
:10123000E0EC0291E0EC02A1E0EC02B1E0EC02C1D2
:10124000E0EC02D1E0EC02E1E0EC02F1704700BF1B
:10125000B0FC0181B0FC0191B0FC01A1B0FC01B176
:10126000704700BFA0FC0181A0FC0191A0FC01A17E
:10127000A0FC01B1704700BFEC4600B52DE900505D
:101280002DE9FF1F4FF000032DE90C0001A92FF0FD
:1012900087F9DDF840E012B0704700BFEC4600B5BA
:1012A0002DE900502DE9FF1F4FF000032DE90C0040
:1012B00001A92FF0B1F9DDF840E012B0704700BF8E
:1012C000EC4600B52DE900502DE9FF1F4FF000035B
:1012D0002DE90C0001A92FF0C1F9DDF840E012B0B2
:1012E000704700BFEC4600B52DE900502DE9FF1F07
:1012F0004FF000032DE90C0001AB2FF085F9DDF86C
:1013000040E012B0704700BFEC4600B52DE9005038
:101310002DE9FF1F4FF000032DE90C0001AA2FF06B
:10132000FDF9DDF840E012B0704700BF0348044B00
:10133000834202D0034B03B118477047BC07002417
:10134000BC070024000000000548064B1B1AD90FFB
:1013500001EBA301491002D0034B03B118477047BA
:10136000BC070024BC0700240000000010B5064C98
:10137000237843B9FFF7DAFF044B13B10448AFF306
:1013800000800123237010BDC09F002400000000D6
:10139000F810030808B5054B1BB105490548AFF324
:1013A0000080BDE80840FFF7CFBF00BF000000008D
:1013B000C49F0024F8100308704704387047704732
:1013C00010B50446102120F0BDF8204610BDA0F154
:1013D0000400F5E70022C1608260024A0260183210
:1013E0004260704758110308704770477047704754
:1013F000034B10B50446036000F081F8204610BD91
:101400008011030810B50446FFF7F2FFF8212046CB
:1014100020F098F8204610BD10B5044600F0CAF838
:10142000014B2046236010BD8011030800F068B80E
:101430000022026070477047704700F59873086893
:10144000496803C37047704700F048BB10B50446B5
:101450004FF4AE7120F076F8204610BD10B504466A
:10146000D0F85801FFF7E7FF2046BDE8104011F023
:1014700035BF10B50446D0F8400158B10368DB68A9
:10148000984738B1D4F8400103689B689847002317
:10149000C4F8403110BD000010B5044600F0EEFA6B
:1014A000014B2046236010BDB8110308002070478F
:1014B00081807047C18070470181704741817047CA
:1014C0007047704770477047704710B4C48803680E
:1014D000121B84885B6D091B12B25DF8044B09B2C4
:1014E00018474FF6FF7383814FF0FF330362136891
:1014F000C36110607047704770477047704770470E
:101500000368DB6A184730B444680346C2689B68C6
:10151000551004EB6200D20748BF625930BC48BF87
:10152000D35818470346406830B19A681AB9D8684A
:1015300000F0010070470120704781857047808D61
:10154000704710B504463C211FF0FCFF204610BD3B
:1015500010B5044610211FF0F5FF204610BD10B550
:101560000446F8211FF0EEFF204610BD90F825201C
:1015700012B103685B691847704708B590F82830C6
:101580000BB1FFF7F3FF08BD90F825201AB190F8D2
:10159000242002B118607047036870B504461B6BC5
:1015A000154698472368204629465B6BBDE8704086
:1015B000184700002DE9F341044613F0E9FD424BC2
:1015C00000254FF4807204F16C06236001A93F4BA3
:1015D0003046A4F8642004F14007A4F8902004F1F8
:1015E00004083B4AE563E2662566A566C4E9103552
:1015F000FF2384F866304FF6FF73C4E91255A4F850
:10160000923084F89430ADF80430C4E91455C4E93C
:101610001655C4E91C55C4E91E55C4E92055C4E952
:1016200022550FF022FD2B4A2B4B2946384684F8D1
:101630009550E366294BA4F89650A4F89850C4F846
:10164000A450C4E92C25264AC4E93025254AC4E91A
:101650002A34C4E92E34C4E93234C4E93425C4E957
:101660003634C4E93A34204A204BC4E93825C4E969
:101670003C352A46FFF790FF38464FF44871FFF794
:101680001BFF38464FF4F071FFF718FF4FF07F4310
:1016900039464046A3660CF01CFEB0223046FE21BF
:1016A000FFF77AFF01A93046ADF804500FF0DDFCDA
:1016B000F6234046314684F894300CF00AFE20466A
:1016C00002B0BDE8F08100BF98120308E0390308BA
:1016D000483A0308ED1700080C12030880120308AB
:1016E0001118000835180008591800087D1800085E
:1016F00090F8293070B50446002B40D0408DA38D62
:10170000013080B29842608539D3258EC01A628E2E
:101710000021E38D80B2521B666B12B2B0470544C4
:1017200094F82820ABB22DB2AA4205D00DBB2046BA
:10173000FFF723FF84F82850A38DE18D628D0B44C1
:101740009A421CD3002384F82930E38511F024FD4C
:101750002146043011F045FDA06B80B10368DB68C1
:10176000984760B1A06B21460368BDE870409B6854
:101770001847204684F82830FFF7FFFEDCE770BDED
:1017800008B5FFF7B5FF08BDF8B51D4690F829303C
:1017900004460F4616462BB911F0FEFC21460430D4
:1017A00011F0CEFD0023E6856786638594F8283026
:1017B00065632386012384F82930E36A13B9204640
:1017C000FFF796FFF8BD00000021074B5A2210B525
:1017D0000446C0F8A4106C30FFF7D6FF04F1A8034C
:1017E000C4F8A43010BD00BF2F55010800235A22B1
:1017F000FF2110B50446C0F8A430044B6C30FFF74D
:10180000C3FF04F1B803C4F8A43010BD2B55010880
:101810000021074B5A2210B50446C0F8A4106C30C2
:10182000FFF7B2FF04F1C803C4F8A43010BD00BF35
:101830002F55010800235A22FF2110B50446C0F895
:10184000A430044B6C30FFF79FFF04F1D803C4F8B9
:10185000A43010BD2B5501080021074B5A2210B5AA
:101860000446C0F8A4106C30FFF78EFF04F1E803C3
:10187000C4F8A43010BD00BF2F55010808B50023DF
:101880005A22FF216C308363014BFFF77DFF08BDB7
:101890002B5501087047704770474160704770478B
:1018A0007047012303727047704710B441680346C4
:1018B000C2689B68541001EB6200D20748BF0A5906
:1018C0005DF8044B48BFD35818470346406830B111
:1018D0009A681AB9D86800F0010070470120704773
:1018E00010B504460C211FF02DFE204610BD10B58A
:1018F000044610211FF026FE204610BD10B50446F8
:101900004FF4AE711FF01EFE204610BD10B511F051
:1019100043FC0368BDE81040DB6B18472DE9F14F2D
:10192000D0E9556A0746B06803681B6A9847F728EC
:1019300005D8444BA321444A444828F075F97068FF
:1019400003681B6A98470F2803D8414BA4213E4ADD
:10195000F2E7F06803681B6A98470B2803D83D4BF1
:10196000A521394AE8E7DFF8F49011F015FC0430BE
:1019700011F052FCD9F8000010B10368DB689847F9
:10198000D9F8000010B103681B689847DFF8D080D1
:10199000D8F8000010B103685B699847D7F83C019C
:1019A00010B103685B689847D8F8000010B103686D
:1019B0001B689847D7F83C0110B103689B689847AB
:1019C000F06800214FF0000B03685B6A9847224BD8
:1019D0000446C0F804B080F808B059460360B06807
:1019E00003685B6A98470546FFF716FD706859461D
:1019F00003685B6A984706462946FFF7EBFC331DF0
:101A0000C7F83C612846C9F80040C8F80050CAF839
:101A100000302B68C6F808A0DB68EE63984733688F
:101A200030461B6898472146284613F04CFD236832
:101A300020461B699847236820465B6901B0BDE8D2
:101A4000F04F1847C8120308561303082814030858
:101A50006D140308101503085C2F0308145A0224A0
:101A6000185A0224044B1B6893F85C200AB1186DC5
:101A700000B99868704700BFCC59022470B516466B
:101A800004460D4611F09EFC104B00211C60104BCB
:101A90002360104BC4E951310F4B1868C4E953114E
:101AA0000368C4E94F119B68C4E955659847FFF77F
:101AB000D9FF19F0E2FFFFF7D5FF1AF055F8FFF74D
:101AC000D1FF1AF05DF8204670BD00BF1C5A0224F9
:101AD000082F0308F02E0308CC590224064BC0F847
:101AE0004801C0F84C310023C0F8503100F5A27312
:101AF000C0F84031704700BF1D19000813B500241D
:101B000051B1036801AA01948DF803409C680DF15E
:101B10000303A04702B010BD0846FBE7C089704729
:101B2000008A7047C088704780887047807A00F0CC
:101B30007F007047807AC00970470020704700001E
:101B40009FED010A704700BF00000000406A704727
:101B5000806A704770470B888A889BB2D20A10B59A
:101B60004C88C16943EA044351F82200184410BD6F
:101B700010B50446BAB1107B68B1537BD27A1B0210
:101B800003F4E0631A43236A03EB82031A888A4250
:101B900002D193F9020010BD05D80138043380B298
:101BA0000028F3D1F7E70020F5E710B504462C2113
:101BB0001FF0C8FC204610BD30B58BB00446BDF800
:101BC00060500895BDF85C5007959DF850500695FB
:101BD0009DF84C5005959DF8485004959DF844504B
:101BE00003959DF8405002959DF83C500195BDF835
:101BF0003850009513F0DAF8064B20462360159B09
:101C0000E361169B2362199B63621A9BA3620BB06C
:101C100030BD00BF802F03087047000030B5164D5F
:101C20008FB02C68BFF35B8F14F0010420D12846DD
:101C30001FF08AFCE0B13F23012210490993104BA9
:101C400010480893104B0A940594CDE906430423E9
:101C5000CDE903320A23CDE90B440093CDE90144D9
:101C6000FFF7AAFF094827F0FFFF28461FF088FC6E
:101C700004480FB030BD00BFDC9F0024785B030830
:101C8000C85B0308E09F0024C45B0308191C00081C
:101C900010B5002404600C6014601C6010BD704717
:101CA00030B5164D8FB02C68BFF35B8F14F0010474
:101CB00020D128461FF048FCE0B13F230122104903
:101CC0000993104B10480893104B0A940594CDE9E2
:101CD00006430423CDE903322823CDE90B440093C6
:101CE000CDE90144FFF768FF094827F0BDFF28460A
:101CF0001FF046FC04480FB030BD00BF0CA000240C
:101D0000A05B0308C05B030810A00024D05B03089D
:101D10009F1C00087047000030B5164D8FB02C682E
:101D2000BFF35B8F14F0010420D128461FF00CFC98
:101D3000E0B13F23012210490993104B104808934A
:101D4000104B0A940594CDE906430423CDE90332F0
:101D50001423CDE90B440093CDE90144FFF72CFF98
:101D6000094827F081FF28461FF00AFC04480FB0FD
:101D700030BD00BF3CA00024B05B0308CC5B03086F
:101D800040A00024D45B0308151D0008704710B55F
:101D9000044604211FF0D6FB204610BD012908B5DA
:101DA00006D0022908D059B900F014F8006808BD1F
:101DB00000F010F84068FAE700F00CF88068F6E7E9
:101DC0000020F4E700487047F42F03080120704713
:101DD00000207047004870476CA0002410B5054CE7
:101DE000FFF79AFF2060FFF75BFF6060FFF716FFC9
:101DF000A06010BD6CA00024002070470020704738
:101E00000EB403B503AB002153F8042B019312F079
:101E100055FA02B05DF804EB03B070470CB407B597
:101E200004AB53F8042B019312F048FA03B05DF8A9
:101E300004EB02B070470000436C10B5044673B366
:101E4000038F2BB9184BC521184A194827F0ECFE0F
:101E5000C38E00EB43035B8C0BB314F019F8238F94
:101E6000012B03D8134BCB21134AEEE7E28E40F649
:101E70003F10531C9BB2092B194688BFA3F10A01DE
:101E800004EB4101498C814209D10A2B04EB420247
:101E900028BF0023508C04EB430358845184204610
:101EA000BDE8104013F0F8BEB3150308BC150308D5
:101EB00067160308AF160308BD16030813F0B4BE77
:101EC00038B518BB124B13481C681349B4B12268CB
:101ED00022440260626822440A60A26814440F4BE4
:101EE00000221A80FFF776FF0546FFF771FF0C4BC3
:101EF0001C600C4B1D600C4B188007E00B4B036003
:101F00000B4B0B600B4B1C68002CE8D138BD00BF9D
:101F100084A000247CA0002478A0002480A00024B9
:101F20002C5A0224245A0224205A02248C53019051
:101F30008453019008300308012380F87C1080F856
:101F40007D30704770470020704700008164003981
:101F5000024B18BF01211970704700BFBF590224FE
:101F6000704700207047C36B0BB108461847704795
:101F70004FF6FF707047406803689B6918477047C9
:101F80007047002070478B8883800120704770471E
:101F900080F82610704790F82600704710B5002290
:101FA000B1F90840B1F90A10028042808480C180F2
:101FB00010BD0022028042808280C280704701777B
:101FC000704780ED080A704780F82410704780F849
:101FD0002510704701207047983070478C3070474B
:101FE000843070477047704770470000024B902262
:101FF00083F85A23704700BF00E100E07047016397
:10200000C0E90D217047704700EB81001146406820
:102010000368DB68184780F83C10704710B5044629
:1020200048211FF08FFA204610BD10B504462C2120
:102030001FF088FA204610BD10B50446BC211FF0E1
:1020400081FA204610BD000038B504460CF033FC80
:1020500023689D6E11F0A0F801462046A84723682A
:1020600008492046D3F88C5000231A46A8476368D5
:10207000054A5364054B5A60054A1A639A63054A38
:102080005A6338BD009411D090A1002448A10024C7
:10209000000000D00094110038B504460D46406C95
:1020A0004FF0FF3103F0B0FE606C03F0D2FE24234A
:1020B00003FB0545002385F8283094F828300BB938
:1020C000236BA36338BD0CF0A6BB0CF012BD10B59A
:1020D00004460DF0A5F923682046D3F8BC30BDE8CE
:1020E0001040184710B504460CF0C4FC6068036843
:1020F000BDE810401B69184790F838100D4B10B51B
:1021000090F87C401A788C4209D03AB90A490B4AB7
:1021100008881488108001220C801A7010BD002AD3
:10212000FCD0064A0449148808880C8010800022DC
:10213000F3E700BFBE590224C6590224C85902243D
:10214000124A5369DB0370B51ED50023C2F88430F0
:10215000BFF34F8FD2F8803043F6E074C3F3C90069
:10216000C3F34E335B0103EA0406014646EA817578
:102170000139C2F87452F9D2203B13F1200FF2D189
:10218000BFF34F8FBFF36F8F70BD00BF00ED00E056
:1021900008B5094B1B888B4203D8084B1B88934218
:1021A00005D9074BA521074A074827F03DFD074BF6
:1021B0001980074B1A8008BDC8590224C659022449
:1021C0008F170308F217030835180308C4590224AF
:1021D000C259022408B531B1044B4FF4B871044A16
:1021E000044827F021FD90F8290008BD781803085D
:1021F0008C180308161A030810B531B1064B4FF4BA
:10220000B571064A064827F00FFD4068114603687D
:10221000BDE810401B6B184778180308571A0308CD
:10222000161A030808B529B1034B7921034A04485B
:1022300027F0FAFCC06808BD78180308051C0308DD
:10224000161A030810B5044629B1194BA221194AE0
:10225000194827F0E9FC052A15D8DFE802F0031138
:1022600015171C22406803681B69984758B1012361
:1022700084F8293084F82C300023C4E9043302E0C8
:10228000002380F8293010BD0362F5E703620123C3
:1022900080F82A30F0E7002380F829300123036218
:1022A000F1E7003B18BF012380F82D30EBE700BFBA
:1022B00078180308BA1D0308161A030810B50C464F
:1022C00011461A462CB1064B9021064A064827F0C3
:1022D000ABFCC46040680368BDE810409B681847C9
:1022E000781803088E1F0308161A030808B529B1C9
:1022F000054B8221054A064827F096FCC0E90411E7
:10230000C0E9063208BD00BF781803086921030838
:10231000161A030890F83D3010B5044653B14FF03B
:10232000FF31406C03F070FD002384F83D30012341
:1023300084F83E3010BD000010B50446104629B1A7
:10234000134BD021134A144827F06EFC94F829301F
:1023500033B1124B1B6893F86F20636913446361B8
:1023600094F82B300BB9012010BDA36803630368F8
:102370005B699847002394F82C0084F82B300028E0
:10238000F1D194F82D30002BEED184F82900EBE741
:102390007818030825230308161A0308CC590224C9
:1023A00070B51A4C05460CF079FA94F8293013B937
:1023B00094F82A30ABB1E169D4E90532534322697C
:1023C0004A4393420DD394F83C0038B19B1AB3FBB7
:1023D000F1F2994298BF02F1FF326262012384F860
:1023E0002E300123206C84F83D3003F0D5FD94F8A5
:1023F0003E302BB1606C03F02CFD002384F83E309E
:1024000068680368BDE870401B69184748A100244C
:10241000044B4FF08062C3F88820BFF34F8FBFF3A7
:102420006F8F704700E100E0024B4FF080629A60CE
:10243000704700BF00E100E0034690F87E0018B14D
:10244000586803681B68184770470000F8B50346D2
:1024500090F82800D8B94FF480729E6B0125D8609F
:102460009A8506F58C12186102F5A05258619861A0
:10247000D861186258629D6283F82E00D3E90C4738
:102480003C44A2420AD90B4B52210B4A03E00B4BAE
:1024900040F2C5110A4A0B4827F0C6FB9E609A63BA
:1024A0004FF4487381F83450CB864FF4F0730863CF
:1024B0000B87F8BD7D260308B8260308C624030849
:1024C000F6240308161A0308002370B5124E0446BA
:1024D0008380124B0360336893F85C200AB1186D57
:1024E00000B9986803681B6B9847431E5D425D41C5
:1024F0003368186D30B103681B6B9847012808BF1B
:1025000045F001052DB9064B2721064A064827F05C
:102510008BFB204670BD00BFCC5902241430030849
:102520005B280308B9280308F228030870B5254E74
:102530003568BFF35B8F15F0010540D130461FF0C1
:1025400003F800283BD0204C204B04F134002561D7
:10255000E584A562A585C4E90035C4E9025512F0F9
:1025600068FB04F158000EF02BFD194B2046A365C3
:10257000184B40F8843BFFF7A7FF174B1748C4F8E8
:1025800084302433C4F89050C4F88C304FF4C8031E
:10259000C4F89C50C4F8A850C4E928350023C4F8F6
:1025A000AC30C4F8B030C4F8B430C4F8B8300C4B18
:1025B000C4F8983027F058FB30461EF0E1FF02487F
:1025C00070BD00BF88A000248CA00024C43803087C
:1025D00034300308AC30030810390308E91F000841
:1025E000483903082DE9F743044601264FF41667DE
:1025F0004FF0FF31206C03F09DFC4FF0FF31606C19
:1026000003F002FC94F82E3043B36568D4F82080C0
:102610002B6884F82B60B8F1000F23D05B6A414629
:1026200028469847002323622B684FF4487200978E
:102630002846D3F814804FF4F073A168C04723698B
:1026400084F82C0001332361F0B12B6828469B6A83
:10265000984701380023E06084F82E30606C03F066
:10266000F8FBC5E7626A002ADED02846D3E9099361
:102670009847616A01442846C8472369626AC4F8DA
:10268000248013442361CFE70120E3E7014808B524
:10269000FFF7A8FF48A1002438B51448002500F032
:1026A000A3FC134C134B2A462946012023604FF408
:1026B0008073A563A387A38584F83E5084F82E50C9
:1026C000C4E90C55C4E91055C4E90155C4E90355E2
:1026D000C4E90555C4E90755C4E9095503F0DBFB16
:1026E0002064284603F05BFB606438BD90A10024A1
:1026F00048A10024F830030803685B6C18470120E8
:102700007047FEE740F2EF307047000010B5044616
:102710004FF0FF31D0F8A40D03F076FB606803683A
:102720001B68984778B9637A6BB1237A5BB984F8F0
:10273000A03D204623685B6A9847D4F8A40DBDE805
:10274000104003F086BB0B490B4A0B681B01D35C9E
:10275000012BF2D1207A0028EFD1A07A0028ECD109
:10276000086884F8A03D02EB0010237201F046F8DF
:10277000E3E700BF5CB300240C000024054B4FF0DE
:1027800080620360044BC3F88820BFF34F8FBFF310
:102790006F8F70473C31030800E100E010B504463C
:1027A00040F6A851FFF7EAFF20461EF0CBFE204678
:1027B00010BD0000104B82B0D3F8D42042F01002BC
:1027C000C3F8D420D3F8D42002F010020192019A69
:1027D000DA6F42F01002DA67DA6F22F01002DA677D
:1027E000064B074A5A62074A1A62074B4FF080624B
:1027F0009A6002B0704700BF00440258DC580224BF
:1028000003270008512A000800E100E008B50A2863
:1028100009D8DFE800F006100E08080808101010AC
:102820001000022008BD054B9121054A054827F0FC
:10283000FBF90020F6E70120F4E700BF5229030866
:102840006D290308B829030838B50C46887FFFF7BF
:10285000DDFF124BA58AE28A586342EA05422169EC
:102860005A64628BD963521B1A642568082D0ED1F5
:102870009A611A6158620A4A207F42EA0062DA616C
:10288000E2681A62074A5961D9601A6038BD0022AD
:10289000D8611A61E2689A63034AF6E700100052B1
:1028A00009000100012302000123030008B50B28E1
:1028B0000BD8DFE800F00612100A0A0A0A08080816
:1028C0000808022008BD0520FCE7054B7021054AD9
:1028D000054827F0A9F90020F4E70120F2E700BF3E
:1028E00052290308E3290308B82903082DE9F8430E
:1028F0004F7F89463846FFF7D9FF99F81E5080462A
:102900002846FFF7D3FF06462846FFF77FFFB9F8B2
:102910001410B9F81A40B9F81820454B641A521A25
:102920001C649C611A61B9F81620586342EA01429E
:10293000D9F810105A64D9F80420D963DA60D9F8AC
:10294000004099F81C20802C22D00FD8202C66D073
:10295000402C64D0042C5CD048EA0260344BAF4277
:1029600040F40030D86160D0324A3FE0B4F5807F57
:1029700004D0B4F5007FEFD12F4800E02F4840EAA3
:102980000262DA61D9F80C201A625E6259612CE0A9
:1029900048EA0260D9F8084040F40030D8615E622D
:1029A0005961211DD962217841B1012921D0244BDF
:1029B00040F20B11234A244827F036F9DA6961887E
:1029C00022F47F42013922F0100242EA0122DA6148
:1029D0000122174BD96941F02001D961D9698906D3
:1029E000FCD410219960002ABED0184A1A60BDE8B4
:1029F000F883D969FF3A608821F47F4118BF01222A
:102A0000013821F0100141EA002141F01001D961A3
:102A1000DFE748EA026242F40032DA61B5E748EAE9
:102A20000262034B42F40032F7E742F20132DDE783
:102A30000010005201230100090002000A000200F8
:102A40002D2A0308472A0308B82903080123020096
:102A5000024B1B68586803685B691847CC5902240D
:102A600090F8A03D10B50446D3B903689B6A984717
:102A700019491A4A0B681B01D35C012B2AD118484B
:102A8000006838BB207A28BBA07A18BB086884F895
:102A9000A03D237202EB0010BDE8104000F0AEBE76
:102AA000037A43B1002303720B4B18680B4B03EB03
:102AB000001000F0E3FE606803681B68984748B99F
:102AC000637A3BB1236884F8A00D20465B6ABDE8B9
:102AD0001040184710BD00BF5CB300240C00002458
:102AE00058B3002470B504460E4B0C300026254622
:102AF000602260602672667245F8203B29460CF021
:102B0000FFFD04F55A63EE6024359D42FBD184F845
:102B1000A06D0020C4F8A46D03F041F9C4F8A40D21
:102B2000204670BD3C310308034B1A68D207FCD421
:102B300023229A60704700BF001000520B4A53696D
:102B4000DB0311D500290FDD00F01F031944BFF38B
:102B50004F8F0144C2F8680220300B1A002BF9DCB9
:102B6000BFF34F8FBFF36F8F704700BF00ED00E0E2
:102B700030B5104C2568ED07FCD423250904FF2B44
:102B8000A5604FF0010541EA050165636164E063FA
:102B90000CD0094922F07F42656241EA0363E36198
:102BA000064B22626061E060236030BDE561044B4A
:102BB000A263F9E7001000520900010001000200C1
:102BC0000100030030B50E4C2568ED07FCD4232529
:102BD0001204FF2BA5604FF0010542EA0502656370
:102BE0006264E063E16007D0064A42EA0363E3619E
:102BF00065626061226030BD034BE3612560FAE7E6
:102C00000010005201000200010002FF30B50B4C21
:102C10002568ED07FCD4232512041B06A5600125B9
:102C200043F400332A4365636264E063E160E36177
:102C3000034B65626061236030BD00BF001000522D
:102C4000010002000121002208B5084603F023F923
:102C50000A4B186028B90A4B28210A4A0A4826F06C
:102C6000E3FF00220421012003F0C2F9074B1860A2
:102C700018B9074B2C21034AF0E708BDDCA100245A
:102C8000852A0308CE2A0308FD2A0308D8A10024B8
:102C90002A2B0308024B4FF0FF31186803F04AB9A2
:102CA000DCA10024014B186803F076B9DCA10024F4
:102CB000024B0021186803F03DB900BFDCA10024DD
:102CC000FFF7F0BF0023034803491A46006803F0EA
:102CD000CEB900BFD8A100240400002413B50023FE
:102CE000074C01A91A46206803F0F9F94FF0FF33A9
:102CF000002201A9206803F0F2F902B010BD00BF64
:102D0000D8A10024012070470C2070470C2303FB3E
:102D10000100083070470C2303FB010008307047A6
:102D200001207047F8207047F82303FB01000830AA
:102D30007047F82303FB01000830704701207047FB
:102D40001020704700EB01100830704700EB0110B5
:102D5000083070470846FEF7C1BE0000034B10B5AF
:102D6000044603600BF09EFA204610BDF4310308C0
:102D700010B50446FFF7F2FF142120461EF0E2FBD7
:102D8000204610BD034B10B5044603600BF08AFAD1
:102D9000204610BDC031030810B50446FFF7F2FF0E
:102DA0004FF4807120461EF0CDFB204610BD000080
:102DB000034B10B5044603600BF074FA204610BDB7
:102DC0008C31030810B50446FFF7F2FF18212046A6
:102DD0001EF0B8FB204610BD084B10B5044603603A
:102DE00000F59670FFF7BAFF04F12C00FFF7CAFF59
:102DF00004F11400FFF7DCFF204610BD2832030861
:102E000008B50248FFF7E8FF08BD00BFA4B00024E2
:102E100010B50446FFF7E0FF4FF4287120461EF07E
:102E200091FB204610BD00002DE9F341FEF7CAFFDB
:102E300000240546FEF7CAFF2346014622462846DF
:102E4000009413F043FB274B274A2046274D1A6076
:102E5000FFF736F8264B274A27489A6013F0E6F921
:102E60002B68BFF35B8FDB0735D428461EF06CFB65
:102E700088B3224C224B04F5A27604F1140004F12D
:102E80002C0804F5967723606060C4F80880E7603A
:102E900026610BF009FA1B4B404663610BF004FA04
:102EA000194B3846E3620BF0FFF9184B04F5A0709C
:102EB000C4F82C31FEF7BCFA224604F5A071304666
:102EC000FEF7EAFA3046FEF709FE114826F0CCFE7E
:102ED00028461EF055FB0F4802B0BDE8F04100F057
:102EE00023BD00BF285A022468A20024A0B00024F9
:102EF00088A200246CA2002408000024A4B00024AE
:102F0000283203088C310308C0310308F431030868
:102F1000012E0008E0A1002470470000014800F0E5
:102F200015BD00BFE0A1002473B50E4C0E4B0F4E33
:102F300020460F4D3360FFF7D5FD284617F030FCD3
:102F40000C4811F093FB4FF448734FF4F072214694
:102F50000948CDE9003233462A4600F057FD02B059
:102F600070BD00BFF4A20024943303089CB0002479
:102F700088A200246CA20024E0A100240148FFF7ED
:102F8000FDBB00BFF4A200244069704790F84000E8
:102F90007047036B23B9C06A003818BF012070471F
:102FA00001207047806870477047043010B50C46A8
:102FB0000FC884E80F0010BD7047000008B5034A31
:102FC0004FF4E571024B034826F02EFE6C2B0308EC
:102FD000BA150308C72B030810B5044648211EF094
:102FE000B1FA204610BD000000220E4B10B511466C
:102FF00004460360C26380F84020C0E90522C0E9AE
:103000000722C0E90922C0E90B22C0E90D22C0E96C
:103010000322C0E90122012002F03DFF024B1860AB
:10302000204610BD3C32030860B3002410B40C46A7
:1030300011461A46036B3BB1C36B406BE41A204444
:103040005DF8044B29F010BAC06AF8E7036B10B5BD
:1030500073B1C36B426BC91A5318525C98785C7891
:10306000000440EA04201043DB7840EA036010BD0E
:10307000C26A5318525C59789878000440EA0120DB
:10308000F1E7036B43B1C36BC91A436B5A18585C21
:10309000527840EA02207047C36A5A18585C537845
:1030A00040EA03207047000070B50446006B0D46EF
:1030B0001646D8B1A36B934208D209230D4AA12129
:1030C0000D4884F840300D4B26F0AEFD0368DB68F8
:1030D0009847206B3246616B03681B69984710B9AB
:1030E0000D2384F84030606BE56370BDE06A0844EE
:1030F000FBE700BF112C0308C72B0308FE2B0308B6
:103100002DE9F843436904462BB9224BE721224AB3
:10311000224826F089FD08228169FFF7C5FFA169D1
:1031200043F2300646F2643704312046FFF78EFF43
:10313000A3691844A36A00F108029A4206D3012346
:1031400000206361236AA361BDE8F883636900F12D
:10315000090108222046013321F001016361A161C8
:10316000FFF7A2FFD4F8189020464946FFF789FFE1
:1031700009F1020180462046FFF783FF09F10401AF
:1031800005462046FFF762FFB045D1D1BD42CFD101
:103190000120D9E7532C03089C2C0308C72B0308F4
:1031A0000129036838BF0121DB6A70B50D4604466A
:1031B0009847A84204D223682046DB6A9847054610
:1031C0006B1EE6691022204606EB031606F1080185
:1031D000FFF76AFF06F110012046FFF737FF236A69
:1031E000043B0344C4E9055370BD0000002148229C
:1031F0002DE9F0410446816180F84010FFF754FF4B
:10320000A6690423634A31462046FFF70FFF48B101
:103210000323614A40F22F1184F840305F4B60482D
:1032200026F002FD06F1080104235E4A2046A16152
:10323000FFF7FCFE38B10423574A40F2371184F8F7
:103240004030594BEBE706F10C010423574A204666
:10325000A161FFF7EBFE074638B105234E4A4FF454
:103260009F7184F84030524BD9E706F11001204697
:10327000FFF7ECFE054620B94E4B4FF4A271464ACB
:10328000CDE706F1140804234B4A20464146FFF7D8
:10329000CDFE002849D0062384F840300423474A55
:1032A00006F118012046FFF7C1FE00283FD0072392
:1032B00084F840304544424F0C2220462946FFF70F
:1032C000F3FE05F1080604233A4620463146FFF78F
:1032D000ADFE94F84030002848D0002B48D1A36AB6
:1032E000AB4249D805F10C0304352046A3612946B9
:1032F000FFF7ACFE3044294660622046FFF7A6FE89
:103300000644042220463146FFF7CEFE04232D4A10
:1033100031462046FFF78AFE002838D10123E661B6
:103320006361A3692362BDE8F0810127B6E7002F3E
:10333000C0D006F120012046FFF788FE4FF47A73D3
:1033400006F13001B0FBF3F060602046FFF77EFE2F
:1033500006F14001A0602046FFF778FE06F1440127
:10336000E0602046FFF772FE2061A3E7002BB9D092
:103370000A2384F84030D6E7291D2046FFF766FE71
:1033800085190C2220462946FFF78EFE99E70B236C
:10339000EFE700BFCF2C0308ED2C0308D42C030863
:1033A000C72B03081A2D03081F2D0308372D030808
:1033B0003C2D0308522D03085E2D0308632D0308DE
:1033C000682D03086D2D0308C0E90A21002202635D
:1033D000FFF70CBF10B5002304460846E3620B68F4
:1033E00021639B689847A0622046BDE81040FFF724
:1033F000FDBE000037B5134B0024134D1C60134B6A
:103400001C60134B2C601C60124B1960124B1A602D
:10341000124B1C60124B2A684FF4C0751C701C7450
:10342000C3E90244C3E9064403EB02130D4AD26820
:103430006A4300924FF450425B6809F0C1FA20469B
:1034400003B030BD7CB300246CB300245CB3002413
:103450008CB3002484B3002488B3002464B3002414
:103460000C00002444B300244B68012B15D1CB6819
:103470001A071EBF23F00F031033CB608B681807A9
:103480001EBF23F00F0310338B60CB688A681B09C3
:10349000120953430E4A13607047022B0ED1CB68BA
:1034A0001A0703D023F00F031033CB608B685A0741
:1034B0001EBF23F0070308338B607047002BFCD13D
:1034C000CB685807F2D023F007030833EDE700BFBD
:1034D00074B300240B4A13680B4430B413600A4AD7
:1034E000126893420CD2094CD21A2568B2F5504F9B
:1034F000294428BF4FF45042216030BC09F0C2BAC1
:1035000030BC70478CB3002488B3002484B30024FB
:10351000F8B5204C0121204D064623681F4F1B01A2
:10352000E954236805EB03139A601D4B1968226860
:1035300005EB0212D1601A68F9680A441A60236820
:10354000013323602368012B01D900232360236802
:103550001B01EB5C33B10221304609F065FA114BD7
:1035600001221A6022683046FB6805EB02154FF411
:10357000C07269685A4309F088FA0B4B1B681A7AC3
:103580003AB99B7A2BB9094B1868BDE8F84002F0AC
:1035900003BDF8BD6CB300240C00002444B3002428
:1035A00064B300247CB3002470B3002460B300240F
:1035B00072B6FEE7014B01221A60704780B3002407
:1035C00038B5164D04462B6813B1154B1B681BBB51
:1035D000144B1868037A63B9134B144A1B681B0118
:1035E000D35C012B05D10E4B1B6813B903681B6913
:1035F00098470F4A1368012B0CD10E4B0B491B68DF
:103600001B01CB5C33B92B6823B902212046136020
:1036100009F067FC022038BD0120FCE780B30024DC
:1036200058B3002470B300245CB300240C000024C1
:103630007CB300246CB3002470B50546002A3DD04D
:10364000002B3BD01E4803240461EC6826074FF48E
:10365000166618BF24F00F04466018BF10340460CB
:103660002409C4602C6914F00F0418BFC4F11004BD
:10367000846003240698B0FBF4F0124C20601248DA
:10368000124C03601248FFF7B5FE6A6C114B104DE7
:103690001A602846FFF794FF20602368022B05D1AB
:1036A0000D4B4FF0FF31186802F044FC2368012BEA
:1036B000EFD10023094A1360094A136070BD00BFAF
:1036C00044B3002468B3002490B3002478B30024EA
:1036D0006858022470B3002460B3002480B300242F
:1036E00058B300242DE9F04F9946436985B004464C
:1036F0000F4690462BB9294BB321294A294826F079
:1037000093FA08228169FFF7CFFCA669204631466B
:10371000FFF7B7FCB11C83462046FFF7B2FC311D12
:1037200082462046FFF792FC06F10801A36A05468F
:103730000A189A4226D243F230039B4517D146F22B
:1037400064339A4513D190B10246A1612046FFF738
:10375000ABFC0E9B01462A462046CDF80080CDE901
:1037600001933B46FFF768FF636901336361A36917
:103770002B4405B908330133626A23F001039342F5
:10378000A36109D1012301206361236AA36180F051
:10379000010005B0BDE8F08F0020F8E7532C0308C6
:1037A000722D0308C72B0308F8B504468169164635
:1037B0000822FFF779FCA7692046391DFFF746FC70
:1037C00007F10801024605462046FFF76DFC014659
:1037D0006EB12A46074C084D33460748FFF70AFEEC
:1037E0002846FFF7EDFE20602368002BF8D001206B
:1037F000F8BD00BF78B3002468580224D0F80CC08C
:1038000017494FEA0C120B68B2FBF3F24B68F0B5A4
:103810005A430124134B144D12015C63CF682D6889
:103820003E01ED1B3C05AC4515D38968C1F1100183
:10383000214359640D4909680A44DA630C4A126845
:10384000921B1A6400221A610A4ADA614268DA603D
:10385000094A1A60F0BD44F010045C64EAE700BF56
:1038600044B300240010005274B3002490B3002429
:1038700068B300240B0009FF012301000C4B002258
:10388000027019688260013119601968012900D934
:103890001A60084B084A1B68D2689B1AC2689A4291
:1038A00002D3064B01221A60054B186802F074BB64
:1038B0005CB3002474B3002444B3002458B3002440
:1038C00060B30024014B1868704700BFA8B3002400
:1038D0007047FEF7F8BBFEF789BBFEF7A5BDFEF704
:1038E00097BD000010B50446FEF75AFD94F84F301E
:1038F00013B1024B01221A7010BD00BF3400002426
:10390000FEF77CBB0AF081BF10B5044688211DF08C
:1039100019FE204610BD0000024B00221A700AF06A
:10392000B1BF00BF3400002438B50446064DFEF791
:103930008BFB0023284684F84E3000F07FFA0123E9
:10394000256184F8743038BD98B3002403680446B8
:1039500007B5D3F88430984723682046DB6F984733
:10396000FFF7BCF9236820465B6F984700212923A5
:1039700015220548009105F042FAFFF7AFF92368D8
:1039800020465B6F9847F8E7C05802242DE9F041C4
:103990000D461946174B04461D6035B9164B40F2CB
:1039A0000131164A164826F03FF9C0E91052003A94
:1039B0000368144E18BF0122D3F890303270984734
:1039C000E569A5B12B681F68337873B12368204679
:1039D0005B6B9847236C834207D1616C0A4B284686
:1039E0001A883B46BDE8F0411847216CF6E7BDE870
:1039F000F08100BFA8B30024CD2D0308052E0308D5
:103A000035180308C0590224C459022470B5C0E90E
:103A10000112C3604FF480720023BDF81460BDF83A
:103A20001050032183628385203580F82E30036394
:103A3000ADB2838680F85C30B5428366C0E913235B
:103A40001D4AC0E91B231D4AC0E90433C0E90633FF
:103A5000C0E90833C0E90F33C0E91133C0E91533B9
:103A6000C0E9183380F87430C2674FF4806283670E
:103A7000A0F880204FEA9602A0F88220B2FBF1F273
:103A8000A0F884204FF01402A0F886200C4A1060A1
:103A90000C4A15800C4A158028BF00250B4A38BFF8
:103AA000012516800A4A80F838501680094A13709A
:103AB000094B036070BD00BF01000001000001015F
:103AC000CC590224C8590224C4590224C6590224DC
:103AD000C2590224BE59022480320308012B13B5B7
:103AE0000ED8D35C152200930B460146084805F01A
:103AF00086F918B16FF0070002B010BD0020FBE797
:103B0000CDE9001201463922014805F089F9F0E7B4
:103B1000C05802241FB5CDE90112062100910146CB
:103B2000054805F0DDF9002814BF6FF007000020FC
:103B300005B05DF804FB00BFC05802241FB54FF26A
:103B400001430B4C39220021ADF80C3003AB204669
:103B5000019344230093022305F062F900213523E9
:103B600015222046009105F04AF904B010BD00BFAF
:103B7000C058022408B5FFF7E1FF0C4B02221B6876
:103B8000C3F810240122C3F81024D3F8082442F00B
:103B90000102C3F80824D3F8082442F00202C3F853
:103BA00008240322024B5A6308BD00BFC0580224F8
:103BB00000100050074B07B5197839B901220648A3
:103BC0001A7029231522009105F019F903B05DF848
:103BD00004FB00BF94B30024C0580224064B07B571
:103BE00001932A233922002100930423034805F07E
:103BF00017F903B05DF804FB30000024C05802241C
:103C0000064B07B501932A23392200210093042390
:103C1000034805F005F903B05DF804FB2C0000240F
:103C2000C058022438B5154D0446002000F060F954
:103C30002B6893F86E20013283F86E20002283F8FF
:103C40008020FFF73FF80E4B2A6819781B7882F81E
:103C50004E1073B10B4D2B7803F0FF024BB90A4B9A
:103C60001A60FFF7BBFF204605F0B9F801232B705F
:103C700038BD0020BDE8384000F06AB9CC590224B4
:103C800034000024B0B30024ACB300242DE9F04389
:103C9000494E85B004463378002B00F08980DFF868
:103CA0003C91DFF83C81D9F80050444F002D3ED1C3
:103CB0000120434E04F02AFB23680095D3F8042426
:103CC000386822F0080200F59660C3F80424D3F89F
:103CD000042402F008020092009AD8F80020C2F8EA
:103CE000AC0038480661384E46613848C2F8880052
:103CF0003748C2F8B000516A41F0010151620195A4
:103D0000D3F8042442F00802C3F80424D3F804349E
:103D100003F008030193019BFFF772FF0123204684
:103D2000C9F8003005B0BDE8F04305F058B80368A5
:103D3000002538680295D3F80424264C22F00802A6
:103D4000C3F80424D3F8042402F008020292029A71
:103D5000D8F80020C2F8AC001A48046104F101143C
:103D600044611A48C2F888001948C2F8B0002846D1
:103D7000516A41F0010151620395D3F8042442F0E5
:103D80000802C3F80424D3F8043403F008030393AF
:103D9000039B00F0DDF8FFF70DFF0F4B35701C683B
:103DA00034B1236820461B6A9847012384F8803089
:103DB00005B0BDE8F08300BFB0B30024A8B3002471
:103DC000E201B20100100050E301920103009201F0
:103DD000B304C009E2019201CC590224ACB300241F
:103DE000E8560224014608B5034B186801B10121C9
:103DF0000BF03EFB012008BDCC590224034B0022EE
:103E00005A609A60024A1A60704700BF98B3002453
:103E10006C3303084068704741607047521A02EBE8
:103E20005302B2FBF3F07047024BC0681B685B6A39
:103E300058437047B4B300247047000037B51E4A9A
:103E40004FF0804105464FF0FF30D2F8E83043F0A4
:103E50000103C2F8E830D2F8E83003F0010301931F
:103E6000019B164B19600021D86019619960596057
:103E700001215961D369102292FAA2F203F0700372
:103E8000B2FA82F2D3400E4AD35C83B907F054F9F8
:103E9000044606F089FFB0FBF4F0E860074808F03C
:103EA0008FF9064803B0BDE8304008F019B807F0B4
:103EB00065F94400EDE700BF00440258B4B30024A4
:103EC000A437030810B5044610211DF03BFB204623
:103ED00010BD38B5036804461B6931B18568984741
:103EE00063685B1B0344636038BD9847A060FBE7D1
:103EF000032825D8DFE800F0020B131B114B082123
:103F00001A68B2FA82F252090F4805F00DBA0D4B49
:103F10004FF480715A68B2FA82F25209F4E7094B01
:103F20004FF400719A68B2FA82F25209ECE7054B3D
:103F30004FF480710548DA68B2FA82F25209E4E778
:103F4000704700BF00B40024002402580014025837
:103F5000032825D8DFE800F0020B131B114B0821C2
:103F60001A68003A18BF01220F4805F0DDB90D4B61
:103F70004FF480715A68003A18BF0122F4E7094BE8
:103F80004FF400719A68003A18BF0122ECE7054B24
:103F90004FF480710548DA68003A18BF0122E4E75F
:103FA000704700BF00B400240024025800140258D7
:103FB000032811D8DFE800F00206090C08210748A1
:103FC00005F0B7B94FF48071F9E74FF40071F6E7E7
:103FD0004FF480710248F3E7704700BF0024025895
:103FE0000014025808B5032815D8DFE800F0020ACB
:103FF0000D100821094805F091F9431E5842584117
:1040000008BD4FF48071F5E74FF40071F2E74FF40B
:1040100080710348EFE70020EFE700BF002402585B
:104020000014025870B5084D00240126E0B2FFF7D5
:10403000D9FF18B12B68012B18BF2E60013404354D
:10404000052CF3D170BD00BF00B400247047000000
:10405000F8B50A4B0F4616461D7815B900252846B7
:10406000F8BD074C0020214604F0B4F82368002B6B
:10407000F4D063683B60A3683360F0E720B40024A9
:1040800010B4002410B5044604211DF05BFA20464C
:1040900010BD000008B50E4B4FF44872002019689F
:1040A0004FF4F073C1E900230C23C1E9023004F09E
:1040B00001F8084B10B901221A7008BD1B78002BBB
:1040C000FBD1054B2E21054A054825F0ADFD00BF6B
:1040D0001CB4002420B40024532E0308662E0308C9
:1040E000902E03080B4A0346116810B509B90A4916
:1040F0001160106809490A4C0344091B8B4206D918
:1041000028F0E0FA0C2303604FF0FF3010BD13607D
:10411000FCE700BF24B4002438670224000002201A
:10412000001000000120704708B528F0CBFA1623D4
:1041300003604FF0FF3008BD08B528F0C3FA16231E
:104140000360FEE770B50D4614460E46731B9C4295
:1041500001DC204670BDAFF3008006F8010BF5E7E7
:1041600070B50D4614460E46731B9C4201DC20467A
:1041700070BD16F8010BAFF30080F5E74FF0FF308C
:1041800070474FF4005300204B6070470120704788
:1041900000207047704708B5FEF7BEFEBDE8084036
:1041A000FEF742BEFEF7BABE00F108034FF0FF3241
:1041B00043600361C0E902230023C0E905330360C3
:1041C000704700230361704730B50C68631C0AD147
:1041D00003695A684A6091608B605960036808619E
:1041E0000133036030BD00F10802134652681568C0
:1041F000A542FAD9EDE70369D0E901128A6051605E
:104200005968814208BF5A60002202611A68013A67
:104210001A601868704710B5044602F003F9A46CE0
:1042200002F020F9B4FA84F0400910BD70B51646CA
:10423000026D0446856C42B906689EB9806801F03B
:10424000C7FAA6600135A56470BD6EB94068FCF779
:10425000F7F96368226D1344A2689342636024BF38
:10426000236863600020EDE7C068FCF7E9F9226D80
:10427000E36851429B1A22689342E3603EBFA36801
:104280005B18E360022EEDD10DB1013DEAE728464F
:10429000D8E7034608461A6D10B462B1DC68996825
:1042A00014448C42DC605DF8044B24BF1968D9606B
:1042B000D968FCF7C5B95DF8044B704770B5044682
:1042C00002F0B0F894F8555004F12C066DB2002DB0
:1042D00001DDE36AB3B9FF2304F1100684F8553019
:1042E00002F0C0F802F09EF894F854506DB2002D20
:1042F00001DD23697BB9FF2384F85430BDE87040A9
:1043000002F0B0B8304601F053F908B101F0FEF9FF
:10431000013D6DB2DBE7304601F04AF908B101F02A
:10432000F5F9013D6DB2E2E770B50E46044640B9BD
:104330004FF0500383F31188BFF36F8FBFF34F8F9C
:10434000FEE7C56CA5B3036DA3FB053585BB02F085
:1043500069F82268A5646260D4E913314B43D01830
:104360005B1A1A44FF23A06084F85430E26084F89A
:104370005530A6B9236973B104F1100001F018F9A2
:1043800048B14FF0E0234FF08052C3F8042DBFF343
:104390004F8FBFF36F8F02F065F8012070BD04F1FD
:1043A0001000FFF701FF04F12C00FFF7FDFEF2E71C
:1043B0004FF0500383F31188BFF36F8FBFF34F8F1C
:1043C000FEE737B50D461C4643B94FF0500383F363
:1043D0001188BFF36F8FBFF34F8FFEE708B14AB16B
:1043E00051B94FF0500383F31188BFF36F8FBFF3C0
:1043F0004F8FFEE70029F4D160230193019B602BCE
:1044000008D04FF0500383F31188BFF36F8FBFF3D1
:104410004F8FFEE70121002D08BF2246019B84F843
:1044200056102260C4E913052046FFF77DFF9DF872
:104430001830204684F85C3003B030BD2DE9F041DF
:104440000D461746064600B3A1FB0038B8F1000F31
:104450001BD1484310F1610F17D8603001F0B4FE52
:10446000044668B180F856806DB100F16003012107
:1044700020462360C4E91365FFF756FF84F85C709B
:104480002046BDE8F0810346F1E74FF0500383F387
:104490001188BFF36F8FBFF34F8FFEE713B513463D
:1044A0000C4658B1884209D30222009200221146DC
:1044B000FFF787FF00B1846402B010BD4FF05003D6
:1044C00083F31188BFF36F8FBFF34F8FFEE710B5F3
:1044D0000C4640B1884206D302220021FFF7AEFF0E
:1044E00000B1846410BD4FF0500383F31188BFF313
:1044F0006F8FBFF34F8FFEE72DE9FF410F461E463A
:104500000446019240B94FF0500383F31188BFF382
:104510006F8FBFF34F8FFEE751B9036D43B14FF07B
:10452000500383F31188BFF36F8FBFF34F8FFEE704
:10453000022E0BD1E36C012B08D04FF0500383F314
:104540001188BFF36F8FBFF34F8FFEE701F0EAF8DA
:10455000054620B300254FF0000801F063FFA26C70
:10456000E36C9A4227D2324639462046FFF75EFE78
:10457000E36A1BB104F12C0001F01AF848B14FF0C6
:10458000E0234FF08052C3F8042DBFF34F8FBFF3E9
:104590006F8F01F067FF012004B0BDE8F081019B3F
:1045A000002BD8D04FF0500383F31188BFF36F8FE7
:1045B000BFF34F8FFEE7022ED5D0019B1BB901F050
:1045C00051FF0020E8E715B902A801F057F801F003
:1045D00049FF00F093FD01F025FF94F85430FF2BC4
:1045E00001D184F8548094F85530FF2B01D184F820
:1045F000558001F037FF01A902A801F04BF838BB44
:1046000001F010FFA26CE36C9A420ED101F02AFF78
:10461000019904F1100000F085FF2046FFF74EFEDF
:1046200000F034FE48B1012597E701F01BFF20465A
:10463000FFF744FE00F02AFEF5E74FF0E0234FF0CD
:104640008052C3F8042DBFF34F8FBFF36F8FEAE79B
:104650002046FFF733FE00F019FEB2E700220B46BA
:1046600013B5114600900120FFF7ABFE044638B1A8
:1046700000231A46194683600360C360FFF73CFFBE
:10468000204602B010BD38B5044640B94FF0500383
:1046900083F31188BFF36F8FBFF34F8FFEE78568F9
:1046A00001F03AF885420BD1E368013BE3600BB1BE
:1046B000012038BD1A4619462046FFF71DFFF7E7CF
:1046C0000020F6E702460021012010B5FFF7B6FEF4
:1046D000044638B100231A46194683600360C3605C
:1046E000FFF70AFF204610BD2DE9F843894617461B
:1046F0001E46044640B94FF0500383F31188BFF3C0
:104700006F8FBFF34F8FFEE751B9036D43B14FF089
:10471000500383F31188BFF36F8FBFF34F8FFEE712
:10472000022E0BD1E36C012B08D04FF0500383F322
:104730001188BFF36F8FBFF34F8FFEE701F09CFF2F
:10474000EFF311884FF0500383F31188BFF36F8F9D
:10475000BFF34F8FA26CE36C9A4201D3022E2DD18E
:1047600094F855503246494620466DB2A36CFFF787
:104770005DFD6B1C0ED1E36A3BB104F12C0000F02F
:1047800017FF10B10FB101233B60012088F311889E
:10479000BDE8F88300F0C0FC8542F6D27F2D08D139
:1047A0004FF0500383F31188BFF36F8FBFF34F8F28
:1047B000FEE701356DB284F85550E6E70020E5E7E5
:1047C000F8B50E46044640B94FF0500383F3118804
:1047D000BFF36F8FBFF34F8FFEE7036D43B14FF011
:1047E000500383F31188BFF36F8FBFF34F8FFEE742
:1047F000036853B9836843B14FF0500383F31188C2
:10480000BFF36F8FBFF34F8FFEE701F035FFEFF37C
:1048100011874FF0500383F31188BFF36F8FBFF3FD
:104820004F8FA36CE26C9A4228D994F8552001333B
:10483000FF2A55B2A3640DD1E36A3BB104F12C0009
:1048400000F0B6FE10B10EB101233360012087F3F2
:104850001188F8BD00F060FC8542F7D27F2D08D1A9
:104860004FF0500383F31188BFF36F8FBFF34F8F67
:10487000FEE701356DB284F85550E7E70020E6E722
:104880002DE9FF410E460446019240B94FF0500316
:1048900083F31188BFF36F8FBFF34F8FFEE751B9DA
:1048A000036D43B14FF0500383F31188BFF36F8F53
:1048B000BFF34F8FFEE700F035FF054618B3002524
:1048C0004FF0000801F0AEFDA76C47B3013F314641
:1048D0002046FFF7DEFCA764236973B104F11000E2
:1048E00000F066FE48B14FF0E0234FF08052C3F86D
:1048F000042DBFF34F8FBFF36F8F01F0B3FD012085
:1049000004B0BDE8F081019B002BD9D04FF05003DB
:1049100083F31188BFF36F8FBFF34F8FFEE7019BC7
:104920001BB901F09FFD0020EAE715B902A800F0CD
:10493000A5FE01F097FD00F0E1FB01F073FD94F896
:104940005430FF2B01D184F8548094F85530FF2B5C
:1049500001D184F8558001F085FD01A902A800F07D
:1049600099FE00BB2046FFF756FCB0B1019904F157
:104970002C0000F0D7FD2046FFF7A0FC00F086FCDD
:1049800048B94FF0E0234FF08052C3F8042DBFF335
:104990004F8FBFF36F8F012594E72046FFF78EFC02
:1049A00000F074FCF7E72046FFF788FC00F06EFC8F
:1049B0002046FFF730FC0028EDD0B4E7F0B585B015
:1049C0000446019140B94FF0500383F31188BFF3BF
:1049D0006F8FBFF34F8FFEE7056D45B14FF050036A
:1049E00083F31188BFF36F8FBFF34F8FFEE700F0A3
:1049F00099FE064620B32E46002701F013FDA36C56
:104A000053B3013BA364236813B900F07FFFA06098
:104A1000236973B104F1100000F0CAFD48B14FF0F2
:104A2000E0234FF08052C3F8042DBFF34F8FBFF344
:104A30006F8F01F017FD012005B0F0BD3546DBE7B3
:104A4000019B002BFAD04FF0500383F31188BFF382
:104A50006F8FBFF34F8FFEE7019B1BB901F002FD83
:104A60000020E9E716B902A800F008FE01F0FAFC00
:104A700000F044FB01F0D6FC94F85430FF2B01D138
:104A800084F8547094F85530FF2B01D184F8557098
:104A900001F0E8FC01A902A800F0FCFD50BB204693
:104AA000FFF7B9FB00B323683BB901F0BBFCA0687A
:104AB00000F048FE054601F0D5FC019904F12C00F8
:104AC00000F030FD2046FFF7F9FB00F0DFFB48B9AE
:104AD0004FF0E0234FF08052C3F8042DBFF34F8F07
:104AE000BFF36F8F012688E72046FFF7E7FB00F052
:104AF000CDFBF7E72046FFF7E1FB00F0C7FB2046C0
:104B0000FFF789FB0028EDD0002DA9D001F08AFC29
:104B1000E16A19B1A36B1968C1F13801A06800F00E
:104B2000A1FE9BE770B50D46044640B94FF0500317
:104B300083F31188BFF36F8FBFF34F8FFEE7866853
:104B400000F0EAFD864204D1E36801200133E3600E
:104B500070BD29462046FFF731FF0028F8D0E368F2
:104B60000133E360F4E72DE9F843894690460446B3
:104B700040B94FF0500383F31188BFF36F8FBFF339
:104B80004F8FFEE751B9036D43B14FF0500383F3EC
:104B90001188BFF36F8FBFF34F8FFEE701F06CFDFD
:104BA000EFF311874FF0500383F31188BFF36F8F3A
:104BB000BFF34F8FA66C86B394F8545049462046F5
:104BC000013E6DB2FFF765FBA6646B1C11D1236932
:104BD00053B104F1100000F0EBFC28B1B8F1000F64
:104BE00002D00123C8F80030012087F31188BDE806
:104BF000F88300F091FA8542F6D27F2D08D14FF06C
:104C0000500383F31188BFF36F8FBFF34F8FFEE71D
:104C100001356DB284F85450E6E73046E5E7000010
:104C200070B540B94FF0500383F31188BFF36F8F15
:104C3000BFF34F8FFEE7B1B10B4A002315461C4668
:104C40005668864204D105EBC403C3E900100AE0AC
:104C50001BB91668002E08BF134601340832082C11
:104C6000EED1002BF1D170BD2CB4002410B540B9A9
:104C70004FF0500383F31188BFF36F8FBFF34F8F53
:104C8000FEE70023084A52F83310DC00814206D1C7
:104C9000064A002142F833102244516010BD01330E
:104CA000082BF0D1FAE700BF30B400242CB4002464
:104CB00010B540B94FF0500383F31188BFF36F8FE5
:104CC000BFF34F8FFEE7FFF7D1FF90F856301BB9C7
:104CD000BDE8104001F008BB10BD70B504460D469C
:104CE000164601F09FFB94F85430FF2B02D10023AD
:104CF00084F8543094F85530FF2B02D1002384F807
:104D0000553001F0AFFBA36C2BB93246294604F1B4
:104D10002C0000F021FC2046BDE87040FFF7CEBA21
:104D20002DE9F041044601F07DFB334B334E1A6808
:104D3000334F01321A603568002D52D134601B6840
:104D4000012B1FD1B84601354046FFF72DFA08F177
:104D50001C08382DF7D1DFF8D0802A4D4046FFF7E8
:104D600023FA2846FFF720FA2748FFF71DFA2748BD
:104D7000FFF71AFA2648FFF717FA264BC3F8008008
:104D8000254B1D60254A136801331360244A636470
:104D90001168E36A8B4200D913601C22201D534323
:104DA000F9184A689568A260E56068609060FA58F2
:104DB00061610132FA5001F055FB1A4B1B6873B167
:104DC0003368DA6AE36A9A4209D24FF0E0234FF07F
:104DD0008052C3F8042DBFF34F8FBFF36F8FBDE830
:104DE000F081104B1A68E36A002ACBD13268D26A8C
:104DF0009A42C7D83460C5E790B400244CBB002465
:104E00002CB50024F4B40024D0B40024B4B400249D
:104E100094B40024F0B40024ECB4002474B400244E
:104E200088B4002484B4002410B50024F8B51B4BCA
:104E300006461B4C0F461D6820680430FFF7DBF95F
:104E4000731C13D197B1174B21685A688A60906818
:104E50002168C86021680431416021680431916093
:104E6000226853611A6801321A60F8BDAD192368CF
:104E70005D6007D30C4B18682168BDE8F840043129
:104E8000FFF7A2B9094B186821680431FFF79CF9B4
:104E9000074B1A68AA42E8D91D60E6E78CB40024E3
:104EA0004CBB002494B40024ECB40024F0B40024DF
:104EB00070B40024064A13681968064B19B94FF0FC
:104EC000FF321A6070471268D2681268F9E700BFB3
:104ED000F0B4002470B4002410B590F85D3004469E
:104EE0003BB9006B01F000FA2046BDE8104001F02C
:104EF000FBB9012BF9D0022B08D04FF0500383F3FC
:104F00001188BFF36F8FBFF34F8FFEE710BD000016
:104F100080B5144C144F154D236883B9144B1B688E
:104F2000012B09D94FF0E0234FF08052C3F8042D34
:104F3000BFF34F8FBFF36F8F08F048FDEBE701F031
:104F400071FAFB68DE68301DFFF755F92B68013BED
:104F50002B602368013B236001F084FA3046FFF7A1
:104F6000BBFFD9E7B0B40024B4B4002490B400244B
:104F70002CB500242DE9F84F0C9C96000D460746F1
:104F80003246A521206B9846DDE90AA927F0B2F93F
:104F9000D4F830B06DB16B1E04F133020F3513F845
:104FA000011F02F8011F09B1AB42F8D1002384F8B8
:104FB0004330BAF1370F08D94FF0500383F311880B
:104FC000BFF36F8FBFF34F8FFEE7201D043EC4F881
:104FD0002CA0CAF13805C4F84CA0FFF7F2F804F190
:104FE0001800FFF7EEF80BEB06004246394620F0BA
:104FF00007002461A561646201F0EEF92060B9F157
:10500000000F01D0C9F80040BDE8F88F2DE9F0434A
:1050100087B005460E4617469846DDE90F94B9F16C
:10502000000F08D14FF0500383F31188BFF36F8F47
:10503000BFF34F8FFEE744B94FF0500383F311885D
:10504000BFF36F8FBFF34F8FFEE760230593059A81
:105050009A4208D04FF0500383F31188BFF36F8F4B
:10506000BFF34F8FFEE700212046059B27F042F952
:105070000223C4F830903A46314684F85D3004ABE0
:105080002846029401930E9B00934346FFF772FF5C
:105090002046FFF745FE049807B0BDE8F0832DE9F0
:1050A000F043074685B0900088461646994601F0C1
:1050B0008BF8054620B94FF0FF3005B0BDE8F0830E
:1050C000602001F081F80446A0B16022002127F0A1
:1050D00011F90D9B25633246019341460C9B3846DE
:1050E000029400934B46FFF745FF2046FFF718FE5A
:1050F0000120E2E7284601F0F7F8DCE7024A1368EE
:1051000001331360704700BF6CB40024014B186872
:10511000704700BF8CB40024014B1868704700BF73
:1051200090B400242DE9F84F4D4B1B68002B40F044
:1051300091804C4B1C6801341C60BCB94A4B1A6806
:10514000126842B14FF0500383F31188BFF36F8FA1
:10515000BFF34F8FFEE7454A196810681860116069
:10516000434A136801331360FFF7A4FEDFF810C150
:105170000020404ADCF80030DFF808819C420FD262
:10518000D8F800301C21DB6A4B43D358022B3A4B32
:105190001B6828BF0120002B18BF0120BDE8F88F35
:1051A000DFF8C4E0DFF8E090DEF800301B6823B9D8
:1051B0004FF0FF33CCF80030E2E7DEF80030DB6878
:1051C000DB6859688C4202D2CCF80010D8E75D69E0
:1051D0001F1DD3E902168E6071606968B9424FF0F5
:1051E000000108BF6E6059612968013929609D6A14
:1051F0007DB103F1180AD3E907168E607160696802
:1052000051454FF0000108BF6E609962296801396D
:105210002960D96AD9F80050A94201D9C9F800100B
:105220001C254D4302EB050ADAF80460D6F808B0F5
:105230009E60C3F80CB0CBF80470B760C3F814A03C
:10524000535901335351D8F80030DB6A994288BF73
:105250000120A9E7094A00201368013313609DE784
:105260006CB400248CB40024F0B40024ECB400240A
:1052700078B400242CB500247CB4002480B400242D
:1052800070B400244CBB002488B400242DE9F84FEE
:10529000454C236843B94FF0500383F31188BFF3A3
:1052A0006F8FBFF34F8FFEE701F0BCF82368013B1F
:1052B000236023682BB1002401F0D4F82046BDE818
:1052C000F88F3A4A1268002AF5D0394E4FF01C0C7C
:1052D000384F4FF001093849DFF8E8E0DFF8E080A7
:1052E0003FE0F368DB68986A03F11805D3E9072407
:1052F000946062604268AA424FF0000208BF4460B6
:105300009A620268013A026058691D1DD3E90224BD
:10531000946062604268AA42026802F1FF3208BFEC
:10532000446002603868DA6A824200D93A600CFB55
:1053300002F001EB000ADAF80440D4F808B09C60EF
:10534000C3F80CB0CBF80450A5600C58C3F814A0F7
:1053500001340C50DEF80000C06A824201D9C8F85E
:1053600000903268002ABCD10BB1FFF7A3FD134DAA
:105370002C6844B1124E0127FFF7D4FE00B137600C
:10538000013CF9D12C600E4B1B68002B93D04FF0E1
:10539000E0234FF08052C3F8042DBFF34F8FBFF3CB
:1053A0006F8F012488E700BF6CB4002490B4002400
:1053B000D0B4002488B400242CB5002480B4002488
:1053C0007CB400244CBB002438B50D46044608B913
:1053D000044B1C6801F026F86565BDE8384001F013
:1053E00041B800BF4CBB0024034608460BB9034B31
:1053F0001B685B6D03B11847184670474CBB00240F
:1054000010B588B0002407AA06A905A8CDE905446F
:1054100000F09CFE059B079A0293069B18491948C9
:10542000CDE900432346FFF7F1FDD0B100F0E2FBE8
:1054300001281AD14FF0500383F31188BFF36F8F07
:10544000BFF34F8F104B4FF0FF3221461A600F4BC6
:1054500018600F4B1C600F4B1868FFF7C5FF01F079
:1054600071F80D4B1B6808B010BD0130F9D14FF039
:10547000500383F31188BFF36F8FBFF34F8FFEE7A5
:10548000BD2E0308114F000870B4002484B400241A
:105490008CB400244CBB0024A4330308F8B51C4B87
:1054A0001A681C4B12B101221A60F8BD1A4C012176
:1054B0001A4D1C271A602068FFF796FF2A681849C2
:1054C00007FB02F3CE58C818AEB1466808337668B9
:1054D0000B449E42466004BFC36843601C2303FB29
:1054E00002114B680021DB6823602A602068BDE858
:1054F000F840FFF779BF42B94FF0500383F31188AA
:10550000BFF36F8FBFF34F8FFEE7013AD8E700BFBD
:105510006CB400247CB400244CBB002488B4002468
:105520002CB5002410B50C4640B94FF0500383F35E
:105530001188BFF36F8FBFF34F8FFEE7054B1968DC
:105540001831FEF741FE20460121BDE81040FFF76B
:105550006DBC00BF4CBB002470B40C46114640B972
:105560004FF0500383F31188BFF36F8FBFF34F8F5A
:10557000FEE70E4B002942681D689668EA611D68C7
:105580002E621D6805F1180575601D681B6805F120
:10559000180595609862036803F1010303600CBF6E
:1055A00020464FF0FF3070BCFFF740BC4CBB0024DE
:1055B000C368DB68F0B543B94FF0500383F311883B
:1055C000BFF36F8FBFF34F8FFEE79A6A03F11804A2
:1055D000D3E90701816048605068A04208BF51606C
:1055E000002199621168013911601E4AD96A126856
:1055F000002A28D15A691D1DD3E90240A0604460E9
:105600005468AC4208BF5060106801381060164AF8
:105610001068814200D911601C2214484A43861840
:105620007468A7689C60DF607D60A5605E618358D8
:10563000013383500E4B1B68DB6A99420FD901205E
:105640000C4B1860F0BD0C4A50688568D8611D622B
:105650006C6084609A62136801331360EAE700208B
:10566000F0E700BF6CB4002488B400242CB50024FB
:105670004CBB00247CB40024D0B40024034B1B6832
:105680000360034B1B684360704700BF78B400247D
:105690008CB4002470B50D46044640B94FF0500359
:1056A00083F31188BFF36F8FBFF34F8FFEE741B9CC
:1056B0004FF0500383F31188BFF36F8FBFF34F8F09
:1056C000FEE700F0AFFE0F4B19682B685A1C17D08D
:1056D0000D48266800686268864208D08A4206D86B
:1056E000002301242B6000F0BDFE204670BD881A07
:1056F0008342F5D95B1A204613442B60FFF7BEFFA7
:105700000024F0E78CB4002478B40024014B01227B
:105710001A6070477CB40024014B1868704700BFC2
:105720004CBB0024054B1B6833B1054B1868B0FA1D
:1057300080F04009400070470120704784B4002485
:105740006CB40024F8B5044600282ED01D4DC36A61
:105750002A68D26A93422DD28269002A04DB2A6821
:10576000D26AC2F1380282611C22174E02FB036327
:1057700062699A421AD1271D3846FEF73CFD2B6814
:10578000124ADB6A1168E3628B4200D913601C2263
:105790005343F1184A689068A260E06047609760E0
:1057A000F25861610132F2500120F8BD2B68DB6ACA
:1057B000E362F9E72B68C06CDB6A98422CBF0020DB
:1057C0000120F2E74CBB00242CB5002488B400244F
:1057D00070B5044608B9002070BD1F4B1B6883429A
:1057E00008D04FF0500383F31188BFF36F8FBFF3DE
:1057F0004F8FFEE71B6D43B94FF0500383F31188C1
:10580000BFF36F8FBFF34F8FFEE7C16A013BC26CDE
:1058100003659142DFD0002BDDD1051D2846FEF740
:10582000EAFCE36CC3F13802E362A2610B4A11683F
:105830008B4200D913601C21094A4B43D0184168A0
:105840008E68A160E66075608D60D158606101204E
:105850000131D150C0E700BF4CBB002488B4002404
:105860002CB5002470B50446002847D0026D42B91B
:105870004FF0500383F31188BFF36F8FBFF34F8F47
:10588000FEE7C36C994238BF1946C36A8B4235D0D4
:10589000012A33D11A4A1268824208D14FF05003CC
:1058A00083F31188BFF36F8FBFF34F8FFEE78269D9
:1058B000144D002A4FF01C02C16202FB0353A8BF23
:1058C000C1F138014269A8BF81619A4216D1061D13
:1058D0003046FEF790FC0C4AE36A11688B4200D90F
:1058E00013601C225343E9184A689068A260E06084
:1058F00046609660EA5861610132EA5070BD00BFAF
:105900004CBB00242CB5002488B40024044B1A6836
:105910001AB119680A6D01320A651868704700BF2C
:105920004CBB0024914208B5416000610AD8D21AEC
:1059300083699A420DD2011D074B1868FEF744FC9B
:10594000002008BD9A4201D2994202D2011D034BA8
:10595000F3E70120F5E700BF5CBC002460BC002435
:1059600070B504460D461646A1692B4632462046C0
:105970002944FFF7D7FF00B970BDA36920461D4435
:10598000236A9847F0E700000E4B1B68DB6870B590
:10599000DC6805460E46201DFEF72DFC94F82830E5
:1059A0005A0709D5324629462046FFF7D9FF236A10
:1059B0002046BDE87040184723F0010384F82830E2
:1059C000F5E700BF60BC0024F8B50F4E0546FFF7B1
:1059D0009DFB04463368834209D90C4F3B681A6823
:1059E00052B90B4A116813600123396000E00023AB
:1059F00020462B603460F8BDDB684FF0FF3118683B
:105A0000FFF7C2FFEAE700BF50BC002460BC0024DF
:105A10005CBC00242DE9F041594F86B0594E3B68DB
:105A2000D3F80080B8F1000F33D0DB680024D3F83E
:105A30000080FFF763FB02A8FFF7C6FF029B054645
:105A4000002B43D13CBB40452BD3FFF71FFC29461D
:105A50004046FFF799FF002202A93068FEF710FFC9
:105A60000028DCD0029B0498002B32DB049C636985
:105A7000002B35D101A8FFF7A7FF029B0546013B8C
:105A8000082BE8D8DFE803F03030535A7330305336
:105A90005A000124CDE73C4B1B681C68B4FA84F41F
:105AA00064092246A8EB05013068FFF716F9FFF7F5
:105AB000EDFB0028CFD14FF0E0234FF08052C3F828
:105AC000042DBFF34F8FBFF36F8FC4E7FFF7DEFBEB
:105AD000C1E7039B05999847029B002BBBDBC5E7F9
:105AE000201DFEF788FBC5E794F828300246A1691F
:105AF000204643F0010384F82830039B1944FFF744
:105B000011FF0028A7D094F8283059070AD5A369B7
:105B10002A46039920461944FFF722FF236A2046AC
:105B2000984798E723F0010384F82830F6E794F8C3
:105B3000283023F0010384F828308CE794F82830CB
:105B400043F0010384F828300399A16141B94FF073
:105B5000500383F31188BFF36F8FBFF34F8FFEE7BE
:105B60000346024601442046FFF7DCFE73E794F843
:105B700028309A07DDD4204600F0B6FB6BE700BF63
:105B800060BC002458BC00245CBC0024F7B5114C58
:105B900000F048FC2568BDB90F4F104E3846FEF79F
:105BA00003FB3046FEF700FB0D4B0E4A10211F6031
:105BB0000A200D4B1E600D4B0095FEF702FC206085
:105BC00010B10B49FFF72CF803B0BDE8F04000F02E
:105BD00049BC00BF58BC002480BC002464BC002425
:105BE00060BC0024B0BB00245CBC002450BB00247B
:105BF000C22E030810B588B0FFF7C8FF124B1B6810
:105C0000B3B1002407AA06A905A8CDE9054400F010
:105C1000A9FA059B079A0293069B0C49019302235C
:105C20000B4800932346FFF7F1F90A4B186040B97F
:105C30004FF0500383F31188BFF36F8FBFF34F8F83
:105C4000FEE7012008B010BD58BC0024C72E030891
:105C5000155A000854BC002410B5EFF3058414B1A4
:105C60000124204610BDFFF75DFD0128F9D0EFF3B8
:105C70001083002BF4D1EFF31184003C18BF0124F2
:105C8000EFE708B54FF0E0231B69FFF74BFD012854
:105C900003D0BDE8084000F02DBC08BD08B5FFF7F3
:105CA000DBFF48B9FFF73EFD0128034607D1054A4F
:105CB000106820B9136008BD6FF00500FBE74FF0D6
:105CC000FF30F8E75CC3002410B5FFF7C5FF0446BA
:105CD00078B9FFF727FD01280ED1094B1A68012A70
:105CE0000AD1084AD47702221A60FFF789FB2046BE
:105CF00010BD6FF00500FBE74FF0FF30F8E700BF85
:105D00005CC3002400ED00E0F0B5002387B0064638
:105D10000F4614460593FFF79FFFD8B9D6B1002C64
:105D20002FD0A569002D08BF18256B1EAE46372B56
:105D300011D86368DB070ED4636973B19A082168D0
:105D4000D4E902C0BCF1000F09D05F2802D9206954
:105D500000B1DBB9059807B0F0BD8022EFE700285D
:105D6000F8D12369002BF5D105AB92B23046CDE9CD
:105D700000E33B46FFF793F901281CBF002305937E
:105D8000E8E721464FF0180E8022EDE7CDE9010C3F
:105D90003B4630460095FFF739F90590DAE770B5D4
:105DA0000646FFF759FF10B10024204670BD16B11A
:105DB00070680307F8D400F001059EB1D6E902131C
:105DC00071B15F2BF0D9DDB10420FEF747FC04462A
:105DD0000028E9D0316871B12046FEF721FF0AE0C2
:105DE000002BE1D175B10420FEF76CFC04460028BD
:105DF000DAD0002EEED1002DD7D044F00104D4E744
:105E00000120E2E70120EFE7F8B505460C4620F057
:105E1000010600F00107FFF71FFFA0B9012D15D9FA
:105E20002146304667B1FEF77DFE012801D10020F2
:105E3000F8BD002C14BF6FF001006FF00200F7E70F
:105E4000FEF7BCFDF1E76FF00500F1E76FF003002E
:105E5000EEE770B5044620F0010500F00106FFF7FB
:105E6000FBFE90B9012C13D946B12846FEF70BFC76
:105E700001280CBF00206FF0020070BD334632468F
:105E800031462846FEF738FBF2E76FF00500F4E7ED
:105E90006FF00300F1E773B504460E461546FFF7B1
:105EA000DBFE40B93CB1B44205D355B1D5E902326D
:105EB0002BB15F2A25D80024204602B070BD002AED
:105EC000F9D1012C08D020463146FEF700FB0446EC
:105ED0000028F0D075B9EFE7032200210120FEF77A
:105EE000ADFA17E020461A463146FEF7D7FA0446C7
:105EF0000028E0D029680029DED02046FEF790FE79
:105F0000DAE7012CEED10322014600920246204638
:105F1000FEF757FA04460028CDD0002EDAD0002331
:105F20001A461946FEF7E8FA0128D3D02046FEF7B4
:105F3000BFFEC0E737B50C46054618B96FF0030041
:105F400003B030BDFFF788FED8B1002CF6D101AA0E
:105F5000214628460194FEF706FE012802D06FF084
:105F60000200EDE7019B0BB90020E9E74FF0E023C9
:105F70004FF08052C3F8042DBFF34F8FBFF36F8FE4
:105F8000F2E721462846FEF719FD0128ECD0002C47
:105F9000E5D06FF00100D3E713B5044628B3FFF74F
:105FA0005BFE0346C8B1002301A920460193FEF71A
:105FB00007FC012803D06FF0020002B010BD019B66
:105FC0004BB14FF0E0234FF08052C3F8042DBFF3E4
:105FD0004F8FBFF36F8F0020EFE702460146204648
:105FE000FEF78AFA0128F6D0E5E76FF00300E4E750
:105FF000F7B505460E461446FFF72EFE18B10025EC
:10600000284603B0F0BD002DF9D0002EF7D01CB308
:10601000D4E90232C3B15F2AF1D92269002AEED055
:1060200006FB05F167698F42E9D3009031462846A7
:10603000FEF7C7F905460028E1D021680029DFD026
:106040002846FEF7EDFDDBE7002AD8D12369002BB7
:10605000D5D16369002BD2D1284600223146FEF704
:10606000EDF905460028CAD0002CE6D1C8E773B583
:106070001C4605460E46FFF7EFFD0346F0B15DB343
:1060800056B34CBB234601AA314628460194FEF77D
:106090002BFB012803D06FF0020002B070BD019B02
:1060A0000BB90020F9E74FF0E0234FF08052C3F81E
:1060B000042DBFF34F8FBFF36F8FF2E765B15EB171
:1060C000224631462846FEF717FA0128E9D0002C6F
:1060D000E1D06FF00100E0E76FF00300DDE773B59A
:1060E00005460E461C46FFF7B7FDE8B155B34EB363
:1060F00044BB01AA314628460194FEF734FD01282D
:1061000003D06FF0020002B070BD019B0BB90020FC
:10611000F9E74FF0E0234FF08052C3F8042DBFF3AE
:106120004F8FBFF36F8FF2E765B15EB12246314604
:106130002846FEF7A5FB0128E9D0002CE1D06FF03E
:106140000100E0E76FF00300DDE70000034B0360B0
:10615000034B0B6080231360704700BFFCC2002418
:10616000FCC00024034B0360034B0B604FF48073AF
:10617000136070479CC000249CBC0024104B10B5D9
:106180001A461B688342FBD354681119884201BF29
:106190004168104609195160446801198B420CD1BD
:1061A000084909688B4203D0596821444160196845
:1061B0009042016018BF106010BD1946F8E700BF9B
:1061C00074C3002470C30024F8B50446FEF796FF9C
:1061D0003D490B68E3B93D4A3D4D50074FF0000083
:1061E0001BBF07323B4B3C4B22F00702686018BFD5
:1061F0009B1A2A601344083B23F00703C3E90000FD
:10620000981A0B60C2E90030344B1860344B1860A8
:10621000631E0A3353D814F0070204F1080305D0B3
:10622000A2F1090098424AD31034A31A002B46DD8C
:106230002B4F3E689E4242D3254A146860689842BC
:1062400001D22568A5B90968A14238D0216815682E
:106250001160C21A102A12D9E01841070BD04FF072
:10626000500383F31188BFF36F8FBFF34F8FFEE7A7
:1062700022462C46E2E742606360FFF77FFF6268D8
:10628000002316490835B61A42F0004208686260D9
:10629000144A8642236013683E6003F1010338BF4D
:1062A0000E601360FEF7F2FF6B070AD04FF0500349
:1062B00083F31188BFF36F8FBFF34F8FFEE7002585
:1062C000F0E72846F8BD00BF70C300247CC300245B
:1062D00074C300241C4A0224A086010068C3002461
:1062E0006CC3002464C3002410B5044680B350F886
:1062F000043C002B08DB4FF0500383F31188BFF3FD
:106300006F8FBFF34F8FFEE750F8082C42B14FF06C
:10631000500383F31188BFF36F8FBFF34F8FFEE7F6
:1063200023F0004340F8043CFEF7E8FE094A54F825
:10633000043CA4F1080011680B441360FFF71EFF32
:10634000054A13680133BDE810401360FEF79EBF95
:1063500010BD00BF6CC3002460C30024084800685F
:10636000006880F308884FF0000080F3148862B65C
:1063700061B6BFF34F8FBFF36F8F00DF00BF000028
:1063800008ED00E0DFF80C00016841F470010160E5
:106390007047000088ED00E0002382B001930D4BB0
:1063A0001B68013308D04FF0500383F31188BFF30B
:1063B0006F8FBFF34F8FFEE74FF0500383F31188C9
:1063C000BFF36F8FBFF34F8F019B002BFCD002B048
:1063D000704700BF3C0000244FF0807321F00101A2
:1063E00040F8202C44380364034BC16383636FF08F
:1063F00002030362704700BF9963000800000000B9
:10640000074B19680868B0E8F04F80F30988BFF3BC
:106410006F8F4FF0000080F311887047AFF300805A
:106420004CBB00244FF0500383F31188BFF36F8FF0
:10643000BFF34F8F0A4A13680133012B13600ED14B
:106440004FF0E023D3F8043DDBB243B14FF05003EB
:1064500083F31188BFF36F8FBFF34F8FFEE7704751
:106460003C000024084A136843B94FF0500383F3FB
:106470001188BFF36F8FBFF34F8FFEE7013B1360AF
:106480000BB983F3118870473C0000240000000022
:10649000EFF30980BFF36F8F154B1A681EF0100FD2
:1064A00008BF20ED108A20E9F04F10602DE90900A7
:1064B0004FF0500080F31188BFF34F8FBFF36F8F01
:1064C000FEF7ECFF4FF0000080F3118809BC19685B
:1064D0000868B0E8F04F1EF0100F08BFB0EC108A4B
:1064E00080F30988BFF36F8F704700BFAFF3008060
:1064F0004CBB002408B54FF0500383F31188BFF361
:106500006F8FBFF34F8FFEF70DFE28B14FF0E023E2
:106510004FF08052C3F8042D002383F3118808BD87
:106520004FF0E02200234FF47A7113619361044B22
:106530001B68B3FBF1F3013B536107231361704701
:106540007C0000244FF0E02337B5D3F8001D444A07
:10655000914208D14FF0500383F31188BFF36F8F3E
:10656000BFF34F8FFEE7D3F8002D3E4B9A4208D180
:106570004FF0500383F31188BFF36F8FBFF34F8F3A
:10658000FEE700230193384B1A78D2B28DF802202F
:10659000FF221A701B78354ADBB28DF803309DF864
:1065A000033003F05003137043B94FF0500383F3EB
:1065B0001188BFF36F8FBFF34F8FFEE79DF8033055
:1065C000DB4313F0500F10D04FF0500383F31188CA
:1065D000BFF36F8FBFF34F8FFEE7013301939DF839
:1065E00003305B00DBB28DF803309DF8033013F00D
:1065F000800F019BF1D1082B30D0019BC3F1070321
:106600001B021B4A4FF0E024002503F4E0631360F3
:106610009DF80230144ADBB21370D4F8203D43F4E5
:106620007F03C4F8203DD4F8203D43F07F43C4F8F5
:10663000203DFFF775FF0F4B1D60FFF7A3FED4F859
:10664000343F43F04043C4F8343FFFF787FEFEF782
:1066500025FF2846FFF7A0FE03B030BD0023CFE79B
:1066600071C20F4170C20F4100E400E0204A0224D1
:106670001C4A02243C000024EFF305830F2B0ED9A3
:10668000114A9B5C114A12789A4208D94FF0500384
:1066900083F31188BFF36F8FBFF34F8FFEE74FF087
:1066A000E0230B4AD3F80C3D126803F4E0639342F5
:1066B00008D94FF0500383F31188BFF36F8FBFF3F6
:1066C0004F8FFEE7704700BFF0E300E0204A02244E
:1066D0001C4A022410B484680088A4465DF8044B68
:1066E000604710B444680088A4465DF8044B6047D6
:1066F00070B5C36804460D4698470646E368984758
:10670000831BAB42FAD370BD2DE9F341002300F1A6
:10671000100507460E4690461946DE4A284600F008
:1067200099FB03230446DC4AFF21284600F092FB34
:1067300000230444D94A1946284600F08BFB022363
:106740000444D74AFF21284600F084FB0023044478
:10675000D24A1946284600F07DFB04440023D14A62
:10676000C421284600F076FB0A2104443846FFF78E
:10677000BFFF0023CC4A2846194600F06BFB0444B7
:106780000023CA4AC421284600F064FB0A210444BD
:106790003846FFF7ADFF0023C54A2846194600F0EA
:1067A00059FB00230444C34AC521284600F052FB8C
:1067B00000230444C04A1946284600F04BFB00233E
:1067C0000444BE4AC521284600F044FB002304448B
:1067D000BB4A1946284600F03DFB00230444B94A51
:1067E000C021284600F036FB00230444A94A19467C
:1067F000284600F02FFB00230444B34AD921284641
:1068000000F028FB00230444B04A1946284600F053
:1068100021FB00230444AE4AC121284600F01AFBA4
:1068200000230444AB4A1946284600F013FB00231A
:106830000444A94AC521284600F00CFB0023044467
:10684000A64A1946284600F005FB002304449B4A4B
:10685000C521284600F0FEFA002304448D4A19465B
:10686000284600F0F7FA022304449D4AD82128461E
:1068700000F0F0FA002304449A4A1946284600F032
:10688000E9FA00230444984AC521284600F0E2FAB8
:1068900000230444954A1946284600F0DBFA0023F9
:1068A0000444934AC021284600F0D4FA002304444B
:1068B000904A1946284600F0CDFA002304448E4A37
:1068C000C521284600F0C6FA002304448B4A194625
:1068D000284600F0BFFA00230444894AC421284610
:1068E00000F0B8FA00230444784A1946284600F01C
:1068F000B1FA00230444834AC121284600F0AAFAD1
:1069000000230444804A1946284600F0A3FA0223D3
:1069100004447E4AB321284600F09CFA0023044434
:106920005E4A1946284600F095FA06230444784A40
:10693000CE21284600F08EFA00230444754A1946F9
:10694000284600F087FA0E230444734ACE212846D5
:1069500000F080FA00230444704A1946284600F0EB
:1069600079FA0E2304446E4ACE21284600F072FACA
:10697000002304446B4A1946284600F06BFA0A23A8
:106980000444694ACF21284600F064FA00230444F5
:10699000664A1946284600F05DFA00230444644A1A
:1069A000CF21284600F056FA002304443B4A1946FA
:1069B000284600F04FFA0A2304445E4ACB212846B9
:1069C00000F048FA002304445B4A1946284600F0C8
:1069D00041FA0F230444594ACB21284600F03AFAE1
:1069E000002304444B4A1946284600F033FA0F238B
:1069F0000444534ACB21284600F02CFA00230444D7
:106A0000464A1946284600F025FA0A2304444D4A0E
:106A1000CB21284600F01EFA00230444414A1946BF
:106A2000284600F017FA0F230444474ACB21284692
:106A300000F010FA002304443C4A1946284600F0AE
:106A400009FA0F230444414ACB21284600F002FAF8
:106A5000002304443E4A1946284600F0FBF90A2365
:106A600004443C4ACB21284600F0F4F900230444B6
:106A7000394A1946284600F0EDF90A230444374AFA
:106A8000CB21284600F0E6F900230444034A1946C6
:106A9000284665E0B5340308B1340308B63403086A
:106AA000AF340308B7340308B8340308B934030813
:106AB000BA340308BB340308BC340308BD340308EC
:106AC000BE340308BF340308C0340308C3340308CA
:106AD000C4340308C5340308C6340308C7340308A4
:106AE000AD340308C8340308C9340308CA340308A2
:106AF000CB340308CC340308CD340308C134030875
:106B0000CE340308CF340308D0340308AB34030871
:106B1000A5340308D134030897340308D23403089A
:106B200089340308D33403087F340308D4340308BA
:106B3000E134030875340308D534030866340308C8
:106B4000573403084D3403083E3403082F34030838
:106B5000D634030825340308D73403081B3403084C
:106B600000F078F90A2304448E4ACC21284600F02C
:106B700071F9002304448C4A1946284600F06AF94A
:106B80000F230444894ACC21284600F063F90023EE
:106B90000444874A1946284600F05CF90F23044450
:106BA000844ACC21284600F055F900230444824A47
:106BB0001946284600F04EF90A2304447F4ACC21A6
:106BC000284600F047F9002304447D4A1946284628
:106BD00000F040F90F2304447A4ACC21284600F003
:106BE00039F900230444784A1946284600F032F95E
:106BF0000F230444754ACC21284600F02BF90023CA
:106C00000444734A1946284600F024F9002304443A
:106C1000704AC521284600F01DF9002304446E4A3D
:106C20001946284600F016F9002304446B4AF52162
:106C3000284600F00FF900230444694A1946284603
:106C400000F008F900230444664AC621284600F0F3
:106C500001F900230444644A1946284600F0FAF872
:106C600003230444614AFF21284600F0F3F800237F
:106C700004445D4A1946284600F0ECF80023044419
:106C8000594A1946284600F0E5F810230444584AAA
:106C9000E121284600F0DEF800230444524A194658
:106CA000284600F0D7F804441023524AE22128462F
:106CB00000F0D0F8044400234F4A1121284600F088
:106CC000C9F8782104443846FFF712FD4B4F002ED7
:106CD00061D0022E07D10023494A3A21284600F00C
:106CE000B9F804447E60B8F1010F57D160230DF16B
:106CF0000702362128468DF80730002300F0AAF855
:106D0000261804233F4A2A21284600F0A3F8064407
:106D100004233D4A2B21284600F09CF83418C7F87C
:106D2000008000260023394A5121284600F092F8BD
:106D300004443346364A53212846BE6000F08AF8A0
:106D400004443346334A5521284600F083F804446E
:106D50003346314A5E21284600F07CF8044433462D
:106D60002E4A2921284600F075F80444334631465E
:106D70001D4A284600F06EF804443346284A2C2168
:106D8000284600F067F8C44214BF4FF0FF30304689
:106D900002B0BDE8F0813346224A9EE700233B6003
:106DA000BFE700BF11340308D534030802340308D9
:106DB000D1340308F3330308D2340308E93303085A
:106DC000D3340308DA330308D4340308CB3303087D
:106DD000C1340308E2340308E3340308E43403084D
:106DE000E5340308E6340308B5340308C833030860
:106DF000B8330308A8330308D8340308244A02240C
:106E0000D9340308EB340308E7340308DB34030800
:106E1000DC340308DD340308DE340308DF34030800
:106E2000E0340308DA34030860B14B6843608B68D0
:106E30008360CB688061C360044B4361044B036192
:106E4000002070474FF0FF30704700BFD566000844
:106E5000E366000810B404688068A4465DF8044B3B
:106E6000604701234FF4487200200B8002238B708F
:106E70004FF4F073C1E90123704790F82430012BDF
:106E800004BF002380F824300020704700207047A2
:106E900010B404690089A4465DF8044B604710B43F
:106EA000C4680089A4465DF8044B604770B500F1E2
:106EB00018050E460978284600F012F90446317983
:106EC000284600F019F90444317A284600F020F9E8
:106ED0000444317B284600F027F90444317C2846DD
:106EE00000F02EF90444317D284600F035F9C44203
:106EF00014BF4FF0FF30002070BD13B50C461830A2
:106F00000DF1070100F040F99DF80730236002B051
:106F100010BD37B500F118050C4601A9284600F050
:106F2000D2F808BB9DF80430022B98BF1846042302
:106F30002060032128460DEB030200F0B1F8B0B940
:106F40009DF804309DF805201B0203F47063134381
:106F50009DF8072063609DF806301B0203F4706300
:106F60001343A36003B030BD4FF0FF30DFE74FF0B5
:106F7000FF30F7E7183000F0A1B80121183000F019
:106F8000F7B80021183000F0F3B810B590F82430AD
:106F900004466BB9036898472046FFF7F2FF0038B4
:106FA0004FF0010318BF012084F82430404210BD87
:106FB0000020FCE70020704730B500F1180585B0CF
:106FC0000C46284601A900F07EF8002845D19DF81E
:106FD0000430022B98BF184620600C2301AA03211D
:106FE000284600F05DF800283AD19DF804209DF86D
:106FF00005101302920903F47063E2610B439DF8DC
:1070000007109DF80A2063609DF806301B0203F408
:1070100070630B439DF80B10E3609DF808306361CB
:107020009DF809301B0963621302920903F470632F
:1070300022620B439DF80D10A3609DF80C301B02DB
:1070400003F470630B4323619DF80E30A3619DF838
:107050000F301B09A36205B030BD4FF0FF30BBE716
:107060004FF0FF30F7E7000090B14A680B684260CC
:107070000A8903600281CA68C2600A6902614A69BA
:1070800000624261044AC261044A826103B1184746
:107090004FF0FF30704700BF916E00089F6E0008F0
:1070A00010B4D0E90140A4465DF8044B604710B429
:1070B00004688068A4465DF8044B604701230A46D3
:1070C0001946FFF7EDBF10B50A460C460123022111
:1070D000FFF7E6FF18B9237803F00F03237010BD04
:1070E00007B501238DF807100DF107029121FFF775
:1070F000DEFF03B05DF804FB07B501238DF8071030
:107100000DF107029221FFF7D2FF03B05DF804FBF7
:1071100007B501238DF807100DF107029321FFF742
:10712000C6FF03B05DF804FB07B501238DF8071017
:107130000DF107029421FFF7BAFF03B05DF804FBDD
:1071400007B501238DF807100DF107029521FFF710
:10715000AEFF03B05DF804FB07B501238DF80710FF
:107160000DF107029621FFF7A2FF03B05DF804FBC3
:1071700007B501238DF807100DF10702A421FFF7D1
:1071800096FF03B05DF804FB0A460123A821FFF730
:1071900087BF4FF000624FF400534FF48071C0E995
:1071A00000234FF48043C0E902314FF40023036110
:1071B0000020704700B54FF4407395B04FF0407217
:1071C0000C9305230F920222069300230B9206A92B
:1071D00013930093049303926A46CDE90D33CDE9EE
:1071E0001133102302934FF48003059340F20113EF
:1071F000019341F2883303F04FFA002814BF6FF077
:107200000400002015B05DF804FB032941F2883228
:1072100030B518BF4FF4807395B008BF4FF440737A
:107220000C4606A905460C93062306930023CDE9D8
:107230000D330F930B931393CDE9113303F02CF916
:1072400020BB40F202230222032C4FF48001049061
:107250002846CDE900334FF01003CDE902324FF05C
:1072600005036A46CDE9051314BF4FF080734FF054
:10727000407306A90F9341F2883303F00DFA0028FA
:1072800014BF6FF00400002015B030BD6FF0010096
:10729000FAE7032930B518BF4FF480738FB008BFE9
:1072A0004FF4407304460D460693B7230093002322
:1072B000CDE90733099305930D93CDE90B33FFF720
:1072C000A4FF18B16FF001000FB030BD41F2883259
:1072D0006946204603F0E0F80028F3D1294620460D
:1072E000FFF768FF0028EFD0ECE700B54FF480739C
:1072F0008FB041F28832069335236946009300230C
:10730000CDE90733099305930D93CDE90B3303F0D2
:10731000C3F8002814BF6FF0010000200FB05DF823
:1073200004FB00B54FF480738FB041F288320693AE
:10733000F523694600930023CDE9073309930593AC
:107340000D93CDE90B3303F0A7F8002814BF6FF0BD
:10735000010000200FB05DF804FB00B591B00329D7
:107360000ED8DFE801F00229343F4FF48073089310
:107370000E2302934FF4806309934FF080730B93B5
:1073800008224FF440534FF0004C02A907924FF0EF
:10739000804205930023CDE90DC26A460A930F93FC
:1073A000CDE9003303F0C9F9002814BF6FF00500E0
:1073B000002011B05DF804FB4FF4807308933D2367
:1073C00002934FF4806309934FF00073D7E74FF4B3
:1073D00080730893EE2302934FF4406309934FF0B8
:1073E0004073CCE74FF440730893ED23F3E700B507
:1073F00091B003290ED8DFE801F00225303B4FF4AD
:10740000807308930C2302934FF4806309934FF029
:1074100080730B9308236A4602A907934FF44053E5
:10742000059300230A930F93CDE90D33CDE9003383
:1074300003F083F9002814BF6FF00500002011B09D
:107440005DF804FB4FF480730893BC2302934FF460
:10745000006309934FF00073DBE74FF480730893E8
:10746000EC2302934FF4406309934FF04073D0E74D
:107470004FF440730893EB23F3E7032941F288327A
:1074800000B518BF4FF480738FB008BF4FF440733E
:1074900069460693662300930023CDE907330993D9
:1074A00005930D93CDE90B3302F0F6FF002814BFCE
:1074B0006FF0010000200FB05DF804FB032941F2DA
:1074C000883200B518BF4FF480738FB008BF4FF4F7
:1074D000407369460693992300930023CDE907334F
:1074E000099305930D93CDE90B3302F0D5FF0028E6
:1074F00014BF6FF0010000200FB05DF804FB000026
:1075000008B50122074BC3E900219A600022194601
:10751000DA604FF6FF7204F0ABFC003818BF0120B0
:10752000404208BD304A022408B50222084BC3E994
:10753000002101210022C3E902124FF6FF72194611
:1075400004F096FC003818BF0120404208BD00BF7F
:10755000304A02240A46D1E9033110B50B43516980
:1075600004240B4391690B43D16912680B4307490B
:107570004A6001220C60C1E902234FF6FF7204F059
:1075800077FC003818BF0120404210BD304A022469
:1075900008B5084BC3E9002108210022C3E9021203
:1075A0004FF6FF72194604F063FC003818BF012043
:1075B000404208BD304A022408B504F078FC003887
:1075C00018BF0120404208BD70B50C460968054649
:1075D000FFF796FF10B14FF0FF3070BD00F090FE46
:1075E000064600F08DFE8642FBD021682846FFF754
:1075F0009BFF0028EFD12846D4E90012FFF7C8FF0F
:107600000028E8D121462846FFF7A4FF0028E2D150
:10761000A1682846FFF7D0FF003818BF012040427C
:10762000DBE77047104A08B51368013B13600BB1E4
:10763000002008BD4FF480510C4801F0D3FD0B48E9
:107640004FF4005101F0CEFD094A0A48D2F8F43057
:1076500023F08003C2F8F43002F014F80028E7D0D9
:107660006FF00700E5E700BF98540224000C0258B1
:1076700000440258404A02240023012210B5416010
:1076800004460362C0E90232C0E90433C0E90633AC
:1076900001F0A2FF014608B1012010BD204602F012
:1076A000C8F901460028F7D1204602F0E8F9003871
:1076B00018BF0120F1E70000A24BA3482DE9F04FCD
:1076C00093B00360A14B1C681CB1002013B0BDE84F
:1076D000F08F01221A6002F0A7F90028F5D19C4D25
:1076E0004FF0120802270426D5F8E0300DA999487A
:1076F00043F00803C5F8E030D5F8E03003F00803A4
:107700000A930A9BD5F8E03043F00803C5F8E0304F
:10771000D5F8E0300F9403F008030B930B9B4FF464
:107720008053CDE91076CDE90D3801F06FFC4FF4B0
:1077300000530DA987481196CDE90D38CDE90F47C3
:1077400001F064FCD5F8F43043F08003C5F8F43060
:10775000D5F8F43003F080030C930C9BD5F89C30E3
:1077600043F08003C5F89C30D5F89C3023F08003AB
:10777000C5F89C3003F014FD00286DD0764B2246EE
:10778000A2464FF0100903EB5003DFF8D4B1B3FB6E
:10779000F0F000EB400500FA07F60146C5F13203B0
:1077A000C6F5C37623EAE37326EAE67600936B4BCD
:1077B0001B6888464FF0000CB8F5AF7FCDF804C0C9
:1077C0000CF1010C5BD30027BE46009DBD4250D892
:1077D000BE424ED391454CD0142505FB03FA01332C
:1077E000019D0BEB0A097F2B4BF80A20C9E9015ECA
:1077F0003CD95A4A1360594B4FEA400B584900276D
:107800001B68069340F6C41304934FF0FF330093B4
:107810000BF132030993CBF5806301330293069B8E
:107820009F4238D1009B7F2B16D81421009A4C4BD5
:107830004A4399189B580C7C44EA03744B681B0517
:1078400003F470031C438B681B0403F470231C4374
:10785000CB681B029BB21C4321463B48FFF70CFF41
:1078600000283FF432AF6FF007002FE791464FF04A
:10787000010A0EF1010E0F44BEF1100FA5D1BCF1AB
:10788000100F884498D101320144102A91D1BAF1E5
:10789000000FAED1AFE70B684FF0000C099D03FB62
:1078A00000031D4403EB0B060395A6F63406029D68
:1078B0000896ED1A6D000195039D40F21452CDF823
:1078C00014C00CF1010C954230D9A5F13206B0EB91
:1078D000960F2BD2089E4FF0000EDDF804902E4438
:1078E000DDF80C8006F2A11A40F21242CDF81CE03D
:1078F0000EF1010E924512D8B8F5167F0FD3404510
:107900000DD236EA260A28BFCA46049A924506D204
:10791000059ACDF810A00A61079A0097CA60BEF5D3
:10792000807F98441E44A9EB0309DBD1019ABCF582
:10793000807F1D44A2EB03020192BED101371431B6
:107940006DE700BF001C0058404A022498540224EE
:1079500000440258000C025800CA9A3B944A022480
:10796000984A02241FB54FF47A7400920A460146E1
:107970000848CDE90134012301F09EFE40B10548DD
:1079800002F055F8042814BF6FF003006FF0650093
:1079900004B010BD404A02241FB54FF47A7400921F
:1079A0000A4601460848CDE90134012301F05EFF93
:1079B00040B1054802F03BF8042814BF6FF0030003
:1079C0006FF0650004B010BD404A022400F098BC7E
:1079D000094A4FF4407C02604A684260012282609A
:1079E0008A68C2600A6802610022C0E905C2C261F9
:1079F000CA68026202F004BD0050005210B588B996
:107A00000A4C0B48A37861784BB9FFF7F0FC10B132
:107A10006FF0040010BD022300202370FAE7FFF787
:107A20009CFCF4E76FF00100F4E700BF9C540224D3
:107A30009C560224F8B50C46174630BB174D2B78E0
:107A4000022B25D0B2FA82F3154E5B0930461B019A
:107A5000F36002F0D5FCF0B96B78032B0FD1032C47
:107A600005D1012300206C702B70AF70F8BD30463B
:107A7000FFF757FC0028F4D06FF00400F6E7032C62
:107A8000EFD13046FFF731FCF4E76FF00100EDE78E
:107A90006FF01900EAE76FF00300E7E79C54022457
:107AA0009C5602242DE9F0470C46A4B0002840F073
:107AB000AC81034D2F782FB1002024B0BDE8F087B2
:107AC0009C540224C34B4FF00409092616A9D3F88D
:107AD000D4204FF04008C0484FF00A0A42F48042D8
:107AE000C3F8D420D3F8D42002F480420192019A42
:107AF000DA6F42F48042DA67DA6F22F48042DA67A2
:107B0000D3F8E02042F00202C3F8E020D3F8E020EE
:107B100002F002020292029AD3F8E02042F0400200
:107B2000C3F8E020D3F8E02002F040020392039A69
:107B3000D3F8E02042F00802C3F8E020D3F8E020B8
:107B400002F008020492049AD3F8E02042F02002E6
:107B5000C3F8E020D3F8E02002F020020592059A55
:107B6000D3F8E02042F02002C3F8E020D3F8E02070
:107B700002F020020692069AD3F8E02042F020029A
:107B8000C3F8E020D3F8E02002F020020792079A21
:107B9000D3F8E02042F04002C3F8E020D3F8E02020
:107BA00002F040020892089AD3F8E02042F08002E6
:107BB000C3F8E020D3F8E02002F080020992099A8D
:107BC000D3F8E02042F08002C3F8E020D3F8E020B0
:107BD00002F080020A920A9AD3F8E02042F04002B2
:107BE000C3F8E020D3F8E02002F040020B920B9A99
:107BF000D3F8E02042F04002C3F8E020D3F8E030B0
:107C000003F040030C930C9B0223CDE9169303234E
:107C10001A96CDE9187301F0F9F9012316A96F48F6
:107C20001893CDF85880CDF868A001F0EFF94FF423
:107C3000006316A96A48169318971A9601F0E6F998
:107C400016A96848CDF858904FF400791A9601F0BB
:107C5000DDF916A96448CDF85890CDF868A001F078
:107C6000D5F9082316A95F4816931A9601F0CEF9A4
:107C7000802316A95C4816931A9601F0C7F916A935
:107C80005648CDF8589001F0C1F916A95648CDF8DC
:107C9000588001F0BBF94FF4804316A94F48169362
:107CA00001F0B4F93A460F215C2000F059FB5C204A
:107CB00000F088FB11A8FFF76CFA63784B4A0DA916
:107CC0004B4852F82320B3FA83F3CDF840805B0988
:107CD0000E92119A92FAA2F2B2FA82F21B01013AC2
:107CE0000F930D92FFF774FE002840F0918003215E
:107CF0003F48FFF7C2FB002840F0848003213C4846
:107D0000FFF7DCFB00287DD169783948FFF752FA8C
:107D10000146002876D13648FFF7AFFB0146002820
:107D200070D13348FFF7CAFB014600286AD101230E
:107D3000A8702F482B80FFF73DFA002862D16978A0
:107D40002B48FFF7A6FA00285CD14FF44073ADF83A
:107D500002001B9041F288321C93852316A91693CA
:107D60004FF040731F930223CDE91D00CDE9203071
:107D7000CDE922001E4802F08FFB002842D141F2DB
:107D800088320DF102011A4802F026FC002839D190
:107D900069781748FFF739FAA0BB812341F288328E
:107DA00016A913481693BDF8023023F0F0031B0503
:107DB0001B0D43F4004343F08003ADF8023002F0A2
:107DC0006BFBF8B941F288320DF10201084802F06C
:107DD000A7FB0FE0004402580004025800180258A4
:107DE000000C0258001C025800140258F03403081A
:107DF0009C56022430B962782178FFF71BFE0028D8
:107E00003FF45AAE6FF0040057E66FF0010054E6FD
:107E10006FF0030051E600BF10B5044670B9094B7E
:107E20000948036004F016F87A2000F0D9FA0748F0
:107E3000074B036002F06CF8204610BD6FF00100A4
:107E4000FBE700BF40410052A0550224A854022481
:107E50004000005201221549154B10B588B08260D0
:107E60004024C0E9001204212022C0E903124FF48B
:107E7000C072C0E9054200224FF40064C0E9072443
:107E80004FF4805444629A6207220223CDE9031220
:107E900069440793CDE90132CDE9053303F0B2FF20
:107EA000003818BF012008B010BD00BF404100528B
:107EB000A0550224F0B505468FB0002840F0DD80C3
:107EC000714B032709A97148D3F8D420704C42F4B0
:107ED0008052704EC3F8D420D3F8D42002F48052DC
:107EE0000192019AD3F8D42042F00102C3F8D420C1
:107EF000D3F8D42002F001020292029AD3F8E020D3
:107F000042F00802C3F8E020D3F8E02002F00802B3
:107F10000392039AD3F8E02042F01002C3F8E02065
:107F2000D3F8E02002F010020492049AD3F8E02083
:107F300042F02002C3F8E020D3F8E02002F0200253
:107F40000592059AD3F8E02042F04002C3F8E02001
:107F5000D3F8E02002F040020692069AD3F8E0201F
:107F600042F08002C3F8E020D3F8E02002F0800263
:107F70000792079AD3F8E02042F48072C3F8E02019
:107F80000222D3F8E03003F480730893089B0123A6
:107F9000CDE90A230C23CDE90C734CF2037309934A
:107FA00001F034F84FF6837309A93B48099301F0B7
:107FB0002DF84FF63F0309A93848099301F026F838
:107FC00048F2371309A93648099301F01FF84FF614
:107FD000E07309A93348099301F018F840F2FF63F0
:107FE00009A93148099301F011F84FF080414FF091
:107FF000805340F2022040F6080234632664C4E94C
:108000000113C4E90502802320222046A362C4E9AB
:108010000723C4E903354FF00072244B62622360EA
:10802000C4E90B55C4E90D5501F072FF204601F07B
:1080300000FF2A460F217A2000F092F97A2000F002
:10804000C1F93046FFF706FFD0B919490823C1E945
:10805000003740F203630861C1E902303023C1E90F
:1080600005304FF400733046CB61FFF7ADFA0028BE
:1080700018BF6FF004000FB0F0BD6FF00100FAE719
:108080004FF0FF30F7E700BF00440258000C0258E1
:1080900014550224A055022400100258001402585E
:1080A00000180258001C02580020025840000052DC
:1080B000805502242DE9F0470C468CB00646002876
:1080C0005CD10B685A1EB2F5487F57D24A68511EE0
:1080D000B1F5F07F52D2934228BF1346E2689A422C
:1080E0004CD8702354220DF10409DFF8D4A0CDE957
:1080F00001232E4B06932E4B07932E4B0A932E4BA8
:1081000009932E4B0B9359F8043B06A92C48ADF864
:108110002030FEF7A9FFC0B969462948FEF7EDFEF9
:1081200098B9009B112B10D103A92548FEF799FEA1
:10813000244F254BDFF898802148C8F80030C7F855
:1081400000A01B6898470546D8B116B14FF0FF351F
:1081500010E00126D7E7079B22683361089B61681E
:108160007361E3681A440B4401320133B2617362F4
:10817000C6E9072328460CB0BDE8F0876FF001057B
:10818000F8E7236806A9114E3868336063687360A6
:10819000A368B360E368F360D8F80030DB69984700
:1081A0000028D8DA6FF00405E4E700BFB9760008CC
:1081B000257600089979000865790008CD790008CE
:1081C000D4550224FC550224400000240056022409
:1081D00028560224F0B50C4685B000284DD1284B16
:1081E00001A9284A1B6810681B699847002841DBD1
:1081F0002549019E8D69086A002E37D08F68D1F815
:1082000010E017F0080FDDE9023202BF94461A466B
:10821000634617F0020F1CBF0EF1FF3CACEB0202ED
:10822000D1F814C07F0744BF0CF1FF37FB1A0F6869
:108230007A434F6826607B43CF68B2FBFEF2B3FB04
:10824000FCF3AA426260A3608CBFA2EB050CA5EB15
:10825000020C83428CBF1E1AC61A674501D3B7426F
:1082600005D28A610B62002005B0F0BD2660C4E92A
:108270000150F8E76FF00400F6E76FF00100F3E754
:1082800028560224FC5502240056022410B503206F
:1082900000F054F802F088FD0F49104A8B69C3F3CF
:1082A0000323D35C03F01F03D8408B6903F00F0353
:1082B000D35C0B4A03F01F0320FA03F31360094B4E
:1082C0001860002005F0CAFE044618B905F0B6FB98
:1082D000204610BD0124FBE700440258A4370308E0
:1082E000780000247C000024034A044B11681B78AA
:1082F0000B441360704700BF2C560224700000240A
:10830000014B1868704700BF2C56022438B504464C
:10831000FFF7F6FF0546631C1EBF044B1B78E418ED
:10832000FFF7EEFF431BA342FAD338BD70000024D1
:10833000014B1868000C70470010005C07490302ED
:10834000CA6803F4E06322F4E0621204120C1343DF
:1083500043F0BF6343F40033CB60704700ED00E0AF
:10836000164B30B5DC68C4F30224C4F10703251DA5
:10837000042B28BF0423062D4FF0FF358CBF033C90
:10838000002405FA03F3002805FA04F521EA0303A3
:1083900022EA050203FA04F343EA02034FEA031355
:1083A000DBB206DB00F1604000F5614080F800338D
:1083B00030BD00F00F00024A1354F9E700ED00E071
:1083C00014ED00E0002807DB0123410900F01F0045
:1083D000024A834042F82130704700BF00E100E0CC
:1083E00000280CDB4309012200F01F000449203360
:1083F000824041F82320BFF34F8FBFF36F8F704748
:1084000000E100E0BFF35F8F044B5A6A22F4803230
:108410005A620022C3F89420704700BF00ED00E0CC
:10842000064B40F00100C3F894005A6A42F48032CF
:108430005A62BFF34F8FBFF36F8F704700ED00E0BC
:108440004378144AC2F89830D2F8A03023F00103E0
:10845000C2F8A0304368C2F89C30C37A017B1B0687
:1084600043EA017301780B43817A43EAC143417BBC
:1084700043EA8143817B43EA4143C17B43EA0143B1
:10848000417A43EA0123017A43EA4103C2F8A0306A
:10849000704700BF00ED00E010B5044608B90120A8
:1084A00010BD437F03F0FF0213B9027705F0DEFA37
:1084B000022363772379E3B92368134A5A619A68E0
:1084C00022F018029A6062792368D2B94FF0FF3225
:1084D0001A6100209A68616922F060020A43A1696A
:1084E0009A609A6822F080020A439A6001236377B7
:1084F000D6E7D4E90212204600F008F80028E2D0BE
:10850000CDE72269E4E700BFB71DC104CB0710B572
:108510000DD51F23013B1DD321FA03F4E407F9D540
:10852000102A13D0102A04D83AB1082A10D00120FA
:108530000BE0182AFBD1062BF9D80068416183684B
:1085400023F0180313438360002010BD072BF3E7CB
:108550000F2BF1E7102AE5D1E9E710B50446002812
:1085600036D090F8613003F0FF021BB980F860202C
:1085700005F094FA0223E069626884F861302368A8
:108580000243A069196821F4E02121F040010A4367
:108590001A60596BA26821F48371024321F0010132
:1085A0000A43E1685A631A6C6FF30F020A431A64B4
:1085B000596BD4E9040221F44011520542EA0052F9
:1085C00000200A435A630123606684F8613010BDBD
:1085D0000120FCE770477047036870B55E68044689
:1085E0001D68F20714D5E90512D51A6822F48072C5
:1085F0001A60426E42F00102426601229A60042330
:1086000080F86130002380F86030436A03B19847F6
:10861000B20616D5AB0414D523681A6822F40052AA
:108620001A6020229A60636E43F00203636604239B
:1086300084F86130002384F86030636A0BB120460F
:108640009847300716D5290514D523681A6822F4EF
:1086500000621A6008229A60636E43F00403636646
:10866000042384F86130002384F86030636A0BB11E
:108670002046984772070BD56B0509D5236820461D
:108680001A6822F480621A6004229A60FFF7A2FF3F
:10869000B00714D5A90512D523681A6822F4007210
:1086A0001A6002229A60636E6366012384F8613067
:1086B000002384F86030236A0BB120469847F20605
:1086C00013D5EB0411D5236820461A6822F4805292
:1086D0001A6010229A60636E6366012384F8613029
:1086E000002384F86030FFF776FF70BD2DE9F0417C
:1086F00007460D4614461E46FFF702FE80463B68BD
:108700005A6FD2070AD544EA0624069A002044EAA2
:10871000024444EA8514DC66BDE8F081FFF7F0FD11
:10872000A0EB0800B0F57A7FE9D90320F4E7037CD9
:108730000246012B5BD003680020C3F8C400C3F8D5
:10874000C800C807916107D5D3F8C4006FEA10408C
:108750006FEA0040C3F8C400880705D5D3F8C40009
:1087600040F4F810C3F8C400480705D5D3F8C80092
:1087700040F00100C3F8C800080705D5D3F8C800C9
:1087800040F00200C3F8C800C80605D5D3F8C800F9
:1087900040F00C00C3F8C800880605D5D3F8C8001F
:1087A00040F01000C3F8C800480605D5D3F8C8004B
:1087B00040F02000C3F8C800080605D5D3F8C8006B
:1087C00040F04000C3F8C800C80505D5D3F8C8007C
:1087D00040F08000C3F8C800890505D5D3F8C8105B
:1087E00041F4F851C3F8C8100020107470470220FB
:1087F000704700007FB50D460446002800F0EA806F
:10880000437C0BB905F06EF90323637400230093D6
:108810002368D3F8302442F08072C3F83024D3F8B0
:10882000303403F080730093009BFFF769FD064628
:108830002268D2F80C34D9046ED5D2F8303423F43F
:108840005E3323F4FE73C2F83034D2F83014D5E925
:108850000003DB0243EA8003A86843EA00430120E7
:108860000B43C2F8303400230193D2F8303443F084
:108870000103C2F83034D2F8303403F0010301931D
:10888000019BFFF743FDFFF73BFD06462368D3F846
:108890000C24D20548D50022A16802925A6842F001
:1088A00001025A605A6802F001020292029A9A6822
:1088B00022F0FF029A609A680A43E1689A60D3F84E
:1088C000A02042F00202C3F8A020D3F8A02042F07A
:1088D0000402C3F8A020D3F8A42022F00302C3F8B6
:1088E000A420D3F8A4200A43C3F8A420FFF708FD6E
:1088F00023680646D3F8A4309B0725D02368D3F815
:10890000B03003F09403942B25D0FFF7F9FC801BC3
:10891000B0F57A7FF2D914E0FFF7F2FC801BB0F5D6
:108920007A7F85D9032053E0FFF7EAFC801BB0F57E
:108930007A7FABD9F6E7FFF7E3FC801BB0F57A7FCF
:1089400002D900232374EDE72368D3F8B03003F095
:108950001403142BEFD16B6846F2A8111E4A0020B5
:10896000012B38BF01235A43AB6803F003039A403D
:108970002B684B43B2FBF3F22368D3F8181421F0B1
:108980003F01C3F81814D3F818140A436168C3F8F8
:108990001824C3F8C400C3F8C80003905A68A06143
:1089A00022F001025A605A6802F001020392039A0F
:1089B000D3F8942022F00302C3F89420D3F8942033
:1089C0000A4342F00102C3F89420012360616374FA
:1089D00004B070BD0120FBE700093D00704703684B
:1089E000D3F80C24D10710B5044608D5D3F80824D1
:1089F000D20704D50122C3F81024FBF713F923682A
:108A0000D3F80C24910709D5D3F80824920705D58B
:108A100002222046C3F81024FBF738F9A369002B83
:108A20004ED02168D1F8BC20D1F8C4301A40D1F81A
:108A3000C030D1F8C8100B4091B219B1616941F052
:108A40000101616112F4F81F03D0626942F0020271
:108A50006261D80703D5626942F004026261990736
:108A600003D5626942F00802626113F00C0F03D073
:108A7000626942F010026261DA0603D5626942F06F
:108A800020026261980603D5626942F04002626189
:108A9000590603D5626942F0800262611A0603D565
:108AA000626942F48072626113F4F85F03D0636913
:108AB00043F400736361636913B12046FFF78EFFCF
:108AC00010BD027C0346012A0AD00268106B20F018
:108AD00003001063106B014300201163187470478A
:108AE0000220704730B5037C0446012B69D003682F
:108AF00008685A6B42F001025A63D3F8002422F04E
:108B00000102C3F80024D3F8002442F00102C3F8A4
:108B10000024DA6822F00302DA60DA680243DA60DD
:108B20005A6922F007025A615869D1E906522A436C
:108B30004D692A43024348685A611A6922F00F02BC
:108B40001A611A6902431A61D3F8002422F00E0256
:108B5000C3F80024D3F8002442EA40028868C3F82E
:108B600000245A6E6FF30F025A665A6E02435A6619
:108B7000D3F8002422F0F002C3F80024D3F8000454
:108B8000D1E903252A434D6A2A430D6A896A2A439B
:108B900002430020C3F800249A6E22F001029A6674
:108BA0009A6E0A439A66D3F8082442F00102C3F889
:108BB0000824D3F8082442F00202C3F808242074E1
:108BC00030BD0220FCE7000030B5037C0246012BDB
:108BD00029D00068154B846E23408366846ED1E9EA
:108BE00000352B438D682B43CD682B430D692B43F8
:108BF0004D692B438D692B43CD692B430D6A2B4364
:108C00004D6A2B438D6A2B43CD6A096B2B4323435B
:108C10008366836E23F002038366836E0B43836651
:108C20000020107430BD0220FCE700BFFF80F0FE82
:108C3000027C0346012A0AD00268D06A20F01F0095
:108C4000D062D06A01430020D162187470470220BC
:108C5000704730B5037C0446012B34D0D1E90003C2
:108C6000984238BF18462368D3F8982002F0FC22B7
:108C7000C3F89820D3F8982042EA00420243C3F890
:108C80009820D3F89C2002F40042C3F89C20D3F82B
:108C90009C00D1E90225120642EA05420D694969A4
:108CA0002A4302430020C3F89C20D3F8A42022F4D6
:108CB0007F42C3F8A420D3F8A42042EA0122C3F8DB
:108CC000A420207430BD0220FCE7000030B5037CF6
:108CD0000446012B5BD0036808689A688D6822F40B
:108CE0007F429A609A6842EA002248689A609A6FC6
:108CF00092B29A679A6F42EA00429A67254A986F41
:108D000010409867986F2843CD689867D86F1040D7
:108D1000D867D86F28430D69D867D3F88000104012
:108D2000C3F88000D3F8800028434D69C3F8800061
:108D3000D3F884001040C3F88400D3F8840028439B
:108D4000C3F88400D3F8840020F08070C3F8840056
:108D5000D3F884008D692843CD69096AC3F884007B
:108D6000D3F888001040C3F88800D3F8880028435F
:108D7000C3F88800D3F88C0002400020C3F88C2090
:108D8000D3F88C200A43C3F88C20207430BD022015
:108D9000FCE700BF0000FFFF037C82B0012B1CD06A
:108DA000026800230093516841F00101516051684D
:108DB00001F00101009100990193D2F8041441F0EF
:108DC0000801C2F80414D2F804240374184602F00F
:108DD00008020192019A02B070470220FBE7027C70
:108DE0000346012A09D001680020D1F8042442F08A
:108DF0000402C1F80424187470470220704737B584
:108E0000057C0446012D09D001250574069D0095B9
:108E1000FFF76CFC0023237403B030BD0220FBE796
:108E20002DE9F84F1C46037C06460F46012B1546DC
:108E3000DDE90A9852D001230374FFF761FA8346F3
:108E40003268536F13F0010A19D0032C20464FF0FB
:108E5000000328BF032083421DD1E01A4344C2F817
:108E6000709010BB013445EA8715230224029BB29F
:108E700004F47F041D432543D566307409E0FFF7F1
:108E80003FFAA0EB0B00B0F57A7FD9D9032086F822
:108E900010A0BDE8F88F18F8031001334FEAC30C97
:108EA00001FA0CF149EA0109D5E704284FF0000C5A
:108EB0008646614628BF4FF0040E13F801804FEA42
:108EC000C109013108FA09F88E454CEA080CF4D1C1
:108ED000A0EB0E007344C2F870C0C2E70220D8E7CE
:108EE0002DE9F7431E46037C05460C46012B174629
:108EF000DDF82890DDF830806FD00123022E037456
:108F00000DD9C6F3072337220093F3B2FFF7EEFB28
:108F100028B1002301202B7403B0BDE8F083B9F120
:108F2000060F0FD10B9B2A681B0243EA841343F000
:108F30000603D366FFF7E4F90446002E27DC002081
:108F40002874E9E7B9F1040F05D1A4012B6844F0B6
:108F50000404DC66EEE7B9F1140F08D198F800209C
:108F6000A4012B6844EA022444F01404F1E7B9F1A7
:108F7000240FCED198F80120A4012B6844EA0244C2
:108F800098F8002044EA022444F02404E1E72A6827
:108F9000536F13F010030DD1042E106F324628BF0B
:108FA0000422D90020FA01F1F95401339A42F8D190
:108FB0001744B61AFFF7A4F9001BB0F57A7F03D95E
:108FC000002303202B74A7E72B685A6F5206B4D4F2
:108FD000D3F8C0309B069CD4AFE702209CE7027C0C
:108FE0000346012A0FD00268D2F81C0420F0C060AA
:108FF000C2F81C04D2F81C0440EA41610020C2F807
:109000001C14187470470220704700002DE9F74FB8
:109010000023DFF8CC914FF0B0440A6832FA03F530
:1090200002D103B0BDE8F08F012505FA03FA1AEA70
:10903000020200F0BF804E6803274FEA4308D1F8D0
:1090400008C006F0030507FA08FE6F1E6FEA0E0E51
:10905000012F33D8876807EA0E0BCF6807FA08F7A5
:1090600047EA0B078760476827EA0A0AC6F3001732
:109070009F4047EA0A074760C7680CFA08FC022DC0
:1090800007EA0E074CEA0707C7601CD14FEAD30C6A
:1090900003F0070A4FF00F0B00EB8C0C4FEA8A0A23
:1090A000DCF820700BFA0AFB27EA0B0B0F6907FAB2
:1090B0000AF747EA0B07CCF8207004E0032DDBD158
:1090C000BCF1010FD8D1076805FA08F516F4403F46
:1090D00007EA0E0745EA070505606BD0D9F8F4509A
:1090E00023F0030703F0030C4FF00F0E45F00205C9
:1090F00007F1B0474FEA8C0CC9F8F45007F58067C8
:10910000D9F8F4500EFA0CFE05F002050195019D08
:10911000BD6825EA0E0E314DA8424DD005F580659B
:10912000A8424BD005F58065A84249D005F5806579
:10913000A84247D005F58065A84245D005F5806571
:10914000A84243D005F58065A84241D005F5806569
:10915000A8423FD005F58065A8423DD005F5806561
:10916000A84214BF0A25092505FA0CF516F4801F3C
:1091700045EA0E05BD606FEA020725680CBF3D4059
:10918000154316F4001F256065680CBF3D4015436C
:1091900016F4003F6560D4F884500CBF3D40154381
:1091A000F603C4F88450D4F8805054BF3D401543B2
:1091B000C4F88050013330E70025D5E70125D3E717
:1091C0000225D1E70325CFE70425CDE70525CBE729
:1091D0000625C9E70725C7E70825C5E700000258A7
:1091E000004402582DE9F04F00224FF0010A4FF0E1
:1091F0000F084FF0030B4FF0B04431FA02F301D1E6
:10920000BDE8F08F0AFA02FC1CEA010670D022F0D9
:10921000030502F0030705F1B045BF00D5F8083497
:1092200008FA07F905F5806509EA030E3A4B9842FA
:1092300060D003F5806398425ED003F58063984266
:109240005CD003F5806398425AD003F5806398425E
:1092500058D003F58063984256D003F58063984256
:1092600054D003F58063984252D003F5806398424E
:1092700050D003F58063984214BF0A230923BB40F2
:10928000734517D1D4F8803023EA0603C4F8803040
:10929000D4F8843023EA0603C4F88430636823EAF0
:1092A00006036360236823EA06032360AB6823EAAE
:1092B0000903AB6053000568D6080BFA03F300EB13
:1092C00086061D43056002F00705376AAD0008FAFF
:1092D00005F527EA05073762C56825EA0305C56075
:1092E000456825EA0C054560856825EA0303836027
:1092F000013282E70023C2E70123C0E70223BEE771
:109300000323BCE70423BAE70523B8E70623B6E73F
:109310000723B4E70823B2E70000025803691942A3
:1093200014BF0120002070470AB181617047090411
:10933000FBE7436901EA030221EA030141EA024132
:1093400081617047044B203053F82000034BC01A52
:1093500018BF0120704700BF00640258000300805E
:1093600041F44071014B43F82010704700640258EB
:1093700003689A69910701D500229A629A69D20717
:1093800003D49A6942F001029A61704730B5039D97
:10939000C1F3090104682B43606843EA0243054AAC
:1093A0000B4342EA555223F0004320EA02000343F4
:1093B000636030BDFF63FF0303682DE9F0419C69E2
:1093C00005460F46164614F010046FD000241022F4
:1093D000A046DA612B689A69900661D4B8F1000F53
:1093E00035D044F0040401202E68B369D90505D5B1
:1093F0004FF4807244F001040120F2615A0505D552
:109400004FF4806244F008040120F2619B054FD5BF
:109410004FF4007344F00204F3612846FFF7A8FFFD
:109420007368012023F0FF7323F48B3323F4FF735D
:1094300023F0010373606B6C23436B64202385F876
:109440004130002385F8423085F8403032E07A1C04
:10945000C1D0FEF755FF801BB84201D8002FB9D10B
:109460002B68596895F842209869D2B200040AD551
:10947000490408D4202A06D05A6842F480425A602F
:10948000FEF73EFF06462B689B699B06A2D4FEF7BB
:1094900037FF801B1928F6D920244FF0010899E7DF
:1094A000B8F1000F9DD12022DA619AE720469BE7B0
:1094B0000028B2D1BDE8F08170B504460D461646CD
:1094C00023689B699B0701D500201FE0324629468F
:1094D0002046FFF771FFC0B96A1CF1D0FEF710FFFC
:1094E000801BA84201D8002DEAD123689B6913F0A4
:1094F0000203E5D1626C84F8403042F020026264DD
:10950000202284F8412084F84230012070BD2DE9EA
:10951000F041DDF8188004460F4616461D462368C4
:109520009B6937EA03030CBF01230023B34201D038
:10953000002025E0424629462046FFF73DFFF0B9CE
:109540006B1CECD0FEF7DCFEA0EB0800A84201D8B3
:10955000002DE4D123689B6937EA03030CBF012384
:109560000023B342DBD1636C43F020036364202308
:1095700084F84130002384F8423084F840300120E0
:10958000BDE8F08170B504460D46164623689B6918
:109590009B0601D500201DE0324629462046FFF7F4
:1095A0000BFFB0B9FEF7ACFE801BA84201D8002D1E
:1095B000ECD123689B6913F02003E7D1626C84F837
:1095C000403042F020026264202284F8412084F876
:1095D0004230012070BD704710B5044600284ED0BF
:1095E00090F8413003F0FF021BB980F84020FFF7EC
:1095F000F2FF242384F8413023681A6822F0010224
:109600001A60626822F070621A619A6822F400425D
:109610009A60D4E90221012906D142F400429A60FD
:109620005A6822F4006207E042F4044202299A6078
:10963000F6D15A6842F400625A6000205A6842F03B
:10964000007242F400425A60DA6822F40042DA60A2
:10965000D4E904210A43A16942EA0122DA60D4E98B
:1096600007210A431A601A6842F001021A60202397
:10967000606484F84130206384F8420010BD01200A
:10968000FCE7704710B5044698B10268242380F8BF
:109690004130136823F001031360FFF7F2FF00204D
:1096A000606484F8400084F84100206384F842003C
:1096B00010BD0120FCE700002DE9F74F994690F816
:1096C000413004460F46202B1646BDF834A0DDF885
:1096D000388040F0C6800C9B13B1BAF1000F06D160
:1096E0004FF400736364012003B0BDE8F08F90F87D
:1096F0004030012B00F0B5804FF0010B80F840B0F6
:10970000FEF7FEFD1923054600905A464FF400412E
:109710002046FFF7FCFE0028E5D1212360635FFAB5
:1097200089F2394684F84130402384F842300C9B5A
:109730006064204663624C4BA4F82AA000934FF06B
:109740008073FFF723FE2A4641462046FFF7B4FE0A
:1097500018BBB9F1010F236815D1F6B200228021A0
:1097600020469E6243460095FFF7D1FEA8B9638D5F
:109770009BB2FF2B15D8628D4FF0007392B22285F9
:10978000D2B2009012E0320A414620469A622A463E
:10979000FFF792FE08B92368DFE7002384F8403022
:1097A000A1E7FF224FF080732285009039462046C2
:1097B000FFF7ECFD2A4641462046FFF77DFE0028D4
:1097C00091D1636A226813F8011B91626362638D11
:1097D000228D013B013A9BB292B26385638D228553
:1097E0009BB2B3B1AAB94346802120460095FFF74A
:1097F0008EFE00287FF477AF638D9BB2FF2B28D9B4
:10980000FF224FF080732285009039462046FFF7F3
:10981000BDFD638D9BB2002BCCD12A46414620462C
:10982000FFF7B0FE00287FF45EAF23682021D961E6
:109830005A6822F0FF7222F48B3222F4FF7222F077
:1098400001025A6084F8411084F8400084F8420014
:109850004AE7628D4FF0007392B22285D2B2009037
:10986000D3E7022040E700BF002000802DE9F74F3A
:10987000994690F8413004460F46202B1646BDF815
:1098800034A0DDF8388040F0C9800C9B13B1BAF1E8
:10989000000F06D14FF400736364012003B0BDE8EC
:1098A000F08F90F84030012B00F0B8804FF0010BA2
:1098B00080F840B0FEF724FD1923009005465A4673
:1098C0004FF400412046FFF722FE03460028E4D172
:1098D00022226063394684F84120402284F84220E5
:1098E0000C9A6064204662624D4AA4F82AA0009255
:1098F0005FFA89F2FFF74AFD2A4641462046FFF704
:10990000DBFD20BBB9F1010F236816D1F6B20022AE
:10991000402120469E6243460095FFF7F8FDB0B90E
:10992000638D9BB2FF2B3F4B15D8628D92B222857F
:10993000D2B200934FF0007312E0320A4146204643
:109940009A622A46FFF7B8FD08B92368DEE70023CC
:1099500084F84030A1E7FF22228500934FF0807306
:1099600039462046FFF712FD4346002204212046D7
:109970000095FFF7CCFD00288FD123685A6A636AEF
:109980001A70636A228D0133013A6362638D92B269
:10999000013B22859BB26385638D9BB2B3B1AAB9AB
:1099A0004346802120460095FFF7B1FD00287FF453
:1099B00074AF638D9BB2FF2B28D9FF224FF08073C9
:1099C0002285009039462046FFF7E0FC638D9BB26C
:1099D000002BC9D12A4641462046FFF7D3FD002877
:1099E0007FF45BAF23682021D9615A6822F0FF72AF
:1099F00022F48B3222F4FF7222F001025A6084F8C2
:109A0000411084F8400084F8420047E7628D4FF02F
:109A1000007392B22285D2B20090D3E702203DE7D4
:109A2000002000800024008090F841007047406CC6
:109A3000704710B590F841200346202AD4B21CD1BB
:109A400090F84020012A18D0242280F84120026892
:109A5000106820F001001060106820F48050106041
:109A60001068014300201160116841F0010111608C
:109A700083F8414083F8400010BD0220FCE710B598
:109A800090F841200346202AD4B21BD190F8402000
:109A9000012A17D0242280F841200268106820F0A3
:109AA00001001060106820F4706040EA012100207D
:109AB0001160116841F00101116083F8414083F8A1
:109AC000400010BD0220FCE7D201006884328318F8
:109AD000F0B5C7685D684C68C7F30B4705F470457F
:109AE0000E6827445D6006F1010CC568A41BC5F330
:109AF0000B45654445EA07455D60C768CD68C7F317
:109B00000A072F449D6805F470459D608D68D0F864
:109B10000CC00135CCF30A0C6544D1F810C045EAFD
:109B200007458F69BCF1070F9D601D6925F007058A
:109B30001D61C3F810C091F8305045EA076591F8EF
:109B4000317045EA072591F8327045EA07459D6175
:109B50005D6925F0FF055D614D695D61DD6925F495
:109B6000E06525F00705DD61D1E9075745EA0705FE
:109B700088BF0127DD614D6A9D629CBF0C4D15F8C1
:109B80000C70DD6A7C4305F0E0250734DD628D6AE8
:109B9000C96A7D4344EA0544DC621C6B6FF30A0426
:109BA0001C631963835843F001038350F0BD00BF69
:109BB000F834030838B5044600284ED090F8A13098
:109BC00003F0FF021BB980F8A02004F061F8022323
:109BD00084F8A13023689A6922F070429A619969E9
:109BE000D4E901200243E0680243206902430A43AA
:109BF0009A61D4E9051242EA01429A60D4E9071257
:109C000042EA0142DA60D4E9091242EA01421A61E9
:109C1000D4E90B1242EA01425A61DA6A94F835003B
:109C200002F07F4294F83610DA62DD6A94F834204C
:109C30002A4342EA0022002042EA0142DA625A6BD9
:109C400042F006025A639A6942F001029A610123C6
:109C5000C4F8A40084F8A13038BD0120FCE77047A7
:109C600070477047036870B59E6B04465D6B720762
:109C700014D5690712D55A6B22F004025A630422E4
:109C8000DA63D0F8A43043F00103C0F8A430002315
:109C900080F8A12080F8A030FFF7E1FFB20716D5C9
:109CA000AB0714D5236820465A6B22F002025A6390
:109CB0000222DA63D4F8A4301343C4F8A430042396
:109CC00084F8A130002384F8A030FFF7C8FFF00724
:109CD00010D5E9070ED5236820465A6B22F0010201
:109CE0005A630122DA63002384F8A12084F8A030AB
:109CF000FFF7B6FF320711D52B070FD52368204693
:109D00005A6B22F008025A630822DA63012384F8AE
:109D1000A130002384F8A030FFF7A3FF70BD2DE928
:109D2000F04190F8A03006460F469446012B4FF0C4
:109D300002001FD034244FF001080D4686F8A10020
:109D400004FB026486F8A08038340FCD0FC40FCD19
:109D50000FC40FCD0FC42B683046624639462360CE
:109D6000FFF7B2FE33680020C3F8248086F8A18094
:109D700086F8A000BDE8F081034630B590F8A00059
:109D800001284FF0020026D083F8A100342000FB08
:109D90000230D201806C8432072896BF0E4C012419
:109DA000245C18684C430244D06A6FF31C40D062B4
:109DB0000A48456A45F001054562D56A45EA04440A
:109DC000D462426A42F0010242620122002083F81A
:109DD000A12083F8A00030BDF83403080010005023
:109DE00030B5046811F05F4F656963F31005656174
:109DF000039D636905F1FF35C3F3130343EA05537C
:109E000063614FF01F036360E261A161A36A0CBF4D
:109E100043F4803323F4803312F05F4FA362A36ACC
:109E20000CBF43F4003323F40033A362C36D6362B9
:109E300030BD38B50446FEF763FA0546002C61D004
:109E40000023226884F83C30022384F83D30D36834
:109E500023F00103D3602368DA68D20748D4D4E939
:109E600003210A43DA60D4E905210A43E1690A4380
:109E7000216A0A43616A0A43E16A0A43216B0A4381
:109E8000A1680A43A16A013942EA81426168B1F1DD
:109E9000804F1A6103D11A6942F040421A610022D0
:109EA0005A61626B002A04DA5869524240F48020F9
:109EB000586192B21A62A26B002A25DA586952429E
:109EC00040F400205861186A40EA0242B1F1804F24
:109ED0001A624FF0000219D0C9B299625A62012386
:109EE000A2660020626684F83D30C4E917220AE0C9
:109EF000FEF706FA401B0528ADD94023A3660323CD
:109F000084F83D30012038BD186ADDE79A62E5E744
:109F1000D8B102681F21D36823F00103D360002366
:109F2000D360136153619361D3611362536293628F
:109F30001363536351608366436680F83D3080F855
:109F40003C30C0E91733184670470120704703467C
:109F500030B500B390F83C0001281ED0012493F8DE
:109F60003D50A542E8B283F83C4012D11C682569F7
:109F70006D0007D421636263226939B922F000427F
:109F800000202261002283F83C2030BD42F00042D4
:109F9000F6E72046F6E70120F7E70220F5E773B57C
:109FA0000446002842D090F83C50012D3CD00125B9
:109FB00080F83C5090F83D50012D4FF0000531D114
:109FC000022680F83D6085660568EE6826F0010689
:109FD000EE60069E0096FFF703FFEB6843F0060372
:109FE000EB60C36C1BB1EB6843F01003EB60236DB7
:109FF0001BB1EB6843F00803EB60A36C1BB1EB688B
:10A0000043F02003EB60EB6843F00103EB6063680F
:10A01000B3F1804F03D1EB6843F48033EB60002051
:10A0200002B070BD80F83C500220F9E70120F7E74C
:10A0300028B190F83D30022B03D0802383660120A5
:10A0400070470268042380F83D300020D36823F075
:10A050000103D36070470000002337B501934FF030
:10A06000A442584B044601211D680368106803F19F
:10A070002E42403AC2F3841201FA02F2024200F088
:10A080009E801A68D10729D5DA68920726D5DA6842
:10A0900022F00202DA609A68A16E100654BF41F005
:10A0A000010141F00201A166910503D5A16E41F0C5
:10A0B0000401A166D00503D5A16E41F00801A16697
:10A0C000510503D5A16E41F01001A166120503D51B
:10A0D000A26E42F02002A26601225A601A68D006DF
:10A0E00008D5DA68910605D510225A60A36C0BB129
:10A0F0002046984723681A68120708D5DA68D00600
:10A1000005D508225A60E36C0BB1204698472368B6
:10A110001A68510708D5DA68120705D504225A6073
:10A12000236D0BB12046984723681A68900724D501
:10A13000DA68510721D5DA6822F03E02DA6094F835
:10A140003D20042A4FF000020CD1012384F83C206A
:10A1500084F83D30A36D002B31D0204603B0BDE81C
:10A160003040184702215960012384F83C2084F8CC
:10A170003D30636C0BB120469847A36EFBB14FF4A2
:10A180001653B5FBF3F5042384F83D302368DA68F1
:10A1900022F00102DA60019A0132AA42019202D849
:10A1A000DA68D207F7D4002284F83C20DB68DB07AA
:10A1B0004CBF0323012384F83D30636DCBE703B02C
:10A1C00030BD00BF7C00002470B51C4D0446EB6818
:10A1D00003F00703062B06D0E86800F03F00001BE1
:10A1E00018BF012070BDEB6823F03F030343EB6011
:10A1F000FEF786F806466B689A0408D5A4F11D039D
:10A20000012B0CD92D3C012C09D90020EAE7FEF7DF
:10A2100077F8801BB0F57A7FEDD90120E2E7FEF7F1
:10A220006FF8064D0446EB68DB03EED4FEF768F8E2
:10A23000001BB0F57A7FF6D9EFE700BF004802585F
:10A240002DE9F0474C6A34B1B2F1406F03D08B6A0C
:10A250000568013B2B61D1F818A0D1E907C6BAF116
:10A26000000F52D04F6944EA0A0A0568BF040B6820
:10A27000D1F834E04AEA020AD1E90B984EB38C686F
:10A280004AEA0600EC610C69BCF1000F13D043EA06
:10A290000C0343EA090343EA080343EA0E0323439A
:10A2A000CC6823433B430343B2F1406F6B610ED054
:10A2B0004B68AB610BE043EA090343EA080343EA56
:10A2C0000E0323433B4303436B61C5F818C0BDE84D
:10A2D000F087BCF1000F0DD043EA0C03C86843EAD5
:10A2E000090343EA080343EA0E0303433B4343EAFB
:10A2F0000A03D9E743EA090343EA080343EA0E00E5
:10A3000040EA070343EA0A03DEE716B38B682643F5
:10A3100005684F691643EB61BF040B694C6BD1E9CB
:10A320000B8EBCF1000F0BD043EA0C03C86843EA64
:10A33000080343EA0E03234303433B433343B3E79A
:10A3400043EA080242EA0E0222433A4332436A6178
:10A35000BBE7BCF1000F1AD044EA0C03CC6A0068DA
:10A36000B2F1406F43EA020343EA04030C6B43EA91
:10A3700004034C6B43EA0403CC6843EA04034C69CE
:10A3800043EA84434361A2D04B6883619FE7002C7A
:10A390009DD0CB6A0068234313430A6B13434A6B77
:10A3A00013434A6943EA82434361C0F818C08EE709
:10A3B0002DE9F041DDF8188004460E4615461F468B
:10A3C00022689368334214BF01230023AB4201D1BA
:10A3D00000200FE0B8F1FF3FF3D0FDF791FFC01B65
:10A3E000404509D90423012084F84130636C43F0CF
:10A3F00001036364BDE8F081B8F1000FE0D1F1E73B
:10A4000037B50446FDF77CFF0546002C3FD094F895
:10A4100041302BB9204603F079FC41F28833A36424
:10A4200021682046A3680A68013B22F4F85242EAF8
:10A430000322A36C0A600022009320212B46FFF721
:10A44000B7FF10BB2268E569E36811682B43256AF2
:10A4500021F07F412B43656821F0D00143EA056379
:10A460000B4313605568D4E905310B43216943EA76
:10A470000143084929400B435360136843F001032B
:10A4800013600123606484F8413003B030BD0120C3
:10A49000FBE700BFFEF8E0FF2DE9F34704468A46DC
:10A4A0009046FDF72DFF94F840300746012B35D03C
:10A4B0000123022684F8403094F84130012B5FFAE2
:10A4C00083F929D10022034620212046626484F8C2
:10A4D0004160CDF80080FFF76BFF0546A8B9024642
:10A4E00051462046FFF7ACFEDAF824305BB93B4614
:10A4F0004A4631462046CDF80080FFF759FF054611
:10A5000018B92368DE6084F84190002384F8403055
:10A51000284602B0BDE8F0873546F6E70225F7E7A2
:10A520002DE9F341044688461746FDF7E9FE94F805
:10A53000403006462568012B4CD0012384F840307A
:10A5400094F84130012BD8B242D100236364B8F1B2
:10A55000000F38D0122384F841302B690133E362B5
:10A560002B69C4F824800133A3626B6923F0406334
:10A570006B61E36A9BB933460122022120460097B2
:10A58000FFF716FF10B923680222DA60012384F86E
:10A590004130002384F8403002B0BDE8F0813346FA
:10A5A0000122042120460097FFF702FF0028EDD189
:10A5B000636A1B7885F82030636A01336362E36A5B
:10A5C000013BE362D5E7636C43F008036364E0E7B3
:10A5D0000220DEE70220DFE72DE9F34104461746BB
:10A5E0008846FDF78DFE25680646AA6994F8403036
:10A5F000012B4FD0012384F8403094F84130012BD7
:10A60000D8B245D100236364B8F1000F3BD02223B8
:10A6100084F841302B690133A3632B69C4F830807F
:10A6200001336363696921F0406141F080616961D0
:10A63000AA61A36B9BB933460122022120460097F1
:10A64000FFF7B6FE10B923680222DA60012384F80E
:10A650004130002384F8403002B0BDE8F081334639
:10A660000122062120460097FFF7A2FE0028EDD127
:10A6700095F82020236B1A70236B01332363A36B9F
:10A68000013BA363D5E7636C43F008036364E0E731
:10A690000220DEE70220DFE72DE9F74304461F46EC
:10A6A00089461546FDF72CFE94F840300646012BEE
:10A6B00041D0012384F8403094F84130012B5FFAF7
:10A6C00083F836D1422300222021626484F841308D
:10A6D000034600972046FFF76BFE20BB226820460A
:10A6E0002B68296993626B685362AB68D362136805
:10A6F00023F440030B43494643F4800313604FF0B7
:10A700000062EB68C9F82830FFF79AFD33464246ED
:10A71000082120460097FFF74BFE20B92368082246
:10A72000DA6084F84180002384F8403003B0BDE84B
:10A73000F0830220F7E70220F8E7F7B50446164653
:10A740000F46FDF7DDFD94F840200346012A33D083
:10A75000012284F8402094F84120012A2AD10022C5
:10A7600082212046626484F84110A16C009120216E
:10A77000FFF71EFE0546B8B9236872681868082AF4
:10A7800020F0080040EA0200186007D132681A631E
:10A790001022DA601A6842F480121A604FF04062A8
:10A7A00039462046FFF74CFD002384F84030284608
:10A7B00003B0F0BD0225F7E70225F8E7F8B5044637
:10A7C000002874D00368D8075ED42368990700F185
:10A7D000AD802368DA0627D59C4A1369916A03F095
:10A7E0003803082B07D0182B40F0038101F0030336
:10A7F000012B40F0FE801368DB0502D5E369802B56
:10A8000055D1FDF795FD41F20303216A98428F4B24
:10A8100000F2E8805A68202922F0F8420CBF42F08A
:10A82000804242EA81625A602368190700F123815D
:10A8300023689A0600F1448123685D071ED5844D84
:10A840002B6843F480732B60FDF75AFD06462B6896
:10A85000DA0540F15A81A3687C4D012B40F05C8100
:10A860002B6F43F001032B6741F28837FDF748FD5A
:10A87000764E0546336F9B0740F17481616A00296B
:10A8800040F0778100202BE0704A1369916A03F051
:10A890003803102B05D0182B0BD101F00303022B2A
:10A8A00007D113689A0390D56368002B8DD10120DE
:10A8B00016E06368654DB3F5803F12D12B6843F411
:10A8C00080332B60FDF71CFD604E054633689B030B
:10A8D0003FF57BAFFDF714FD401B6428F6D903203C
:10A8E000F8BDA3B92B6823F480332B602B6823F4C5
:10A8F00080232B60FDF704FD06462B689F037FF540
:10A9000064AFFDF7FDFC801B6428F6D9E7E7B3F5DB
:10A91000A02F2B6803D143F480232B60CEE723F4D0
:10A9200080332B602B6823F48023CAE74749E26811
:10A930000B69886A13F0380303D0182B2AD18007DB
:10A9400028D10B685B0701D5002AB0D03F4D2B689A
:10A9500023F0190313432B60FDF7D2FC06462B6846
:10A960005F0711D5FDF7E4FC41F203032269984229
:10A970006B6822D823F47C33402A0CBF43F40033A5
:10A9800043EA02336B6024E7FDF7BAFC801B022820
:10A99000E5D9A4E72D4D2B68A2B123F01903134389
:10A9A0002B60FDF7ADFC06462B685807DAD4FDF79F
:10A9B000A7FC801B0228F7D991E723F0FE4343EA66
:10A9C0000263DFE723F001032B60FDF799FC0646E5
:10A9D0002B6859077FF5FDAEFDF792FC801B02281E
:10A9E000F6D97CE7DA6822F07C5242EA0162DA604A
:10A9F0001AE7E369154D6BB32B6843F080032B60B6
:10AA0000FDF77EFC06462B68DF0511D5FDF790FCAF
:10AA100041F20303226A984210D86B68202A23F07F
:10AA2000F8430CBF43F0804343EA82636B60FBE66C
:10AA3000FDF766FC801B0228E5D950E7EB6823F0A0
:10AA40007C5343EA0263EB60EEE600BF0044025829
:10AA5000004802582B6823F080032B60FDF750FC60
:10AA600006462B68D8057FF5DFAEFDF749FC801B55
:10AA70000228F6D933E76369A34D83B16B6F43F0C6
:10AA800001036B67FDF73CFC06466B6F9B073FF5C8
:10AA9000CFAEFDF735FC801B0228F6D91FE76B6FA0
:10AAA00023F001036B67FDF72BFC06466B6F9F07D6
:10AAB0007FF5BEAEFDF724FC801B0228F6D90EE719
:10AAC000A369914D83B12B6843F480532B60FDF74C
:10AAD00017FC06462B6898043FF5AEAEFDF710FC58
:10AAE000801B0228F6D9FAE62B6823F480532B60EA
:10AAF000FDF706FC06462B6899047FF59DAEFDF731
:10AB0000FFFB801B0228F6D9E9E6FDF7F9FB801B65
:10AB100064287FF69CAEE2E6B3B92B6F41F288372A
:10AB200023F001032B672B6F23F004032B67FDF742
:10AB3000E7FB06462B6F98077FF5A0AEFDF7E0FB1D
:10AB4000801BB842F6D9CAE6052B2B6F03D143F020
:10AB500004032B6784E623F001032B672B6F23F09C
:10AB6000040380E6FDF7CCFB401BB8427FF682AEC3
:10AB7000B5E6654D2B6903F03803182B78D02B68A8
:10AB8000022923F080732B6065D1FDF7B9FB0646DF
:10AB90002B68990159D4AB6AA26A23F47C7323F021
:10ABA00003031343E26A43EA0213AB62636BA26BD3
:10ABB000013B013A5B0212049BB202F4FE02134312
:10ABC000226B013AC2F308021343E26B013A120608
:10ABD00002F0FE4213432B63EB6A23F00103EB62A6
:10ABE0006B6BA26C6FF3CF0343EAC2036B63EB6A38
:10ABF000226C23F00C031343EB62EB6A626C23F0CC
:10AC000002031343EB62EB6A43F48033EB62EB6ABB
:10AC100043F40033EB62EB6A43F48023EB62EB6AAC
:10AC200043F00103EB622B6843F080732B60FDF768
:10AC300067FB354D04462B689A013FF523AEFDF7BF
:10AC40005FFB001B0228F6D949E6FDF759FB801B84
:10AC500002289DD943E6FDF753FB04462B689B0170
:10AC60007FF510AEFDF74CFB001B0228F6D936E647
:10AC70000129AA6A2B6B3FF41AAE02F00301A06A05
:10AC800081427FF414AEC2F30512E16A8A427FF476
:10AC90000EAE226BC3F30801013A91427FF407AE76
:10ACA000626BC3F34621013A91427FF400AEA26B7E
:10ACB000C3F30641013A91427FF4F9ADE26BC3F36D
:10ACC0000663013A93427FF4F2AD6B6BA26CC3F35F
:10ACD000CC039A423FF4D6AD0B4DEB6A23F001034F
:10ACE000EB62FDF70DFB0646FDF70AFBB042FBD019
:10ACF0006B6BA26C6FF3CF0343EAC2036B63EB6A27
:10AD000043F00103EB62BDE50044025870B5234CEB
:10AD100088B00E461546D4F8E030F8B943F0010388
:10AD20004FF4807C03A9C4F8E030D4F8E0300790F9
:10AD300003F001030193019B0223CDE903C3032325
:10AD4000CDE905031648FEF761F9236923F0FE7388
:10AD500043EA06012943216108B070BD43F00403B2
:10AD60004FF4007203210F48C4F8E030D4F8E0300B
:10AD700003F004030293029B0223CDE90323002383
:10AD8000CDE9053103A90793FEF740F9236923F0C4
:10AD90007E4343EA060141EAC511DCE7004402585C
:10ADA0000000025800080258494B1A6902F03802A4
:10ADB000102A30B500F08880182A0CD0002A40F004
:10ADC00085801A68434812F0200F03D01B68C3F334
:10ADD000C103D84030BD996A9D6ADC6A15F47C7F56
:10ADE000C5F305105A6BF5D0C2F3CC0204F0010490
:10ADF00001F0030107EE900A6243B7EE006A0129F1
:10AE0000B8EEE77A06EE902AFAEEE96A4ED0022909
:10AE10003ED000294AD11A68920627D519682D4AD2
:10AE2000C1F3C1011B6BCA40C3F3080307EE902AAC
:10AE3000F8EEE75AC5EE877A07EE103AB8EEC77A11
:10AE400037EE267A37EE067A67EE877A204B1B6B51
:10AE5000C3F34623013307EE103AF8EEC76A87EED4
:10AE6000A67AFCEEC77A17EE900AB3E71B6BC3F322
:10AE7000080307EE903AF8EEE77A77EEA67A77EED7
:10AE8000867A9FED156AC6EE076A67EEA67ADDE759
:10AE90001B6BC3F3080307EE903AF8EEE77A77EE00
:10AEA000A67A77EE867A9FED0D6AECE71B6BC3F30B
:10AEB000080307EE903AF8EEE77A77EEA67A77EE97
:10AEC000867A9FED076ADEE7064883E7064881E752
:10AED000004402580090D0030024744C20BCBE4BA8
:10AEE0000024744A40787D0100093D002DE9F041BD
:10AEF0000D46044610B90120BDE8F081884A136868
:10AF000003F00F038B42C0F0938023685F0700F1CA
:10AF10009B801E070BD583496069CA6902F07002E5
:10AF2000904204D9CA6922F070020243CA61D8066D
:10AF30000BD57C49A069CA6902F4E062904204D949
:10AF4000CA6922F4E0620243CA6199060BD57549C9
:10AF5000E0690A6A02F07002904204D90A6A22F09B
:10AF6000700202430A629A070BD56E49E0688A694B
:10AF700002F00F02904204D98A6922F00F020243C4
:10AF80008A61DF076ED423689E0700F1A1806449BF
:10AF90000A6802F00F02AA4200F2A880580700F1E6
:10AFA000B18019070BD55F496069CA6902F0700268
:10AFB000904204D2CA6922F070020243CA61DA06E2
:10AFC0000BD55849A069CA6902F4E062904204D2E4
:10AFD000CA6922F4E0620243CA619B060BD5514A5A
:10AFE000E169136A03F07003994204D2136A23F0F3
:10AFF00070030B431362FFF7D7FE4A494A4A8B6935
:10B00000C3F30323D35C03F01F03D8408B6903F021
:10B010000F03D35C454A03F01F0320FA03F31360C8
:10B02000434B1860434BBDE8F041186803F016B875
:10B03000136823F00F030B431360136803F00F032F
:10B040008B427FF458AF60E7364920698A6902F085
:10B05000700290427FF65DAF8A6922F0700202436F
:10B060008A6156E72F4BA1689A6922F470620A43FD
:10B070009A6161681A6802291DD112F4003F3FF4F9
:10B080003AAF1A6941F28838264F22F007020A4384
:10B090001A61FDF735F906463B69626803F038032B
:10B0A000B3EBC20F3FF46FAFFDF72AF9801B4045A9
:10B0B000F2D9032020E7032902D112F0007FDEE756
:10B0C000012902D112F4807FD9E712F0040FD6E7EC
:10B0D0001449E0688A6902F00F029042BFF457AF4A
:10B0E0008A6922F00F0202438A6150E70A6822F05F
:10B0F0000F022A430A600A6802F00F02AA427FF494
:10B10000FAAE4BE7074920698A6902F07002904263
:10B11000BFF447AF8A6922F0700202438A6140E7B8
:10B120000020005200440258A4370308780000248D
:10B130007C0000247400002408B5FFF735FE0B4A9C
:10B140000B4993699269C3F3032302F00F02CB5CAE
:10B1500003F01F0320FA03F3885C064A00F01F0087
:10B1600023FA00F01060044A136008BD004402583E
:10B17000A4370308780000247C00002408B5FFF7FA
:10B18000DBFF054B054ADB69C3F30213D35C03F015
:10B190001F03D84008BD00BF00440258A43703086D
:10B1A00008B5FFF7C9FF054B054ADB69C3F3022366
:10B1B000D35C03F01F03D84008BD00BF0044025811
:10B1C000A43703083F230360114B1A6902F00702FA
:10B1D00042609A6902F4706282609A6902F00F021A
:10B1E000C2609A6902F070020261DA6902F07002CC
:10B1F0004261DA6902F4E06282611B6A03F0700363
:10B20000C361044B1B6803F00F030B60704700BF62
:10B210000044025800200052F8B5394C06460D464D
:10B22000A36A03F00303032B67D0236823F0806332
:10B230002360FDF765F8074623681A0149D4A36A1D
:10B24000326823F47C3343EA0233A362B368F268C2
:10B25000013B013A5B0212049BB202F4FE0213436B
:10B260007268013AC2F3080213433269013A1206C6
:10B2700002F0FE421343A363E36A726923F0C00342
:10B280001343E362E36AB26923F020031343E362EA
:10B29000E36A23F01003E362E36BF2696FF3CF0319
:10B2A00043EAC203E363E36A43F01003E362E36A41
:10B2B000B5B943F40023E362114C236843F0806383
:10B2C0002360FDF71DF8054623681B010FD50020FC
:10B2D00005E0FDF715F8C01B0228ADD90320F8BD25
:10B2E000012D0CBF43F4801343F40013E3E7FDF793
:10B2F00007F8401B0228E7D9F0E70120EFE700BF7D
:10B3000000440258F8B5394C06460D46A36A03F0CE
:10B310000303032B67D0236823F080532360FCF7DB
:10B32000EFFF074623689A0049D4A36A326823F0E6
:10B330007C7343EA0253A362B368F268013B013AAB
:10B340005B0212049BB202F4FE0213437268013ADC
:10B35000C2F3080213433269013A120602F0FE42B8
:10B3600013432364E36A726923F440631343E36283
:10B37000E36AB26923F400731343E362E36A23F4DC
:10B380008073E362636CF2696FF3CF0343EAC20335
:10B390006364E36A43F48073E362E36AB5B943F438
:10B3A0008003E362114C236843F080532360FCF771
:10B3B000A7FF054623689B000FD5002005E0FCF79A
:10B3C0009FFFC01B0228ADD90320F8BD012D0CBF83
:10B3D00043F4000343F08073E3E7FCF791FF401B65
:10B3E0000228E7D9F0E70120EFE700BF0044025848
:10B3F0002DE9F843036805461C011ED5C36EB3F55D
:10B40000001F2AD00FD8D3B1B3F5801F1DD001265D
:10B410002B68D8054FD5EB6D042B4BD8DFE803F034
:10B42000223D44272700B3F5401FF0D1864AE96E3C
:10B43000136D23F440130B4313650026E8E7824A9B
:10B44000D36A43F40033D362F0E702210830FFF7F8
:10B45000E3FE06460028DBD1E8E702212830FFF7AB
:10B4600051FFF6E7784AD36A43F40033D362344697
:10B470001CBB754AE96D136D23F007030B4313657D
:10B480002B68990528D52B6E802B43D017D8A3B3F2
:10B49000402B38D0012634461EE0002105F108007B
:10B4A000FFF7BAFE0446E3E7002105F12800FFF7A5
:10B4B00029FFF7E701263446E2E72646E0E7C02BFE
:10B4C00002D0B3F5807FE5D154BB5F4A296E136D7E
:10B4D00023F4E0730B4313652B685A0531D5D5F877
:10B4E000AC30B3F5800F49D01CD8002B39D0B3F560
:10B4F000001F3CD00126344623E0534AD36A43F46C
:10B500000033D362E0E7002105F10800FFF784FE75
:10B510000446D9E7002105F12800FFF7F3FEF7E71D
:10B520002646D9E7B3F5C00F02D0B3F5000FE1D13D
:10B5300054BB454AD5F8AC10936D23F460030B431C
:10B5400093652B681B0530D5D5F8B030B3F1007F7B
:10B5500045D01BD8B3B3B3F1807F39D00126344630
:10B5600023E0394AD36A43F40033D362E0E7002191
:10B5700005F10800FFF750FE0446D9E7002105F168
:10B580002800FFF7BFFEF7E72646DAE7B3F1407F72
:10B5900002D0B3F1806FE1D13CBB2B4AD5F8B0109B
:10B5A000936D23F0E0630B4393652B689F0128D5CF
:10B5B000EB6C202B3ED01AD8DBB1102B34D00126F7
:10B5C00034461EE0204AD36A43F40033D362E3E7F3
:10B5D000002105F10800FFF71FFE0446DCE700210B
:10B5E00005F12800FFF78EFEF7E72646DDE7302B52
:10B5F000E5D134BB144AE96CD36C23F030030B4320
:10B60000D3642B68D80430D56B6EB3F5005F00F0BF
:10B6100095801BD8002B00F08480B3F5805F00F08C
:10B6200086800126344620E0074AD36A43F400337B
:10B63000D362DEE7022105F10800FFF7EDFD0446C5
:10B64000D7E72646DDE700BF00440258B3F5405F68
:10B6500002D0B3F5804FE4D1002C75D1934A696EC6
:10B66000136D23F4E0430B4313652B6899040CD549
:10B67000AB6EB3F5003F00F0818067D8002B6DD032
:10B68000B3F5803F73D0012634462B685A040ED59B
:10B69000D5F8B430B3F1005F00F0918076D8002B7C
:10B6A0007CD0B3F1805F00F08380012634462B68A4
:10B6B0005B0115D52B6D4BB1B3F5807F40F08780D2
:10B6C000012105F10800FFF7A7FD0446002C40F01A
:10B6D0008180764A296DD36C23F480730B43D36445
:10B6E0002B681F0411D56B6FB3F1805F74D0B3F179
:10B6F000005F77D0002B7CD1002C7DD16B4A696F25
:10B70000136D23F040530B4313652B68D80140F1B0
:10B710008380AB6C032B00F2C480DFE803F0746F0E
:10B72000BB74624AD36A43F40033D36294E70021C6
:10B7300005F10800FFF770FD04468DE7002105F1D3
:10B740002800FFF7DFFDF7E726468EE723F4803277
:10B75000B2F5802F02D0B3F5403F94D1A4B9534A3B
:10B76000A96E136D23F4E0230B4313658DE70121CC
:10B7700005F10800FFF750FD0446EFE7012105F150
:10B780002800FFF7BFFDF7E726467EE723F080524B
:10B79000B2F1804F02D0B3F1405F86D1ACB9434AD9
:10B7A000D5F8B410936D23F0E0430B4393657EE727
:10B7B000012105F10800FFF72FFD0446EEE7012106
:10B7C00005F12800FFF79EFDF7E726466FE7012603
:10B7D000344685E7264683E7344AD36A43F4003388
:10B7E000D36289E7012105F10800FFF715FD044642
:10B7F00082E70126344688E7264686E72B4AD36A45
:10B8000043F40033D362002C4ED1284AA96CD36C88
:10B8100023F003030B43D3642B68590254D5244F00
:10B820003B6843F480733B60FCF76AFD80463B68ED
:10B83000DA0541D5002C74D11C4BD5F8B8001A6F2D
:10B84000424012F4407F0BD01A6F196F22F44072FD
:10B8500041F480311967196F21F4803119671A6733
:10B86000B0F5807F48D0D5F8B830104903F4407265
:10B87000B2F5407F51D108690E4A20F47C5002EAAB
:10B88000131202430A61C3F30B03084A116F0B43FF
:10B89000136719E0022105F10800FFF7BDFC04461B
:10B8A000B1E701263446B7E72646B5E7004402581B
:10B8B00000480258CFFFFF00FCF722FDA0EB080074
:10B8C0006428B4D9032634462B68D80709D5D5F89F
:10B8D0008030102B3ED026D85BB3082B33D0012606
:10B8E00034462B6899074BD5EB6F052B5ED8DFE804
:10B8F00003F03F39573F3F3FFCF702FDDFF8B880C8
:10B90000074641F28839D8F870309B07ABD4FCF772
:10B91000F7FCC01B4845F6D9D4E70A6922F47C52EB
:10B92000B0E72646D0E723F00802202A01D0182BE2
:10B93000D5D1ACB9204AD5F88010536D23F0380327
:10B940000B435365CDE7012105F10800FFF764FCC7
:10B950000446EEE7012105F12800FFF7D3FCF7E7E5
:10B960002646BEE7012105F10800FFF755FC044615
:10B97000FCB9114AE96F536D23F007030B4353657C
:10B980002B685A072BD5D5F89830052B00F26E811D
:10B99000DFE813F01A00140066011A001A001A00FA
:10B9A000012105F12800FFF7ADFCE0E70126344650
:10B9B000E6E72646E4E700BF00440258012105F10E
:10B9C0000800FFF729FC0446002C40F05281AA4AE7
:10B9D000D5F89810936D23F007030B4393652B68FC
:10B9E0009B0610D5D5F89430B3F1005F00F060816C
:10B9F00000F24481002B00F04A81B3F1805F00F037
:10BA00005081012634462B685F0610D5D5F8A0304A
:10BA1000B3F5006F00F06E8100F25281002B00F050
:10BA20005881B3F5806F00F05E81012634462B68A3
:10BA3000180610D5D5F8A430B3F5804F00F07C81FE
:10BA400000F26081002B00F06681B3F5005F00F02A
:10BA50006C81012634462B68190714D5D5F8883037
:10BA6000B3F5805F07D1022105F12800FFF74AFCFA
:10BA7000002818BF0126804AD5F88810536D23F49A
:10BA800040530B4353652B68DA0614D5D5F89C3028
:10BA9000B3F5807F07D1022105F12800FFF732FCC2
:10BAA000002818BF0126744AD5F89C10936D23F422
:10BAB00040730B4393652B681B031BD5D5F8A81067
:10BAC000B1F5803F00F04081B1F5003F07D000297B
:10BAD00040F0408105F10800FFF79EFB0446002C72
:10BAE00040F03B81644AD5F8A810936D23F44033AD
:10BAF0000B4393652B685F030FD5D5F88C30B3F5F6
:10BB0000001F00F03B81B3F5401F00F02D81B3F51D
:10BB1000801F00F02481012634462B68D80309D504
:10BB20006B6D002B00F03381B3F5803F00F03D8159
:10BB3000012634462B68990007D5022105F128001B
:10BB4000FFF7E0FB002818BF0126D5E900319A0372
:10BB500040F14381D5F88400B0F5807F00F03F814B
:10BB600000F22C81002800F02F810124DF0206D58D
:10BB70004148AE6F026D22F0004232430265DE00A2
:10BB800007D53D48D5F8BC60026922F480423243B3
:10BB90000261980206D538482E6F026D22F080723D
:10BBA000324302655A0009D5334A106920F4004037
:10BBB00010611069D5F8C06030431061002B06DABF
:10BBC0002D48AE6DC26C22F040523243C2641F0257
:10BBD00007D5294AD5F89000536D23F44003034359
:10BBE0005365CE0706D5002105F10800FFF714FBC9
:10BBF000074600B927466B689C0706D5012105F169
:10BC00000800FFF709FB064600B93E466B68580777
:10BC100006D5022105F10800FFF7FEFA044600B937
:10BC200034466B68190706D5002105F12800FFF797
:10BC300069FB064600B926466B68DA0606D501217F
:10BC400005F12800FFF75EFB044600B934466B6837
:10BC50009B0600F1CA80201E18BF0120BDE8F883B2
:10BC6000012105F12800FFF74DFBACE60126344623
:10BC7000B5E62646B3E600BF0044025823F08052E2
:10BC8000B2F1804F03D0B3F1405F7FF4BAAEACB9EC
:10BC90005B4AD5F89410536D23F0E0430B43536592
:10BCA000B1E6002105F10800FFF7B6FA0446EEE719
:10BCB000022105F12800FFF725FBF7E72646A2E65B
:10BCC00023F48062B2F5805F03D0B3F5406F7FF458
:10BCD000ACAEACB94A4AD5F8A010936D23F4E0534A
:10BCE0000B439365A3E6002105F10800FFF794FAE2
:10BCF0000446EEE7022105F12800FFF703FBF7E712
:10BD0000264694E623F40052B2F5004F03D0B3F573
:10BD1000C04F7FF49EAEACB9394AD5F8A410936DEC
:10BD200023F460430B43936595E6002105F1080079
:10BD3000FFF772FA0446EEE7022105F12800FFF74B
:10BD4000E1FAF7E7264686E6022105F12800FFF72B
:10BD5000D9FAC3E601263446CCE62646CAE6284A86
:10BD6000D36A43F40033D3627CB9254AD5F88C10EA
:10BD7000536D23F440130B435365CEE6012105F1C7
:10BD80002800FFF7BFFA0446EEE72646C5E61C4A40
:10BD9000D36A43F40033D36274B9194A696DD36C22
:10BDA00023F480330B43D364C4E6022105F1080079
:10BDB000FFF732FA0446EFE72646BBE620F480722E
:10BDC000B2F5007F7FF4D1AE002C7FF4CFAE0C4CE7
:10BDD000626D22F44072024362653446C6E6084F43
:10BDE000FA6A42F40032FA62EEE7022105F1280015
:10BDF000FFF788FA00283FF42EAF01202EE700BF9E
:10BE00000044025838B50D460446F0B190F82C3085
:10BE100003F0FF021BB980F82D2002F03BF802234B
:10BE2000211D206884F82C3000F0FDF96268294655
:10BE3000206800F02EFA064A0020136843F0004301
:10BE40001360012384F82C3038BD0120FCE700BFCB
:10BE50000040005210B5044602F0B6F8D4E90001E3
:10BE600000F04DFA002084F82C0084F82D0010BD5D
:10BE700070B590F82C3005460E46022BD8B210D083
:10BE800000F0FB04012C10D10223286885F82C3027
:10BE900000F044FA3368022B04D1052385F82C30D6
:10BEA000002070BD85F82C40FAE70120F9E738B58D
:10BEB00090F82C300446022BD8B20DD094F82C30D8
:10BEC000012BDDB209D10223206884F82C3000F068
:10BED00037FA002084F82C5038BD0120FCE7704769
:10BEE00090F83D30012B2FD10223184A80F83D30C5
:10BEF000036893421AD0B3F1804F17D0A2F57C4269
:10BF0000934213D002F5806293420FD002F5806213
:10BF100093420BD002F57842934207D0A2F56C42CF
:10BF2000934203D002F59432934207D19968084AAC
:10BF30000A40062A06D0B2F5803F03D01A6842F0C4
:10BF400001021A6000207047012070470000014084
:10BF50000700010090F83D30012B33D1022380F817
:10BF60003D300368DA6842F00102DA60164A934213
:10BF70001AD0B3F1804F17D0A2F57C42934213D070
:10BF800002F5806293420FD002F5806293420BD09B
:10BF900002F57842934207D0A2F56C42934203D057
:10BFA00002F59432934207D19968084A0A40062A5A
:10BFB00006D0B2F5803F03D01A6842F001021A6041
:10BFC0000020704701207047000001400700010079
:10BFD0007047704770477047036870B5DD68044666
:10BFE0001E69B2070DD5A9070BD56FF002021A61C1
:10BFF000012202779B699A0775D0FFF7EAFF0023B9
:10C000002377730710D568070ED523686FF00402F5
:10C0100020461A61022222779B6913F4407F68D080
:10C02000FFF7D7FF0023237731070FD52A070DD558
:10C0300023686FF0080220461A6104222277DB6928
:10C040009B075CD0FFF7C5FF00232377F10610D5CF
:10C05000EA060ED523686FF0100220461A61082206
:10C060002277DB6913F4407F4FD0FFF7B2FF002344
:10C070002377F30708D5E80706D523686FF0010298
:10C0800020461A6101F096FC16F4025F08D02906DA
:10C0900006D523686FF4025220461A6100F0C1F8F9
:10C0A000F20508D52B0606D523686FF4807220466A
:10C0B0001A6100F0B7F8700608D5690606D523683E
:10C0C0006FF0400220461A61FFF785FFB20622D5C5
:10C0D000AB0620D523686FF0200220461A61BDE828
:10C0E000704000F09DB8FFF773FF2046FFF772FF26
:10C0F00085E7FFF76DFF2046FFF76CFF92E7FFF73C
:10C1000067FF2046FFF766FF9EE7FFF761FF2046C7
:10C11000FFF760FFABE770BD274A0368904212D07B
:10C12000B0F1804F0FD0A2F57C4290420BD002F5C7
:10C130008062904207D002F58062904203D002F5FF
:10C140007842904208D123F070034A68134323F4E5
:10C150004073CA6813430AE0184A9042F7D002F5C8
:10C1600080629042F3D002F580629042EFD04A693B
:10C1700023F0800313438A68C2620A6882620E4A0F
:10C1800090420FD002F5806290420BD002F57052BF
:10C19000904207D002F58062904203D002F580629F
:10C1A000904201D10A690263026842F0040202600F
:10C1B00001224261036070470000014000400140DD
:10C1C00010B5044650B390F83D3003F0FF021BB9A0
:10C1D00080F83C20FFF783FE02232068211D84F8AD
:10C1E0003D30FFF799FF0123002084F8483084F8A0
:10C1F0003E3084F83F3084F8403084F8413084F891
:10C20000423084F8433084F8443084F8453084F870
:10C21000463084F8473084F83D3010BD0120FCE7FB
:10C220007047704770472DE9F041D1E9012CD1E901
:10C230000738D1F824E043EA0803D1E90376D1E9CD
:10C240000554096881B943EA0E03016813436FF38B
:10C250000E0143EA0C033B4333432B4323430B437D
:10C2600003600020BDE8F081016843EA0E0321F479
:10C27000F8410B43036042EA0C0341683B4321F45D
:10C28000FF42334322F07F022B4323431343436097
:10C29000E7E7CB6803F1FF3C4B69F0B5013B4C6825
:10C2A0008F680E691B058D69013C013F013E013D10
:10C2B000096824013F02013936042D0643EA0C3394
:10C2C0005AB90B438268234302F070423B43334325
:10C2D0002B43134383600020F0BD826822F4700278
:10C2E00022F470421343836044EA0703C2680B439D
:10C2F00002F0704233432B431343C360EBE7034622
:10C3000000EB81024FF4347043F8210000206FF0FD
:10C3100070419160186158619861704710B5D1E91A
:10C32000003402692343CC686FF3150243EA4423C7
:10C3300013438A68013A43EA42130361002010BDA7
:10C3400043696FF34D0343EA4103436100207047A3
:10C35000F0B50124077800254E193D444F19BE421F
:10C3600012D1102C08D1002401264C551D60234603
:10C370000D78C85CD8B9F0BD075D01347E19B6F5FB
:10C38000807FE9D90120F6E706F8014BE7E742F89C
:10C3900023400133C85CDC19A842F8D01F2DF1D826
:10C3A00006FA05F0A042EDD964000135E1E7E71A8D
:10C3B000F0E7F0B5ADF2145D0D46044601AB43AABB
:10C3C00002A9FFF7C5FF40B9019E13460A4604F1D2
:10C3D0000F010F363444A14202D10DF2145DF0BDBD
:10C3E00011F8016F0B2E0AD805EB860753F804CB22
:10C3F000C7F80CC012F8017B013FAF55EBE70120F5
:10C40000EBE703460846F0B51C6891B004F5F86305
:10C410009A4225D104F5FB6401A9FFF7CAFFE8B9E8
:10C4200001AA6FF0F023A4F118061546236063609B
:10C43000D17A083D95F84030023A090295F83C70EF
:10C4400001F470611943137B1B0203F470633B43D7
:10C4500043EA014344F8043DB442E9D111B0F0BDD0
:10C4600004F5FC639A4202D104F5FF64D4E701208D
:10C47000F4E72DE9F0410468ADF6380D0E4604F5F9
:10C48000A0639A4249D104F244646B460DF23442EF
:10C4900001A93046FFF75CFF00283AD1009B0D460A
:10C4A00006F10F0C17460F334FF00A0EF11842AE8B
:10C4B000614539D16FF0F02342A9A4F5A27623603B
:10C4C0000D466360A36003F1D13303F12E23E360D3
:10C4D00003F10213236103F10213636103F10213F9
:10C4E000A36191F8A120083D95F83033023912027A
:10C4F00095F82C7302F470621A4391F8A2301B0273
:10C5000003F470633B4343EA024344F8043DB442FE
:10C51000E7D10DF6380DBDE8F08104F5CC639A4201
:10C520000FD104F2A474B0E71CF8013F5BB1F02B0B
:10C5300015D01A0903F00F03013B0EFB0233A12BA8
:10C5400002D90120E5E7A02306EB830257F8048B0C
:10C55000C2F8A48015F8012B013AF254A8E7A123F0
:10C56000F2E7436D23F440534365426D036802F0E4
:10C570000302022A5A680CBF42F0080222F00802A5
:10C580005A601A6822F001021A601A6B22F07E02C9
:10C590001A631A6B42F400521A631A6B42F4804217
:10C5A0001A639A6B42F060029A631A6842F00102C1
:10C5B0001A60426D02F00C02082A04D11A6B42F094
:10C5C0006E021A637047426D02F00C020C2AF9D118
:10C5D0001A6B42F06002F4E7F7B5066B0446826A14
:10C5E000B56AAA4213D3406BE36A816A8B420ED3C9
:10C5F000184F7764184F7765184E47654664184E94
:10C60000866505B131B9236D43F00403236501202C
:10C6100003B0F0BDB2FBF5F605FB1625521B012554
:10C62000A262B3FBF1F201FB123221689B1A443182
:10C63000E3620095E269FDF7B2FC0028E3D12268CD
:10C6400000954032A36AA169206BFDF7A8FC002881
:10C65000DED0D8E797CB000893CA000855D0000871
:10C6600047D00008F8B50546002800F0F28090F8A1
:10C670004D3003F0FF021BB980F84C2001F082FA24
:10C680002C680223864A85F84D3004F55B71236BD4
:10C6900004F5577043F001032363236823F001037B
:10C6A0002360236B23F07E032363236B43F4005347
:10C6B0002363236B43F480432363A36B43F0600342
:10C6C000A363784BEB63784B2B640023C5E91133EC
:10C6D000937B043AD67C1B0443EA0663167C3343FF
:10C6E000567C43EA062341F804398142F0D16F4B6E
:10C6F00004F562716E4A04F55E77C4F87833A3F1ED
:10C70000043310460E46C4F87433A3F10433C4F85E
:10C710007033837B043890F813C01B0443EA0C6326
:10C7200090F810C043EA0C0390F811C043EA0C23C0
:10C7300046F80439BE42ECD1D4F82C3404F58560B7
:10C740006FF30F0343F47A4343F0F903C4F82C3436
:10C7500092F8AE30043A92F8B3601B0443EA0663E1
:10C7600092F8B060334392F8B16043EA062340F890
:10C7700004398142ECD1D4F82C3404F59F614D4A40
:10C7800004F58B609BB243F04073C4F82C34D4F8AA
:10C790003C341340C4F83C340123C4F838344FF01F
:10C7A0000133C4F83434C4F83034D4F83C349BB288
:10C7B00043F08073C4F83C34D4F84834134043F455
:10C7C000306343F00A03C4F848343B4BC4F84434A4
:10C7D000A3F10433C4F84034D4F848349BB243F096
:10C7E0000073C4F84834D4F858341340334A43F43F
:10C7F000EE4343F00203C4F85834314BC4F85434C8
:10C80000304BC4F85034304BC4F84C34D4F858345E
:10C810009BB243F08073C4F8583492F8B030043AB5
:10C8200092F8B5601B0443EA066392F8B2603343A2
:10C8300092F8B36043EA062341F804398142ECD10F
:10C8400004F5A0621A492846FFF713FE18B1012328
:10C850002B650120F8BD04F5CC6218492846FFF786
:10C8600008FE0028F3D104F5F8620D492846FFF7C9
:10C87000C8FD0028EBD104F5FC6214492846FFF7F7
:10C88000C0FD0028E3D1636843F480736360012333
:10C890002862686285F84D3028656865DAE700BF70
:10C8A00040370308403503080035030808090A0B20
:10C8B000723603080000FFFF06070809C0350308A9
:10C8C00004040001030407050102040424370308DB
:10C8D0002DE9F04F00286FD000296DD004686368FF
:10C8E00003F00303022B47D0636813F0030305D062
:10C8F000636803F00303032B5ED1302362680B608F
:10C9000023F02003120C102B8A60E2684FEA1242D7
:10C91000CA603CD125696369C5F30315A2691B0987
:10C92000012D4FEA121229D1134313F00F0F0CBF40
:10C93000012300235B004B6000235034DFF87CC0F0
:10C940001D464FF0640E41F2883854F8059005EB0F
:10C950000C07002629FA06F2D2B2012A19D1643353
:10C9600008360137202EF5D10435402DEDD19B0935
:10C9700000200B61BDE8F08F1023BFE7032D06D127
:10C98000134313F00F0F0CBF01230023D3E7002341
:10C99000D1E70EFB02FB97F800A0C26B12F80AA0C9
:10C9A000BBFBFAF2642A8BBFB8FBF2F2C2F1C802F9
:10C9B0009B1803EB5203D3E70120DBE78035030824
:10C9C00038B5044648B341B33BB390F84C50012D01
:10C9D00028D0012580F84C5090F84D50012D1ED1E3
:10C9E0000425826280F84D50456D25F00F054565A0
:10C9F000456D45F00E05C0E9061345650025049B0D
:10CA00000562C3624562FFF7ACFDFFF7E5FD28B1A3
:10CA1000062384F84C5084F84D30012038BD0023A3
:10CA200080F84C300220F9E7436D03F00C030C2B27
:10CA30000DD1CB0703D5436D43F48053436589077C
:10CA400003D5436D43F40053436500207047436DA5
:10CA500003F00C03082BF8D111F0010304D0436D4F
:10CA600043F48053436506238A0705D5426D43F09E
:10CA7000280342F40052426501680A6B22EA03036C
:10CA80000B63E2E7816182627047C161C2627047F5
:10CA90007047006C08B503681A6822F001021A603A
:10CAA0001A6B22F07E021A63012380F84D30036D69
:10CAB00043F004030365F6F77BFD08BD826AF8B511
:10CAC00004460D4622B90121FFF7AEFF002204E023
:10CAD000036A9A42036A24D9D21A636D13F480530D
:10CAE0001ED1EAB1B5EB920FA0694FEA9206216818
:10CAF00026D8276A0133C619C75D9D42B27896F8D9
:10CB000001C04FEA0242F67842EA0C2242EA0702EA
:10CB100042EA06620A64226A02F104022262E8D151
:10CB2000F8BD9A42D2D1016AF6F7D4FCA36A042B6D
:10CB300084BF23F00303A3620023A26A2362CCE72D
:10CB4000032A17D9276A0133C519C75D9E42AA78FF
:10CB500095F801C04FEA0242ED7842EA0C2242EA1F
:10CB6000070242EA05620A64226A02F104022262B2
:10CB7000E8D8D5E71D46266AEF000135865DAA4252
:10CB800006FA07F643EA0603266A06F1010626625C
:10CB9000F1D10B64C4E737B5046C2268136B23F042
:10CBA0007E031363636D23F4FF4323F073031B04BD
:10CBB0001B0C0C2B1AD1236B9D6A036820465A6903
:10CBC000A36AC2F310029B1A2362216AF6F782FC61
:10CBD000A36AAB4227D35DB9236D204643F004031B
:10CBE0002365062384F84D30F6F7E2FC03B030BD30
:10CBF000B3FBF5F205FB12329B1AA362636D226848
:10CC0000DB040AD4A36A43B1012140320091A16937
:10CC1000206BFDF7C4F90028DED12268136B43F0C6
:10CC200060031363E2E7002BE8D09A07E6D023F015
:10CC300003030433E1E7426AF8B502EB8102C36AF9
:10CC4000044693422AD3002223680132E5695B6CD3
:10CC50009142606A2B54656AE06928444FEA1325C3
:10CC60004570656AE06928444FEA13454FEA13634B
:10CC70008570656AE0692844C370636A03F1040340
:10CC80006362E1D1636AE26A9A4206D1626AE1694B
:10CC90002046F6F73DFC00236362F8BD426A9342EA
:10CCA000FBD9426A00209B1A9A089042E16905D19B
:10CCB000E76A636A9F4219D1626AE9E72368013033
:10CCC0005B6C656A4B55656AE16929441D0A4D70C4
:10CCD000656AE16929441D0C1B0E8D70656AE16966
:10CCE0002944CB70636A04336362DEE7656A00221D
:10CCF0002368781B5E6C8242E16914D1626A204627
:10CD0000F6F706FC002363622B1DDB1B032BC4D844
:10CD1000DA00616AE069013326FA02F24254626A7B
:10CD200001326262F2E702F00303D4F824C0013258
:10CD3000DB0026FA03F301F80C30636A0133636207
:10CD4000D9E7436D03F00303022B10B5044614D159
:10CD500003685B6B5B0610D5011DFFF7B9FD00236F
:10CD600020466361F6F780FB23681A6B22F04002CD
:10CD70001A639A6B42F040029A63636DD90407D438
:10CD800023685A6B920744D508212046FFF796FE88
:10CD9000636D990407D423685A6B12073ED50821A6
:10CDA0002046FFF748FF23685A6B02F03802202A1A
:10CDB0003CD11A6822F001021A60626D02F00C0286
:10CDC000082A03D11A6B22F07E021A639A6B42F092
:10CDD00060029A63636A33B1626A2046E169F6F7DA
:10CDE00097FB00236362636D2046626D03F00303CB
:10CDF00002F48242022B62654FF0000284F84C205C
:10CE00004FF0010284F84D200DD1F6F7D3FB01203D
:10CE100010BD5B6B5807BBD50121B6E75B6BDB062A
:10CE2000C1D50121BCE7FFF733FEF0E70020EFE7B3
:10CE300070B504461026656D236815F4005522D19F
:10CE40005A6BD0061FD55B6CE169626A8B54616ACC
:10CE5000E2690A44190A5170616AE2690A44190CCC
:10CE60001B0E9170616AE2690A44D370636A0433ED
:10CE70006362E36A626A9A4205D1626A2046E169A6
:10CE8000F6F746FB6562013ED5D12368626D596BAA
:10CE9000C90601D5920420D41A6822F001021A6052
:10CEA000636A33B1626A2046E169F6F731FB002319
:10CEB0006362636D2046626D03F0030302F48242F5
:10CEC000022B62654FF0000284F84C204FF0010203
:10CED00084F84D2002D1F6F76DFB70BDFFF7D8FD49
:10CEE000FBE7436D13F4405F37B504460D4614D09D
:10CEF000436D03F00C030C2B46D1CB0720D5436DBB
:10CF000023F480534365006B816A41B9236D43F07C
:10CF100004032365062384F84D3001201DE0A36A35
:10CF2000B3FBF1F201FB12329B1AA36243B12268F8
:10CF3000012140320091A169FDF731F80028E5D1C7
:10CF4000A80709D5636D23F400536365636D190465
:10CF500005D52046FFF76CFF002003B030BD606BA5
:10CF6000816A0029D2D0E36AB3FBF1F201FB1232ED
:10CF700021689B1A01224431E3620092E269FDF7C5
:10CF80000EF80028E8D0C1E7436D03F00C03082B2E
:10CF9000E2D111F0010304D0436D23F480534365C3
:10CFA0000623AA0705D5626D43F0280322F4005238
:10CFB000626521680A6B13430B63CDE738B5436B99
:10CFC0000446C26A1B685B69C3F31003D31A436249
:10CFD000436A9A4205D1426AC169F6F799FA002379
:10CFE000636223685D6B15F0100524D1636A2BB171
:10CFF000626A2046E169F6F78BFA6562226820468C
:10D00000136823F001031360636D626D03F0030383
:10D0100002F48242022B62654FF0000284F84C2039
:10D020004FF0010284F84D2002D1F6F7C3FA38BD63
:10D03000FFF72EFDFBE7636D9B04F8D42046BDE8A7
:10D040003840FFF7F5BE006C436D1B0401D5FFF7B8
:10D05000B5BF704713B5046C23681A6B22F07E02CB
:10D060001A63626D22F4FF4222F073021204120C62
:10D070000C2A25D15B6B9A0624D403682046E1690B
:10D080005A69E36AC2F310029B1A6362626AF6F796
:10D090003FFA636D9B0415D421680123443100934A
:10D0A000E36AE269606BFCF77AFF58B1236D2046B2
:10D0B00043F004032365062384F84D30F6F778FA2D
:10D0C00002B010BD2268136B43F060031363F7E7EF
:10D0D00010B590F84D300446033B012B50D8436DFA
:10D0E00003F00C03082B03D1BDE81040FFF729BE65
:10D0F000436D03F00C030C2B42D1436D03F003038B
:10D10000022B14D103685B6B590610D5011DFFF784
:10D11000DFFB002320466361F6F7A6F923681A6B4C
:10D1200022F040021A639A6B42F040029A6323682D
:10D130005A6B920624D5626D206B42F40042626500
:10D140001A6822F001021A601A6B22F07E021A633A
:10D150009A6B42F060029A6390F83D30022B01D145
:10D16000FCF766FF606B90F83D30022B03D1BDE801
:10D170001040FCF75DBF2046BDE81040FFF71EBF22
:10D1800010BD0000F0B59DB04C22002109A81FF091
:10D19000B1F82022002101A81FF0ACF80420FDF70F
:10D1A00013F800230093264BDA6A22F00102DA62B8
:10D1B000DB6A03F001030093224B9A6942F4404278
:10D1C0009A619A6902F440420092009A9A69910425
:10D1D000FCD54FF48033032740250522022408267E
:10D1E00009A81894CDE909730123CDE90C35A023D2
:10D1F000CDE914230023CDE91244CDE91644CDE94D
:10D2000019631B93FDF7DAFA08B172B6FEE73F2304
:10D210002146CDE901374FF48063CDE9030601A82B
:10D22000CDE90555CDE90735FDF760FE014608B1AA
:10D2300072B6FEE74FF48022FDF768FD1DB0F0BD29
:10D2400000040058004802582DE9F047BAB01022F7
:10D25000002101242DA804251FF04CF8FBF7D2F87B
:10D260004FF01041BE4B2DA8ADF8B4403094CDE93D
:10D270002E13FBF7E5F81A232DA88DF8B5408DF88D
:10D28000BC30FBF7DDF802232DA88DF8C2408DF8E5
:10D29000B5304FF050432E9318238DF8BC30FBF778
:10D2A000CFF803232DA88DF8B5304FF010532E93EF
:10D2B00012238DF8BC3000238DF8C030FBF7C0F886
:10D2C0004FF080532DA88DF8B5502E9311238DF873
:10D2D000BC30FBF7B5F805232DA88DF8C0408DF8BC
:10D2E000B530A04B2E930E238DF8BC30FBF7A8F879
:10D2F0002846FBF795F89C4B5A6912F4003211D17D
:10D30000BFF34F8FBFF36F8FC3F85022BFF34F8F20
:10D31000BFF36F8F5A6942F400325A61BFF34F8FE7
:10D32000BFF36F8F904A536913F4803323D1C2F84F
:10D330008430BFF34F8FD2F8803043F6E074C3F3EC
:10D34000C900C3F34E335B0103EA0406014646EA13
:10D3500081750139C2F86052F9D2203B13F1200FD8
:10D36000F2D1BFF34F8F536943F480335361BFF35E
:10D370004F8FBFF36F8F4FF6FF737C4D2C6814F403
:10D38000004400F0E582013BF8D272B6FEE772B6C7
:10D39000FEE77748774A83610462C0E90026C0E966
:10D3A0000253C0E90453FDF72BF808B172B6FEE74B
:10D3B00040F203132DA98DF8B640ADF8B430FAF75A
:10D3C00071FB08B172B6FEE7FAF718FB034608B125
:10D3D00072B6FEE768484FF44032DFF8A8C1C0E9F2
:10D3E0000253C0E900C2FBF7B8F8044608B172B6B0
:10D3F000FEE7024639466148FBF796FF1420FAF72C
:10D4000085FF39462A465D48FBF78EFF0A20FAF76A
:10D410007DFF2422214617A81EF06CFF182221460A
:10D4200011A81EF067FF342221462DA81EF062FFCE
:10D4300021462C2220A81EF05DFF514F4FF0A04343
:10D440000EA938461095C7E900347723C7E902854D
:10D45000CDE90E36FBF7CEF908B172B6FEE7CDE99D
:10D460001750CDE91900CDE91B00CDE91D001F9033
:10D4700017A93846FBF72AFC08B172B6FEE721234C
:10D480001C250F2611A9CDE911531923CDE915004B
:10D490003846CDE91363FBF7DCFB08B172B6FEE753
:10D4A00004213748FBF7C4FB08B172B6FEE742F22D
:10D4B00010713348FBF793FD014608B172B6FEE7E1
:10D4C0002F48FBF734F908B172B6FEE74FF400734A
:10D4D0004FF480794FF4806A4FF480524FF48041CA
:10D4E0004FF400304FF400244FF00208CDE92D93A3
:10D4F0004FF40063CDF8E480CDE92FA34FF400533F
:10D50000CDE931234FF48033CDE933134FF4802339
:10D510002DA9CDE935034FF080731948CDE9374384
:10D52000FBF752FB08B172B6FEE705234FF4C8774C
:10D530000126209027902A96CDE921371023CDE9A6
:10D5400023308023CDE925000DEB0301CDE9283000
:10D550000B48FBF7C7FA0146B0B172B6FEE700BF51
:10D560001B0000030000041000ED00E0004402581E
:10D570009C56022400500052DC5802240018025825
:10D58000C0580224001000525C48FBF79AFA044687
:10D5900008B172B6FEE73422014620A8584D1EF0AD
:10D5A000A9FEDFF89CC14FF000434FF4C97EC5F8D7
:10D5B00020802846AC8685F83640C5E900C34FF088
:10D5C0008043C5E902344FF4F173C5E90648C5E963
:10D5D00009E340F2931840F2E313C5E90444C5E9B6
:10D5E0000B83FCF7E7FA024608B172B6FEE7FF21AB
:10D5F00022904FF4F073ADF8B0208DF8B2202B9349
:10D60000CDE92510CDE9200707214FF4C060CDE911
:10D6100027014FF050412846CDE9291720A9CDE92F
:10D620002336FCF77CFB044608B172B6FEE72A6895
:10D630003248936923F001039361FBF7ADFB314955
:10D64000314B3248CB60324B0C804B60314B8B609E
:10D65000F9F7EAFB324621462C48F9F755F828231A
:10D660001522214625480094FBF7C9FB2DA9234824
:10D670003794CDE92D44CDE92F44CDE93144CDE9AE
:10D680003344CDE93544FBF79FFA22464FF4487105
:10D690002846FCF771FB2A681F489369848043F091
:10D6A000010393611D4B06620360C0E90544FAF76C
:10D6B000F3FE08B172B6FEE719481A4B0360FEF795
:10D6C000D1FF08B172B6FEE7F9F7ABFFF6F763FDDD
:10D6D000F6F760FDF8F7E2FA134A00211348F8F76D
:10D6E00013FB134B134A002118601348F8F70CFB87
:10D6F000124B1860F8F7E8FAFEE700BFC0580224A2
:10D70000E856022430560224CD79000840560224FF
:10D71000DD3A0008153B000844590224004C025829
:10D72000685802240030005280370308A5410008E1
:10D73000645602245C3703088D26000860560224D4
:10D7400000100050142200212DA801251EF0D2FD4A
:10D75000D4F8E030002241F2083143F480738D4860
:10D760004FF000090326C4F8E0304FF48078D4F875
:10D77000E0304FF0020A082703F480730493049BFF
:10D78000D4F8E03043F00203C4F8E030D4F8E030DD
:10D7900003F002030593059BD4F8E03043F0400307
:10D7A000C4F8E030D4F8E03003F040030693069B61
:10D7B000D4F8E03043F01003C4F8E030D4F8E0309F
:10D7C00003F010030793079BD4F8E03043F0800385
:10D7D000C4F8E030D4F8E03003F080030893089BED
:10D7E000D4F8E03043F00403C4F8E030D4F8E0307B
:10D7F00003F004030993099BD4F8E03043F4007369
:10D80000C4F8E030D4F8E03003F400730A930A9BC4
:10D81000D4F8E03043F00803C4F8E030D4F8E03046
:10D8200003F008030B930B9BD4F8E03043F00103A3
:10D83000C4F8E030D4F8E03003F001030C930C9B03
:10D84000D4F8E03043F02003C4F8E030D4F8E030FE
:10D8500003F020030D930D9BFBF766FD00220821CA
:10D860004D48FBF761FD00224FF480714B48FBF7F8
:10D870005BFD41F208332DA94648CDE92D35CDE9B0
:10D880002F96FBF7C3FB2DA94548CDF8C490CDE9F1
:10D890002D8ACDE92F99FBF7B9FB2DA93E48CDE99B
:10D8A0002D75CDE92F56FBF7B1FB2DA93B48CDE9EE
:10D8B0002D85CDE92F96FBF7A9FBD4F8D4304A4645
:10D8C00005212B437A204FF00408C4F8D430D4F853
:10D8D000D43040242B400393039BFAF741FD7A2078
:10D8E000FAF770FD2F4A30482DA9136823F0010381
:10D8F00013604FF400622D4BC0F81C90C0F82890C4
:10D900008560CDF8B4A0C0E900352023C0E90383C9
:10D910004FF4C073C0E905434FF48053C0E90823B6
:10D920000723CDE932AACDE92E38CDE93036FEF70E
:10D9300069FA814600287FF42AADFAF76DFA484665
:10D94000FAF7B8FA034600283FF423AD72B6FEE7B3
:10D95000FAF79CFCFFF716FCD5F8E030204643F0C0
:10D960000073C5F8E030D5F8E03003F0007302939F
:10D97000029BFBF7E7FC21462046FBF7F1FC0C4C31
:10D980004FF6FF73226812043FF5DCAE013BF9D27B
:10D9900072B6FEE70024025800180258001402581C
:10D9A00000000258004000526856022440410052D4
:10D9B000004402580268034B9A4201D1FAF794BC22
:10D9C000704700BF0010004072B6FEE7014900201A
:10D9D000F7F7FABCE53D0008FEE7FEE7FEE7FEE7E5
:10D9E000FEE770470148FEF7F7BA00BF70590224FE
:10D9F0000148FCF737B900BFE85602240148FAF79E
:10DA0000EBBD00BFDC5802240148FFF761BB00BF3B
:10DA100068580224044808B5FCF71EFB0348BDE81B
:10DA20000840FCF719BB00BF90570224FC570224A2
:10DA30000148FAF7D4BF00BFC05802240A4B82B095
:10DA40000F216FF00100D3F8F42042F00202C3F876
:10DA5000F4200022D3F8F43003F002030193019B79
:10DA600002B0FAF77DBC00BF00440258026882B0E1
:10DA7000094B9A420DD1A3F50063D3F8E02042F49C
:10DA80000022C3F8E020D3F8E03003F40023019330
:10DA9000019B02B0704700BF004C02580F4B07B506
:10DAA00002689A4217D10E4B07215A20D3F8D4208E
:10DAB00042F01002C3F8D4200022D3F8D43003F08F
:10DAC00010030193019BFAF74BFC5A2003B05DF859
:10DAD00004EBFAF777BC03B05DF804FB00100052CA
:10DAE0000044025810B5BAB004461422002103A81D
:10DAF0001EF000FCC822002108A81EF0FBFB2368D2
:10DB0000B3F1A04F38D14FF08062002308A8CDE9CF
:10DB10000823FDF76DFC08B1FFF756FF174B0024F3
:10DB200003A91748D3F8E42042F01002C3F8E42018
:10DB3000D3F8E42002F010020192019AD3F8E02019
:10DB400042F40072C3F8E0200422D3F8E03003F47A
:10DB500000730293029B0223CDE903230D23CDE939
:10DB600005440793FBF752FA7B2022460721FAF778
:10DB7000F7FB7B20FAF726FC3AB010BD00440258B0
:10DB80000024025837B53C4B054602689A4270D1D2
:10DB90003A4B02213A4C4FF0007ED3F8D420DFF804
:10DBA000ECC0204642F02002C3F8D4208022D3F8F3
:10DBB000D43003F020030193019B1123C4E900C377
:10DBC0000023C4E90232C4E9073220222361C4E9F8
:10DBD0000513C4E909E24FF4A0414FF40032C4E94F
:10DBE0000D33C4E90B12FCF724F908B1FFF7ECFE82
:10DBF000002223481146FCF7AAF908B1FFF7E4FE1A
:10DC00002C6313231F4A082125644FF4A0401E4CA7
:10DC1000C4E900230023C022C4E902322022236287
:10DC2000C4E906124FF00071C4E909124FF4203222
:10DC3000C4E90B022046C4E90433C4E90D33FCF700
:10DC4000F8F808B1FFF7C0FE00220F481146FCF7B4
:10DC50007EF908B1FFF7B8FE6C6300220521792038
:10DC60002564FAF77DFB792003B0BDE83040FAF770
:10DC7000A9BB03B030BD00BF0030005200440258C1
:10DC8000FC570224C00100529057022400020052A7
:10DC900010B5B4B00446C822002102A81EF02AFB29
:10DCA0002268184B9A422BD14FF0005200231521C5
:10DCB00002A8CDE90223A1230522CDE90C230223EA
:10DCC000CDE90E334FF40063CDE91013FDF790FB5F
:10DCD00008B1FFF779FE0C4B58200721D3F8E42058
:10DCE00042F00802C3F8E4200022D3F8E43003F045
:10DCF00008030193019BFAF733FB5820FAF762FB04
:10DD000034B010BD0010005000440258F0B5BFB050
:10DD100004461422002107A81EF0ECFAC8220021B4
:10DD20000CA81EF0E7FA2268534B9A4240F0A180FB
:10DD30004FF0007200230CA8CDE90C23FDF758FB2F
:10DD400008B1FFF741FE4D4B022500240926D3F808
:10DD5000D42007A94A480A2742F48042C3F8D420B5
:10DD6000D3F8D42002F480420192019AD3F8E02043
:10DD700042F04002C3F8E020D3F8E02002F0400275
:10DD80000292029AD3F8E02042F02002C3F8E02089
:10DD9000D3F8E02002F020020392039AD3F8E020A7
:10DDA00042F08002C3F8E020D3F8E02002F08002C5
:10DDB0000492049AD3F8E02042F00202C3F8E02073
:10DDC000D3F8E02002F002020592059AD3F8E02091
:10DDD00042F00802C3F8E020D3F8E03003F0080373
:10DDE0000693069B4FF48443CDE90735CDE90944FA
:10DDF0000B96FBF70BF9402307A921480B97CDE9B8
:10DE00000735CDE90944FBF701F9C02307A91D48EF
:10DE10000B96CDE90735CDE90944FBF7F7F84FF448
:10DE2000007307A917480B97CDE90735CDE90944D9
:10DE3000FBF7ECF80C2307A913480B96CDE907353F
:10DE4000CDE90944FBF7E2F8042307A90F480B9634
:10DE5000CDE90735CDE90944FBF7D8F84FF4006365
:10DE600007A90B480B96CDE90735CDE90944FBF727
:10DE7000CDF83FB0F0BD00BF005000520044025842
:10DE80000018025800140258001C025800040258DE
:10DE9000000C0258F0B5B9B00021142201A81EF000
:10DEA00029FA3F4B1968002977D1012208A81A6086
:10DEB000C0221EF01FFA4FF08072002306A8CDE9A1
:10DEC0000623FDF795FA08B1FFF77EFD354B0227D3
:10DED00000260325D3F8D4200C2401A9324842F4AB
:10DEE0008052C3F8D420D3F8D430059403F480537F
:10DEF0000093009B40F2FF63CDE90365CDE9013754
:10DF0000FBF784F8602301A928480594CDE901377F
:10DF1000CDE90365FBF77AF84FF6837301A924482E
:10DF20000594CDE90137CDE90365FBF76FF84FF4B0
:10DF30007F4301A91F480594CDE90137CDE9036569
:10DF4000FBF764F848F2331301A91B480594CDE9A7
:10DF50000137CDE90365FBF759F84CF2037301A9CA
:10DF600016480594CDE90137CDE90365FBF74EF876
:10DF70004FF63F0301A912480594CDE90137CDE9D9
:10DF80000365FBF743F8012301A90E480594CDE989
:10DF90000137CDE90365FBF739F839B0F0BD00BFB3
:10DFA0006C59022400440258002002580004025810
:10DFB00000100258001C025800180258000C0258A9
:10DFC00000140258000802581A4B1A6810B582BB98
:10DFD000194A012440F2FF6118481C60D2F8D4307D
:10DFE00023F48053C2F8D430FBF7FCF860211448C6
:10DFF000FBF7F8F84FF683711248FBF7F3F84FF48C
:10E000007F411148FBF7EEF848F233110F48FBF758
:10E01000E9F84CF203710E48FBF7E4F84FF63F01C4
:10E020000C48FBF7DFF821460B48BDE81040FBF732
:10E03000D9B810BD68590224004402580020025883
:10E040000004025800100258001C02580018025820
:10E05000000C025800140258000802580F2810B58E
:10E0600004468AB002D901200AB010BD0146002240
:10E070003620FAF775F93620FAF7A4F9184B6946F5
:10E0800002A81C60174BD3F8E82042F01002C3F836
:10E09000E820D3F8E83003F010030193019BFDF76B
:10E0A00091F8079BC3B9FDF769F80F4C0F4B23603C
:10E0B00040F2E733E3600E4BB0FBF3F0013800238E
:10E0C000606020462361A360FEF77AF80028CAD179
:10E0D0002046FDF73FFFC7E7FDF750F84000E4E7B3
:10E0E00074000024004402587059022400100040BB
:10E0F00040420F00344BD3F8882042F47002C3F83A
:10E1000088201A6942F010021A61304A136803F03D
:10E110000F03062B05D8136823F00F0343F0070302
:10E1200013602B4B1A6842F001021A6000221A6138
:10E13000284A19680A4025491A600A68100705D557
:10E140000A6822F00F0242F007020A600022224908
:10E150009A61DA611A6299622049D9622049196389
:10E160005A639963DA6319645A64196821F4802147
:10E1700019601A664FF0B042D2F8E43043F480439D
:10E18000C2F8E430174B1B686FF30F03B3F1005F65
:10E1900003D2154B0122C3F808210D4BD3F8D4202C
:10E1A000D2040FD4D3F8D42043F2D20142F48052E7
:10E1B000C3F8D4200D4A1160D3F8D42022F4805241
:10E1C000C3F8D420704700BF00ED00E000200052EB
:10E1D000004402587FEDF6EA000202020000FF014F
:10E1E000800201010010005C0080005100400052DC
:10E1F000044BDA6822F00202DA605A689204FCD515
:10E20000704700BF00480258DFF838D0FFF7F0FF32
:10E21000FFF770FF0C480D490D4A002302E0D45867
:10E22000C4500433C4188C42F9D30A4A0A4C002360
:10E2300001E013600432A242FBD31EF049FAFFF75B
:10E2400003F870470000022000000024C09F002453
:10E25000745E0308C09F002438670224FEE78088AC
:10E26000704770B503680C46002105465B6A984705
:10E2700006462B682846A41B1B6AA4B29847B4FB29
:10E28000F0F070BD00238380704710B5036804462A
:10E2900081885B6A9847A3880133A38010BD036817
:10E2A0005B6A184770470000024A026000228280C1
:10E2B000704700BFBC370308806A7047836A00203C
:10E2C00003E05A1A9B69504250410BB10028F8D024
:10E2D0007047002348618B61836A0BB98162704784
:10E2E0001A469B69002BFBD191617047002203E025
:10E2F00099698162C3E90522836A002BF8D17047CE
:10E300000023836270472DE9F0411F4690F82430C6
:10E310000D46164603B13860846A23E094F8253030
:10E32000FBB1B4F9040085421BDB238981B213FAE7
:10E3300080F000B2854214DAB4F90600864210DBA0
:10E34000638982B213FA80F000B2864209DA236848
:10E35000B21A691A2046D3F8248012B23B4609B299
:10E36000C047A469002CD9D1BDE8F0810022028009
:10E3700042808280C280704770B50D461646846A1E
:10E3800006E023682046324629465B6D9847A4691B
:10E39000002CF6D170BD38B50D46846A05E02B68B7
:10E3A000214628469B689847A469002CF7D138BDC0
:10E3B000704710B504462C2113F0C4F8204610BD58
:10E3C000836AABB18B4207D100219A69596182629D
:10E3D00002B97047996170471A469B698B4205D113
:10E3E000996991610022C3E905227047002BF3D19E
:10E3F0007047836A30B40D46044611461BB9036862
:10E4000030BC1B6E18470DB1AB4203E09361A262B2
:10E4100004E09D4204D19A698A6199614C6102E0ED
:10E420009B69002BF5D130BC704700232DE9F043E8
:10E430009C468D6A1F469E4619461A461E461C4635
:10E44000038043808380C3803BE0B5F90890B9F135
:10E45000000F35DDB5F90A80B8F1000F30DD002C72
:10E46000B5F90460B5F9063001DD002A04DC314657
:10E470001F4642464C461FE0B1428C46BE462144F0
:10E48000A8BFB4469F423A444E44A8BF9E46434468
:10E4900009B212B2774636B21BB2B142ACBFCCEB76
:10E4A0000104CCEB06049A42ACBFCEEB0201CEEBEA
:10E4B000030124B20AB2614601239E469C461E46D1
:10E4C000AD69002DC1D103B14780BEF1000F00D06E
:10E4D0000180BCF1000F00D0C28006B18480BDE88D
:10E4E000F08300002DE9F04F6A4C9FB00646246887
:10E4F000289D94F84D80002403932C80299D2C8026
:10E500001C60CDE90112FFF7FEFEB8F1030F40F3E6
:10E51000BD8031460AA806F08FF8039BD3F800901F
:10E52000B9F1000F21D049460EA806F085F8019BED
:10E53000BDF92840BDF938201C44BDF93C30BDF977
:10E540003A1003EBD37302EB6303029AE41ABDF9AA
:10E550002A301344BDF93E2002EBD27201EB620275
:10E560009B1A5B4304FB043401E04FF0FF34B8F125
:10E570000C0F4FF00303484F0EADD8BF08F1FF3228
:10E58000C246D8BFB2FBF3F300930FCF0FC50FCF36
:10E590000FC50FCF0FC597E80F00002785E80F00C4
:10E5A000009B07F001050EAA01374FF0000B02EBAC
:10E5B0004515BAFBF3F39BB20493049B296811FB46
:10E5C00003F18BB20593019B13FA81F1B6F9043084
:10E5D00009B2994250DB328913441BB299424BDA9B
:10E5E000049B6A6812FB03F293B20693029B13FA30
:10E5F00082F2B6F9063012B29A423DDB70890344CA
:10E600001BB29A4238DA00233046099309ABFFF770
:10E610007AFE099981B349452ED00CA8079106F0DE
:10E620000BF8BDF93400019ABDF930C000EBD07091
:10E63000BDF928300CEB600002991344BDF932C0DB
:10E640001A1ABDF93600BDF92A3000EBD0700B4420
:10E6500007990CEB60001B1A5B4302FB0233A342D9
:10E6600009D2099A1C4603980260289A05981080DE
:10E67000299A0698108089460BF1010B0835BBF1E9
:10E68000040F9AD1009BC2449F4289D11FB0BDE8BC
:10E69000F08F00BFCC59022410110308F0B5B1F976
:10E6A00000208E88B0F900C0164436B2B44504DAB2
:10E6B000858865442DB2AA4205DB00230380438090
:10E6C0008380C38027E0B1F90270CC88B0F90230B2
:10E6D0003C4424B2A342F0DAC4881C4424B2A742CA
:10E6E000EBDA6245B8BF6246BB42B8BF3B46AE42BA
:10E6F000D4BFC2EB0607C2EB050787804D88C988E7
:10E7000002802944438009B2A142D4BFC3EB010572
:10E71000C3EB0405C580F0BD2DE9F34190F8253029
:10E72000A3B3846A94B3B1F90060B1F90250B1F9AE
:10E730000470B1F9068094F8253023B3211D684692
:10E74000ADF80060ADF80250ADF80470ADF8068089
:10E75000FFF7A4FFBDF90430002B14DDBDF906302E
:10E76000002B10DDBDF800306946A28820469B1AB8
:10E77000E288ADF80030BDF802309B1AADF80230E7
:10E7800023689B689847A469002CD4D102B0BDE8E7
:10E79000F08173B590F825300D46164643B3846A70
:10E7A00034B394F825300BB328686B46696803C30B
:10E7B000211D6846FFF772FFBDF90430002B15DDFF
:10E7C000BDF90630002B11DDBDF800306946A28886
:10E7D00020469B1AE288ADF80030BDF802309B1A43
:10E7E0003246ADF802302368DB6D9847A469D7E75D
:10E7F00002B070BD036813B5D3F8B4400023CDE96F
:10E8000000336B46A04702B010BD012380F84F30A3
:10E8100080F871307047012380F84F3080F87130F4
:10E820007047436801225A72406803681B691847A1
:10E83000406803689B68184730B58BB004689DF842
:10E84000585009959DF8545008959DF850500795DB
:10E85000BDF84C5006959DF8485005959DF84450DC
:10E860000495BDF840500395BDF83C500295BDF8A5
:10E870003850CDE900351346246C0022A0470BB078
:10E8800030BD0000044B1B7823B190F8720080F07B
:10E890000100704701207047C059022410B504469A
:10E8A000406803689B68984794F8713013B101235E
:10E8B00084F8723010BD10B50446F4F7C3F9F5F7CB
:10E8C000B1FB60680368DB689847E06803689B6891
:10E8D0009847236820469B6FBDE81040184700000A
:10E8E0007FB503680446604ED3F8C03098470028CF
:10E8F00000F0A98094F84C30022B02D00120F5F7EB
:10E90000F7FA94F86E30002584F86F3094F87D3073
:10E9100084F86E5084F84F5033B123682046D3F802
:10E92000D430984784F87D5094F84E3001256268C1
:10E9300083F001033570537204F02EFC03685B6BA7
:10E94000984794F86F300BB984F86F5004F024FCAA
:10E9500003685B699847206E03681B69984794F8C1
:10E960006F3094F87020013BDBB284F86F300AB14D
:10E97000002BEBD13D4A94F96C10137801335BB254
:10E980009942137014DC0023E06802A9137003AAF3
:10E990000368DB689847236830B1D3F8CC30204651
:10E9A000DDE90212984703E0D3F8D03020469847BB
:10E9B000002360698DF8073058B103680DF1070135
:10E9C000DB68984728B1206E9DF807100368DB6864
:10E9D000984704F1200011F0C1FF94F8743043B35C
:10E9E000206903681B699847A36F054603B91FE0B8
:10E9F000C31A1F4A93421CD9206903689B69984730
:10EA0000A36F6422EB1AB3FBF2F3B0FBF3F3002B1A
:10EA100004DD632B04DCD31ADBB202E0134600E012
:10EA200000232069002184F86D300368DB69984772
:10EA3000A56723682046D3F8E030984704F0ACFB84
:10EA400003689B6B984723682046D3F8C4309847E7
:10EA500094F84C30022B02D00120F5F779FA00230C
:10EA6000337004B070BD00BFBD590224BC590224EC
:10EA700000E1F50510B50446F4F714F900226368C7
:10EA80009A7210BD0166203011F066BF10B586B0D5
:10EA9000044604A8CDE9041204F034F9049B0DF1F6
:10EAA0000E0103A8ADF80C30059BADF80E3004F054
:10EAB00081F994F8731004F12000BDF80C20BDF822
:10EAC0000E3049B100931346B4F86410B4F86820CE
:10EAD00011F052FF58B104E011F090FF012384F8C7
:10EAE0007330BDF90C306366BDF90E30A36606B015
:10EAF00010BD10B5002B49D081EA0200C40709D52A
:10EB00000B44013A03E012F8010F01F8010B8B42AC
:10EB1000F9D83BE0D00742BF12F8010B03F1FF33F5
:10EB200001F8010B012B17D981EA02041046A40752
:10EB300029D023F001040C4403E01288023021F8AC
:10EB4000022B8C420246F8D803F0010304E032F8AD
:10EB5000020B023B21F8020B23F00300084403E000
:10EB60002468043241F8044B88421446F8D803F074
:10EB70000303013A0B4403E012F8010F01F8010B03
:10EB80008B42F9D802E09007E1D1E5E7012010BD02
:10EB900010B590F87330044653B1B0F868300121D5
:10EBA000B0F86420203011F029FF002384F873307E
:10EBB00010BD00002DE9F043054685B000209946C0
:10EBC0000DF10C0C0C4603901746A8690668CDF8A9
:10EBD00004C0BDF830C0CDF800C03668B047134E51
:10EBE0008046A6F80090F2F73DFF03681B6B98473C
:10EBF00010B1012807D00EE03288039B07FB0242C8
:10EC0000A3EB420306E0338807FB0344039B04EBBA
:10EC100044041B1B2B64E86920B1036832881B681D
:10EC2000296C9847404605B0BDE8F083C4590224DA
:10EC30001B4B2DE9F0411C880D4690F881300646AB
:10EC4000076CB4FBF3F4F2F70DFF03681B6B9847F6
:10EC5000012809D002280FD0A0B9124B6C431B88A1
:10EC60005C43A7EB44070DE00E4B6C431B885C43F1
:10EC700004EB44043F1B05E00A4B65431B885D43DE
:10EC8000A7EB8507F069376438B103683946054A50
:10EC90001B681288BDE8F0411847BDE8F08100BF4D
:10ECA000C2590224C4590224F0B58BB0164604465A
:10ECB0000D461F46F2F7D6FE03681B6B98479DF87A
:10ECC0005420236829460790CDE908020C4A2046C3
:10ECD000128806929DF8502005929DF84C200492CF
:10ECE000BDF848200392BDF844200292BDF84020B0
:10ECF000CDE9007200221F6C3346B8470BB0F0BD5F
:10ED0000C45902242DE9F0431F4603688BB0164610
:10ED1000D3F840800D46134B0446B3F80090F2F749
:10ED2000A1FE03681B6B98479DF8583000222946C6
:10ED3000CDE9080302232046CDE90693012305937C
:10ED40009DF854300493BDF850300393BDF84C3017
:10ED50000293BDF84830CDE900733346C0470BB08D
:10ED6000BDE8F083C45902242DE9F0431F4603682F
:10ED700087B00D46D3F85C801646104B0446B3F8B6
:10ED80000090F2F76FFE03681B6B98479DF84430C4
:10ED900032462946CDF80C90CDE904039DF8403069
:10EDA00020460293BDF83C300193BDF83830009303
:10EDB0003B46C04707B0BDE8F08300BFC4590224FA
:10EDC000074B10B51B7804463BB103685B6B984753
:10EDD000236C834201D1606C00E0206C10BD00BF49
:10EDE000C05902242DE9F04F04468FB010460D465D
:10EDF00091461E4607F03CFA002800F0D0802368B8
:10EE00002046DFF8ACA1DB6A984723682046DFF88C
:10EE1000A4811B6B9847BAF80030624F07A8019392
:10EE2000B8F80030DFF884B102933B88ADF81C904D
:10EE30000393BBF80030049307F05EFB388007A80B
:10EE400007F08EFB584B80B21B78ABF800001BB963
:10EE50003B88AAF8003002E0AAF800003888A8F839
:10EE600000004846D4E9108707F002FA0146C4E9D9
:10EE70001000E06920B10368BAF800201B689847C9
:10EE800000222846B5F904901146B5F906A0F2F71C
:10EE900083FB012395F825B085F82530B6F90420C9
:10EEA000B6F90630002A05F104020ADD002B08DD60
:10EEB00068680AAB516803C331460AA8FFF7EEFB46
:10EEC00003E00AAB6868516803C3364B0021B3F90D
:10EED0000020364B0C91B3F90030ADF83420ADF87A
:10EEE000363008ABDDE90A0183E8030018460CA9B7
:10EEF000FFF7D4FB236D0BB9002019E007A807F03A
:10EF00003BFC0646206D03681B6B98478642F3D195
:10EF1000F2F7A8FD0368064607A89B6B059307F068
:10EF20002BFC059B01463046984780F00100C0B29B
:10EF300084F85C0000266B6928462A6808A96E617F
:10EF4000059392689047059B494628466B61524657
:10EF500084F85C6085F825B0F2F71EFB144E019B27
:10EF60002046029A3380134B1A80039A0D4B1A8065
:10EF7000049A0E4B1A802368C4E91087DB6A98470D
:10EF8000236820461B6B9847E56945B12B682046EE
:10EF90001F68FFF715FF328801462846B8470FB0B3
:10EFA000BDE8F08FC8590224BE590224C659022474
:10EFB000C4590224C25902242DE9F0411F468AB0E7
:10EFC0004FF480631546BDF84C800024064608FBCC
:10EFD000075504948DF82040CDE90131BDF840304B
:10EFE000ADF81830BDF84430ADF81A30BDF84830EF
:10EFF000ADF81C30FFF7E4FE00EB4500ADF81E80D5
:10F000008DF8214001A905907068ADF822408DF877
:10F01000244003685B6898470AB0BDE8F0812DE999
:10F02000F0438BB0154698460024BDF850904FF43D
:10F0300000630F46064609FB08550494CDE90134E8
:10F04000FFF7BEFEBDF8483000EB4500ADF81C40B0
:10F05000ADF8183001A90590BDF84C307068ADF8D6
:10F060001A30ADF81E90049708948DF82440036878
:10F070005B6898470BB0BDE8F083000010B59DF8C1
:10F080000C000B2896BF054C0024245CBDF808003A
:10F09000E40802FB001004FB003010BD78380308C0
:10F0A0002DE9F0438DB004461E469DF86C509DF846
:10F0B00060300B2D9DF86400BDF868909DF870805D
:10F0C00013D0022D08D1FF2B04D1002814BF4020FB
:10F0D00020200BE0402009E0FF2B04D1002814BFC2
:10F0E0000420012002E0042000E080200592002797
:10F0F000BDF854208DF82830ADF82020BDF85820F8
:10F100000697ADF82220BDF85C20CDE9030120462A
:10F11000ADF82420FFF754FEBDF8502003463146D9
:10F120002046CDE90098FFF7A9FF9DF874300790BD
:10F1300003A96068ADF826908DF829508DF82A80D3
:10F140008DF82B308DF82C7003685B6898470DB0F4
:10F15000BDE8F0832DE9F04F8DB0154680469B4603
:10F160009DF860A00023BDF864700C46BAF1FF0F53
:10F170009DF8686006930CBF02220822BDF85890E3
:10F18000CDE90323FFF71CFE5A46034629464046B5
:10F19000CDE90076FFF772FF0790C6B9BAF1FF0F0D
:10F1A00015D162091A4B02F4FC6203EA1423C4F37A
:10F1B000C40413431C4347EA09031D43A4B2EB07ED
:10F1C0005FBF7F0802264FEA590904EB0444BDF8EB
:10F1D0005C3003A99DF86C20ADF822300023D8F8EC
:10F1E0000400ADF82090ADF82430ADF826700694F8
:10F1F0008DF828A08DF82B208DF82C308DF8296003
:10F200008DF82A6003685B6898470DB0BDE8F08F01
:10F2100000F8FFFF2DE9F3411F460B4B0D46164644
:10F22000B3F800800446F2F71DFC03681B6B984797
:10F230003B4632462946CDE900802046FFF71EFFB7
:10F2400002B0BDE8F08100BFC4590224F0B58BB014
:10F250001E4604461546BDF854300027CDE901315D
:10F26000BDF840300497ADF81830BDF84430ADF823
:10F270001A30BDF84830ADF81C309DF850308DF88C
:10F280002030FFF79DFD3246294603462046FFF712
:10F29000C1FF0E4B05901B88ADF81E30F2F7E2FB64
:10F2A00003681B6B9847139B8DF8220001A98DF80A
:10F2B0002100049360689DF858308DF824708DF813
:10F2C000233003685B6898470BB0F0BDC459022433
:10F2D000F0B58DB0012504466B46039583E8060022
:10F2E0000023BDF80060BDF80270069303685B6BF5
:10F2F00098473A46314603462046FFF78BFFA36CFA
:10F3000004900793BDF80430ADF82030BDF8063006
:10F31000ADF822300E4B1B88ADF82430ADF8263006
:10F32000F2F7A0FB03681B6B9847FF238DF82900B9
:10F3300003A98DF82A0060688DF828308DF82B50CD
:10F340008DF82C5003685B689847A06C0DB0F0BD39
:10F35000C45902242DE9F0418CB0012604466D46C3
:10F36000039685E806001D460023BDF8007006934D
:10F370000368BDF802805B6B9847424639460346F6
:10F380002046FFF747FFBDF804300490ADF8203069
:10F39000BDF806300795ADF82230104B1B88ADF84C
:10F3A0002430129BADF82630F2F75CFB03681B6B30
:10F3B0009847FF238DF8290003A98DF82A0060687B
:10F3C0008DF828308DF82B608DF82C6003685B6811
:10F3D000984728460CB0BDE8F08100BFC45902240C
:10F3E000F0B585B0044602AD85E80600BDF80860BA
:10F3F000BDF80A70FFF7E4FC314603463A46204662
:10F40000FFF708FF05492268034609882046009156
:10F41000166F95E80600B04705B0F0BDC459022448
:10F4200070B590F872300446FBB10220F4F7C0FDCD
:10F430000023204684F8723084F871302368D3F8B2
:10F44000C850FFF7BDFC01462046A847E56965B1F5
:10F450002B6820461E68FFF7B3FC044B0146284684
:10F460001A883346BDE87040184770BDC45902245D
:10F4700070B505460C46032039B1F4F739FD28690B
:10F4800068B1036801215B6906E0F4F761FD286952
:10F4900028B1036821465B69BDE87040184770BD1C
:10F4A00038B590F87F3004460D468B4209D003688A
:10F4B00011B9D3F8D83001E0D3F8DC30984784F89C
:10F4C0007F5038BD0C4B10B51B78044653B990F8EB
:10F4D0004C303BB9406800F01FF918B16268537AAC
:10F4E000002BFCD0F3F7D6FB20460021FFF7D8FF16
:10F4F0002046FFF765FC10BDC059022470B50446D4
:10F50000036819B9DB6ABDE870401847002290F81B
:10F510007F6080F87F20DB6A984763680121054699
:10F520002046997284F87F60FFF7BAFF284670BDC5
:10F53000D0E90320131A584258417047D0E90323F9
:10F540009B1A002BDCBF82689B18012BCCBF0020CC
:10F550000120704702694368242000FB0230704795
:10F5600003681B691847012370B50372044640689D
:10F5700003689B69984703680546082B0AD8002B47
:10F580003CD0013B072B39D8DFE803F02D26381A91
:10F5900038383820B3F5007F25D00AD8802B22D008
:10F5A00003D8202B1FD0402B01E0B3F5807F1AD069
:10F5B00024E0B3F5806F16D0B3F5006F0CD01DE0DA
:10F5C0002368017F20469B6B984710E02368017FEA
:10F5D00020469B6B984703E023682046DB6B9847E7
:10F5E00023685B6B05E023682046DB6B9847236844
:10F5F0001B6B29462046BDE87040184770BD704718
:10F6000070477047D0E9032310B59B1A002BDCBF6D
:10F6100084681B19012B16DD4368242404FB023384
:10F6200001F1200251F8044B914243F8044BF9D107
:10F630000A781A70C3688268BFF35B8F01339A42FD
:10F64000D8BF9B1AC36010BD03698268BFF35B8F8C
:10F6500001339A42D8BF9B1A0361704770B50446C4
:10F660000E46606803685B6898470028F9D10D4D25
:10F6700028680368D3F880309847F3F719FB2868A7
:10F680000121FFF70DFF6068314603689B689847CA
:10F6900023682046DB6A984728680368BDE8704005
:10F6A000DB6F1847CC59022408B5F3F7F3FABDE82D
:10F6B0000840F3F7F7BA70B50446406803681B6862
:10F6C0009847054630B9237A23B1606803685B69BF
:10F6D00098472572606803681B68984728B92368B3
:10F6E00020465B6ABDE870401847BDE87040F3F7FC
:10F6F000E7BA10B50446142111F024FF204610BDCE
:10F7000010B5044C82600022C0E90041C0E9032228
:10F7100010BD00BF8C380308406803681B68184799
:10F720000023C38483628385806910B103681B69E9
:10F730001847704780ED0C0A704738B50B0E044629
:10F740000D4683770368DB6B9847036829469B68FF
:10F750009847236820461B6C9847A06138BD4177C5
:10F76000704730B50D4600F134040FCD0FC40FCDF6
:10F770000FC42B68236030BD10B5031D0446086814
:10F78000496803C3136804F13400C4F82630536891
:10F79000C4F82A300023A36105F03EFAFF23637703
:10F7A000A3774FF07E5323630123A38410BD000091
:10F7B00070EE417A2DE9F043F5EE407A05462DEDE5
:10F7C0000A8BF1EE10FA87B0F0EE409A0268B0EEC4
:10F7D00060AA9DF86060B0EE419A199FF0EE618AD0
:10F7E000F0EE42AAB0EE62BA12D170EEE17AF5EE16
:10F7F000407AF1EE10FA0BD101F18041926A0139A1
:10F8000053F8211007B0BDEC0A8BBDE8F043104758
:10F81000FF23284605F13408DFF8D892AB77936BC5
:10F820009847B5F90830B0EE690A0446C380F0EE97
:10F830004A0A404605F09FFAF0EE40CA8DED000AF4
:10F84000B0EE490AB0EE60CACDED010A4046F0EED6
:10F85000680A05F090FAF4EE40CAB0EE408A8DEDE9
:10F86000020AF0EE60BACDED030AF1EE10FAB4EE42
:10F8700060CA0CBF01230023F1EE10FAF4EE40CA77
:10F8800063740CBF01230023F1EE10FAA3747FD040
:10F89000B4EE60CAF1EE10FA7AD039EE699A4046B9
:10F8A00078EECA8AF0EE4A0A89EE2A7AC8EE8B7A96
:10F8B000B0EE690AEBEE070AA7EEEA0A05F05BFA7A
:10F8C00099F8003030EECC7ACDED050A012B08BF57
:10F8D000F1EE476A70EE6C7A8DED040A04BFB0EE6B
:10F8E000677AF0EE667AF5EE407AF1EE10FA02D120
:10F8F0000123A3744CE0C7EE276ADFED7A7AF4EEB9
:10F90000E76AC4ED056AF1EE10FA0BD8DFED767AFE
:10F91000F4EEE76AF1EE10FA04DB002363610123E1
:10F92000637435E0012B38EE6C8A7BEECCBA9FED28
:10F930006F7A0BBFB4F90620F0EE4C7A07EE902AEE
:10F94000ECEEE67A02BFF8EEE77A77EEEC7AECEED0
:10F95000667A012BC4ED067A02BFF1EE487AB0EE6A
:10F960006B8AF0EE67BACBEEA67A38EE678AC7EEFE
:10F97000087A84ED078AB5EEC08AF1EE10FAC4ED7C
:10F98000087A40F1A680B1EE488A84ED078AA0E0AB
:10F9900099F80020637C012A57D13BB37BEECC7AE7
:10F9A000DFED536AB4EEEBCA86EEA77AFDEEEB7A92
:10F9B000F1EE10FA17EE903AFDEECC7A1BB217EE8C
:10F9C000902A58BF194612B25CBF13460A4684ED0E
:10F9D000087A63819B1A228107EE903A0023F8EEA1
:10F9E000E77A63740123C4ED077A2CE0A37C002B33
:10F9F0006FD0B4F90630DFED3E6A07EE903AF8EECC
:10FA0000E77A37EEC88A37EEEC0A78EE407AB4EE41
:10FA1000C08A86EEA77AFDEEC87AF1EE10FA17EEEC
:10FA2000903AFDEEC07A1BB217EE902AD8BF194665
:10FA300012B2DCBF13460A4684ED087A63810123C3
:10FA4000228163740023A37443E0E3B13BEECC7ADC
:10FA5000DFED276AB4EEEBCAC6EE877AF1EE10FA54
:10FA6000C4ED087AFDEEEB7A17EE903AFDEECC7A13
:10FA70001AB217EE903A48BF62811BB256BF22817C
:10FA80002381638125E0A37C1BB378EE6C7ADFEDE4
:10FA9000186AF4EEC8CA86EEA77AFDEEC87AF1EECF
:10FAA00010FA17EE903AFDEEEC7A1BB217EE902AA0
:10FAB00058BF194612B25CBF13460A4684ED087A55
:10FAC00063819B1A228107EE903AF8EEE77AC4ED43
:10FAD000077AE7602674AC6107B0BDEC0A8BBDE81D
:10FAE000F08300BF17B7D13817B7D1B800008044F2
:10FAF000FEFF7F44BE59022410B52DED028BF0EEBF
:10FB0000628A00210446B0EE428A11F0B5FAF0EEA6
:10FB1000687A236820469B68FEEEED7A17EE902AFD
:10FB2000F0EE487ABDEC028BFEEEED7ABDE81040B7
:10FB300017EE901A184710B52DED028BF0EE638A80
:10FB400000210446B0EE438A11F05AFBF0EE687AC9
:10FB5000236820469B68FEEEED7A17EE902AF0EEC1
:10FB6000487ABDEC028BFEEEED7ABDE8104017EE50
:10FB7000901A184713B50446406F05F0FCF8F0EEF4
:10FB8000607A2046FEEEED7A17EE902AF0EE407A8B
:10FB9000FEEEED7A17EE901A02B0BDE8104011F0BB
:10FBA000C3B913B50446406F05F0E5F8F0EE607A8E
:10FBB0002046FEEEED7A17EE902AF0EE407AFEEE49
:10FBC000ED7A17EE901A02B0BDE8104011F0F9B9C5
:10FBD000F0B50024DDF81CC0DDE9050725463B44EF
:10FBE00026E013F8016D013E052E21D8DFE806F06E
:10FBF00003030F18030325B90CEB800353F8083CEB
:10FC00000B60ECB90CEB800050F8043C17E00138B5
:10FC10001DB90CEB80052D680D608CB9012507E03E
:10FC200001381CB90CEB80042468146045B9012428
:10FC3000BB42D6D10DB900230B600CB90023136071
:10FC4000F0BD38B52DED0A8BB0EE40BA0446F0EEAB
:10FC500060BA0D46B0EE41AAF0EE61AAB0EE429A4B
:10FC6000F0EE629AB6EE00CA7AEEA98A3AEE098AF6
:10FC700068EE8C8A28EE0C8A3BEEE80A7BEE487A26
:10FC800020EE000AA7EEA70A18F0D4FFB5EE400A4E
:10FC9000F1EE10FA10D179EE4A7A39EEEA7AB0EE46
:10FCA0004A8AF0EE6A8AA7EE8C8AE7EE0C8AA7EE03
:10FCB0000C8AE7EECC8A11E038EE4B8A94ED1F7A7D
:10FCC00078EEEB8A68EE077A87EE808A68EE877AAC
:10FCD000C7EE808A38EE0B8A78EEAB8A022D1CDCE8
:10FCE0000135F0EE6A1AB0EE4A1A2046F0EE682AA4
:10FCF0002946B0EE482AF0EE6B0AB0EE4B0AFFF749
:10FD0000A0FFF0EE680AB0EE480A2046F0EE68AABE
:10FD1000FFF747FFB0EE48AAA6E7F0EE680A2046D4
:10FD2000B0EE480AFFF73DFFBDEC0A8B38BD10B5B9
:10FD30002DED0A8B90F88430B0EE40CAF0EE609A58
:10FD40000446022BB0EE419AF0EE618AB0EE42BA60
:10FD5000F0EE62BAB0EE43AAF0EE63AAB0EE448AC7
:10FD6000F0EE64CA27D1F0EE620AB0EE420AFFF765
:10FD700018FF39EE4B9A7AEEECCA78EEEB8A3AEE3F
:10FD8000488A29EE2C9A68EE888AB4EEE89AF1EE59
:10FD900010FA4EDBF0EE6A2A0121B0EE4A2A204624
:10FDA000F0EE6B1AB0EE4B1AF0EE690AB0EE4C0AA8
:10FDB000FFF747FF3DE0012B34D131EEE26A73EEED
:10FDC000445A71EE427A73EEE46A25EEC67AA7EEE3
:10FDD000A67AB5EE407AF1EE10FA23D024EE638ACB
:10FDE00061EEC28AA4EE838AE1EE228A68EE677A27
:10FDF00028EE468AE5EEA87AA6EEA88A87EE870A5C
:10FE0000C8EE070A90ED207A3CEE40CA79EEE07A1F
:10FE100067EEA77AECEE0C7AB4EEE77AF1EE10FA20
:10FE200000DB0BE0F0EE6B0A2046B0EE4B0AFFF76A
:10FE3000B8FEF0EE6A0A2046B0EE4A0AFFF7B1FEBD
:10FE4000BDEC0A8B10BD000010B52DED0C8B90F8A9
:10FE50008530B0EE409AF0EE609A0446F0EE41AA8A
:10FE6000B0EE61BA03B9B3E0F6EE007A022B71EEA0
:10FE7000408A31EEE08A68EEA78A28EE278A0AD106
:10FE800070EEE80A30EE080AFFF78BFE7BEE680A98
:10FE90003AEE880AA2E0FFF784FEB0EE490AF0EEDF
:10FEA000690ADFED517ADFED51BA2046A8EEA70AC4
:10FEB0009FED4FCAE8EE270ADFED4ECAB1EE68AA01
:10FEC0009FED4DDAA8EE2B0AE8EEEB0AFFF769FE8C
:10FED000B0EE490AF0EE690ADFED487A2046A8EE56
:10FEE000A70AE8EE270AA8EE0C0AEAEE0C0AFFF7CA
:10FEF00058FEB0EE490AF0EE690ADFED417A20467D
:10FF0000A8EEA70AE8EE270AA8EE2C0AEAEE2C0AC9
:10FF1000FFF747FEB0EE490AF0EE690ADFED397AE5
:10FF20002046A8EEA70AE8EE270AA8EE0D0AEAEE98
:10FF30000D0AFFF736FE79EE880A39EE280A2046C8
:10FF400070EEE80A30EE080AFFF72BFEB0EE490A21
:10FF5000F0EE690ADFED2C7A2046A8EEA70AE8EE5B
:10FF6000270AA8EE0D0AEAEE0D0AFFF71AFEB0EE18
:10FF7000490AF0EE690ADFED257A2046A8EEA70AC5
:10FF8000E8EE270AA8EE2C0AEAEE2C0AFFF709FE93
:10FF9000B0EE490AF0EE690ADFED1D7A2046A8EEC0
:10FFA000A70AE8EE270AA8EE0C0AEAEE0C0AFFF709
:10FFB000F8FDB0EE490AF0EE690ADFED167A204648
:10FFC000A8EEA70AE8EE270AA8EE2B0AEAEE2B0A0B
:10FFD000FFF7E7FDF0EE4B0AB0EE6A0A2046FFF7A6
:10FFE000E0FDBDEC0C8B10BD0AD7233D295C8F3E94
:10FFF0009A99193FCDCC4C3F8FC2753FCDCC4C3E2A
:020000040801F1
:10000000CDCCCC3EEC51383F0AD7A33FCDCCCC3F32
:100010006666E63F48E1FA3F70B52DED088BD0EDFE
:1000200023BAF0EE409A90ED22BAB0EE609A30EE2C
:10003000EB8A044630EE4BAA28EE080AAAEE0A0A1A
:1000400018F0F8FDB5EEC00AF1EE10FA5BDD94EDA4
:100050001F7A002694F87850C0EE077A84F8796009
:10006000C8EE278A8AEE278A7BEE28AA78EEA98A2C
:100070003BEEC8AA39EE488A8DB1F0EE4A0A204616
:10008000B0EE6A0AC4ED24AA84ED25AAC4ED268A3E
:1000900084ED278AFFF76EFD84F8786027E094F8F6
:1000A0007A3094ED2A2AD4ED2B2A6BB1F0EE4A1A5D
:1000B0002046B0EE6A1AF0EE620AB0EE420AFFF78E
:1000C000C3FE84F87A5012E0F0EE484AD4ED291AC3
:1000D000B0EE684A94ED281AF0EE4A3A2046B0EEA7
:1000E0006A3AF0EE6B0AB0EE4B0AFFF720FEC4ED61
:1000F00028AA84ED29AAC4ED2A8A84ED2B8AC4EDAE
:10010000229A84ED239ABDEC088B70BD07EE901AFD
:1001100000EE902A9FED050AF8EEE00AF8EEE77A85
:1001200060EE800A27EE800AFFF776BF0000003DF0
:1001300038B52DED028B90F8795004461DB3D0ED03
:100140001F7A90ED238A90ED220A78EE678A38EEC6
:10015000278AF0EE680AFFF70DFD94ED221AF0EE03
:10016000481A2046B0EE410AF0EE680AFFF76CFE2E
:1001700094ED221AF0EE681A2046F0EE480AB0EE2E
:10018000410AFFF761FE2846BDEC028B38BD10B571
:100190002DED028B0446B0EE408AF0EE608AFFF748
:1001A000C7FFC0B92046F0EE680AB0EE480AD4EDA9
:1001B000274A94ED264AD4ED253A94ED243AD4ED1D
:1001C0002B2A94ED2A2AD4ED291A94ED281AFFF748
:1001D000AEFD012000E00020BDEC028B10BDD0ED93
:1001E000251A90ED241AD0ED2B0A90ED2A0AFFF77C
:1001F0002BBE2DE9F04F89B01C46002380469DF8A8
:1002000050B01546159F05910693079387F87AB06D
:10021000DDE912A96FE0013D1AF80530062B05D87B
:10022000DFE803F006041719192B4800264661E0A1
:1002300040462B4607AA06A90094CDE901A9FFF77D
:10024000C7FCDDED070A9DED060A3846FFF7E4FE20
:10025000ECE7A61E00E0661E40462B4607AA06A94C
:100260000096CDE901A9FFF7B3FCDDED070A9DED8E
:10027000060A3846FFF7D0FE3CE0261F023C404607
:100280002B4609EB840407AA06A90096CDE901A92B
:10029000FFF79EFCDDED072A9DED062A384654ED5A
:1002A000011A14ED021AD4ED010A94ED000AFFF7C9
:1002B00023FC1FE0A61F023C40462B4609EB8404AA
:1002C00007AA06A90096CDE901A9FFF781FCDDED9B
:1002D000073A9DED063A384654ED032A14ED042AF8
:1002E00054ED011A14ED021AD4ED010A94ED000A3E
:1002F000FFF721FC3446059B9D428CD8BBF1000FD3
:1003000005D0384609B0BDE8F04FFFF768BF09B027
:10031000BDE8F08FF0EE607A03689B68FEEEED7A40
:1003200017EE902AF0EE407AFEEEED7A17EE901A74
:1003300018470000044B10B5044640F8143B00F089
:100340002DFF204610BD00BF503E03082DE9F04FA1
:100350002DED048BD0ED0C7AB3B005460F46F5EECB
:10036000C07A90461C460026F1EE10FA40F24C810D
:10037000FF23021D9FEDA89A4FF000090093419BB7
:10038000F0EE499A816906A810F07EFCD5ED0C7A52
:10039000A24BB6EE007AF5EEC07AD5ED086A069368
:1003A00005F13403AA7FB0EE498AF1EE10FA2393E7
:1003B0004FF48073A98C2896F0EE498A48BFF1EE7D
:1003C000677AADF89030002329962A96CB4667EEDF
:1003D000877A8DF892308DF85C306B7F26EEA77AA5
:1003E000CDED257A53432B965A1C27EE267A1B0A0D
:1003F0002C962D9613FA82F367EE277A2E96C3F386
:1004000007232F96309631964E46CDED267AADF8DD
:100410009C108DF89E30D6E017F8092009F1010AEA
:10042000062A00F2CF80DFE802F0043C65757A8886
:10043000A9004E452FD20DF11809F0EE490AB0EE91
:10044000690A4846FFF7E8FD4846FFF771FE10BB12
:10045000F0EE490A0590B0EE690A4846FFF797FEAC
:10046000059A40F2011128465B46CDF80C90ADF894
:10047000901031460097CDED289A8DED299ACDE95F
:1004800001425246FFF7B5FEF0EE490AB0EE690AA6
:100490004846FFF77CFEB0EE498A5646F0EE698A80
:1004A00090E04E4510D206AA1046FFF741FE06AA7C
:1004B00050B9039201225B46314628460097CDE9A8
:1004C00001424A46FFF795FE04EB8B0240F201130E
:1004D0000BF1020B4E46D2ED008A92ED018AF0EE4E
:1004E000689ACDED288AB0EE489A8DED298AADF84C
:1004F000903067E004EB8B0206A80BF1020BD2ED03
:10050000008A92ED018AB0EE680AF0EE480AFFF721
:1005100083FD57E004EB8B02D2ED008A03E004EB8D
:100520008B0292ED008AF0EE480A06A8B0EE680A47
:100530000BF1010BFFF770FD44E04FEA8B02F0EE88
:10054000480AB0EE680A06A802F1080102F10C0997
:1005500022440BF1040B2144A144D2ED011A91ED88
:10056000002AD9ED002A92ED001A0591FFF7C4FA8E
:10057000059999ED008AD1ED008A23E04FEA8B02BC
:10058000F0EE480AB0EE680A06A802F1100102F186
:10059000140922440BF1060B2144A144D2ED032A95
:1005A00091ED003AD9ED003A92ED022AD2ED011A0E
:1005B00092ED001A0591FFF7BEFA059999ED008AB0
:1005C000D1ED008AD146C8457FF426AF46450DF1EE
:1005D00018090FD24846FFF7ABFD58B901225B4618
:1005E00031462846CDF80C900097CDE901424246AD
:1005F000FFF7FFFD9DF89E10484610F0D3FB044620
:100600004846FFF797FE00E00124204633B0BDECDA
:10061000048BBDE8F08F00BF00000000B038030875
:1006200010B50446FFF786FEB021204610F08AFF81
:10063000204610BD2DE9F0479846FF2306460F4699
:100640009246021D06F134050024BA442DED068BB6
:10065000A8B09FED889A0093F0EE499A81690BA8A3
:10066000379B10F011FB337FDFED820A28465A1EBC
:10067000B0EE600A534253418DF8703004F07BFBBA
:10068000B0EE40AAF0EE60AAD8E017F8013B062BC6
:1006900008D8DFE803F0040C2D43485C8E000BA85B
:1006A00010F05EFBF0EE6A8AB0EE4A8AC2E008EB18
:1006B0008403284693ED019AD3ED009AF0EE490A9F
:1006C000B0EE690A04F057FB0BA8F0EE607AB0EECA
:1006D000408AF0EE608AFEEEED7A17EE902AF0EE98
:1006E000407AFEEEED7A17EE901A10F01DFC13E042
:1006F00008EB84032846D3ED009A93ED019AB0EEFF
:10070000690AF0EE490A04F036FB0BA8B0EE408A05
:10071000F0EE608AFFF7FEFD02348BE008EB840305
:10072000D3ED009A03E008EB840393ED009AF0EE1A
:10073000490A2846B0EE690A013404F01CFB0BA8F4
:10074000F0EE608AB0EE408AFFF7E4FD72E0A31C91
:100750002846043408EB830353ED010A13ED020A23
:10076000D3ED009A93ED019A04F005FB8DED070A95
:10077000B0EE690ACDED080AF0EE490A284604F009
:10078000FAFADDED081AF0EE602A8DED090AB0EEF6
:10079000402ACDED0A0AB0EE408A9DED071AF0EE30
:1007A000608A0BA8F0EE6A0AB0EE4A0AFFF7A4F9D5
:1007B00040E004F104092846063408EB890959EDA4
:1007C000030A19ED040AD9ED009A99ED019A04F093
:1007D000D2FA8DED050A284619ED020ACDED060A7A
:1007E00059ED010A04F0C7FA8DED070ACDED080AAC
:1007F000B0EE690AF0EE490A284604F0BCFADDEDD5
:10080000082AB0EE403A8DED090AF0EE603ACDEDDF
:100810000A0AB0EE408A9DED072AF0EE608ADDED0F
:10082000061AF0EE6A0A9DED051AB0EE4A0A0BA808
:10083000FFF781F9F0EE68AAB0EE48AABA457FF456
:1008400024AFB27F0BA8737F5343591C1B0A13FAC2
:1008500081F1C1F3072110F0A5FA074B044610A857
:100860000B9300F09BFC204628B0BDEC068BBDE846
:10087000F08700BF00000000503E030810B4047F62
:100880001CB15DF8044BFFF7D5BE5DF8044BFFF7D4
:100890005DBD00002DE9F04F054685B00E46994636
:1008A000D0F8260002ABD5F82A109046DDF838A023
:1008B00002AF03C3BDF90C40002C64DDBDF90E305E
:1008C000002B60DD314A127812B1012A2ED05AE095
:1008D000BDF80A209C181FFA84FB24B221E0BDF960
:1008E0000E30012B0DD001335B10ADF80E304B46AE
:1008F000424631462846CDE900A7FFF7BFFF002852
:10090000EDD0BDF80E20BDF80A3013449BB21A4456
:10091000ADF80A3012B29442BCBFABEB0303ADF8A2
:100920000E30BDF90A30A342E1DB2CE0BDF80830FF
:100930001C441FFA84FB24B221E0BDF90C30012BCA
:100940000DD001335B10ADF80C304B4642463146BA
:100950002846CDE900A7FFF791FF0028EDD0BDF8AC
:100960000C20BDF8083013449BB21A44ADF808308F
:1009700012B29442BCBFABEB0303ADF80C30BDF92F
:100980000830A342E1DB05B0BDE8F08FBE59022478
:100990000B0CC160817403740B0A43747047A0F19F
:1009A0000800F5E708B5054B18680368D3F8AC30C4
:1009B0009847431E5842584108BD00BFCC590224F5
:1009C00070470838704730B40D4602EB42049DF87A
:1009D0001030C2682819BDF90C1030BCF2F7C8B845
:1009E000F2F7A2B810B50446142110F0ABFD204672
:1009F00010BDA0F10800F5E702EB42022DE9F04737
:100A00001144427CBDF92040BDF924609DF8285076
:100A1000002A00F08680B0F9083090ED087AA342F1
:100A2000C26808DBB5EEC07A40F6FC73F1EE10FA4E
:100A3000C8BF00231FE0B0F90A70A74208DCB5EE7A
:100A4000C07A40F6FC73F1EE10FAD8BF002312E032
:100A5000E31AB5EEC07A07EE903AF1EE10FAF8EE2E
:100A6000E77A67EE877AFDEEE77A17EE903AD8BF1D
:100A700003F2FF339B00D35806EB4606027CDCB240
:100A8000C3F30727C3F3074C0E445AB1FF2D09D116
:100A900005E00C70033101F8027C01F801CCB14291
:100AA000F7D3EBE11A0E6A43C2F30F23013213FAB4
:100AB00082F26FEA2220C2F30F2214FB02F4C0B2CA
:100AC00017FB02F71CFB02FCA4B2BFB21FFA8CFC9E
:100AD00022E012F8033C03FB00439BB2591C01EBDC
:100AE00013231B1202F8033C12F8023C03FB0073B1
:100AF0009BB2591C01EB13231B1202F8023C12F8A3
:100B0000013C03FB00C399B2C3F3072301310B443B
:100B100011461B1202F8013C8E4201F10302D8D8A3
:100B2000ACE1827C32B1B0F9082007EE102AB8EEB1
:100B3000C77A16E007EE904A90ED067AD0ED056A86
:100B4000F8EEE77A77EEC77A87EEA67AD0ED087AE4
:100B5000F5EEC07AF1EE10FA44BFD0ED077A37EE29
:100B6000677A07EE903A1A46F8EEE76AF4EEC76A3B
:100B7000F1EE10FA7CD8F7EE007AC76840F6FC7404
:100B800090F8109077EE277A77EEE67A06EE906A84
:100B9000F8EEE66AF4EEE67AF1EE10FA4ABFFDEE00
:100BA000E77A324617EE902AD0ED087AF5EEC07A51
:100BB00002EB420E8E44F1EE10FAC8BF00243C59FD
:100BC000E7B2C4F3072CC4F30748B9F1000F0BD008
:100BD000FF2D09D105E00F70033101F802CC01F8B7
:100BE000018C7145F7D342E0240E6C4304F10109F6
:100BF000C4F30F2414FA89F46FEA2429C4F30F24F0
:100C000017FB04F75FFA89F91CFB04FC18FB04F8D6
:100C1000BFB21FFA8CFC0C461FFA88F823E014F8C8
:100C2000031C01FB097189B201F1010A0AEB1121D0
:100C3000091204F8031C14F8021C01FB09C189B253
:100C400001F1010A0AEB1121091204F8021C14F83F
:100C5000011C01FB098189B201F1010A0AEB112192
:100C6000091204F8011C214603347145D7D31A44F4
:100C700033441BB2934240F30181D0ED077A06EE74
:100C8000902A77EE277AF8EEE66AF4EEE76AF1EE5C
:100C900010FA40F1918006EE103A76EEC76ADFED69
:100CA000785AB8EEC66A067CB4EEE76A90ED086A38
:100CB000F1EE10FAB5EEC06A56BFFDEEE77A1C46BB
:100CC00017EE904AF1EE10FADFED6E7AA4EB020215
:100CD00077FEA57AE6EE267A02EB42020A44DEB1FE
:100CE000FF2D19D115E0BDEEE77AC768033117EE85
:100CF00010CA07EB8C0617F82C7001F8037C777884
:100D000001F8027CB67801F8016C90ED087A77EE74
:100D1000877A9142E7D34CE0D0F80CC00E4644E00D
:100D2000BDEEE77A17EE109A0CEB89081CF82990B3
:100D300098F803706F43791C3F0A17FA81F116F88F
:100D4000037C4FEA112E6FEA1121C9B217FB01F79C
:100D500009FB0E77BFB207F1010909EB17273F1214
:100D600006F8037C16F8027C98F8019017FB01F74F
:100D700009FB0E77BFB207F1010909EB17273F12F4
:100D800006F8027C16F8017C98F8028017FB01F146
:100D900008FB0E1189B24F1C07EB1121091206F84E
:100DA000011C90ED087A77EE877A3146033691423E
:100DB000B6D3A34262DD00E01446D0ED087A1B1BD7
:100DC00040F6FC72C468F5EEC07A03EB4303007C86
:100DD0000B44F1EE10FAD8BF0022A2585FFA82FC51
:100DE000C2F30724C2F3074760B1FF2D0AD106E022
:100DF00081F800C0033101F8024C01F8017C9942EE
:100E0000F6D33BE0120E55436A1CC5F30F2515FAC5
:100E100082F26FEA2226C2F30F221CFB02F0F6B226
:100E200014FB02F417FB02F580B2A4B2ADB221E0CC
:100E300012F8031C01FB060189B24F1C07EB1121BC
:100E4000091202F8031C12F8021C01FB064189B2C8
:100E50004F1C07EB1121091202F8021C12F8011CA9
:100E600001FB065189B24F1C07EB1121091202F850
:100E7000011C11468B4201F10302D9D8BDE8F0876D
:100E8000FEFF7F44000000007047704710B5044625
:100E9000242110F057FB204610BD00007FB50368E9
:100EA0000D46044601469B6E02A89847286869686B
:100EB0006B4603C368461946FDF7F0FBA06A00289D
:100EC00064D00368211DDB68984700285ED0BDF917
:100ED0000450BDF90630002D58DD002B56DD2C4A9C
:100EE000127812B1012A29D050E0BDF802209D18D5
:100EF000AEB22DB21DE0BDF90630012B0AD0013390
:100F00005B10ADF80630236869462046DB6E9847D3
:100F10000028F0D0BDF80620BDF8023013449BB283
:100F20001A44ADF8023012B29542BCBFF31AADF8C4
:100F30000630BDF90230AB42E5DB27E0BDF80030FA
:100F40001D44AEB22DB21DE0BDF90430012B0AD014
:100F500001335B10ADF80430236869462046DB6E30
:100F600098470028F0D0BDF80420BDF800301344A5
:100F70009BB21A44ADF8003012B29542BCBFF31ACE
:100F8000ADF80430BDF90030AB42E5DB04B070BD14
:100F9000BE5902241FB503680446014668469B6E8D
:100FA0009847A368002202A96846CDE90223FDF70D
:100FB00075FB2368694620461B69984704B010BD3D
:100FC000094A4FF48071026000228184FF2182620D
:100FD00080F82610C0E90122C0E90322C0E90522F9
:100FE000C0E90722704700BF6839030800238380E7
:100FF000C3800380438091F82630FF2B01BF0B890B
:1010000083804B89C380704737B504466B460868B8
:10101000496803C3236869462046DB6A9847084B42
:101020001B6893F85C200AB1186D00B998680368D2
:101030006946A26A5D6A94F82630A84703B030BDBD
:10104000CC590224704710B504462C2110F07AFACE
:10105000204610BD90F826202AB190F8252012B124
:1010600003685B6918477047704770B50B880D4679
:101070000446C384084605F03FFA0646284605F0B4
:101080006FFA23680546314620469B6B98472368D4
:1010900029462046DB6BBDE87040184710B591F833
:1010A00028300446FF2B05D0002303804380838033
:1010B000C38002E0263105F087FA204610BD10B546
:1010C00004462C2110F03EFA204610BD2DE9F043D5
:1010D000002389B00646894604A90746CDE90433B2
:1010E00056F8263BDB6A9847304605F005FA8046FD
:1010F000304605F035FAB9F90050B9F804202A4411
:1011000091B212B2002A44DDA84542DDB9F902408D
:10111000B9F8063023441FFA83FC1BB2002B38DDDC
:10112000A04236DD904525EAE57524EAE474B8BFAF
:101130001FFA88F19842ADF81850A1EB0501B8BF2D
:101140001FFA80FCADF81A40ADF81C10ACEB040C93
:10115000BDF91C30ADF81EC0002B1ADD0FFA8CF360
:10116000002B16DD0C4B1B6893F85C200AB1186D40
:1011700000B99868012203683146029297F8282046
:10118000019206AA0092BDF910209C68BDF91230A8
:10119000A04709B0BDE8F083CC590224704710B5D0
:1011A0000446302110F0CEF9204610BD10B504469B
:1011B00000F070FEE06000F073FEE368C0080022FB
:1011C00047F6FF7123610138A26060601980598081
:1011D0009A80DA80636A23F0010343F002036362BA
:1011E00010BD00000A4B10B50360002304464362A3
:1011F000C0E90133C0E90333C0E90533C0E907336F
:101200006FF00043C0E90A33FFF7D0FF204610BD5E
:10121000B43A03082DE9F04F91B00F4602F01F0CCD
:101220001A99029353114C110393009401F01F0477
:1012300004944C11B4EB621F40F0ED800499029AC3
:101240008C454FEA621E026928D1B2F900108E4522
:1012500004D1B2F902108B4200F07384D1889488D3
:10126000214309B281B1B2F9021000290CDBC46A32
:10127000A14209DAD0E90141A14201F1010138BFDF
:101280000832816038BF02610269039BA2F800E066
:10129000538000239380D38000F053BC0299BEEBAF
:1012A000671F4FEA671607F01F0401F01F01B2F82D
:1012B000048000910499A1EB0C010AD1009B8844A1
:1012C0001C44D388A2F8048001FB0434D48000F0CD
:1012D00038BC029DED1B07D4C4F120074FF0010A72
:1012E0004FF02009794306E0029D61434FF0FF3A39
:1012F0004FF000097D1B4C44564491FBF5F705FB6C
:1013000017110029BCBF07F1FF374919B844A2F8EB
:101310000480B2F8068007FB0488A2F80680026900
:10132000D488B2F8048044EA080424B27CB1B2F94B
:101330000280B8F1000F0ADBC46AA04507DAD0E9E1
:1013400001349C423CBF08320261621C8260026927
:101350000024BDF90C30B645168053809480D480AB
:101360000CEB07024CD0049C491BA41A3C446401BA
:1013700094FBF5F805FB1844002CBCBF08F1FF38BE
:10138000641908F101070197D0F810C009195644F3
:1013900054BF019F4746BCF804B058BF491B3A44AC
:1013A000BB44ACF804B0BCF806B00BEB471BACF880
:1013B00006B0D0F810C0BCF80670BCF804B047EA1C
:1013C0000B073FB28FB1BCF902B0BBF1000F0CDBD1
:1013D000C76ABB4509DAD0E9017BBB453CBF0CF1CC
:1013E000080707610BF10107876007694FF0000CE0
:1013F000B6453E807B80A7F804C0A7F806C0C3D1DD
:10140000049B01699A1A8B8813448B80009B2033BC
:10141000A3EB090391E3029BDB1B06938B1A019359
:1014200012D55311002BC0F28C83531A4FF0000ACF
:101430000193009B43EAE3730093069B03FB0CF2CA
:101440004FF0FF33099312E0C26A039B9A42C0F245
:101450007883009B4FF0200A9A42B8BF531CCCF10E
:101460002002B8BF0093069B5A4301230993019BB6
:1014700092FBF3F403FB1423002B059304DA1A46C2
:10148000019B013C1A44059204EB0709E2450269FD
:101490004FEA691E28D1B2F900108E4505D1B2F984
:1014A0000210039B8B4200F0DE80D1889488214398
:1014B00009B281B1B2F90240002C0CDBC16A8C4246
:1014C00009DAD0E901148C4204F1010438BF083272
:1014D000846038BF026102690021039BA2F800E02A
:1014E00053809180D180BEE009F01F03BEEB671FDF
:1014F0004FEA671607F01F05AAEB0C01B2F804804B
:101500000A9308D1D4881D44884401FB0544A2F8FD
:101510000480D480A7E0002C06DB0123C5F120075E
:1015200008932023794305E04FF0FF336943644279
:10153000089300230793079B91FBF4F704FB171113
:101540001D44089B00291E44BCBF07F1FF37091941
:10155000B844A2F80480B2F8068007FB0588A2F818
:1015600006800569EA88B5F8048042EA080212B2EA
:101570008AB1B5F90280B8F1000F0CDBC26A904560
:1015800009DAD0E901329A4202F1010238BF083586
:10159000826038BF056102690025BDF90C30B6458F
:1015A000168053809580D5800CEB07020B934CD0AE
:1015B000AAEB0205091B3D446D0195FBF4F804FB01
:1015C0001855002DBCBF08F1FF382D1908F1010393
:1015D0000C93D0F810C04919089B54BF0C9F474684
:1015E000BCF804B058BF091B3A441E44BB44ACF8D5
:1015F00004B0BCF806B00BEB471BACF806B0D0F853
:1016000010C0BCF80670BCF804B047EA0B073FB244
:101610008FB1BCF902B0BBF1000F0CDBC76ABB4550
:1016200009DAD0E9017BBB453CBF0CF10807076133
:101630000BF1010787600769B6450B9B3E807B80F5
:101640004FF00003BB80FB80C3D10169AAEB02020B
:10165000079B8C88CD8814448C800A9C2034E41A23
:1016600002FB0455CD80099B039A01691A44134675
:10167000B1F90020724503D1B1F9022093421CD088
:10168000CA888C88224312B282B1B1F90240002C80
:101690000CDBC26A944209DAD0E90124944204F1D5
:1016A000010438BF0831846038BF0161026900213C
:1016B000A2F800E053809180D180009A9A4200F015
:1016C0004A81069A01995201019C92FBF1F104FBB7
:1016D00011220391002A069204DA4A1E0392069A06
:1016E00022440692059A0199521ACAF120010C91DE
:1016F000AAEB010105924A46089100E04A46DDE95D
:101700000514091958BF019C059157BF091B03997E
:101710000591039958BF0131002B89444FEA69189C
:10172000C0F2F480C56A9D4240F3F0800C9F0469CA
:10173000BA45B4F9046024D1B4F90020424504D17B
:10174000B4F902209A4200F0E180E288324312B2FA
:101750007AB1B4F90220002A0BDB954209DDD0E909
:101760000121914201F1010138BF0834816038BF85
:10177000046102690021A2F8008053809180D18029
:10178000C4E009F01F07B8EB621F4FEA621502F0D0
:101790001F0CB6B20D9709D1089ABC44089916449B
:1017A000E28801FB0C22A680E280AFE0002907DB83
:1017B000089FCCF120027A4301270B97202707E0EE
:1017C0004FF0FF37089A49420B97002702FB0CF2B3
:1017D0000A9792FBF1F701FB172BBBF1000FBCBF7F
:1017E00007F1FF378B443E44A6800A9EB444E68846
:1017F00007FB0C66E6800B9C06692544B6F804C01E
:10180000F48844EA0C0424B28CB1B6F902C0BCF1ED
:10181000000F0CDBC46AA44509DAD0E90124944224
:1018200004F1010438BF0836846038BF06610469DA
:101830001AB245450E9262804FF000022580A280C8
:10184000E2800C9A07EB020652D0AAEB0604ABEB3F
:1018500001023C440792640194FBF1FE01FB1E442B
:10186000002CBCBF0EF1FF3E64180EF101070F976C
:10187000079AD0F810C01219BCF804B054BF0F9FDB
:101880007746079258BF521ABB443E4458BF07924E
:10189000ACF804B0BCF806B00BEB471B0B9FACF8E0
:1018A00006B03D44D0F810C0BCF80670BCF804B0D7
:1018B00047EA0B073FB28FB1BCF902B0BBF1000F92
:1018C0000CDBC76ABB4509DAD0E9017BBB453CBFED
:1018D0000CF1080707610BF10107876007694545AF
:1018E0000E9A3D807A804FF00002BA80FA80BFD114
:1018F0000269AAEB06060A9C9188314491800D99F1
:101900002031091BD48806FB0144D480099A01695F
:1019100013448C88CA88224312B282B1B1F90240C2
:10192000002C0CDBC26A944209DAD0E9012494420B
:1019300004F1010438BF0831846038BF01610269D5
:101940004FF00001A2F8008053809180D180009A6E
:101950009A427FF4D3AE029BCAF1200402694FEA97
:10196000631C049B9C4228D1B2F900309C4505D1F0
:10197000B2F902300099994200F0E380D38891884F
:101980000B431BB283B1B2F90230002B0CDBC16AEE
:101990008B4209DAD0E901138B4203F1010338BF0E
:1019A0000832836038BF02610369009AA3F800C05F
:1019B0005A8000229A80DA80C3E0029BBCEB691F48
:1019C0004FEA691509F01F0703F01F03B2F804E09E
:1019D0000193049BA3EB040309D101999E440F4496
:1019E000D188A2F804E003FB0717D780A9E0029989
:1019F000B1EB090107D4C7F120064FF001094FF000
:101A00002008734307E002997B434FF00008A9EBDD
:101A100001014FF0FF3947444D4493FBF1F601FBC0
:101A2000163BBBF1000FBCBF06F1FF368B44B6443A
:101A3000A2F804E0B2F806E006FB07EEA2F806E022
:101A40000769FA88B7F804E042EA0E0212B28AB1D6
:101A5000B7F902E0BEF1000F0CDBC26A964509DA65
:101A6000D0E901329A4202F1010238BF08378260A0
:101A700038BF076102690027BDF900A0AC453444B6
:101A80001580A2F802A09780D7804CD0049B1A1B27
:101A9000ABEB010332440093520192FBF1FE01FBD8
:101AA0001E22BA42BCBF0EF1FF3E52180EF10106D3
:101AB0000296009B4D4407699B18B7F804B054BFC9
:101AC000029E7646009358BF5B1AB344344458BF15
:101AD0000093A7F804B0B7F806B00BEB461BA7F8C5
:101AE00006B00669F788B6F804B047EA0B073FB2BC
:101AF0007FB1B6F902B0BBF1000F0ADBC76ABB4584
:101B000007DAD0E901379F423CBF083606617E1CE8
:101B1000866006694FF00003AC453580A6F802A048
:101B2000B380F380C5D10169049B8A881B1B1A44CA
:101B30008A80019A2032A2EB0802C88803FB0203C4
:101B4000CB8011B0BDE8F08F436A9B07F7B5044620
:101B50000E46154611D5D0E9051286EA010385EA3D
:101B600002073B4309D033460095FFF753FB636AF6
:101B700043F00103C4E90565636203B0F0BDF8B545
:101B8000436A164604460D469A0701D4FFF70EFB3A
:101B9000636ADB0704D52046D4E90712FFF7D4FFB8
:101BA000236968117111B3F90020B2EB651F03D1ED
:101BB000B3F9022091421BD0DA889F883A4312B2CF
:101BC00082B1B3F90220002A0CDBE76ABA4209DAD3
:101BD000D4E90172BA4202F1010238BF0833A260AF
:101BE00038BF236123690022188059809A80DA80E7
:101BF00065612662C4E90665F8BD2DE9F04FD1B0F4
:101C000000EBC1016C4626460B1A00F10802482B76
:101C100040F3FC801B11B0F90090B0F9028050F83D
:101C2000337000EBC305B0F904E00760B0F906C0FB
:101C30006F68476020F83390A1F10803A5F802808F
:101C4000A5F804E0A5F806C031F9065CB0F90A7001
:101C5000BD4206DB19D1B0F908C031F9085CAC45CA
:101C600013DD51F8085CB0F90880B0F90CE0B0F968
:101C70000EC0156051F8045C556021F8088C21F8FD
:101C8000067C21F804EC21F802CCB0F90270B0F91E
:101C90000A50AF4206DB16D1B0F900C0B0F90850C7
:101CA000AC4510DA1568B0F90080B0F904E0B0F97D
:101CB00006C005605568A0F8088045604781A0F817
:101CC0000CE0A0F80EC031F9065CB0F90270BD421C
:101CD00006DB1BD131F908CCB0F90050AC4515DA60
:101CE00051F8085CB0F90080B0F904E0B0F906C022
:101CF000056051F8045C456021F8088C21F8067CE9
:101D000021F804EC21F802CC00E02A46B2F90A805E
:101D100002F10805B0F90270AC46B845F5DB05D113
:101D2000B2F90890B0F900E0F145EEDB33F906ECCA
:101D3000083B7745FADB04D09D42D3F800E007D991
:101D400019E0B0F90090B3F900E0F145EEDBF3E7FC
:101D5000B2F908C0B2F90C70B2F90E20C5F800E073
:101D6000D3F804E0C5F804E0A3F800C0A3F80280AB
:101D70009F80DA80C9E71A1AA1EB050BB0F900A021
:101D80005A45B0F90490B0F90680C0F800E0D8BF19
:101D90002A46D3F804E0D5BF0D46024684461D46C8
:101DA000C0F804E0D8BF19466046A3F800A05F80E1
:101DB000A3F80490A3F80680C4E90025083423E7BB
:101DC000B3F91270B3F90A50AF4208DB01D0083200
:101DD0001CE0B3F910C0B3F90850AC45F7DA9D68C0
:101DE00003F1080CB3F91090083BB3F91C8060456F
:101DF000B3F91EE09D615D69A3F81090DD615F821B
:101E0000A3F81480A3F816E0E1D0D9E7914202D9F3
:101E1000A2F11003D4E7B44203D954E90201083C0B
:101E2000F2E651B0BDE8F08F10B5436A0446DA0718
:101E300007D5D0E90712FFF787FE636A23F0010395
:101E40006362636A9B0722D52369DA8899880A430B
:101E500012B282B1B3F90220002A0CDBE16A8A4295
:101E600009DAD4E90112914202F1010288BF083374
:101E7000A26088BF2361A16829B16368994202D832
:101E8000E068FFF7BAFE636A23F002036362E0686A
:101E900010BD0000014B1868704700BFD4590224E0
:101EA000014B1868704700BFD059022410B5036871
:101EB0000C461B6B9847031B5842584110BD00004D
:101EC000014B1960704700BFD85902242DE9F04F2B
:101ED000964697B0054614460E461F460DF11C0C5B
:101EE000BDF888809DF88C90BDF890A0BEE80F00EA
:101EF000ACE80F00DEF8003004F1140ECCF800302E
:101F00000DF1300CBEE80F00ACE80F00DEF8003039
:101F100004F1280ECCF800300DF1440CBEE80F009F
:101F2000ACE80F00DEF800303146219A2846CCF8A4
:101F300000302B680192209ACDF80880009207AA01
:101F4000CDE9039AD3F840B03B46D847A6460DF1F9
:101F50001C0CBEE80F00ACE80F00DEF8003004F106
:101F6000280E3C34CCF800300DF1300CBEE80F00E8
:101F7000ACE80F00DEF80030CCF800300DF1440C76
:101F80000FCCACE80F00236831462846CCF800306F
:101F90002B68CDE9039A219ACDF808800192209A06
:101FA000009207AA1C6C3B46A04717B0BDE8F08F13
:101FB0002DE9F04F8DB088461968169C92ED094ABC
:101FC0002468D2ED0B4AA4EB010C189CD3ED076AF0
:101FD000B4F900E0BDF87040DDF864900EEB010646
:101FE0006445D3ED0A1A93ED0D2AA8BF644607EEA7
:101FF000904AB8EEE75AD2ED0D7AB9F9002025EEF5
:10200000044AB24265EE244A25EE275AF7EE007ADA
:1020100071EEA40A32EE051A87EEA67A36EE840A2D
:1020200061EE871A22EE072A29DD951B95FBF4F74E
:1020300007EE107A002F04FB1755B8EEC77AA7EE0B
:10204000040AE7EE240AA7EE051A12DD70EE446AD0
:1020500070EEE41A31EE452AF5EE406AF1EE10FA20
:1020600014BF87EEA67AB0EE677A61EE871A22EE89
:10207000072A07FB04FAACEB0A0C514401E00027E5
:102080003D46B9F804904A440EEB010912B2E1440E
:102090009145C4BFA2EB0E02A2EB010CBCF1000FF4
:1020A00050DD9CFBF4F104FB11C20AB90139224650
:1020B000C7EE803A40689DF86CB02E44D0F800A07E
:1020C0000029D4BF9146A1460B90179804FB0766E0
:1020D000B0EE427ACDF824B00890F0EE617A18980C
:1020E0005B69BEEEC87AB0F902B0FEEEC87A0B9812
:1020F0005B44079317EE103ACDE9058660EEA32AFC
:1021000021EE233A72EEE16AFEEEC86A16EE90CA3C
:1021100073EE426A9CFBF4FCFEEEC86A16EE90EA8F
:102120009EFBF4FE0EFB0533029317EE903A0CFB78
:102130000533CDE903CECDE90043A9EB0503DAF879
:102140000840A0470DB0BDE8F08F00002DE9F04F2A
:102150000D461F460646084614462DED088BB2F97B
:102160000630B3B0B2F904B00BEE903A04F0C4F903
:1021700009EE100A284604F0F3F9834B08EE900AA2
:10218000B8EEC99A1B78F8EEE88A9FED808A012B99
:102190000CD0F0EE689AF0EE68AAB0EE49BAF0EE14
:1021A000498AB0EE48AAB0EE489A07E0F0EE499AA4
:1021B000B0EE68AAF0EE48AAB0EE48BA38680FAAA6
:1021C00079680DF14C090DF13C084FF0000A03C28B
:1021D000C2E9000121881746BDF8443020680B444D
:1021E0006188ADF84430BDF846300B446168ADF805
:1021F000463013AB03C3484600F00AFEB4F904109E
:10220000B4F906304046ADF8581015A9ADF85A306B
:10221000CDF854A000F040FE384600F0F9FD284605
:1022200004F024FA0446002800F0A88007EE90BAD3
:1022300015AA0BA907A8B8EEE77A8DED078AF8EE84
:10224000EB7A8DED0A8A8DED0B8A8DED087A8DED96
:10225000097ACDED0D7ACDED0E7A8DED0C8A00F078
:10226000FFFD15AA0CA908A800F0FAFD15AA0DA9F2
:1022700009A800F0F5FD15AA0EA90AA800F0F0FDC6
:10228000DDED0B7A8DED218AB0EE677ADDED087A0F
:102290008DED229AF0EE676ADDED0C7ABEEECE7A15
:1022A0008DED26BA8DED278AFEEECE6ACDED2B8A16
:1022B00017EE103AB0EE677ADDED097A1F93B0EEB3
:1022C000676ADDED0D7A324BBEEECE7ACDED236A34
:1022D000BEEECE6A209325932A9316EE100AB0EE36
:1022E000676ADDED0A7A2F93BEEECE6A294B8DED3B
:1022F000247A1B8816EE101AB0EE676ADDED0E7AAE
:10230000CDED2CAABEEECE6A8DED30AAFEEECE7AD1
:10231000CDED319ACDF85CA016EE102A9DED076A3E
:10232000CDED2E7ABEEECE6A2D92CDE9280128465B
:102330008DED1E6ACDE9183404F0C8F91A902846CC
:1023400004F0DAF81B90284604F00AF91C9028469D
:1023500004F0D2F84FF6FF72336817A904929DF883
:1023600014211D9030460392BDF81021CDF8009045
:10237000CDE901721EAA5C6C19ABA04733B0BDEC6D
:10238000088BBDE8F08F00BFBE590224000000009A
:102390000000C842C45902242DE9F04FD9B01F46AD
:1023A00006461446BDF890310E91394609939DF8C2
:1023B00094310A93BDF898310F9303689D6CDDE961
:1023C0000923A8477060002800F08B833B68F2EE79
:1023D000047A94ED027A12937B68B4EEE77AA069EE
:1023E0001393B04B1978D7E90223002916BF194679
:1023F00011461346F1EE10FA14916168CDE91532D9
:10240000E36A40F26E8394ED077AB4EEE77AF1EE78
:1024100010FA40F2668394ED0C7AB4EEE77AF1EEAE
:1024200010FA40F25E8327689F4A9742C0F25983B0
:1024300065699542C0F25583A26ADFF87CC202F555
:102440001C32FF32624500F24C83984A974200F3F7
:102450004883954200F3458301F51C32944DFF32C9
:10246000AA4200F23E8300F51C32FF32AA4200F27B
:10247000388303F51C32FF32624500F23283814219
:1024800006DA99420EDC98420FDA022501270EE0A7
:10249000984211DC994216DA022503274FF0000812
:1024A000A94615E00125002708E001250227A946D5
:1024B000B8464FF0000A0DE000250127A946B846AE
:1024C0004FF0020A06E0022703254FF00009B84644
:1024D0004FF0010A214647A803F0F6FC2246534676
:1024E00047A917A8CDF8009003F0DCFD224653461B
:1024F00047A927A8CDF8008003F0D4FD4346224623
:1025000047A937A8CDF8009003F0CCFDAF4210AF3B
:10251000B7BF0023012327AD17ACB1BF0D9317AD93
:102520000D9327AC0E9B93E8030087E8030028B9BE
:10253000604B18680368DB6A98473860629B616982
:10254000B3F90230639819440B93639BC088B3F9C5
:1025500002302D9A184400B281420C900CDA994254
:1025600080F29480002A40F391805B1A9342A8BFC6
:10257000134603F1FF3B05E0002A40F3878002F198
:10258000FF3B13462C99DDED317A01F1020E9DEDF2
:10259000326A9DED347A01F1010CDDED355ADE44ED
:1025A000DDED2E6A9DED2F5A2B98DDED304A9DED25
:1025B000334ADDED363ADDE92779DDE929A800E087
:1025C000DC46504477EE867A37EE257A4F44404514
:1025D00076EE856A08DB76EEA46A013777EE847AB8
:1025E000A0EB080037EE237A0CF1010BDE45E7D1B2
:1025F00011442B90CDED2E6AA1EB0C018DED347AB8
:10260000CDED317A2797DDED217A9DED226A9DEDA2
:10261000247ADDED255ADDED1E6A9DED1F5A1B98CB
:10262000DDED204A9DED234ADDED263ACDE92CC1B2
:10263000DDE91C1CDDE9177ADDE919BE884603EBEC
:102640000109584477EE867A37EE257A574470456B
:1026500076EE856A01F1010108DB76EEA46A0137A6
:1026600077EE847AA0EB0E0037EE237A4945E8D165
:10267000C4441B90D21ACDED1E6AACEB01008DED67
:10268000247ACDED217A1797CDE91C1063690DF1FD
:1026900048080B9919440B460C99CF1A9742A8BFCA
:1026A0001746B0E0BE590224018FFDFF0071020001
:1026B000FFE10400CC590224FEE10400629B29687A
:1026C000B3F90020639B1144B3F9003099421BDD3C
:1026D00021680A44639989880B441BB29A4213DC2F
:1026E0000F9A10A93368304606920A9A009505920F
:1026F000099A0492639A0392629ACDE9018247AAE9
:10270000D3F84C902346C84794ED0A7AD4ED0B7A5F
:10271000D4ED0E6A37EE277AD4ED0D7AA16877EE04
:10272000A67A94ED086AD4ED076A84ED0A7A76EE0B
:10273000866AC4ED0D7AD4E90023C4ED076A1A4411
:102740006369013322606361A369013BA36123696B
:102750000B44E1688B42236115DB94ED096A013279
:102760005B1A76EE266A22602361C4ED076AD4ED17
:102770000C6A36EE877A84ED0A7A94ED0F7A77EE5A
:10278000277AC4ED0D7A95ED0A7AD5ED0B7AD5ED61
:102790000E6A37EE277AD5ED0D7AA96877EEA67A1C
:1027A00095ED086AD5ED076A85ED0A7A76EE866AB8
:1027B000C5ED0D7AD5E90023C5ED076A1A446B69AA
:1027C00001332A606B61AB69013BAB612B690B4440
:1027D000E9688B422B6115DB95ED096A01325B1AC2
:1027E00076EE266A2A602B61C5ED076AD5ED0C6A84
:1027F00036EE877A85ED0A7A95ED0F7A77EE277AAD
:10280000C5ED0D7A013F002F3FF758AF0D9B3D9A64
:1028100013B117AD37AC01E037AD17AC629B6169FE
:10282000B3F90230639819440B93639BC088B3F9E2
:102830000230184400B281420C900CDA994280F2C6
:102840009480002A40F391805B1A9342A8BF1346FC
:1028500003F1FF3B05E0002A40F3878002F1FF3BD4
:1028600013463C99DDED417A01F1020E9DED426A7D
:102870009DED447A01F1010CDDED455ADE44DDEDBC
:102880003E6A9DED3F5A3B98DDED404A9DED434A3F
:10289000DDED463ADDE93779DDE939A800E0DC46CF
:1028A000504477EE867A37EE257A4F44404576EEEF
:1028B000856A08DB76EEA46A013777EE847AA0EBAE
:1028C000080037EE237A0CF1010BDE45E7D1114405
:1028D0003B90CDED3E6AA1EB0C018DED447ACDED40
:1028E000417A3797DDED217A9DED226A9DED247ABC
:1028F000DDED255ADDED1E6A9DED1F5A1B98DDEDBD
:10290000204A9DED234ADDED263ACDE93CC1DDE9C3
:102910001C1CDDE9177ADDE919BE884603EB0109C5
:10292000584477EE867A37EE257A5744704576EE2E
:10293000856A01F1010108DB76EEA46A013777EEC2
:10294000847AA0EB0E0037EE237A4945E8D1C444DF
:102950001B90D21ACDED1E6AACEB01008DED247AEE
:10296000CDED217A1797CDE91C1063690DF1480868
:102970000B9919440B460C99CF1A9742A8BF1746DA
:10298000A4E0629B2968B3F90020639B1144B3F96A
:10299000003099421BDD21680A44639989880B4401
:1029A0001BB29A4213DC0F9A10A933683046069284
:1029B0000A9A00950592099A0492639A0392629A80
:1029C000CDE9018247AAD3F84C902346C84794ED3D
:1029D0000A7AD4ED0B7AD4ED0E6A37EE277AD4ED6D
:1029E0000D7AA16877EEA67A94ED086AD4ED076AAD
:1029F00084ED0A7A76EE866AC4ED0D7AD4E9002376
:102A0000C4ED076A1A446369013322606361A369F4
:102A1000013BA36123690B44E1688B42236115DB11
:102A200094ED096A01325B1A76EE266A2260236110
:102A3000C4ED076AD4ED0C6A36EE877A84ED0A7A23
:102A400094ED0F7A77EE277AC4ED0D7A95ED0A7A38
:102A5000D5ED0B7AD5ED0E6A37EE277AD5ED0D7AE6
:102A6000A96877EEA67A95ED086AD5ED076A85ED37
:102A70000A7A76EE866AC5ED0D7AD5E90023C5EDB2
:102A8000076A1A446B6901332A606B61AB69013BC9
:102A9000AB612B690B44E9688B422B6115DB95ED2B
:102AA000096A01325B1A76EE266A2A602B61C5ED4F
:102AB000076AD5ED0C6A36EE877A85ED0A7A95EDD0
:102AC0000F7A77EE277AC5ED0D7A013F002F3FF799
:102AD00058AF0E9B1B6823B9034B186803681B6B28
:102AE000984759B0BDE8F08FCC59022410B5032B9C
:102AF00018D8DFE803F002060C13B0F90000084410
:102B000011E003888188581800B2801A04E0038815
:102B10008288981800B2401A013804E0B0F9000029
:102B2000104400E0002010BD10B5032B18D8DFE8DA
:102B300003F002060A10B0F90200104411E0B0F9E7
:102B4000020008440DE04388C188581800B2801A7A
:102B500004E04388C288981800B2401A013800E0A7
:102B6000002010BD014B00221A607047D859022482
:102B70000346C0B1B0F5803F36BF030400201020EB
:102B8000B3F1807F3CBF1B020830B3F1805F3CBFD4
:102B90001B010430B3F1804F3CBF9B000230002B7F
:102BA00002DB01307047202070472DE9F04F87B0DD
:102BB00004460D461E46109F104602E035461C4650
:102BC0000026002C51D000284CD045EA06031F2BCC
:102BD0004AD845B903462046002EEFD14FF0FF34C6
:102BE0006FF0004042E030FA05FA05D14443B4FBEF
:102BF000F7F007FB104439E04FF0010804FA05F93B
:102C0000224608FA05F8B9FBF7FB08F1FF380AFB82
:102C10000BF308EA000803934046FFF7A9FF119B56
:102C200001464046CDE900732B46FFF7BEFF07FB88
:102C30001B928046A9191046FFF79AFF034605A884
:102C4000CDE900705046FFF7B0FF119B1C68059B53
:102C50001C44039BB4FBF7F2D31807FB1244434414
:102C6000184403E0044601E000242046119B1C6048
:102C700007B0BDE8F08F2DE9FF410A9DB0F10008D3
:102C80001C46BDBF2B68C8F100084FF0FF36012677
:102C9000BCBF5B422B60002A04DA2B6852427642AA
:102CA0005B422B60002C1046BABF64424FF0FF37E6
:102CB0000127FFF75DFF034603A8CDE9004040462A
:102CC000FFF773FF039A2B68BE42134493FBF4F2A1
:102CD000104404FB123318BF4042013603D0002BCE
:102CE00006DB1A4609E0002BC3F1000203DB04E017
:102CF00001381A1901E00138121B2A6004B0BDE83E
:102D0000F08100002DE9F04F1F4C85B00646A56903
:102D1000D0E9009795B305EBD572A3680DF10C0AC5
:102D200003EB6203CDF800A04FEA620BE1694A466B
:102D300003932B462068FFF79EFF3A46CDF800A08C
:102D400080462B46216A6068FFF795FF63694A4613
:102D5000CDF800A05B448044616A03932B46E06891
:102D6000FFF789FF8146CDF800A03A462B46A16ABD
:102D70002069FFF780FF09EB0007C146C6E900970D
:102D800005B0BDE8F08F00BFDC590224074B1B786B
:102D9000012B09D1B1F90030B0F900200380044BB8
:102DA0001B88013B9B1A0B80704700BFBE59022451
:102DB000C8590224074B10B51B78012B08D1064BCC
:102DC0000C881B88B0F90020013B1B1B03800A8084
:102DD00010BD00BFBE590224C85902240A4B10B5C9
:102DE0001B78012B0ED1B0F906104288074B0A441C
:102DF000B0F900401B8844809B1A0380B0F904306E
:102E00008180C38010BD00BFBE590224C85902246E
:102E1000084B1B78012B0CD14388B0F904100288B1
:102E20000380054B0A441B889B1A4380C388C180DA
:102E300083807047BE590224C8590224074B10B53D
:102E40001B78012B08D1B1F90030B0F900400380A4
:102E50009388013B1B1B0B8010BD00BFBE59022491
:102E60000B4B1B78012B11D10B6890ED007A03609E
:102E7000B2F90430DFED076A07EE903AF8EEE77A30
:102E800077EEE67A77EEC77AC1ED007A704700BF39
:102E9000BE59022417B7D13838B5094B0A461B78FA
:102EA000012B0CD1B0F90450014603882B44013B9F
:102EB00021F8023BFFF7C2FFC388C580838038BD7D
:102EC000BE590224064B0021B3F90020054BC0F87F
:102ED0003011B3F90030A0F83421A0F83631704732
:102EE000C8590224C6590224034B186810B103685C
:102EF0009B691847704700BF185A022470470000AA
:102F0000094B07B5B3F900200021084B0091694631
:102F1000B3F90030ADF80420ADF8063003689B6CBF
:102F2000984703B05DF804FBC8590224C65902242F
:102F3000094B82B00021B3F90020084BADF8042002
:102F400002AAB3F900300091ADF80630036812E927
:102F500006001B6C02B01847C8590224C659022447
:102F6000034B186810B10368DB691847704700BF4E
:102F7000185A0224034B186810B103681B6A1847DB
:102F8000704700BF185A02240023A0F8EC307047A5
:102F9000034B186810B103689B6A1847704700BF5D
:102FA000185A0224704710B504464FF49E710EF073
:102FB000C9FA204610BD002804DD0029CCBF00203E
:102FC000012070470120704710B5B1F900408A8890
:102FD000B0F90030224412B2934215DA82881344C9
:102FE0001BB29C4210DAB1F90230C988B0F9022054
:102FF000194409B28A4207DAC1880A4412B29342DC
:10300000ACBF0020012000E0002010BDF8B5B1F9F0
:10301000047004460B46B1F906103846FFF7CBFFA3
:10302000E0B9B3F90050B4F90060B54216DBB3F96A
:103030000230B4F90220934210DBB4F804C03D44DE
:1030400066442DB236B2AE4208DBE0880B4402443F
:103050001BB212B29A42B4BF00200120F8BD2DE984
:10306000F843B1F904800346B1F906700A464046B8
:103070003946FFF7A0FF00283CD1B3F90490B3F91B
:1030800006104846FFF797FFB2F9004050B11C8088
:10309000B2F902105980B2F904109980B2F90620F1
:1030A000DA8027E0B3F90000B2F90220A042B3F9B8
:1030B000025084464844A8BFA44695422E46444444
:1030C000A8BF16460D443A4400B224B2A3F800C08B
:1030D0002DB25E8012B2A042ACBFCCEB000CCCEBA8
:1030E000040C9542ACBFC6EB0506C6EB0206A3F87E
:1030F00004C0DE80BDE8F883B0F90030002B10B5C5
:1031000004DA84882344838000230380B0F90040DC
:10311000B0F90430091B8B42B0F90230C8BF81807E
:10312000002B04DAC1880B44C38000234380B0F92C
:103130000210B0F90630521A9342C8BFC28010BDC7
:10314000104B10B50C46B3F900200F4B2046B3F9D5
:103150000010FFF7D1FF0D4B186890B103682146AE
:103160009B6898470A4B186818B1036821469B680A
:103170009847084B214618680368BDE81040DB6992
:10318000184710BDC6590224C8590224185A0224EF
:10319000105A0224CC590224014B1868704700BF12
:1031A0001C5A0224002310B5A0F8A4300446B0F83D
:1031B0008030A0F8A6300DE0E21892F8842022B109
:1031C00054F8230003681B6D9847B4F8A43001330A
:1031D000A4F8A430B4F8A430B4F8A6209A42EBD8EE
:1031E00010BD30B50022B0F8804000F184050FE03A
:1031F00050F822308B420AD1AB5C43B1013B8118BD
:10320000DBB281F8843033B940F8223003E0013278
:1032100093B29C42ECD830BD002200F18303A3306E
:1032200020F8232C03F8012F8342FBD170470000C4
:1032300070B50B4E04460D46306810B103685B69EB
:103240009847201DFFF7E8FF35602B682846DB68AC
:103250009847236820465B6CBDE87040184700BF64
:10326000185A02240023B0F8A4102DE9F0411A46A0
:10327000B0F880E000F183061C461D461AE016F8FF
:1032800001CFBCF1000F0CD09A4208D050F8237047
:103290001FFA82F840F82870871887F884C0013236
:1032A00007E09942B0F8A670A8BF01359F42C8BF99
:1032B000013401339E45E2DCB0F8A630491B1B1BEC
:1032C000A0F8A410A0F8A63002E0013BA0F88030DE
:1032D000B0F880309342F8DCBDE8F08170B5164E4E
:1032E0000446306830B1037A23B984F83831036872
:1032F0009B681DE094F83831104D73B968B1037ABA
:103300005BB1286810B103681B699847306803688F
:10331000DB689847012384F8383104342046FFF7EE
:1033200041FF2046FFF79EFF286820B103685B6AD3
:10333000BDE87040184770BD145A0224185A022480
:10334000F8B500230C46B0F8805000F1830619460A
:1033500011E050F8237016F8012FA74206D1FF2A7A
:103360001ED00344013283F8842019E0002A03F1BF
:10337000010308BF01219AB29542EAD819B1202D64
:1033800001D1FFF76FFFB0F880301F2B08D8C218AB
:10339000012182F884105A18A0F8802040F82340B8
:1033A000F8BD034600F1400100221A80083323F8DB
:1033B000062C23F8042C23F8022C8B42F5D1A0F81C
:1033C00040207047F8B51A4B06460446002546F8DB
:1033D000043BA8220021304618F08CFF04F1AC0019
:1033E000A4F88450FFF7DDFF04F1EE00FFF7D9FFEA
:1033F0001049114884F83851104FC4E94C550DF06C
:1034000027FA0F4B08B11D8006E04FF480620220BE
:103410001A80386001F0EEFE00230A4A304613603D
:10342000094A3B601360FFF7F7FE2046F8BD00BF76
:10343000C43A0308CDB5E8B5C2A507F4185A02246A
:10344000800000241C5A0224145A0224B0F8403090
:10345000013B9BB28B4210B5A0F8403009D900EB7C
:10346000C30450F8333000EBC10240F831306368D8
:10347000536010BD37B56B46044683E80600B0F8CC
:103480004020072A08D8511C00EBC205A0F84010C4
:1034900003CB44F83200696003B030BD2DE9F04F32
:1034A0008FB083460AAB0AA883E80600984BB3F9AD
:1034B0000020984BB3F90010FFF71EFEBDF92E1047
:1034C000BDF92C00FFF777FD002840F02A83924BCE
:1034D0001B6893F84C30022B00F02383BBF8EC40C0
:1034E0000BF1AC05013C0AE005EBC4010AA8FFF7AB
:1034F0008DFD18B1A1B22846FFF7A8FF013C611C61
:10350000F2D1BBF8EC300BEBC305029300242E463E
:10351000DDF8088027467AE00AA906F1A400FFF743
:1035200053FD00286ED0BDF928E0B6F9A4C0BDF95E
:103530002A20E645B6F9A6A033DBB6F8A810BDF8F8
:103540002C306144734409B21BB2994229DBBDF8A7
:103550002E305245B6F8AA101FFA82FE13FA82F3F3
:103560001FFA8AFC11FA8AF19BB289B209DB5B1A55
:103570001BB2002BADF82E3040F3D382ADF82A10E9
:103580000DE009B21BB299423DDBACEB0E0C0FFA19
:103590008CFCBCF1000FADF82EC040F3C282044693
:1035A00030E052452FDBB6F8AA30BDF82E10534458
:1035B0000A441BB212B2934225DBB6F8A820E645B6
:1035C000BDF82C301FFA8EFA12FA8CF21FFA8CF129
:1035D00013FA8EF392B29BB209DB9B1A1BB2002B3B
:1035E000ADF82C3040F39D82ADF82820D7E71BB210
:1035F00012B2934207DCA1EB0A0109B20029ADF82F
:103600002C10CAE7384608F1FF38083E0746B8F1E3
:10361000000F81D1002C7FF479AF2FB9BBF8EC50AB
:103620006C1E0BEBC505EFE1BDF92830A846BDF8CF
:103630002C900393BDF82830BDF82EA003EB0906AB
:103640000793B3B236B20493BDF92A300193BDF8A3
:103650002A3003EB0A070593BBB23FB206934DE055
:103660000AA908F1A400FFF7AFFCC8B1B8F9A4108B
:10367000039AB8F9A6308A421DDCB8F8A8200A449B
:1036800012B2B24217DC01999AB29942B8F8AA3044
:1036900008DC1344069AA8F8A6709B1AA8F8AA306A
:1036A000204628E013441BB2BB4224DC059B9A1A37
:1036B000A8F8AA20F4E7019A9A421CDCB8F8AA20DC
:1036C00013441BB2BB4216DC039B8AB28B42B8F890
:1036D000A83007DC1344049AA8F8A4609B1AA8F841
:1036E000A830DDE713441BB29E4204DB079B9A1A05
:1036F000A8F8A820D4E7A8F108080446C345AFD12C
:10370000002C8BD0029B5C1E0BF1AC03089333E1C1
:10371000C6590224C8590224CC59022405F1A40830
:103720000AA84146FFF772FC18B1A1B20898FFF74A
:103730008DFE0AA94046FFF747FC002800F01A81D9
:10374000B5F9A430BBF8EC200293B5F8A480B5F825
:10375000A83009924344B5F9A610DDE902029BB2F4
:1037600082427FDD079A0FFA83FE0198A2EB080CD4
:1037700088421FFA8CF20FFA8CFC1FDD0BEBC4049D
:10378000A6EB0E0E8BB20598B4F8B260C51A33449E
:103790001FFA85F81BB22DB2FB1A05FB0EFE0CFBBF
:1037A00003F39E4502DBA4F8B25020E0D044A4F815
:1037B000B0C0ADF82A10ADF82E808FE6764523DD37
:1037C0000BEBC4040698A6EB0E0EB4F8B2301B1A2D
:1037D00001980B44091A9DB20CFB01F11BB203FBCB
:1037E0000EFE71450ADCA4F8AE70A4F8B230029B5C
:1037F0004A44ADF82830ADF82C206FE65544A4F8C3
:10380000B0C0ADF82E5069E6049909985B1A0628F5
:1038100099B21BB20DD8D5F8A4000CAAD5F8A810FF
:10382000A5F8A460A5F8A83003C2ADF834C01346CB
:1038300081E063454FEAC4040DDB4A445C440299CD
:1038400092B2A4F8B030ADF82810ADF82C20424464
:10385000A4F8AC2042E65C444944A4F8B0C0ADF8FA
:103860002C103BE6B5F8AA201FFA81F8019812FA4D
:1038700081F2884292B21FDA0498E4001B1A06987B
:103880005C44121A01989DB2091A1BB21FFA82FCFD
:1038900003FB01FE12B2DDE90210081A504386450F
:1038A00005DC4D44A4F8B220A4F8AE7023E0A4F8DF
:1038B000B030A4F8AC6027E00598A0EB080E18B271
:1038C00086421FFA8EFC0FFA8EFE21DA049812B29D
:1038D000E4001B1ABA1A5C441FFA83F81BB2DDE934
:1038E00002505A43281A0EFB00F0904206DB08EB08
:1038F0000905A4F8B2E0ADF82C50EFE5A4F8AC60EF
:10390000A4F8B030ADF82A10D444ADF82EC0E5E5E7
:10391000069B0998D21A062893B212B211D8D5F88C
:10392000A4000CABD5F8A810A5F8A670A5F8AA209D
:1039300003C3ADF836E0089813E90600FFF79AFDD7
:1039400018E072454FEAC4040DDBD4445C44ADF882
:103950002A101FFA8CFCA4F8B220ADF82EC0C44483
:10396000A4F8AEC0BAE55C445344A4F8B2E0ADF8A4
:103970002E30B3E5013C083D621C7FF4CFAE4DE62E
:10398000BDF92A20B5F9A660BDF92810B242B5F9F3
:10399000A47018D1BDF92E00B5F9AA30984212D101
:1039A000B5F8A830BDF82C20D81900B2884202D151
:1039B000ADF8287003E0114409B2B94222D1134492
:1039C000ADF82C3019E0B9421CD1BDF92C10B5F975
:1039D000A830994216D1B5F8AA30BDF82E10981922
:1039E00000B2824202D1ADF82A6003E00A4412B26A
:1039F000964207D10B44ADF82E30A1B20BF1AC00CA
:103A0000FFF724FD013C083D631CB9D1BBF8EC7005
:103A1000072F06D8DDE90A120BF1AC00FFF72AFDEB
:103A20007FE007F1FF390BF1AC030BEBC7076FF039
:103A3000004A00250293B7F8A820B7F8AA3012FB75
:103A400003F307F1A40201934B4609F1FF39C8467D
:103A5000B8F1FF3F10680DF1300C049314BF0299C8
:103A60000DF1280E039218BF01EBC80EBEF8061028
:103A7000BEF8046016FB01F65168ACE8030071461D
:103A80000CA8FFF7ECFA019BBDF83410BDF8360026
:103A90001E4411FB00F18E1B0029B8BF0731B6EBA5
:103AA000E10FDDE903230BDB564503DA46B1B246ED
:103AB00044461D4608F1FF3818F1020FC8D102E054
:103AC00044461D4604E0B9F1FF3FA7F10807B2D113
:103AD000AFB2002C0BF1AC064FEAC70505F1AC0004
:103AE000584404DA01460AA8FFF7B9FA14E0A4B270
:103AF0005D44E40004F1AC015C445944FFF7AFFAC3
:103B00000AAB03CB0AABC4F8AC00C4F8B010D5F8CC
:103B1000AC00D5F8B01003C339463046FFF796FC29
:103B2000DCE40FB0BDE8F08F2DE9F04F0446B0F9AA
:103B30003611A3B0B0F93401FFF73DFA054638B9A4
:103B4000236820461B6CD4E94C129847C4E94C55B5
:103B5000B4F8EC303BB9A74B1B6893F84C309A1E75
:103B60005342534100E00123A34A1268B2B1A34D6E
:103B7000B5F90610B5F90400FFF71DFA064668B955
:103B80002846FFF72BF92368296820461B6C6A68D2
:103B900098472E806E80AE80EE8002E0002B00F011
:103BA0007A83974F11A8FFF7FCFB3D882E460AE069
:103BB00004EBC603013611A8B6B2D3F8AC10D3F8A3
:103BC000B020FFF757FCB4F8EC30B342F0D80BE06C
:103BD00004EBC503013522682046ADB2D3F8EE10E0
:103BE000166CD3F8F220B047B4F82E31AB42EFD8C0
:103BF000804E306890F84C30012B40F00981814AAA
:103C0000B4F8EC1012783B88012A40F08180DFF88C
:103C1000FC8104F1AC00B8F80020934605E030F9CF
:103C200033500133AB45A8BFAB468B42F7DB0F2ABD
:103C300004F1AC09ADF834208CBFD508012555E05E
:103C4000B8F80030D1F8A81003938847039B864644
:103C50003068A3EB0E03AAEB050E90F880209BB210
:103C600090F86E10734505DD5B4503DD4AB9002908
:103C700037D006E02AB921B95B45B8BF5B46184684
:103C800000E05846604B0021ADF83400AAEB00007C
:103C9000B3F90030B7F800A0ADF83610ADF8380031
:103CA000ADF83A3018E009EBCA0159F83A000FAA0A
:103CB000496803C20DA90FA8FAF7F0FCBDF942103C
:103CC000BDF94000FFF777F920B922680FA9204617
:103CD000926C90470AF1010AB4F8EC205245E2DCFC
:103CE00004E003680121D3F8A4309847BDF934A05B
:103CF0003068DA450168A3DC77E030F8332035F826
:103D000033C00133624412B29245B8BF924605E017
:103D10004FF0000A04F1B20004F1AE058B42ECDB77
:103D2000394B04F1AC08DFF8E4901D8800230F2D17
:103D3000CDE90D338CBFED0801254BE0D3F8A83059
:103D400098470BEB050C03463068634590F88010EC
:103D500090F86E2009DA534507DA69B962B9036849
:103D60000121D3F8A430984734E029B922B953454A
:103D7000A8BF5346184600E05046A0EB0B00B9F927
:103D800000300022ADF836B0ADF83830B7F800B0EA
:103D9000ADF83420ADF83A0018E008EBCB0258F843
:103DA0003B000FAB516803C30DA90FA8FAF776FCCF
:103DB000BDF94210BDF94000FFF7FDF820B92368B6
:103DC0000FA920469B6C98470BF1010BB4F8EC301F
:103DD0005B45E2DCBDF83A30BDF836B030689B4454
:103DE00003680FFA8BFBD345A8DB306803685B6A76
:103DF00069E000BFCC590224105A0224085A022458
:103E000080000024BE590224C6590224C859022445
:103E1000022B40F0D780B0F8843090F8817009937D
:103E2000B0F882307D1E08931FFA85FA0368D3F834
:103E3000A8309847B64B814600201B880393B54BAA
:103E4000B3F80080B44B1B78012B1EBF4346DDF84E
:103E50000C800393F0F74CF8B8FBF7F77D430BE0C9
:103E600030680A210368D3F89C30984730680368AB
:103E7000D3F8A83098478146A945F1DB00204FF0E0
:103E8000000BF0F765F81AFB07FABBB25D46A34ECC
:103E900005931FFA8AF306934FEA5813079300E03D
:103EA000D146454500F0DF8130680368D3F8A8307B
:103EB00098478145824608D9BBF1000F08D0306889
:103EC0000368D3F8B8309847CDE1BBF1000F04D0B8
:103ED000554500D2F3E74FF0010BB5FBF7F18BB27C
:103EE000581C0493059B10FB03F01FFA80FEBBF1E6
:103EF000000F05D00AEB07024245A8BF424602E088
:103F0000069BAAEB030292B20898724594BFC5EBD8
:103F10000203C5EB0E038342A8BF034609981FFAAC
:103F200083F9814505D215FA83FCE04501D072453D
:103F30003DD90120CDE90A31EFF7DAFF30680B995E
:103F4000026809B2D2F898209047734A0A9B002071
:103F50001278BDF90C101BB2012A0CD1A8EB050296
:103F6000ADF83E00ADF84030A2EB0902ADF84210CA
:103F7000ADF83C2007E0ADF83C00ADF83E50ADF8A0
:103F80004010ADF8423023680FA92046A9449B6C2D
:103F900098473068049B1FFA89F55942036809B2B3
:103FA000D3F8983098470120EFF7D2FF78E73068D0
:103FB00003689B6A9847306807990368D3F89C3078
:103FC00098476DE7032B40F03281534B04F1AC0A64
:103FD000B0F986801B78012B40F01C8186E004F14B
:103FE000B0013B88B4F9AC204FF0000901330391D4
:103FF00004F1B2019BB2049129E025443AF933E07F
:104000009C46B5F8B010B5F8AC000844039931F8F7
:10401000331000B2714409B2884204DA8645724610
:10402000B8BF024611E00CD10499B5F9B20031F9DC
:1040300033108842B4BF9C46CC467245B8BF724626
:1040400003E08A42CC46B8BF0A460133E14699B242
:104050004FEAC9058B45D0D861190FABD1F8AC0038
:10406000D1F8B01003C3BDF940300FA8BDF83C1023
:1040700043450B44B8BFBDF93C209B1AADF83C202A
:10408000ADF84030FEF7C4FEBDF94030BDF9421036
:104090001846FEF790FF48BB884530689BB2254420
:1040A000A8BF89B20268B8BF1FFA88F10091BDF8B5
:1040B0003C10D2F894B0BDF83E20D8478346ADF806
:1040C00042000FA8FEF78AFE236820460FA99B6CCA
:1040D0009847B5F8B000A0EB0B0000B2A5F8B0000F
:1040E00020B91FFA89F15046FFF7B0F9B4F8ECB0E7
:1040F000BBF1000F7FF473AFB5E0B4F8B2501046D7
:10410000B4F8AE304FF0000903991D442DB22CE0F5
:10411000C6590224C8590224BE590224CC5902248B
:104120002644B1F9AEE08446B6F9AE30734504DDFD
:10413000B1F8B25075442DB20CE00FD1B6F9B0E031
:10414000B1F9B060B645B4BF8446CC46B1F8B260B0
:1041500033441BB29D42A8BF1D4603E07545CC46C3
:10416000A8BF754601300831E14683B24FEAC9065F
:104170009B45D5D80AEB06002644B6F9B230B0F913
:1041800006104345B0F90400BEBFB6F8AE50ED18B6
:104190002DB2FEF710FF0028AFD1B6F9AE209BB2CA
:1041A000ADF84200AD1A3D48B6F9B0C04545B6F984
:1041B000AC100068A8BF4546ADF83C10ADF83E20F5
:1041C00089B2ADF840C0ADB2D0F800E092B29D42E5
:1041D00094BF009500931FFA8CF3DEF89450A84723
:1041E0002368ADF842000FA99B6C20469847BDF8A4
:1041F0004220B6F8AE301344A6F8AE30B6F8B2306E
:104200009B1A1BB2A6F8B23023B91FFA89F15046A7
:10421000FFF71CF93A88B4F8ECB0013292B204EB23
:10422000C2030393BBF1000F7FF467AF1BE03D882F
:1042300015E004EBC5020FABD2F8AC00D2F8B01019
:1042400003C3BDF94210BDF94000FEF7B4FE20B92A
:1042500023680FA920469B6C98470135ADB2B4F88E
:10426000EC30AB42E5D80E4B1B78A3B10023EE3403
:10427000A4F840300B4B1D8809E022AB204603EB2D
:10428000C5030135ADB253E91112FFF7F3F8BDF8DC
:104290008430AB42F1D823B0BDE8F08FCC59022472
:1042A000C059022480000024034B00221A805A8047
:1042B0009A80DA80704700BF085A02242DE9F04F37
:1042C0009FB0054614461E4605A8039101F031F93A
:1042D0002B6828464FF6FF6ADB6C42F20B0B9847BF
:1042E0002B68074628461B6D9847324600263B46FA
:1042F000214600903446B046374605A801F068F9DB
:1043000000235445049302D05C4518BF264604ABF5
:104310002A46039905A801F03FFC044608B10A2883
:1043200004D1B84538BFB846002713E0049A002AE4
:10433000E6D0537B314692F80A9028465B00948879
:1043400003F4807349EA03092B685B6C984748447F
:10435000384487B2002CD3D140461FB0BDE8F08F5F
:1043600008B50368DB68984728B1437B807A5B0017
:1043700003F48073184308BD0EB4F0B59EB0044634
:1043800023AB05A853F8046B039301F0D2F823681C
:104390002046DB6C98472368054620461B6D9847EE
:1043A0002B4600250090039A314605A801F010F92C
:1043B00004951CE00A281AD00498C0B1477B027A01
:1043C000FE00C0793901E38806F4807601F480713B
:1043D00032437E0641EA000148BFA2F500720B4459
:1043E00048BF12B29B1A1BB29D42B8BF1D4604AB18
:1043F0002246002105A801F0CFFB0028DAD1A8B29F
:104400001EB0BDE8F04003B07047437A8288981828
:1044100080B2704703681B6B18470EB470B59DB02F
:10442000044621AB03A853F8046B029301F081F812
:1044300023682046DB6C98472368054620461B6DA1
:10444000012498472B46029A3146009003A801F0B8
:10445000BFF803A801F020FC034607E00A2B04BFC5
:10446000013004B203A801F017FC0346A0B2002BF0
:10447000F4D11DB0BDE8704003B070470EB470B504
:104480009FB0044623AB05A853F8046B039301F0D7
:1044900050F823682046DB6C984723680546204681
:1044A0001B6D98472B46039A3146009005A801F0F2
:1044B0008FF8002104AB224605A8049147F6FF754A
:1044C00001F06AFB1AE00A2812D0049B83B1587BE2
:1044D0001B7AC100E28801F480710B43410644BF9E
:1044E000A3F500731BB2D31A1BB29D42A8BF1D4691
:1044F00004AB2246002105A801F04EFB0028E2D1C2
:1045000028461FB0BDE8704003B0704707B5036888
:10451000002182681B69CDE900126946984703B003
:104520005DF804FB38B50B680C460546DB68984718
:10453000236820462946DB6A9847284638BD10B4D0
:104540000A88848822440A804A88C48822444A808F
:10455000406920B103685DF8044BDB6A18475DF8D9
:10456000044B704770B582880C460B88054613448F
:104570000B804B88C28813444B80011D2046FAF7FC
:104580008DF8B4F90430002B0BDDB4F90630002BA4
:1045900007DD686928B1036821469B6ABDE8704061
:1045A000184770BD70B582880C460B8805461344C9
:1045B0000B804B88C28813444B80011D2046FAF7BC
:1045C0006DF8B4F90430002B19DDB4F90630002B76
:1045D00015DD686928B1036821461B69BDE8704094
:1045E0001847074B1B6804339D4208D1FEF7D4FDE2
:1045F0000368216862681B6CBDE87040184770BD95
:10460000185A022451EA020370B504460D461646B4
:1046100011D003689B699847E3882046F218A38865
:10462000E91812B209B2ECF7B7FF236820469B697C
:10463000BDE87040184770BD10B500230446084619
:10464000B1F908102380B0F90A2063800368A180C3
:104650002146DB6AE2809847204610BD704710B5BE
:1046600004461C210CF06EFF204610BD044A026077
:104670000022C0E90122C0E90322C0E905227047F7
:10468000183B03082DE9F04F044685B018461388FF
:104690009046628B0093E368551C039103EB820301
:1046A000009AB0F90010ADB212F00102019218D0D8
:1046B00007EE901A6583B8EEE75A83ED005AB0F919
:1046C0000230628B07EE103AE368511CB8EEC77AED
:1046D00003EB82036183002183ED007A04EE901ADC
:1046E00024E004EE901AB0F90420B0F90210F6EEBE
:1046F000007A14EE907A3A4405EE102AB0F90620BA
:1047000065830A44B8EEC55A07EE102A25EE275AEB
:10471000B8EEC77A83ED005A638B27EE277AE268FA
:104720005D1C02EB8302658382ED007A258BB6EE79
:10473000004AA26804306B1C4FF0050E238301234E
:10474000535500229A461D4607EE902A06EE902AFF
:1047500006EE102A9446B7E0009E46FA05FB0BF0E1
:1047600001061BF0010F0296B0F9006006EE106A18
:10477000B0F9026006EE906A44D007F1010BF8EE42
:10478000C63AF8EEE65AA4F818B0BAF1000F04D011
:104790004FF0020609F807601DE009F807E0B8EEDF
:1047A000E73AB4F81A90E76809F1010A07EB8907BC
:1047B000A4F81AA087ED003A03EE102AB4F81A9074
:1047C000E768B8EEC33A09F1010A07EB8907A4F8D4
:1047D0001AA087ED003AB4F81A90E76809F1010AC7
:1047E00007EB8907A4F81AA0C7ED003AB4F81A90AD
:1047F000E76809F1010A07EB8907A4F81AA0C7EDD9
:10480000005A54E0BAF1000F04D0F0EE467A16EEEA
:10481000902A4CE007F1010AF8EEE75A17EE906A89
:10482000A4F818A009F807E0B4F81A90E76809F1AD
:10483000010A07EB8907A4F81AA0C7ED005A05EE94
:10484000902AB4F81A90E768F8EEE55A09F1010ADF
:1048500007EB8907A4F81AA0C7ED005AB4F81A901C
:10486000E76809F1010A07EB890716EE109AA4F828
:104870001AA04E4407EE906A16EE906AF8EEE77AB8
:10488000324405EE902A67EE847AF8EEE55AC7EDD9
:10489000007AB4F81A9065EE845AE76809F1010AC3
:1048A00007EB8907A4F81AA0C7ED005AADE7013558
:1048B00001330430DDF808A0102D01BF0CF1010C0C
:1048C00038F81C5000950025039E278B9E42D4F893
:1048D00008903FF741AF7B1CBAF1000F19D0B8EE3A
:1048E000C66AB4EE456AF1EE10FA06D1F8EEE66A51
:1048F000F4EE476AF1EE10FA0BD09BB2019A2383D3
:104900001AB1022309F807306FE0052309F80730D0
:1049100055E09BB206EE902A0525019E2383B8EE52
:10492000E76A09F80750F8EEE66AE3687EB1628B41
:10493000511C03EB8203618383ED006A628BE368A1
:10494000511C03EB82036183C3ED006A4DE0668B6B
:104950000A44771C03EB8603678383ED006A668B4A
:10496000E368771C03EB86036783C3ED006AF6EE0A
:10497000006A668BE368771C03EB860317EE906A88
:10498000678314EE907A3E4407EE906AF8EEE77A79
:1049900067EEA67AC3ED007A07EE902A668BF8EEF2
:1049A000E77AE368771C03EB860367EEA67A6783F2
:1049B000C3ED007A238BA2685E1C2683D554628BDC
:1049C000F8EEE47AE368551C03EB82036583C3EDDC
:1049D000007A07EE901A628BE368F8EEE77A551CCE
:1049E00003EB82036583C3ED007A628BE368511C9D
:1049F00003EB8203618383ED005A628BE368511CF1
:104A000003EB8203618383ED007A05B0BDE8F08F8C
:104A10002DE9F04704468EB0984689461546169E05
:104A20009DF864A01A9FEDF781FD6060B8F1000F5A
:104A300000F0E880002800F0E58005A800F0F9F813
:104A4000336830469B6D984705A8F0EE400A00F0A9
:104A5000F4F86068BAF1030F00F28F80DFE80AF023
:104A6000020E346403682A4649469B689847DDED88
:104A70001B7AF8EEE70A07EE907A79E0B5F90610AE
:104A80006A88B9F804300A44ADF8101049469B1AF8
:104A900003AAADF80C302B88ADF80E30AB88ADF81A
:104AA000123003689B6898479FED580A05A800F0EC
:104AB000E9F8B9F904301B9A07EE907A9B1AF8EEE0
:104AC000E70A00EE103A2CE0B5F904102A88B9F88C
:104AD00004300A44B5F906C0ADF8101049469B1AD7
:104AE0006A88ADF812C06244ADF80C30B9F80630EF
:104AF0009B1A03AAADF80E3003689B6898479FED98
:104B0000440A05A800F0BEF8B9F906301B9A9B1AB2
:104B100000EE903AB9F90430DB1BF8EEE00A00EE43
:104B2000103AB8EEC00A25E0B5F904106B882A885F
:104B3000ADF80C300A44B9F80630ADF81210494609
:104B40009B1A03AAADF80E30EB88ADF8103003685D
:104B50009B6898479FED2F0A05A800F093F8B9F9D4
:104B60000630DDED1B7ADB1B00EE903AF8EEE00A32
:104B7000B8EEE70A05A800F0D3F8606805A900269A
:104B800003685B6B984760681799036841F07F4141
:104B90009B6A984760689DF860100368DB6A9847D5
:104BA000606801210368DB68984738F8027B04F1EC
:104BB000100304F1080204F1140104F10C00A661D1
:104BC000EDF766F80DE042462046013632F8021B4A
:104BD00001F10F03C3F3071302EB4303FFF752FD89
:104BE0008046B742EFDC6068002203680192628B66
:104BF00000921D6A228BE368A168A8476068036879
:104C0000DB6998470EB0BDE8F08700BF0000B442F2
:104C1000000034430000874300234FF07E5243607E
:104C200002608360C360026143618361C3610262A9
:104C3000704708B5FFF7F0FF08BDD0ED007A67EECA
:104C4000807AC0ED007AD0ED017A67EE807AC0ED0F
:104C5000017AD0ED027A67EE807AC0ED027AD0ED6B
:104C6000037A67EEA07AC0ED037AD0ED047A67EE9E
:104C7000A07AC0ED047AD0ED057A67EEA07AC0ED97
:104C8000057A7047DFED247A20EE270ADFED237ADC
:104C900010B52DED028BC0EE278A0446B0EE680AEF
:104CA00013F0EAFFB0EE408AB0EE680A14F01CF888
:104CB000D4ED036AD4ED004A60EE667A94ED047A8E
:104CC00094ED015A66EE886AD4ED025AE8EE247A31
:104CD000E0EE246AC4ED007A60EE477A27EE087AA7
:104CE000C4ED036AE8EE057AA0EE057AC4ED017A18
:104CF000D4ED057A84ED047A20EE676A67EE887A4F
:104D0000A8EE256AE0EE257A84ED026AC4ED057A04
:104D1000BDEC028B10BD00BFDB0F494000003443E7
:104D200090ED066AD0ED007AD0ED076AE6EE007AE3
:104D300090ED087AC0ED007AD0ED017AE6EE807A47
:104D4000C0ED017AD0ED027AE7EE007AC0ED027A8A
:104D5000D0ED037AE6EE207AC0ED037AD0ED047A46
:104D6000E6EEA07AC0ED047AD0ED057AE7EE207A7F
:104D7000C0ED057A7047D0ED017A84B090ED007AED
:104D800060EEA77AD0ED026AE7EE007A90ED047A41
:104D900060EE870A90ED037AE7EE000A90ED057A5F
:104DA00037EEA60A70EE870A04B0704730B58380EC
:104DB000BDF80C309DF81C50C3809DF81030416147
:104DC00003729DF81430028343729DF8183003F08B
:104DD0007F0343EAC51383729DF82030C3729DF8A8
:104DE00024300373BDF82830C381BDF82C30038212
:104DF000014B036030BD00BF2C3B03080346F0B5F8
:104E0000406900283CD01A8B8388013ACB1A36D4EB
:104E100093420CDD0E2303FB02039B885B1AD31A1B
:104E20009A422CDB002BBCBF02EBD2735B10002438
:104E30000E251FE005FB0306B788B9421DD00BD233
:104E40005A1E94421BDC36F80A3C5B1AD31A9A426B
:104E500015DB9C420EDD09E05C1CA2420FDB738A6D
:104E6000CB1A23449C420ADC9A4203DA131903EB5F
:104E7000D3735B109442DDDD01E0304600E000209A
:104E8000F0BDF8B5054617461E4609B9002423E0D3
:104E90000A29FBD04FF6FF639942F7D042F20B0389
:104EA0009942F3D0FFF7AAFF2B68044648B91B6963
:104EB0002846984701462846FFF7A0FF04460028E9
:104EC000E4D02B6821462846DB6D984738602B6874
:104ED0002846DB6B984730702046F8BD00207047AD
:104EE0000120704702207047704770477047704735
:104EF00010B504460C210CF025FB204610BD10B562
:104F0000044610210CF01EFB204610BD10B50446CF
:104F10000C210CF017FB204610BD10B504463C21B7
:104F20000CF010FB204610BD70B5036B8AB0044630
:104F30000D4613B10B79002B47D0261D03A831462F
:104F4000FFF77AFB2B79A3B92A893046BDF80E30DA
:104F5000E988D21ABDF80C30C91A04F1360312B22E
:104F6000019304F1340309B2009304F13003F9F71B
:104F7000B9FA216B49B305A80026FFF75DFBBDF820
:104F80001430BDF80C20BDF81600D21AEB88297930
:104F90001A44A38E8DF8201007A91A44BDF80E30CC
:104FA000ADF826601B1A2889ADF822200344E08E54
:104FB000034407480790206BADF8243003685B6C0E
:104FC00098472B790BB1C4E90C660AB070BD00BFDD
:104FD000943B030830B50D46016B87B0044601B31E
:104FE00001A8FFF729FB2A89BDF804302879D21AD5
:104FF000A38EB5F906101A446B89BDF806508DF8DA
:1050000010005B1BE58E206B2B44074DADF8121092
:1050100003A90395ADF81420ADF8163003689B6C16
:10502000984707B030BD00BFBC3B0308F0B50C4645
:10503000016B89B0054600296DD06846FFF7FCFA80
:10504000AA8EE388BDF9006013441BB2B34230DB83
:10505000BDF8047037443FB2BB422ADAEB8E208998
:10506000BDF902C0184400B2604522DBBDF806104D
:10507000614409B288421CDA60890244B4F90C0028
:1050800012B2B24207DBBA4205DA03441BB26345EF
:1050900001DB8B420DDB214B04A9286B0493022317
:1050A0008DF814300023ADF81630069303685B6C5E
:1050B0009847291D02A8FFF7BFFABDF80820E3882A
:1050C000921BAF8EBDF8021013FA82F32079B4F868
:1050D0000AE0FE18BDF80A30B5F836C01EFA82F2B2
:1050E0005B1A2189A4893A4411FA83F18DF81400DE
:1050F00014FA83F3286B6144094C6344ADF81660DD
:10510000ADF8181004A90494ADF81A20ADF81C30BD
:105110000368DB6C984709B0F0BD00BF943B0308FF
:10512000A83B030837B5044634F90C2F01320CD1E3
:105130008268002103686D46CDE900129B6A29460A
:10514000984795E8030084E80300204603B030BD8B
:1051500013B5B0F920300446013305D10146684645
:10516000FFF76AFA009B2362B4F9200002B010BD79
:1051700013B5B0F922300446013305D10146684623
:10518000FFF75AFA009B2362B4F9220002B010BD67
:10519000144B4FF4807270B5036000230285051D27
:1051A00043630446104AC0E90233C0E90433C0E94E
:1051B0000633C0E90833C0E90B330123426080F8AD
:1051C00038302846094BB3F90060936B084AB2F9AE
:1051D00000109847636828463146DB6B98472046A5
:1051E00070BD00BFD03B0308F0370308C659022446
:1051F000C8590224094B07B5B3F900200021084B18
:1052000000916946B3F90030ADF80420ADF80630DE
:1052100003689B68984703B05DF804FBC8590224F3
:10522000C65902242DE9F04F1546B1F9042089B082
:105230008046002A0C46B1F9063040F3E980002B85
:1052400004DCE5E01D46002B00F0E2802846FFF775
:1052500069FF2146FDF7B8FEEB690028F2D006AEE3
:10526000002B00F0AC802B68294602A8DB68984729
:105270002846FFF76DFFBDF80830C7182846FFF72E
:1052800077FFBDF80A303FB221461844039BADF8C2
:10529000107004AFADF8120038460593F9F7FEF927
:1052A0002846FFF73FFF034697E8030086E8030020
:1052B00019463046F9F7F2F9BDF91830B4F9001083
:1052C000BDF91AA08B42BDF91CB0BDF91E900BD1DF
:1052D000B4F90220524507D1B4F904205A4503D14C
:1052E000B4F906204A456AD0BBF1000F02DDB9F1DE
:1052F000000F02DCEA6921465EE0B4F902201FFAE1
:105300008AF05245009012DA0193009BB4F9040030
:10531000ADF81A209A1AADF818103146ADF81C00F5
:105320004046ADF81E20EA69FFF77CFF019BB4F907
:1053300000209FB29A420DDAADF81820BA1AADF8E3
:105340001AA03146ADF81C204046ADF81E90EA691F
:10535000FFF768FF22885F44A388B9B213443FB2C5
:105360009AB21BB2BB420DDD531AADF81870ADF8FE
:105370001AA03146ADF81C304046ADF81E90EA69DF
:10538000FFF750FFE38862881A44009B4B4491B2B8
:1053900012B298B21BB2934211DAB4F90420ADF8FC
:1053A0001A300B1AB4F900703146ADF81C20ADF874
:1053B0001870ADF81E30EA694046FFF733FF284603
:1053C000FFF7B0FE616802463346206803C311460A
:1053D0003046F9F763F9BDF91C20BDF91E30002AEB
:1053E00016DD002B14DD2846FFF7B2FEBDF818309D
:1053F0001B1A2846ADF81830FFF7BAFEBDF81A3070
:1054000031461B1A2846ADF81A302B689B6898471E
:1054100009B0BDE8F08F70B5061D86B00C460023BC
:105420003146054602A80193FFF706F9BDF808309A
:105430002288BDF80A10D21A6388B4F904005B1AF6
:10544000B4F90610ADF8102001AAADF814003046EA
:10545000ADF8161004A9ADF81230F9F79AF9019ACF
:105460001AB121462846FFF7DDFE06B070BD1FB514
:1054700004460A4680686B46E16803C311466846E5
:10548000F9F70CF994F8383023B169462046FFF754
:10549000C2FF16E0043402A82146FFF7CDF8BDF89C
:1054A0000030BDF80820694620469B1ABDF80A2046
:1054B000ADF80030BDF802309B1AADF80230F9F7B4
:1054C0002BF904B010BD02460B6808469B69111DFC
:1054D0001847984202D3114408B2704707EE902A49
:1054E000B8EEE77A07EE900AF8EE677A27EE277AA9
:1054F00007EE903AF8EEE76AC7EE267A07EE101A42
:10550000B8EEC77A77EE877AB6EE007AF5EEC07A13
:10551000F1EE10FACCBF77EE877A77EEC77AFDEE20
:10552000E77A17EE903A18B27047FFF7D2BFFFF74D
:10553000D0BF38B50025022304460E222946037445
:1055400045610576C5830584C5860587C587A0F8AE
:105550004050C0E90055C0E911554C3016F0CAFE64
:1055600001232046A4F85A50E565A4F86030ECF712
:10557000A5FC204638BD10B50024436813B9036864
:1055800023B34360037E3BB1436923B11A8812B150
:105590009A1C426107E0047643681988B1B19A1CED
:1055A0000229426001D0188811E0037C012BE4D865
:1055B0005A1C0233027450F823304361002BDCD0B4
:1055C0001B88002BD9D001230376D6E7002010BD1D
:1055D00030B4016000214160156885605268436401
:1055E000029BC26001744161017601870184A0F8C9
:1055F0004010836430BCECF761BCF0B5044608464B
:10560000F1B104F14C050A4601F108072B46106878
:10561000083252F8041C2E46BA4203C63546F6D16B
:105620001068306018469288B28094F8591094F847
:105630005220490101F480710A43524284F85520F6
:10564000F0BD10B5104612680C461946D268904756
:10565000002808BF204610BD2DE9F04105468E46C2
:1056600014461AB9A0F85A20C26530E1517BB2F84D
:1056700004C00A01E7790B4602F48072174340F632
:105680003A6294454FEAD706BFB20BD840F637626C
:10569000944556D840F63162944507D0ACF6346252
:1056A000032A02E0ACF64762072A76D805F14C02DD
:1056B000234604F1080814461868083353F8041CFC
:1056C00094464345ACE803006246F5D11868CCF82F
:1056D00000009B88ACF80430EB8E05EB4303598C3B
:1056E00040F63363994211D1DEF800307046DB6832
:1056F0009847417B037ACA0002F4807213434A063A
:1057000044BFA3F500731BB2A5F85A30B5F85A2070
:105710003A44324413B285F8542095F85920A5F83C
:105720005A30DB1022F0600203F060031343B5F837
:105730005E2085F8593095F855309B1A85F855301C
:10574000C5E000F14C02234604F1080E1446186827
:10575000083353F8041C94467345ACE803006246D2
:10576000F5D11868CCF800009B88ACF80430B5F887
:105770005C2095F85910931BD21B21F060019BB25D
:10578000921B85F8543043F3CC03A5F85C2003F05A
:1057900060030B4385F8593099E0ACF61B6292B276
:1057A000042A39D8152020FA02F2D60734D505F19B
:1057B0004C02234604F1080814461868083353F8CD
:1057C000041C1646434503C63246F6D11868724695
:1057D0002146306028469B88B3800CF1FF339BB292
:1057E000FFF72FFF417B037ACA00480602F480725C
:1057F00043EA020395F8562044BFA3F500731BB299
:10580000A5F85A3095F859305B0003F480731A43B9
:10581000530903EB92034AE0DB00490603F480726C
:10582000237A43EA0203ACF6096248BFA3F500738A
:1058300092B248BF1BB2102AA5F85A3036D8254B71
:10584000D34013F0010332D005F14C0304F10806F4
:1058500098462068083454F8041C1A46B44203C21F
:105860001346F6D12068414610602846A288444677
:105870009A8095F8592095F85630520002F48072BB
:1058800043EA020640F6136372469C4516BF0CF1CC
:10589000FF3340F60C639BB2FFF7D3FE437B827A63
:1058A0005B0003F480731343F31A00E00023A5F8B0
:1058B0005E30617B237ACA0002F4807213434A0689
:1058C00044BFA3F500731BB2DB1BA5F85C30204678
:1058D000BDE8F0810104010003462DE9F0433AB927
:1058E0004FF40041A0F85A104FF08021C16546E105
:1058F000557BD4792E019188284606F4807634436E
:1059000040F2ED66042CCCBF4FEA940E4FF0010E2E
:10591000B1424DD840F2D566B1421DD840F256662C
:10592000B1423FD840F24A66B14229D840F21966E6
:10593000B14232D8B1F5C26FC0F003813EE001261A
:1059400006FA01F18F4E0E40002E37D18E4E0E40DA
:10595000002E40F09280F4E0A1F2D6618EB20121D7
:10596000B1408A4E0E404EBB894E14E0012606FA25
:1059700001F1884E314221D111F4907F7DD1E0E0D8
:10598000A1F24B618EB20121B14040F2DB363142CF
:1059900014D140F624463142F0E740F21A66B14293
:1059A0006BD0CEE0A1F2576189B21D29DED9C8E0E3
:1059B000A1F6E40189B21A29C1D9C2E0B3F95A604B
:1059C00016F5004F11D1B3F95C1011F5004F0CD151
:1059D000C000117A00F480700143680644BFA1F54D
:1059E000007109B2A3F85A105CE003F14C0C1746A1
:1059F00002F1080865463868083757F8041CE6467F
:105A00004745AEE80300F446F5D13868CEF800000B
:105A1000B988AEF80410B3F95E0010F5004F09D054
:105A2000517B9279490101F480710A43A0EB520045
:105A300083F8550016F5004FA4B20ED0A21993F8C2
:105A4000591092B221F0600183F8542042F3CC0245
:105A500002F060020A4383F8592093F8590093F842
:105A60005420C10001F480710A43410644BFA2F5ED
:105A7000007212B2A3F85A205EE0B3F95A10B3F9DB
:105A80005C6011F5004F11D116F5004F0ED1C0002A
:105A9000117A6F0600F4807041EA000144BFA1F55D
:105AA000007109B2091BA3F85C1068E003F14C0C0B
:105AB000174602F1080965463868083757F8041C8C
:105AC000E0464F45A8E80300C446F5D13868C8F859
:105AD0000000B988A8F80410B3F95E0010F5004F73
:105AE00009D0517B9279490101F480710A43A0EBFE
:105AF000520083F8550016F5004F0FD0A6EB0E02AA
:105B000093F8591092B221F0600183F8542042F3C7
:105B1000CC0202F060020A4383F8592093F859003E
:105B200093F85420C100460601F4807142EA010254
:105B300044BFA2F5007212B2121BA3F85C202A46E1
:105B40001DE0C000117A00F480700143680644BF74
:105B5000A1F5007109B2A3F85A10091BA3F85C1053
:105B6000507B9179400100F4807001430520490089
:105B7000B1FBF0F192F909000144A3F85E10104660
:105B8000BDE8F083DBB19B07244E64003F5E6600F6
:105B900000209000DF0000222DE9F0411E46C38E58
:105BA0000446174600EB4303B3F82280ECF744F9B0
:105BB000054608B9306034E03B6801463846DB688A
:105BC0009847A8F5C06302463060B3F5407F05D220
:105BD000434639462046FFF77FFE14E0A5F5606393
:105BE0009BB27F2B04D839462046FFF735FD0AE0EB
:105BF00094F8613043B140F602139D4204D101464E
:105C00002046FFF7FAFC3060336843B15A7B9B7A39
:105C1000520002F4807213430CBF0123002384F866
:105C200061302846BDE8F08138B5044603E00A3B00
:105C300004EB43035D84B4F84020238F42B30A2B66
:105C400026D0E08F013A04EB400192B24D8F411C07
:105C5000A4F840205A1C89B22287E28E01291344FD
:105C600088BF00F1FF309BB288BF81B2092BE1876A
:105C7000DED9DCE72046FFF77EFC6B1C2387E38E32
:105C80001D44ADB2092D88BF0A3D04EB450568846B
:105C9000258F0A2DEED138BD38B5C18E0446028F4E
:105CA00000EB4103013A5D8C4B1C92B29BB2028720
:105CB000092B84BF09398BB2C386FFF7B5FF238C4C
:105CC000012B9CBF01332384E38B0BB90223E383B5
:105CD000E38B2846013B9BB2E38304EB43046583DB
:105CE00038BD8A42F0B50D4608D8018F491B01879F
:105CF000C18E294489B209292BD82CE0511AC78EAC
:105D000000264FF0020C89B21DE0013CA4B20487CA
:105D10003C44A4B2092C88BF0A3C00EB4404B4F80C
:105D200022E0B0F840400134A0F84040C48F0CB9E4
:105D3000A0F83EC0C48F0136013CA4B2C48700EB7A
:105D40004404A4F83AE01FFA86FE048F8E45DCD3A3
:105D5000CBE70A3989B20A24C18610E0018F013AE3
:105D6000013192B233F812500187C18E01B9C48655
:105D7000C18E013989B2C18600EB41014D84002AF0
:105D8000ECD1BDE8F040FFF74FBF70B5002510E043
:105D9000C48B31F8026B013C1444641BA4B2012C87
:105DA00088BF023C00EB4404648BB4421BD1013534
:105DB000ADB29542ECD1BDF81020002413440DE0A3
:105DC000C68E31F814500134324492B2092A88BF89
:105DD0000A3A00EB4202528CAA4204D1A2B29A4281
:105DE000EEDB012000E0002070BD2DE9F74F0646F4
:105DF00017460C4634F8023B1D0B34F81520BA4206
:105E000021D1C3F30319C3F3032A03F00F0B2A466E
:105E1000534621463046CDF80090FFF7B6FF804646
:105E200050B105EB0A035A46514630464B4404EB49
:105E30004303FFF756FF08E00BEB050353444B44C5
:105E400004EB4301D5E74FF00008404603B0BDE83E
:105E5000F08F70B51088984218D8481E32F820008C
:105E6000984213D300240FE06018401032F82060ED
:105E70008500B34202D9013084B205E001D281B27B
:105E800002E02A44508802E08C42EDD3002070BD2D
:105E9000F8B5466C04460B2577887F0810E0E38E42
:105EA00032463946204604EB43035B8CFFF7D1FFB3
:105EB00040B106EB40011A462046FFF796FF08B1B5
:105EC000013DECD1F8BD0000F7B58F6A4D69CA6A93
:105ED0004E68ED1BA6EB020606D033462EB16B438F
:105EE00048BF0F331B1100E02B460C6801948C69EE
:105EF000A21A019CE41B06D017462AB1674348BF8B
:105F00000F373F1100E02746DB1B9FED656AF7EE78
:105F1000006A00F10C0707EE903A0346F8EEE77AC4
:105F200067EE867A86EEA71AF1EE411AD1ED027A73
:105F3000143186EEA77A51ED027A67EE877AA3ECE8
:105F4000017ABB42C3ED027A51ED017A67EE877A9E
:105F5000C3ED057AEAD107EE906A90ED027A90EDF2
:105F6000003AF8EEE73A07EE902A90ED015AF8EE83
:105F7000E76A07EE904A35EE475A90ED082AF8EEA8
:105F8000E77AD0ED070A66EE866A33EE477A27EEA7
:105F9000864A07EE905A63EE863AF8EEE77A66EEA6
:105FA000C75A70EEC20A67EE867A90ED046AE5EE93
:105FB000235A27EEC77AA5EE047A90ED035A65EED0
:105FC000815AC0ED095A67EE214A90ED057A36EE06
:105FD000476A35EE477AC0ED0A4A66EEC72A27EED1
:105FE000C77AE6EE232AA6EE047A90ED066A36EE2C
:105FF000422A67EEC27A62EE812A66EEC26AE0EE5B
:10600000847A25EE654AC0ED0B2AE0EEA36A27EEFE
:10601000217AA3EE224A67EEA17A80ED0C7A66EE31
:10602000816AB5EEC04AF1EE10FA0EDC10D425EE0E
:10603000645A47F6FF73A3EE075AB5EEC05AF1EE65
:1060400010FAA8BF4FF4004304E04FF4004301E00E
:1060500047F6FF7366EE655AC0ED0D6AC0ED0E7A25
:10606000C363E3EE265AF5EEC05AF1EE10FA0EDCE9
:1060700010D426EE646A47F6FF73A3EE276AB5EEE6
:10608000C06AF1EE10FAA8BF4FF4004304E04FF4E9
:10609000004301E047F6FF73036403B0F0BD00BFA7
:1060A0000000803D2DE9F04114279C465F43D31941
:1060B0005D6815F10F0601D4361109E0C5F101063E
:1060C00005F11E0316F00F0618BF0126C6EB2316B6
:1060D0001423069C46615C431319D3F804E01EF1B7
:1060E0000F0301D41B1109E0CEF101030EF11E08CC
:1060F00013F00F0318BF0123C3EB28139B1B83610D
:10610000002B00F08E80D759AEEB050E14594FEAE4
:106110000E13E41B06FB04F804FB05F2C2EB0812A5
:106120000EFB0722013A02EB0E1292FBF3FE002A4D
:10613000C0F800E002DB03FB1E220BE0524292FBA0
:10614000F3F803FB182202612AB10EF1FF3E9A1AFE
:10615000C0F800E00261240194FBF3F2002C4260DD
:1061600002DB03FB124409E0644294FBF3FE03FBF1
:106170001E4484601CB1013A1C1B42608460C360F1
:10618000C5EB0613DFED286A01EB8C0C07EE903AA5
:10619000036891ED0A6AC7EB0313F8EEE77AD1EDD5
:1061A000095A07EE103A91ED0B5A67EEA67AC0ED48
:1061B000095AB8EEC77A80ED0C5A27EE267ADCED44
:1061C000006AE6EE276AE5EE876AC0ED076AD0ED61
:1061D000016AF8EEE66AA5EEA66AD1ED0C5A80EDEA
:1061E000086A9CED036AA5EEA76AE6EE855AA5EE5D
:1061F000076A91ED0D5AC0ED0B5AD1ED0E5A80EDA4
:106200000F5A80ED0A6A9CED066AA5EEA76AE6EED3
:10621000855AF0EE467AC0ED0E5AE5EE077AC0EDEB
:106220000D7ABDE8F08100BF0000803D014B186091
:10623000704700BF305A0224002804DD0029CCBF7B
:10624000002001207047012070470000064B1A888B
:10625000824207D8054B1B8813449842ACBF0020EC
:106260000120704700207047385A0224365A022411
:1062700008B50146FFF7EAFF18B1024B1B6853F857
:10628000210008BD4C5A022438B50446FFF7DEFF52
:10629000E8B10F4B0E221B88E31A0E4C53432568BE
:1062A000EA18127B12F0200210D0B1F90020EA5255
:1062B0002268B1F902501A44558022681344B1F99A
:1062C00004209A80B1F90620DA8000E0104638BD3B
:1062D000385A0224505A02242DE9F34706460C4648
:1062E000FFF7B4FF08B9002073E0B1F90470B1F909
:1062F000069038464946FFF79FFF0028F3D1364BFA
:10630000B3F800800E23A6EB080803FB08F8334B14
:10631000D3F800A00AEB08052B7B9B06E3D52146AA
:106320002846FCF773FE002853D129462046FCF787
:106330006DFE00B146E0B4F900203AF908309A4207
:1063400013D1B5F90430BB420FD120686B466168A8
:1063500003C329466846FCF782FEB5F90630BDF94D
:1063600006204B44934200DC18E0B4F90220B5F952
:1063700002309A4217D1B5F906304B4513D1206847
:106380006B46616803C329466846FCF768FEB5F9A9
:106390000430BDF904203B44934204DC6946304696
:1063A000FFF772FF15E0B5F9043009FB07F7B5F9FF
:1063B00006101846FFF740FF08B9594300E00021D6
:1063C000B94290DA2146304602B0BDE8F047FFF707
:1063D0005BBF02B0BDE8F087385A0224505A02244D
:1063E000F0B5254D2F68002F45D0244A244C118844
:1063F0002388244E19444A1C07EB810022F0010235
:10640000306021481204120C520002EB810207EBAB
:10641000020CC0F800C04FF00E0C0CFB03F34FF65B
:10642000FF7C033323F003031344184A1F4417600F
:106430000022174F3A80174F3F68FB1A164F3B60F8
:10644000164B1A80134606E02F6847F8232037685A
:1064500027F813C001338B42F6D12488002300684B
:106460000E2506E005FB030101330A7B22F0200222
:106470000A739C42F6D8F0BD4C5A0224385A0224C2
:10648000365A0224485A0224505A0224445A0224FA
:106490003A5A02243C5A0224405A0224345A022412
:1064A000064B1B6843B939B1054B1A80054B19607F
:1064B000054B1860FFF794BF704700BF445A022491
:1064C000365A02243C5A02244C5A022470B40C4618
:1064D0001946074B05461046039A1E682EB91D60E3
:1064E000044B1C8070BCFFF7DBBF70BC704700BF63
:1064F000545A0224385A0224124A038812889342BA
:1065000003D2114A1421126808E010490988114485
:106510008B4208DA9B1A0E4A0E21126801FB0323F4
:10652000B3F9080070474FF6FE72934208D1094B49
:106530001B780BB9084B00E0084BB3F9000070471B
:1065400000207047385A0224545A0224365A022432
:10655000505A0224BE590224C4590224C2590224AA
:10656000124A03881288934203D2114A14211268F6
:1065700008E01049098811448B4208DA9B1A0E4A38
:106580000E21126801FB0323B3F90A0070474FF68E
:10659000FE72934208D1094B1B780BB9084B00E0FF
:1065A000084BB3F90000704700207047385A0224A6
:1065B000545A0224365A0224505A0224BE59022444
:1065C000C2590224C4590224224A30B50B881288C9
:1065D000934212D2204A1421126801FB03231A8A23
:1065E000B3F90C40B3F90E10C2F30C025B8A0480BD
:1065F000C3F30C034180828029E0184909881144C3
:106600008B4210DA9B1A0E225343154A1168CA189E
:10661000CD5EB2F90240B2F90410B2F9063005803D
:106620004480818013E04FF6FE7293420BD10D4BF4
:10663000B3F900100C4B8180B3F900200023C28015
:106640000380438004E00023038043808380C38071
:1066500030BD00BF385A0224545A0224365A02244C
:10666000505A0224C8590224C6590224124A0388E7
:1066700011888B420BD2114A126812B152F82300D2
:10668000C0B90F4A116814225343C85870470D4AC5
:1066900012880A44934204DA084A126852F8230026
:1066A00070474FF6FE72934203D1074B1B68986CFC
:1066B00070470020704700BF385A02244C5A022409
:1066C000545A0224365A0224CC590224254B0288FB
:1066D0001B889A4223D2244B14211B6801FB0233EE
:1066E000586800283CD021490968002938D051F861
:1066F0002210002934D05A89188950435A7CDB7CF7
:10670000C2F34212C3F3421343EAC2035BB20B2B40
:1067100018BF4000033020F00300084470471449BC
:10672000098819448A421ADA1249D31A08680E21D4
:1067300001FB0300037B03F01F030B2B0BD14189EB
:1067400003894B4309490333096823F0030351F8D4
:106750002200184470470D2B01D10D3070470020E6
:10676000704700BF385A0224545A02244C5A02245B
:10677000365A0224505A0224204A10B5038812883F
:1067800093421BD21E4A1421126801FB0322517C42
:10679000D07CC1F342111B4AC0F34210126840EA98
:1067A000C10040B242B152F823302BB10E2823D0A1
:1067B0000F281DD010281DD0C0B21EE01249098834
:1067C00011448B4209DA9A1A104B0E211B6801FB07
:1067D0000233187B00F01F000FE04FF6FE72934269
:1067E0000AD1EBF73FF90368BDE810401B6B18476F
:1067F000012002E0022000E0002010BD385A0224EF
:10680000545A02244C5A0224365A0224505A022462
:106810001820704701207047024B188800EB400099
:1068200080B27047C4590224704770477047704760
:1068300070477047704770477047704770477047A0
:106840007047704770477047704770477047704790
:106850007047704770477047FF2B10B504464AD009
:106860000B2A15D8032A09D88DE02D3A062A1ED8FE
:10687000DFE802F0132E273F3D3F3D00043A072A90
:1068800000F28180DFE802F02D2B7F7F2F312F3146
:10689000A2F12C03072BE8D975E04A6850781378E9
:1068A000002870D193B1012B08BF60696CE04A6881
:1068B00050781378002866D17BB1012B08BFE068BF
:1068C00062E04A681378527813435CD1606A5BE0F7
:1068D0004A6813785278134355D1E06954E0406B0D
:1068E00052E0C06A50E0C06B4EE0406C4CE0606D1E
:1068F0004AE0E06C48E00B2A14D8032A09D842E0A9
:106900002D3A062A1CD8DFE802F0122B243C3A3C30
:106910003A00043A072A36D8DFE802F02B29353549
:106920002D2F2D2FA2F12C03072BE9D92BE04A683C
:106930005078137838BB8BB1012B08BFA06923E0D6
:106940004A6850781378F0B97BB1012B08BF2069F1
:106950001AE04A6813785278134314D1A06A13E0FE
:106960004A681378527813430DD1206A0CE0806B8B
:106970000AE0006B08E0006C06E0806C04E0A06DAB
:1069800002E0206D00E0002010BD2DE9F04F85B041
:10699000F7EE006A139D03926C68169E9DF85C707A
:1069A0000191DDE91420DDE911B804FB002228681B
:1069B000FD4302EB4202EDB202443068029070687F
:1069C00000F1040E07E1B6F90800109C01460F988B
:1069D000B6F90CA004F5004400F500400FE05FEAB2
:1069E000204C04D48C4502DA5FEA244C04D5584488
:1069F0004444013B033202E0D44504DBF7E7002BBB
:106A0000EDDC00F0AD8003F1FF3C0BFB0C095FEA0D
:106A1000294959D4894557DA08FB0C4C5FEA2C4CBC
:106A200052D4D445C0F29C804EE05FEA204945D460
:106A3000B3684B4542DD5FEA244A3FD4F1685145D3
:106A40003CDD1BB202990AFB031313F8093003EB78
:106A500043031EF803A00EEB030912F8033C13FBDB
:106A600005F30AFB07339BB203F1010A0AEB132A71
:106A700012F8023C13FB05F34FEA2A2A02F803AC92
:106A800099F801A00AFB07339BB203F1010A0AEB54
:106A9000132A12F8013C13FB05F34FEA2A2A02F8E5
:106AA00002AC99F8029009FB07339BB203F101098C
:106AB00009EB13294FEA292902F8019C5844444460
:106AC00003320CF1FF3C01E003329C46BCF1000FA5
:106AD000ABDC033A48E0B6F908A0221402994FEA69
:106AE0002049444458440AFB0212013B12F8092091
:106AF00002EB42021EF802A00EEB02091CF8032C66
:106B000012FB05F20AFB072292B202F1010A0AEB1C
:106B1000122A1CF8022C12FB05F24FEA2A2A0CF862
:106B200003AC99F801A00AFB072292B202F1010A14
:106B30000AEB122A1CF8012C12FB05F24FEA2A2A52
:106B40000CF802AC99F8029009FB072292B202F10C
:106B5000010909EB122962464FEA29290CF8019C28
:106B6000002B02F1030CB6DC019B002B3BDD30EE69
:106B7000040A0E9B70EEA40AB0EE626AC6EE807A3A
:106B800031EE051ABEEEC86A8DED0F6AB0EE436AAB
:106B9000BEEEC86A8DED106A20EEA77A61EE277A04
:106BA00077EE622A37EEC33AFEEEC82ABEEEC83A46
:106BB00012EE901AF0EE472A91FBF3FB13EE101A37
:106BC000B0EE673A91FBF3F8019B0E99013B0193FC
:106BD000039B18BF0B46019900293FF7F4AE0399B8
:106BE00000293FF7F0AE05B0BDE8F08F2DE9F74F73
:106BF000119E9146149DF7EE006A74686F680091CB
:106C00000437DDE91220DDE90FCE04FB00223068F5
:106C100002EB4202024428680190A6E00D980E9C07
:106C2000B5F908B000F50040B5F90CA004F5004432
:106C30000DE0061403D45E4501DA261404D5604441
:106C40007444013B033202E0564503DBF7E7002BB7
:106C5000EFDC50D05E1E0CFB06085FEA28482AD401
:106C6000D84528DA0EFB0646361424D4564542DBB6
:106C700021E05FEA20481AD4AE68464517DD5FEA96
:106C8000244A14D4E968514511DD36B201990AFB52
:106C9000061616F8086006EB460607EB0608BE5D0A
:106CA000167098F80160567098F80260967003327A
:106CB00060447444013B002BDBDC20E0B5F908A004
:106CC000221401994FEA2048744460440AFB0212DE
:106CD000013B12F8082002EB420207EB0208BA5C03
:106CE00006F8032C98F8012006F8022C98F80220E8
:106CF00006F8012C3246002B02F10306DEDC009B75
:106D0000002B3ADD30EE040A0C9B70EEA40AB0EEC4
:106D1000626AC6EE807A31EE051ABEEEC86A8DED63
:106D20000D6AB0EE436ABEEEC86A8DED0E6A20EEC3
:106D3000A77A61EE277A77EE622A37EEC33AFEEE43
:106D4000C82ABEEEC83A12EE901AF0EE472A91FB1E
:106D5000F3FC13EE101AB0EE673A91FBF3FE009BC2
:106D6000013B00930C9B08BF4B46009900293FF75D
:106D700055AFB9F1000F3FF751AF03B0BDE8F08F49
:106D80002DE9F04F85B0F7EE006A139D03926C6811
:106D9000169F9DF85C80DDE91420DDE911CE04FB2F
:106DA0000022286802EB42020244386801907868A9
:106DB0000430029018E10F98B7F908A000F50045DB
:106DC0001098B7F90C9000F500460DE0281403D494
:106DD000504501DA301404D565447644013B033252
:106DE00002E0484504DBF7E7002BEFDC00F0C3804E
:106DF000581E0CFB0054241465D4544563DA0EFB72
:106E0000006000145FD44845C0F2B5805BE05FEAE3
:106E1000254953D4BC684C4550DD5FEA264A4DD421
:106E2000F86850454ADD019824B20AFB040414F8BE
:106E30000900029C54F82040200E3FD008FB00F0CF
:106E400012F803BC00F10109C0F30F2010FA89F019
:106E50005FFA84F9C0F30F2A6FEA202019FB0AF9C0
:106E6000C0B20BFB00991FFA89F909F1010B0BEB7A
:106E7000192BC4F30729C4F3074419FB0AF94FEA95
:106E80002B2B14FB0AF402F803BC12F802BC0BFB18
:106E900000991FFA89F909F1010B0BEB192B12F874
:106EA000019C09FB00444FEA2B2BA4B202F802BC60
:106EB000601C00EB1420001202F8010C65447644BB
:106EC0000332013B00E00332002BA0DC56E0019CC2
:106ED0003014B7F908904FEA254A09FB0040029C9C
:106EE00010F80A0054F82040200E3FD008FB00F0B4
:106EF00012F803BC00F10109C0F30F2010FA89F069
:106F00005FFA84F9C0F30F2A6FEA202019FB0AF90F
:106F1000C0B20BFB00991FFA89F909F1010B0BEBC9
:106F2000192BC4F30729C4F3074419FB0AF94FEAE4
:106F30002B2B14FB0AF402F803BC12F802BC0BFB67
:106F400000991FFA89F909F1010B0BEB192B12F8C3
:106F5000019C09FB00444FEA2B2BA4B202F802BCAF
:106F6000601C00EB1420001202F8010C654476440A
:106F70000332013B00E00332002BA8DC0029A2F120
:106F8000030238DD30EE040A0E9B70EEA40A0139CC
:106F9000B0EE626AC6EE807A31EE051ABEEEC86ABD
:106FA0008DED0F6AB0EE436ABEEEC86A8DED106AD1
:106FB00020EEA77A61EE277A77EE622A37EEC33A9F
:106FC000FEEEC82ABEEEC83A12EE900AF0EE472A4C
:106FD00090FBF3FC13EE100AB0EE673A90FBF3FE61
:106FE0000E98039B18BF034600293FF7E4AE0398B1
:106FF00000283FF7E0AE05B0BDE8F08F2DE9F04F77
:1070000085B0F7EE006A139D03926C68169E01919D
:10701000DDE91420DDE9117C04FB0022286802EB85
:107020004202024430680290706800F1040E28E1C8
:107030000F98109CB6F908A000F50040B6F90C9026
:1070400004F500440DE0051403D4554501DA251478
:1070500004D538446444013B033202E04D4504DB6F
:10706000F7E7002BEFDC00F0D1805D1E07FB050881
:107070005FEA28486CD4D0456ADA0CFB05452D142C
:1070800066D44D45C0F2C28062E05FEA20495AD41E
:10709000B5684D4557DD5FEA244A54D4F16851453F
:1070A00051DD0FFA85F802990AFB081818F8095003
:1070B0005EF825504FEA1569B9F1FF0F3AD0B9F1E2
:1070C000000F40D05FFA85F86FEA090A12F803BC96
:1070D0005FFA8AFA08FB09F80BFB0A881FFA88F89E
:1070E00008F1010B0BEB182B12F8028C18FB0AF8B5
:1070F0004FEA2B2B02F803BCC5F3072BC5F307455A
:107100000BFB09881FFA88F808F1010B0BEB182B11
:1071100012F8018C18FB0AF84FEA2B2B05FB0988A3
:1071200002F802BC1FFA88F808F1010505EB1825E2
:107130002D1206E04FEA152802F8035C2D0C02F828
:10714000028C02F8015C384464440332013B00E0E5
:107150000332002B99DC5CE0B6F908902514029903
:107160004FEA204809FB051515F808505EF8255030
:107170004FEA1569B9F1FF0F3AD0B9F1000F40D0CD
:107180005FFA85F86FEA090A12F803BC5FFA8AFA17
:1071900008FB09F80BFB0A881FFA88F808F1010BB5
:1071A0000BEB182B12F8028C18FB0AF84FEA2B2B6A
:1071B00002F803BCC5F3072BC5F307450BFB098891
:1071C0001FFA88F808F1010B0BEB182B12F8018C51
:1071D00018FB0AF84FEA2B2B05FB098802F802BCC2
:1071E0001FFA88F808F1010505EB18252D1206E0B5
:1071F0004FEA152802F8035C2D0C02F8028C02F805
:10720000015C384464440332013B00E00332002B4C
:10721000A2DC019B033A002B3BDD30EE040A0E9BFF
:1072200070EEA40AB0EE626AC6EE807A31EE051AFC
:10723000BEEEC86A8DED0F6AB0EE436ABEEEC86A54
:107240008DED106A20EEA77A61EE277A77EE622A3A
:1072500037EEC33AFEEEC82ABEEEC83A12EE901AD6
:10726000F0EE472A91FBF3F713EE101AB0EE673AEF
:1072700091FBF3FC019B0E99013B0193039B18BF0B
:107280000B46019900293FF7D3AE039900293FF738
:10729000CFAE05B0BDE8F08F2DE9F74F119DF7EEA9
:1072A000006A9DF854706C68DDF850C0CDE900129A
:1072B000DDE91220DDE90FBE04FB00222868FD4352
:1072C000DCF8008002EB4202EDB20244F8E0BCF9C7
:1072D00008000E9C01460D98BCF90CA004F5004472
:1072E00000F500400DE0061403D48E4201DA2614A6
:1072F00004D558447444013B033202E0564504DB94
:10730000F7E7002BEFDC00F0A0805E1E0BFB060908
:107310005FEA294950D489454EDA0EFB06463614F9
:107320004AD45645C0F2918046E006143ED4DCF8BB
:107330000830B3423ADD5FEA244A37D4DCF80C1057
:10734000514533DD1BB20AFB036612F8033C13FB05
:1073500005F306EB460608EB060A18F8066006FB7E
:1073600007339BB25E1C06EB132612F8023C13FB9C
:1073700005F3361202F8036C9AF8016006FB073336
:107380009BB25E1C06EB132612F8013C13FB05F3BF
:10739000361202F8026C9AF8026006FB07339BB2C1
:1073A0005E1C06EB1326361202F8016C5844744436
:1073B000033209F1FF3901E003329946B9F1000FB8
:1073C000B3DC033A45E0BCF908A04FEA24490214B3
:1073D00074445844013B0AFB092202EB420218F8AC
:1073E00002A008EB020916F8032C12FB05F20AFBB7
:1073F000072292B202F1010A0AEB122A16F8022CB5
:1074000012FB05F24FEA2A2A06F803AC99F801A00C
:107410000AFB072292B202F1010A0AEB122A16F8BD
:10742000012C12FB05F24FEA2A2A06F802AC99F861
:10743000029009FB072292B202F1010909EB12291D
:1074400032464FEA292906F8019C002B02F1030677
:10745000B9DC009B002B3BDD30EE040A0C9B70EE88
:10746000A40AB0EE626AC6EE807A31EE051ABEEE6C
:10747000C86A8DED0D6AB0EE436ABEEEC86A8DED46
:107480000E6A20EEA77A61EE277A77EE622A37EE4F
:10749000C33AFEEEC82ABEEEC83A12EE901AF0EEDB
:1074A000472A91FBF3FB13EE101AB0EE673A91FBFB
:1074B000F3FE009B0C99013B0093019B18BF0B4608
:1074C000009900293FF703AF019900293FF7FFAE6C
:1074D00003B0BDE8F08F2DE9F04F0E9E9446119F4A
:1074E000F7EE006A7568D7F80080DDE90F04DDE982
:1074F0000C2E05FB0400346800EB40002044A1E0A2
:107500000A9C0B9DB7F908B004F50044B7F90CA02C
:1075100005F500450DE0261403D45E4501DA2E146E
:1075200004D514447544013B033002E0564503DBA7
:10753000F7E7002BEFDC4FD05E1E02FB06495FEA47
:10754000294929D4D94527DA0EFB0656361423D407
:10755000564541DB20E0261418D4D7F808B0B345CF
:1075600014DD5FEA254A11D4FB6853450EDD0FFA9E
:107570008BF30AFB036606EB460608EB060318F8D6
:10758000066006705E7846709B7883700330144402
:10759000754409F1FF3900E09946B9F1000FDADCD2
:1075A0001EE0B7F908A04FEA254920147544144499
:1075B000013B0AFB090000EB400008EB000918F84A
:1075C000000006F8030C99F8010006F8020C99F87F
:1075D000020006F8010C3046002B00F10306E0DC47
:1075E000002936DD30EE040A099BB0EE626A0139EB
:1075F00070EEA40AC6EE807A31EE051ABEEEC86AB5
:107600008DED0A6AB0EE436ABEEEC86A8DED0B6A74
:1076100020EEA77A61EE277A77EE622A37EEC33A38
:10762000FEEEC82ABEEEC83A12EE902AF0EE472AC5
:1076300013EE104AB0EE673A92FBF3F294FBF3FEBE
:1076400008BF634600293FF75BAFBCF1000F3FF76F
:1076500057AFBDE8F08F2DE9F04F85B0F7EE006A27
:10766000139D03926C68169F9DF85C80DDE91420E1
:10767000DDE911CE04FB0022286802EB420202443D
:107680003868029014E10F98B7F908A000F500459A
:107690001098B7F90C9000F500460DE0281403D4BB
:1076A000504501DA301404D565447644013B033279
:1076B00002E0484504DBF7E7002BEFDC00F0BF8079
:1076C000581E0CFB0054241463D4544561DA0EFB9D
:1076D000006000145DD44845C0F2B18059E02C141C
:1076E00051D4B868A0424EDD5FEA264A4BD4FB680D
:1076F000534548DD0FFA80F9029B0AFB094453F811
:107700002440200E3FD008FB00F012F803BC00F12B
:107710000109C0F30F2010FA89F05FFA84F9C0F371
:107720000F2A6FEA202019FB0AF9C0B20BFB00995F
:107730001FFA89F909F1010B0BEB192BC4F3072987
:10774000C4F3074419FB0AF94FEA2B2B14FB0AF484
:1077500002F803BC12F802BC0BFB00991FFA89F96E
:1077600009F1010B0BEB192B12F8019C09FB0044EA
:107770004FEA2B2BA4B202F802BC601C00EB1420D1
:10778000001202F8010C019B654476440332013B70
:1077900000E003320193019B002BA0DC52E0341483
:1077A000B7F90890281409FB0400029C54F8204003
:1077B000200E3FD008FB00F012F803BC00F10109D5
:1077C000C0F30F2010FA89F05FFA84F9C0F30F2A92
:1077D0006FEA202019FB0AF9C0B20BFB00991FFACF
:1077E00089F909F1010B0BEB192BC4F30729C4F339
:1077F000074419FB0AF94FEA2B2B14FB0AF402F891
:1078000003BC12F802BC0BFB00991FFA89F909F1BD
:10781000010B0BEB192B12F8019C09FB00444FEAFA
:107820002B2BA4B202F802BC601C00EB1420001247
:1078300002F8010C654476440332013B00E0033258
:10784000002BACDC0029A2F1030238DD30EE040A83
:107850000E9B70EEA40A0139B0EE626AC6EE807A21
:1078600031EE051ABEEEC86A8DED0F6AB0EE436ABE
:10787000BEEEC86A8DED106A20EEA77A61EE277A17
:1078800077EE622A37EEC33AFEEEC82ABEEEC83A59
:1078900012EE900AF0EE472A90FBF3FC13EE100A6A
:1078A000B0EE673A90FBF3FE0E98039B18BF0346B9
:1078B00000293FF7E8AE039800283FF7E4AE05B093
:1078C000BDE8F08F2DE9F74F119DF7EE006A0192A8
:1078D0006C68DDF850C0DDE91220DDE90FE804FB3B
:1078E0000022286802EB42020244DCF8000000900B
:1078F00004E10D980E9CBCF9089000F50040BCF91D
:107900000C7004F500440DE0051403D44D4501DA74
:10791000251404D570444444013B033202E0BD42C7
:1079200004DBF7E7002BEFDC00F0AF805D1E0EFB01
:10793000050636145CD44E455ADA08FB05452D146D
:1079400056D4BD42C0F2A18052E006144BD4DCF8FC
:107950000870B74247DD5FEA244944D4DCF80C5094
:107960004D4540DD3FB2009D09FB076655F82650A6
:107970002E0E38D0FF2EC5F3074AC5F30727EDB208
:107980002BD06FEA060912F803BC75435FFA89F938
:1079900077430AFB06F60BFB0955ADB205F1010B67
:1079A0000BEB152B12F8025C05FB09774FEA2B2B2A
:1079B000BFB202F803BC7D1C05EB17252D1202F89F
:1079C000025C12F8015C05FB0966B6B2751C05EB9A
:1079D00016252D1202F8015C05E002F8035C02F89E
:1079E000027C02F801AC704444440332013B00E0E5
:1079F0000332002BA9DC4BE02614BCF908700514F7
:107A000007FB0655009E56F825502E0E38D0FF2E47
:107A1000C5F3074AC5F30727EDB22BD06FEA060975
:107A200012F803BC75435FFA89F977430AFB06F63F
:107A30000BFB0955ADB205F1010B0BEB152B12F841
:107A4000025C05FB09774FEA2B2BBFB202F803BC9F
:107A50007D1C05EB17252D1202F8025C12F8015C63
:107A600005FB0966B6B2751C05EB16252D1202F84A
:107A7000015C05E002F8035C02F8027C02F801AC4C
:107A8000704444440332013B00E00332002BB3DC7A
:107A90000029A2F1030238DD30EE040A0C9B70EEDF
:107AA000A40A0139B0EE626AC6EE807A31EE051A98
:107AB000BEEEC86A8DED0D6AB0EE436ABEEEC86ACE
:107AC0008DED0E6A20EEA77A61EE277A77EE622AB4
:107AD00037EEC33AFEEEC82ABEEEC83A12EE900A5E
:107AE000F0EE472A90FBF3FE13EE100AB0EE673A71
:107AF00090FBF3F80C98019B18BF034600293FF751
:107B0000F8AE019800283FF7F4AE03B0BDE8F08F5F
:107B10002DE9F04F85B09646F7EE006A139D9DF86B
:107B20005C206C680392169E0091DDE91420DDE96B
:107B3000117C04FB0022286802EB42020244B06878
:107B4000013020F0010001903068029038E10F9878
:107B5000B6F908A000F500441098B6F90C9000F5AD
:107B600000450DE0201403D4504501DA281404D553
:107B70003C446544013B033202E0484504DBF7E73F
:107B8000002BEFDC00F0E280581E07FB00485FEAA4
:107B9000284875D4D04573DA0CFB005000146FD41C
:107BA0004845C0F2D3806BE05FEA244863D4B068F4
:107BB000404560DD5FEA25495DD4F06848455ADDFF
:107BC0000198029909FB00894FEA590019F0010F49
:107BD00011F800800BBF08F00F0008F0F00000EB78
:107BE000001000EB1810C0B2002844D07A4912F8F7
:107BF00003BCD1F800800399484300F10109C0F3A8
:107C00000F2010FA89F05FFA88F9C0F30F2A6FEAA3
:107C1000202019FB0AF9C0B20BFB00991FFA89F961
:107C200009F1010B0BEB192BC8F30729C8F307481F
:107C300019FB0AF94FEA2B2B18FB0AF802F803BCD0
:107C400012F802BC0BFB00991FFA89F909F1010B2C
:107C50000BEB192B12F8019C09FB00884FEA2B2B28
:107C60001FFA88F802F802BC08F1010000EB1820A6
:107C7000001202F8010C3C4465440332013B00E071
:107C80000332002B90DC64E04FEA24480199281469
:107C900001FB008002994FEA500811F80880C107E3
:107CA00055BF08F00F0008F0F00000EB001000EBEB
:107CB0001810C0B2002844D0474912F803BCD1F8CC
:107CC00000800399484300F10109C0F30F2010FA26
:107CD00089F05FFA88F9C0F30F2A6FEA202019FBB8
:107CE0000AF9C0B20BFB00991FFA89F909F1010BDF
:107CF0000BEB192BC8F30729C8F3074819FB0AF93E
:107D00004FEA2B2B18FB0AF802F803BC12F802BC4E
:107D10000BFB00991FFA89F909F1010B0BEB192BE9
:107D200012F8019C09FB00884FEA2B2B1FFA88F8F8
:107D300002F802BC08F1010000EB1820001202F862
:107D4000010C3C4465440332013B00E00332002B4C
:107D50009ADC009B033A002B3ADD30EE040A0E9BBE
:107D600070EEA40AB0EE626AC6EE807A31EE051AB1
:107D7000BEEEC86A8DED0F6AB0EE436ABEEEC86A09
:107D80008DED106A20EEA77A61EE277A77EE622AEF
:107D900037EEC33AFEEEC82ABEEEC83A12EE901A8B
:107DA000F0EE472A91FBF3F713EE101AB0EE673AA4
:107DB00091FBF3FC009B013B00930E9B08BF7346B5
:107DC000009900293FF7C3AEBEF1000F3FF7BFAEE9
:107DD00005B0BDE8F08F00BFD85902242DE9F04F5F
:107DE00085B0F7EE006ADFF8CCC20392169E0091D0
:107DF000DDE91275DDE914206C6804FB00222868B7
:107E000002EB42020244B068013020F00100019010
:107E10003068029043E10F98B6F9089000F50044ED
:107E20001098B6F90C8000F500450EE0201403D43C
:107E3000484501DA281405D511983D44013B033229
:107E4000044402E0404504DBF6E7002BEEDC00F0E2
:107E5000E980581E119901FB004E5FEA2E4E78D43E
:107E6000CE4576DA07FB0050001472D44045C0F2CC
:107E7000D9806EE05FEA244E65D4B068704562DD5B
:107E80005FEA25485FD4F06840455CDD019908FB56
:107E900001E802994FEA580018F0010F11F800E0CC
:107EA0000BBF0EF00F0E0EF0F0000EEB0E1E00EBEF
:107EB0001E100CBF5FFA8EF0C0B2002843D0DCF871
:107EC00000E0FF28CEF3074ACEF307285FFA8EFEC4
:107ED00033D06FEA000912F803BC1EFB00FE18FB4A
:107EE00000F85FFA89F91AFB00F00BFB09EE1FFAA4
:107EF0008EFE0EF1010B0BEB1E2B12F802EC0EFBAB
:107F000009884FEA2B2B1FFA88F802F803BC08F106
:107F1000010E0EEB182E4FEA2E2E02F802EC12F88C
:107F200001EC0EFB090080B200F1010E0EEB102EE9
:107F30004FEA2E2E02F801EC05E002F803EC02F8FD
:107F4000028C02F801AC11993D440332013B0C4410
:107F500000E00332002B8DDC67E04FEA244E0199EC
:107F6000281401FB00E002994FEA500E11F80EE0D0
:107F7000C10755BF0EF00F0E0EF0F0000EEB0E1EF7
:107F800000EB1E1054BF5FFA8EF0C0B2002843D041
:107F9000DCF800E0FF28CEF3074ACEF307285FFAAB
:107FA0008EFE33D06FEA000912F803BC1EFB00FE00
:107FB00018FB00F85FFA89F91AFB00F00BFB09EED9
:107FC0001FFA8EFE0EF1010B0BEB1E2B12F802ECCA
:107FD0000EFB09884FEA2B2B1FFA88F802F803BC26
:107FE00008F1010E0EEB182E4FEA2E2E02F802ECCD
:107FF00012F801EC0EFB090080B200F1010E0EEB4D
:10800000102E4FEA2E2E02F801EC05E002F803ECE8
:1080100002F8028C02F801AC11993D440332013B95
:108020000C4400E00332002B97DC009B033A002B4A
:108030003DDD30EE040A0E9B70EEA40AB0EE626ADB
:10804000C6EE807A31EE051ABEEEC86A8DED0F6A73
:10805000B0EE436ABEEEC86A8DED106A20EEA77AD4
:1080600061EE277A77EE622A37EEC33AFEEEC82A2F
:10807000BEEEC83A12EE901AF0EE472A91FBF3F3E7
:1080800013EE101A11930E9BB0EE673A91FBF3F7C3
:10809000009B0E99013B0093039B18BF0B46009970
:1080A00000293FF7B8AE039900293FF7B4AE05B0F9
:1080B000BDE8F08FD8590224704700002DE9F04345
:1080C0008BB00C4615469DF84860002E00F0A3804A
:1080D000286806AA6968514F03C21868596803C224
:1080E00006A8FAF795FE294608A8FAF7D5FEBDF9C5
:1080F0002010BDF92220BDF81C30386813FB021394
:10810000BDF92480BDF9265003EB43031C44BDF8A0
:1081100018301944BDF81A301A44ADF82010ADF8E3
:1081200022200368DB6B9847FF2E02D010F0040F6B
:1081300001E010F0010F386814D000230268ADB2DE
:10814000039621460195CDE90433BDF81C30029316
:108150001FFA88F30093BDF82230956CBDF82020FB
:10816000A84758E00368DB6A98472D4ABDF922C04A
:10817000FF2E1388BDF9201003FB05F503FB0C113E
:10818000BDF91CC005EB450501EB4101084408EBB6
:10819000480105443CD0A3EB0803ACEB080CC6F146
:1081A000FF0E03EB43030CEB4C0C15E000EB010856
:1081B0000EE0027814F8019B12FB0EF209FB062276
:1081C00092B202F1010909EB1222121200F8012BFE
:1081D0004045EED318446444A842E7D338680368A6
:1081E0001B6B984717E0431803E014F8016B00F885
:1081F000016B9842F9D31388A3EB080303EB430305
:108200001844BDF91C30A3EB080303EB43031C44E3
:10821000A842E8D3E2E70BB0BDE8F083CC590224D2
:10822000C45902242DE9FF41002300933F4B1B78E2
:108230000BB93F4A00E03F4AB2F90020ADF80420F4
:108240000BB93C4B00E03A4BB3F9003002AC086884
:10825000ADF8063002AB4968374D03C36946204686
:10826000FAF71AFE6846FAF7D3FDBDF80830BDF8F4
:10827000002028681344BDF80220ADF80830BDF88E
:108280000A301344ADF80A300368DB6B9847C30724
:1082900006D52868036894E806001B6E984742E0FC
:1082A0002868BDF90C600368BDF90E805B6B9847C8
:1082B000BDF90820BDF80A10BDF804301C4F13FBAF
:1082C000012303EB4303C41828680368DB6A98475B
:1082D0003A88BDF90A30BDF9081002FB031108FB0A
:1082E00002F201EB410102EB4202431806EB4600A9
:1082F0001A4412E0191803E014F801CB03F801CB7B
:108300008B42F9D33988891B01EB41010B44BDF93C
:108310000410891B01EB41010C449342EAD3286805
:1083200003681B6B984704B0BDE8F081BE59022476
:10833000C4590224C2590224CC5902242DE9F04F19
:108340008DB01C460E469DF85C3020686168039233
:10835000049308AB169A03C31068516803C308A8B6
:10836000FAF756FD21460AA8FAF796FDBDF9240052
:10837000BDF92650B0F5806FBDF82810DBBF4FF473
:10838000806483B20124B4FBF3F4BDF92A302544A0
:1083900093FBF4F2013D97B295FBF4F507FB14341F
:1083A00014FB00F40C44A4B227B1039A52F827201E
:1083B00012BA1644BDF82020ADB2BDF92E7011449A
:1083C000BDF82220BDF92C90AD001344ADF8281063
:1083D000ADF82A30734B18680368DB6A9847724B14
:1083E000BDF92A10002C1B88BDF9282003FB0122AF
:1083F00007FB03F308BF4F4602EB420218BF0027FA
:1084000003EB43031044BFB2C31806932B1D05931F
:1084100000230193BAE053B93278930902F03F0286
:1084200001925A1E022A8ABF73780136023674B14D
:108430009C4291BF1B1BE31A39464FF0000E8FBFC1
:108440009CB200241FFA83FE1FFA89F19CE00422EB
:1084500005999F421546019A94BFA3EB070EA646C5
:1084600015FB0212039998BF1FFA8EFE8D588EBF1E
:10847000F91A3A4621464FEA156C84BF1A4689B26A
:10848000BCF1000F6BD05FFA85FBC5F30728BCF188
:10849000FF0FC5F30745029512D1049DFF2D0FD1A3
:1084A00009E00298013A0CF803BC0CF8010C92B2F6
:1084B00060460CF8028C00F1030C002AF1D151E067
:1084C000049D05FB0CFCCCF30F2A0CF1010C1AFAED
:1084D0008CFC6FEA2C2ACCF30F2C1BFB0CFB5FFAF5
:1084E0008AFA18FB0CF81FFA8BF51FFA88F8079523
:1084F000029D15FB0CF5ADB202952BE01CF8030CA8
:10850000013A079D92B200FB0A50029D80B200F131
:10851000010B0BEB102B1CF8020C00FB0A804FEA3E
:108520002B2B80B20CF803BC00F1010B0BEB102BD2
:108530001CF8010C00FB0A504FEA2B2B80B20CF800
:1085400002BC00F1010B0BEB102B60464FEA2B2B0A
:108550000CF801BC00F1030C002ACFD102E002EBC1
:10856000420210449F420FD81FFA89F1BDF82440FF
:108570000D4B641A1B88A4B2A3EB0903002C03EB78
:10858000430318BF0021184473460F46069A9042D1
:10859000FFF441AF034B186803681B6B98470DB09D
:1085A000BDE8F08FCC590224C45902242DE9F047CC
:1085B00088B006460F46904605A81D46ADF8143013
:1085C000FEF754F83368044605A8D3F81CA0FDF75D
:1085D00093FF814605A8FDF7C3FF43463A4631465F
:1085E0000094CDE9019006A8D04706A92846FDF7DA
:1085F00073FE204608B0BDE8F08700002DE9F04F7B
:108600008DB081460C461646BDF8587098469DF8C8
:108610005CA027F00205082D00F07882042F40F0BE
:10862000DB83BAF1FF0FB54D1ED12046FEF71EF8D1
:1086300002902868B24D0368DB6A98477168074664
:1086400008AB306803C308A8FAF7E2FBD8F80000CB
:10865000D8F804100AAB03C331460AA8FAF71CFC89
:108660002B78012B0CD107E028680368D3F8AC30D5
:1086700098470128D9D0A8E32046FDF771FF02E012
:108680002046FDF739FF2B7800902046012B02D1C0
:10869000FDF732FF01E0FDF763FF009B0004BDF929
:1086A00022201E04BDF924300138DFF85C92013B22
:1086B000013EB9F80010012B38BF0123B6FBF3F6D9
:1086C000BDF92630013B012B38BF0123BAF1FF0F62
:1086D000B0FBF3F30393BDF92A30BDF920001A442F
:1086E000BDF92830034401FB023303EB43031F446D
:1086F00000F0FD817300DFF8148205930023C34668
:10870000019336E1019B0021BDF92A50BDF92840B3
:108710001D44039B74435D43009B2D0C5D43029BF2
:1087200005EB45051D445BE0434608F1FF01220CC3
:1087300034440F3302EB4202A818AA5C03F80F2C52
:10874000427803F80E2C827803F80D2C220C344466
:1087500002EB4202A818AA5C03F80C2C427803F83A
:108760000B2C827803F80A2C220C344402EB4202D0
:10877000A818AA5C03F8092C427803F8082C827820
:1087800003F8072C220C344402EB4202A818AA5C1E
:1087900003F8062C427803F8052C827803F8042CA1
:1087A000220C344402EB4202A818AA5C03F8032C02
:1087B000427803F8022C827803F8012C9942B6D152
:1087C0004046FF21EAF7BAF941465346552248464A
:1087D000EAF7F8F94B4B0499D84518BF5B46984621
:1087E00001F15503BDF92CC001EB41096345049328
:1087F000B94499DD614580F2B1803444424672E06B
:10880000020C0831240C02EB420204EB4404AF18C2
:10881000AA5C03F8182C7A7803F8172CBA7803F8B6
:10882000162C2A192C5D03F8154C547803F8144CB7
:10883000927803F8132C059A8418220C344402EB26
:108840004202A818AA5C03F8122C427803F8112CF3
:10885000827803F8102C220C344402EB4202A81850
:10886000AA5C03F80F2C427803F80E2C827803F8E8
:108870000D2C220C344402EB4202A818AA5C03F827
:108880000C2C427803F80B2C827803F80A2C220C6B
:10889000344402EB4202A818AA5C03F8092C42787F
:1088A00003F8082C827803F8072C220C344402EBDE
:1088B0004202A818AA5C03F8062C427803F8052C9B
:1088C000827803F8042C220C02EB4202A818AA5C5E
:1088D00003F8032C427803F8022C827803F8012C69
:1088E000059A14441A4601F1070EA01B02F1180361
:1088F0000F46F44584DCA2EB080419E0CC590224AD
:10890000BE590224C09D0024C4590224C09E0024E4
:10891000030C03343044013703EB4303E918EB5CE9
:1089200002F8033C4B7802F8023C8B7802F8013CD9
:10893000BC4502F10302EBDC40462146EAF7FEF8B3
:108940000322534641464846A144B4FBF2F2EAF7FB
:1089500039F9AD4BD84518BF5B469846AB4B1F88DD
:10896000BDF92C30FF1A019B07EB470701334F4439
:108970000193BDF92E30019A9A42FFF6C3AE1CE274
:10898000BDF92A304FF0000C039A2B44BDF9281092
:108990005343009A01FB06611B0C0EEB010053438D
:1089A000029A03EB4303134477E0270C0CF1080C05
:1089B000090C07EB470701EB410103EB0708DF5DFB
:1089C00002F8187C98F8017002F8177C98F8027089
:1089D00002F8167C5F18595C02F8151C797802F8C9
:1089E000141CB97802F8131C04EB0E010C0C04EBF8
:1089F00044041F191C5D02F8124C7C7802F8114CDB
:108A0000BC7802F8104C040C304404EB44041F19E9
:108A10001C5D02F80F4C7C7802F80E4CBC7802F812
:108A20000D4C040C04EB44041F191C5D02F80C4CA3
:108A30007C7802F80B4CBC7802F80A4C019C21446B
:108A40000C0C314404EB44041F191C5D02F8094C62
:108A50007C7802F8084CBC7802F8074C0C0C3144C6
:108A600004EB44041F191C5D02F8064C7C7802F8E4
:108A7000054CBC7802F8044C0C0C714404EB440423
:108A80001F191C5D02F8034C7C7802F8024CBC787C
:108A9000174602F8014C049C2044BDF92CB00CF19F
:108AA000070A8C1B07F11802D345E0463FF77DAF5C
:108AB00010E0220C08F1010834440F4602EB420298
:108AC00098189A5C01F8032C427801F8022C8278FD
:108AD00001F8012CBDF92C20F91C4245E9DCB9F85C
:108AE000003001359B1A03EB43031F4408E006EBFB
:108AF000460300254FEA460E0193C6EBC6030493D6
:108B0000BDF92E309D42FFF63BAF58E1404D28683D
:108B10000368D3F8AC309847012840F0568130689C
:108B200008AB716803C308A8FAF772F9D8F8000017
:108B3000D8F804100AAB03C33146364E0AA8FAF738
:108B4000ABF933782046012B02D1FDF709FD01E096
:108B5000FDF7D2FC337800902046012B02D1FDF7BF
:108B6000CBFC01E0FDF7FCFC009B00044FF0000B88
:108B7000294F1E04BDF924300138013B013E012B71
:108B800038BF0123B6FBF3F6BDF92630013B012BBC
:108B900038BF0123B0FBF3F320460393FDF766FDD6
:108BA000049028680368DB6A9847BDF92A30BDF94C
:108BB0002220BDF920401A44144B1988BDF92830F1
:108BC000234401FB023303EB430300EB0308730070
:108BD000029306EB4603079306EB860306930623F0
:108BE00073430593E4E0BDF92A500022039B5D44E2
:108BF000BDF928405D43009B74432D0C5D43049BED
:108C000003EB850556E000BFC09D0024C459022433
:108C1000CC590224BE590224C09E0024079A3B4628
:108C200007F58070A218210C3444203355F8211028
:108C300043F8201C210C55F8211043F81C1C911BF3
:108C4000090C55F8211043F8181C110C324455F842
:108C5000211043F8141C110C324455F8211043F82C
:108C6000101C110C55F8211043F80C1C06990C44EB
:108C7000210C344455F8211043F8081C210C3444CD
:108C800055F8211043F8041C984205990A44CAD1AA
:108C900038464FF48071E9F751FF53464022394678
:108CA0004846E9F7B3FF514A514B9F4208BF13466C
:108CB000019A1F4602F14003BDF92C0002EB420964
:108CC00083420193C144A9DD824265DAA119A0EB78
:108CD000020E3B464FF0000C2EF0070E019135E0DE
:108CE0004FEA11480CF1080C55F8284043F8204C85
:108CF000019C240C55F8244043F81C4C029C0C1990
:108D0000210C344455F8211043F8181C210C34442C
:108D100055F8211043F8141C210C344455F8211047
:108D200043F8101C210C344455F8211043F80C1C56
:108D3000210C344455F8211043F8081C210C55F837
:108D4000211043F8041C0299611801910199F4451E
:108D500003F12003A1EB0601C2D1644606E00B0C2F
:108D6000314455F8233047F8243001341319984220
:108D7000F5DCA1003846E9F7E1FE224653463946C4
:108D8000484604EB4404E9F741FF194B174AA14454
:108D90009F4208BF13461F46164B0BF1010BB3F859
:108DA0000080BDF92C30A8EB030808EB4808C84444
:108DB000BDF92E309B45FFF616AFE9F7B5FE0E4B19
:108DC000186803681B6B98470DE0434632462146FE
:108DD0004846CDE9167A01E0CDE9167A0DB0BDE836
:108DE000F04FF9F7B3B90DB0BDE8F08FC09D002486
:108DF000C09E0024C4590224CC59022410B5044654
:108E00006C2108F09FFB204610BD10B504460421DC
:108E100008F098FB204610BD10B50446042108F068
:108E200091FB204610BD10B5044640F6440108F001
:108E300089FB204610BD10B504464FF4827108F03E
:108E400081FB204610BD10B50446042108F07AFBD2
:108E5000204610BD10B50446042108F073FB2046DF
:108E600010BD10B50446042108F06CFB204610BD6F
:108E700010B50446042108F065FB204610BD10B56E
:108E80000446042108F05EFB204610BD10B50446E0
:108E9000042108F057FB204610BD10B504460421FC
:108EA00008F050FB204610BD10B50446042108F020
:108EB00049FB204610BD10B50446042108F042FBD2
:108EC000204610BD10B50446042108F03BFB2046A7
:108ED00010BD10B50446042108F034FB204610BD37
:108EE00010B50446042108F02DFB204610BD10B536
:108EF0000446042108F026FB204610BD10B50446A8
:108F0000042108F01FFB204610BD10B504460421C3
:108F100008F018FB204610BD10B50446042108F0E7
:108F200011FB204610BD10B50446042108F00AFBD1
:108F3000204610BD10B50446042108F003FB20466E
:108F400010BD10B50446042108F0FCFA204610BDFF
:108F500010B50446042108F0F5FA204610BD0000C3
:108F60002DE9F04F89B00D461C469DF84C800192CA
:108F7000129AB8F1000F00F00581206804AB616817
:108F800003C31068516803C304A8F9F741FF2146E1
:108F900006A8F9F781FFBDF91400BDF91660B0F518
:108FA000806FBDF81810DBBF4FF4806483B20124DA
:108FB000B4FBF3F4BDF91A30264493FBF4F2013EFE
:108FC00097B296FBF4F607FB143414FB00F40C4440
:108FD000A4B227B1019A52F8272012BA1544BDF85D
:108FE0001020B6B2BDF91C90C8F1FF0A1144BDF8BB
:108FF0001220BDF91E70B6001344ADF818101FFA08
:109000008AFAADF81A30614B18680368DB6A984732
:109010005F4BBDF91A10002C1A88BDF9183002FBFD
:10902000013303EB4303184402FB07F303EB430351
:109030000344029306F104030CBF4E46002603933B
:109040000023B6B2009394E053B92A78930902F052
:109050003F0200925A1E022A8ABF6B780135023500
:1090600074B19C4291BF1B1BE31A31464FF0000EB6
:109070008FBF9CB200241FFA83FE1FFA89F176E0AD
:109080000322B34203991746009A2CBFA3EB060EA6
:10909000A64617FB0217019A34BFF11A1FFA8EFE7B
:1090A000174427BF2146324689B21A46B8F1FF0F4E
:1090B00047D035E01CF8030C013A97F800B010FBDC
:1090C0000AF092B20BFB080080B200F1010B0BEB2F
:1090D000102B1CF8020C10FB0AF04FEA2B2B0CF89B
:1090E00003BC97F801B00BFB080080B200F1010B44
:1090F0000BEB102B1CF8010C10FB0AF04FEA2B2B8A
:109100000CF802BC97F802B00BFB080080B200F12B
:10911000010B0BEB102B60464FEA2B2B0CF801BC1C
:1091200000F1030C002AC5D10FE03878013A0CF8A1
:10913000030C92B278780CF8020CB8780CF8010C99
:10914000604600F1030C002AEFD1B3420FD31FFA9F
:1091500089F1BDF814400E4B641A1B88A4B2A3EB2E
:109160000903002C03EB430318BF00211844734686
:109170000E46029A82423FF667AF044B18680368B6
:109180001B6B984709B0BDE8F08F00BFCC59022493
:10919000C45902242DE9F04F97B01C4605469DF8AE
:1091A0008430CDE90E120293209A002B00F0CB817F
:1091B000206812AB616803C31068516803C312A82A
:1091C000F9F726FE214614A8F9F766FEBDF94C20F2
:1091D000BDF94E60B2F5806FBDF95670DBBF93B23A
:1091E0004FF480614FF0010AB1FBF3FABDF9523040
:1091F0005644BDF85010013E93FBFAF080B200FBDC
:109200001A340A9014FB02F4BDF848200C441144AF
:10921000BDF84A20ADF85010A4B21344ADF8523056
:10922000BDF954300393B64B18680368DB6A98475E
:10923000B44BBDF95210002C1A88BDF9503002FB16
:1092400007F702FB013318BF002207EB470703EBC8
:10925000430396FBFAF6184406F1010600EB0703F8
:10926000B6B20B930F9B03EB860606F1040306933D
:10927000039B08BF1A460023089392B2029BC3F1D6
:10928000FF039BB209934DE1BDF84C304FF000094C
:1092900071780D92B4FBF3F3AAEB03039BB2109326
:1092A000B3781B0243EA0143F17836780B430E99F9
:1092B0000C9601361944049601F1010849780E9E76
:1092C0000902F35C01F4807185F804381943002326
:1092D0000593012307919C46019365E0002E59D127
:1092E00098F80130CCF107018B4098F80010DBB200
:1092F00041FA0CF10CF1010C41EA43010C9B5FFABD
:109300008CFC1FFA81FEBCF1080F12BF08F10108A6
:1093100008F10208B446734502D3C9B2012322E022
:10932000049B9E4509D3019B95F80418EB1883F81C
:109330000418019B01339BB21BE005EB810105F68C
:1093400004074B79714603F1FF3908E005EB810111
:1093500091F804B007F809B009F1FF39C988B9F1EB
:10936000000FF3DCC9B285F804180499B1F5007F49
:1093700015D20499079F05EB810195F80498CF80D9
:10938000019F81F8049001374F710499013189B22E
:10939000049104E03346DDF81CE00E4600E0019342
:1093A000B1460D92CDF81CE07CB1A34204D2E31A81
:1093B000494600269CB2B0E01B1BA144BDF80C201E
:1093C00000249EB21FFA89F1A7E09342029F27BFB3
:1093D0009E1A1146D21A194627BFB6B2224692B239
:1093E00026464944FF2F89B247D163E009F10100C5
:1093F000A944069F119099F8040800EB400017F863
:1094000000B007EB00091EF8030C099F10FB07F0E2
:10941000029F0BFB0700099F80B200F1010B0BEBD1
:10942000102B1EF8020C10FB07F04FEA2B2B029FAB
:109430000EF803BC99F801B00BFB0700099F80B23E
:1094400000F1010B0BEB102B1EF8010C10FB07F0C9
:109450004FEA2B2B029F0EF802BC99F8029009FBF1
:10946000070080B200F1010909EB102970464FEAAC
:1094700029290EF8019CBDF84490894500F1030E9E
:10948000B4D11BE009F1010BA944069F99F8040827
:1094900000EB400007EB0009385C0EF8030C99F86C
:1094A00001000EF8020C99F802001FFA8BF90EF871
:1094B000010C7046894500F1030EE3D10D9FBB42BC
:1094C0002BD3104B039A1B889B1A109A03EB430370
:1094D0001844059B01339342059315D1BDF84830DC
:1094E000BDF85040E41A039BA4B2002C08BF1A46F2
:1094F000089B18BF0022013392B2089312E000BF0C
:10950000CC590224C4590224BDF80C20BDF84C40AB
:10951000A41AA4B2002C18BF00220B9B83423FF672
:10952000DDAE0BE0089B0A9911FA83F60F9B01361A
:1095300003EB86060B9B83423FF6A6AE034B1868EF
:1095400003681B6B984717B0BDE8F08FCC59022415
:109550002DE9F04F99B01C4607469DF88C30CDE9B7
:109560000D120893229A002B00F0C981206814ABD9
:10957000616803C31068516803C314A8F9F748FC75
:10958000214616A8F9F788FCBDF95420BDF95650BC
:10959000B2F5806FBDF95E60DBBF93B24FF48061BE
:1095A0000123B1FBF3F301930198BDF95A300199FE
:1095B00093FBF0F080B20D440990013D0198099CA5
:1095C00004FB103495FBF1F514FB02F4BDF85810C0
:1095D000BDF8502001350C441144BDF85220ADB205
:1095E0001344ADF85810AD00ADF85A30A4B2BDF92F
:1095F0005C300393B04B18680368DB6A9847AF4B45
:10960000BDF95A20002C1988BDF9583001FB06F627
:1096100001FB023318BF002106EB460603EB4303B0
:1096200000EB030202EB06030A9305F104030F9318
:10963000039B08BF19460023079307F6040389B26A
:1096400013934BE1BDF854304FF0010C0198E04604
:109650000C91B4FBF3F3C31A68789BB21093AB7808
:109660001B0243EA0043E8782D7803430D980B95DD
:10967000013518440495451C4078029500020D9D63
:1096800000F48070EB5C184387F8043800230690E0
:109690001D460593634667E0009B002B5CD1029B4F
:1096A000C8F107055B78AB40029D2D78DBB245FA27
:1096B00008F508F101085FFA88F845EA4305029BBE
:1096C000B8F1080FAEB213BF01330233DDF80080EA
:1096D000029308BF02930B9BB34202D3EDB2012366
:1096E00022E0049B9E4209D307EB0C0397F8045831
:1096F00083F804580CF101039BB21BE007EB8505CE
:109700006879354600F1FF3E09E007EB8505139BBC
:1097100095F8049003F80E900EF1FF3EED88BEF12F
:10972000000FF2DCEDB2034687F80458049DB5F54E
:10973000007F15D2049D0CF1010C069807EB8505FE
:1097400097F804E8E880049885F804E085F805C0F7
:10975000451CA8B2049003E0009B069E009500E023
:109760009C46009D0C9106967CB1A34204D2E31A5C
:109770009CB200230093ACE01B1B2544BDF80C10E9
:1097800000249BB2ADB20093A3E08B4205D3581ADC
:109790000E46214680B2009064E0C91A1E4600942D
:1097A00089B25FE06E1C3D44B0B295F80458119048
:1097B000042006460F9816FB05050E9845592E0EF7
:1097C0004DD0C5F3072BC5F3074AFF2E5FFA85FE80
:1097D000D946554609D10898FF2806D102F803EC6E
:1097E00002F802BC02F801AC39E0089812F803BC98
:1097F000464306F1010AC6F30F2616FA8AF6C6F3A7
:109800000F2A6FEA26261EFB0AFEF6B219FB0AF99A
:109810000BFB06EE15FB0AF51FFA8EFE0EF1010B8F
:109820000BEB1E2B12F802EC0EFB06994FEA2B2BCA
:109830001FFA89F902F803BC09F1010E0EEB192E8B
:109840004FEA2E2E02F802EC12F801EC0EFB065540
:10985000ADB26E1C06EB1526361202F8016C03320F
:10986000119D03E02E440332B0B21290129885424B
:1098700098D10C98033A83422BD3104B03991B8841
:109880005B1A109903EB43031A44059B01338B4287
:10989000059315D1BDF85030BDF85840E41A039B2C
:1098A000A4B2002C08BF1946079B18BF0021013342
:1098B00089B2079312E000BFCC590224C459022494
:1098C000BDF80C10BDF85440641AA4B2002C18BFA7
:1098D00000210A9B93423FF6DFAE0BE0079B0998FD
:1098E00010FA83F50E9B013503EB85050A9B934225
:1098F0003FF6A8AE034B186803681B6B984719B076
:10990000BDE8F08FCC5902242DE9F04F91B01446F8
:1099100080460D469DF868200792002A00F0998243
:1099200020680CAA616803C21868596803C20CA8B1
:10993000F9F76EFA21460EA8F9F7AEFABDF9340030
:10994000BDF83810B0F5806FDBBF83B24FF4806292
:109950000123B2FBF3F3019305F10803019A089385
:10996000BDF936301344013B93FBF2F3013B089AF7
:109970009BB202EB8303BDF93A200993019B92FB52
:10998000F3F4A3B20593059D019B05FB132313FB81
:1099900000F30B441FFA83FA3DB1089B681E53F88D
:1099A0002060099B36BA1E4400E0099EBDF83000D5
:1099B000BDF93C300144BDF93E400293ADF838108A
:1099C000BDF83210DFF810930A44ADF83A20C04ACF
:1099D00010680268D26A9047BE4ABDF93A501188B1
:1099E000BDF9382001FB052202EB4202871801FB7A
:1099F00004F2002402EB42022146BB18BDF93420D8
:109A00000B939AFBF2F3069308F104034FF4807270
:109A100018460A9312F06EFC0DE23278FE2AD5B297
:109A200020D17578331DB178EDB2F678C9B20393C1
:109A300065F30704F6B20AF1FF3361F30F2401EB7B
:109A400081011FFA83FA66F317441EFB0616220EE5
:109A50001CFB056510FB025202F03F0208EB82027C
:109A60005460A5E0FF2D23D17178731DB278C9B27F
:109A7000F578D2B2367961F30704EDB2F6B203930A
:109A800062F30F2402EB82020AF1FF3365F31744FD
:109A90001EFB05251FFA83FA66F31F641CFB0151A8
:109AA00010FB061606F03F0608EB860674607FE0A2
:109AB000731CAA09039303D108EB85056C6828E0A1
:109AC000012A2BD105F00302A11E1144C5F3810226
:109AD000C5F30115C9B261F30704C4F30726023EBA
:109AE0003244D2B262F30F2402EB8202C4F307467F
:109AF000023E3544EDB265F317441EFB0525260EE4
:109B00001CFB015110FB061606F03F0608EB86060B
:109B100074600AF1FF331FFA83FA49E0022A05F064
:109B20003F052FD17278A5F1200BB31C02F00F0175
:109B3000120903930839083A59445A444FF0030B69
:109B40002144C9B261F30704C4F30726203E35441B
:109B5000EDB265F30F2405EB850502EB144202F02C
:109B6000FF021BFB025B62F317440722260E12FB67
:109B700001B20B2111FB062101F03F0108EB81012D
:109B80004C60C6E7013555450EDD029EA5EB0A0582
:109B9000029BAE42A8BF2E46220EA3EB0603A5EB06
:109BA000060504931BD00CE0AAEB05051FFA85FA05
:109BB000039EBAF1000F7FF430AF029B5546049329
:109BC000F1E0079B314638465A43531CC2F30F223B
:109BD00012FA83F32246C3F30723E8F7C9FF06EB23
:109BE00046063744039EDEE0B2461AF8011BFE2902
:109BF000CBB217D171780322B37806F1040AC9B247
:109C0000F578DBB261F30704EDB263F30F2403EBE5
:109C1000830365F3174412FB05350723200E13FB5E
:109C200001511BE0FF2B1DD175780322B37806F19B
:109C3000050AEDB2F178DBB2307965F30704C9B2F9
:109C4000C0B263F30F2403EB830361F3174412FBE9
:109C50000131072360F31F6413FB05110B2313FB72
:109C6000001368E09D0904D108EB83035C680125BB
:109C700069E0012D32D103F00301A01E0844C3F3B3
:109C80008101C3F30113C0B260F30704C4F30726D4
:109C9000023E3144C9B261F30F2401EB8101C4F3E8
:109CA0000746023E33440326DBB216FB031663F37A
:109CB000174407234FEA146C13FB00660B2313FBB6
:109CC0000C6303F03F0308EB83035C603BE000BFE1
:109CD000CC590224C4590224C09E0024022D03F052
:109CE0003F0C2ED17378ACF1200506F1020A032651
:109CF00003F00F001B090838083B28442B4420447C
:109D0000C0B260F30704C4F3072120396144C9B22B
:109D100061F30F2401EB810103EB144303F0FF0314
:109D200063F3174416FB03130721250E11FB0031C3
:109D30000B2313FB051303F03F0308EB83035C6065
:109D400095E70CF10105049E049BAE42A8BF2E4688
:109D50009B1BAD1B049306EB0B03402B1FDD4FEA4F
:109D60008B014846E8F7EAFE5A46079B38464946C3
:109D7000E8F74CFF384B0BEB4B024FF0000B9945CB
:109D800017440AD1DFF8DC9009E00BF1010B43F82E
:109D9000044BB345F9D1564607E0DFF8BC9009EB18
:109DA0008B035E44F1E74FF0000B049B002B3FF761
:109DB0001BAFBBF1000F0DDD4FEA8B014846E8F702
:109DC000BDFE5A463846079B4946E8F71FFF0BEB96
:109DD0004B021744214B029A1B889B1A03EB430347
:109DE0001F44069B01330693069A019B934219D1A7
:109DF000059B0024059A5D1C089B21460A9853F890
:109E00002260099B36BABDF830201E44BDF83830B8
:109E10009B1A4FF480721FFA83FA12F06BFACDE9A5
:109E2000055406E0BDF83430029A9B1A5B1B1FFAFA
:109E300083FAE8F779FE0B9BBB4205D94FF0030E7E
:109E40004FF0070C0B20B4E6054B186803681B6B3A
:109E5000984711B0BDE8F08FC09E0024C459022479
:109E6000CC590224C09D00242DE9F04F93B00D463B
:109E700014469DF870A00190BAF1000F00F0B08276
:109E800020680EAA616803C21868596803C20EA848
:109E9000F8F7BEFF214610A8F8F7FEFFBDF93C20F9
:109EA000B2F5806FDBBF93B24FF480610123B1FB49
:109EB000F3F3029305F1080302990693BDF93E30CE
:109EC0000B44013B93FBF1F3013B06999BB201EB81
:109ED000830302990793BDF9423093FBF1F084B2FA
:109EE000BDF840100494049D029C05FB143919FB35
:109EF00002F989441FFA89F945B16A1E069850F89B
:109F00002280079A98FA88F8904401E0DDF81C80D6
:109F1000BDF83820BDF946401144BDF83A20DFF8BD
:109F200054B31344ADF84010ADF84230BDF944309D
:109F30000393CE4B18680368DB6A9847CC4BBDF996
:109F400042101A88BDF9403002FB013303EB430392
:109F5000C51802FB04F300244FF4807203EB4303A3
:109F60002146EB180D93BDF93C3099FBF3F30593B3
:109F7000019B04331846099312F0BCF925E298F8C6
:109F80000020FE2AD3B221D198F8013009F1FF391F
:109F900098F8022008F10406DBB298F80310D2B258
:109FA00063F30704C9B21FFA89F962F30F2402EBC5
:109FB000820261F3174417FB0121019A10FB03137E
:109FC00003F03F0302EB83035C6080E09A0908F131
:109FD000010604D1019A02EB83035C6828E0012AA0
:109FE0002BD103F00301A21E0A44C3F38101C3F382
:109FF0000113D2B262F30704C4F3072CACF1020CD4
:10A000006144C9B261F30F2401EB8101C4F3074C31
:10A01000ACF1020C6344DBB263F3174417FB031388
:10A0200010FB0232019B02F03F0203EB82025460FC
:10A0300009F1FF391FFA89F949E0022A03F03F03C9
:10A0400026D198F80110A3F1200C08F1020601F0C6
:10A050000F020909083A0839624461442244D2B225
:10A0600062F30704C4F3072EAEF1200E9E445FFA9C
:10A070008EFE6EF30F240EEB8E0E01EB144101F0F9
:10A08000FF0161F3174417FB01E110FB0212C9E75E
:10A0900001334B4517DD039AA3EB090328469A4287
:10A0A000A8BF1A469046039AA3EB0803A2EB080741
:10A0B000414608EB48080893224653464544E8F7D2
:10A0C00057FDB0460BE0A9EB03031FFA83F9B04636
:10A0D000B9F1000F7FF453AF039FCDF82090002615
:10A0E00027E1C14619F8012BD3B292090FD1019A89
:10A0F000BAF1FF0F02EB83035C6840F0C580C4F344
:10A1000007232C706B70C4F30743AB7035E0012A52
:10A1100036D103F00302A11EBAF1FF0F1144C3F3BD
:10A120008102C3F30113C9B261F30704C4F307202A
:10A13000A0F102000244D2B262F30F2402EB820CBF
:10A14000C4F30740A0F1020003444FF007005FFA98
:10A1500083FE4FF0030313FB0ECC019B6EF31744F9
:10A1600010FB01C000F03F0003EB8000446000D012
:10A170008AE029706A7085F802E0013F0335D7E074
:10A18000022A3CD198F8012003F03F03BAF1FF0FF7
:10A1900008F1020902F00F01A3F120004FEA1212A8
:10A1A000A1F10801A2F10802014402442144C9B20C
:10A1B00061F30704C4F3072CACF1200C63444FF0A7
:10A1C000030C5FFA83FE019B6EF30F240EEB8E00EF
:10A1D00002EB144202F0FF021CFB020C4FF00700DE
:10A1E00062F3174410FB01C000F03F0003EB800056
:10A1F000446049D1297085F801E0AA70BDE7FE2BC3
:10A2000028D198F801004FF0030C98F80220BAF119
:10A21000FF0F98F80310C0B25FFA82FE019AC9B22C
:10A2200060F307040EEB8E0308F104096EF30F24AC
:10A230001CFB013C4FF0070361F3174413FB00C301
:10A2400003F03F0302EB83035C601DD1287085F8A7
:10A2500001E017E003F03F035FFA84FCC4F307203A
:10A26000C4F307415A1C3BB113460EE0CC590224FB
:10A27000C4590224C09E0024BAF1FF0F04D185F80E
:10A2800000C06870A97078E701239F42E2B2B84627
:10A290000A92A8BF9846C4F30722BAF1FF0FA3EBB6
:10A2A0000803A7EB08070B92C4F30742089308EBD7
:10A2B00048030C922ED03344C02B29DD06EB460117
:10A2C0005846E8F73BFC0322534628465946354496
:10A2D00096FBF2F2E8F776FC434B00269B4515D13E
:10A2E000DFF810B114E00A9AB8F10108334606F11C
:10A2F000030606F8032C0B9A06F8022C0C9A06F8B3
:10A30000012CF0D1CBF103061E4411E0DFF8D8B0E8
:10A310005E44E8E72B4409E00A9A033505F8032C6C
:10A320000B9A05F8022C0C9A05F8012CAB42F3D8D5
:10A33000C846002F3FF7D5AEBAF1FF0F0FD0002E61
:10A340000DDD06EB46015846E8F7F8FB03222846E8
:10A3500035445346594696FBF2F2E8F733FC234B5B
:10A36000039A1B889B1A03EB43031D44059B01338F
:10A370000593059A029B93421BD1049B0024049AE7
:10A380005E1C069BBDF84090214653F822804FF496
:10A390008072079B98FA88F809989844BDF838307D
:10A3A000A9EB030911F0A6FF1FFA89F9CDE90464AE
:10A3B00009E0039BBDF83C90A9EB0309089BA9EBBE
:10A3C00003091FFA89F9E8F7AFFB0D9BAB4202D9ED
:10A3D000032707207CE6064B186803681B6B984729
:10A3E00013B0BDE8F08F00BFC09E0024C459022402
:10A3F000CC590224C09D0024F0B5064687B017460C
:10A400001C46002B3ED0B1F90430002B3ADDB1F9E7
:10A410000630002B36DD086804AB49681A4D03C3CB
:10A4200004A8F8F7F5FC28680368DB6B9847FF2C55
:10A4300002D010F0080F01E010F0020F2868036846
:10A4400010D000223946CDE90242BDF81620019213
:10A45000BDF814200092BDF810205C6EBDF81230DB
:10A46000A0470FE0DB6A98473368084A0146304648
:10A47000CDE900749C6A04AB1288A0472868036881
:10A480001B6B984707B0F0BDCC590224C459022475
:10A490002DE9F0419DF81C40DDF818E0002C69D052
:10A4A000B3F90450002D65DDB3F90600002861DD25
:10A4B000B3F902705043B3F90060FF2C00EB400089
:10A4C000CEF3072C02FB0766A2EB0502CEF307478B
:10A4D0005FFA8EF306EB460602EB4202314405EBCF
:10A4E0004505084444D0C4F1FF0667430CFB04FC57
:10A4F000B6B25C432EE001EB050E884624E018F866
:10A50000033C13FB06F323449BB2591C01EB1323BA
:10A510001B1208F8033C18F8023C13FB06F36344D3
:10A520009BB2591C01EB13231B1208F8023C18F8CC
:10A53000013C13FB06F33B4499B2C3F307230131FB
:10A540000B441B1208F8013C414608F10308714511
:10A55000D5D311448142CED30CE04C1905E00B70E9
:10A56000033101F802CC01F8017CA142F7D3114478
:10A570008142F2D3BDE8F0812DE9F04F91B0B3F9FB
:10A5800000B0B3F902A09046BDF96C700446BDF965
:10A5900070500AA80E461946ADF828B0ADF82AA0AA
:10A5A000ADF82C70ADF82E50F4F778F841460AA8B3
:10A5B000F4F774F8754BB3F800C0B3F900E0744BCE
:10A5C0001888B3F90010BDF92830002B07DABDF860
:10A5D0002C201344ADF82C300023ADF82830BDF901
:10A5E0002820BDF92C80AEEB02039845C4BFACEB2C
:10A5F0000203ADF82C30BDF92A30002B07DABDF884
:10A600002EE07344ADF82E300023ADF82A30BDF9AA
:10A610002A30BDF92EE0C91A8E45C4BFC11AADF863
:10A620002E105C49097819B9BDF92C10614502E07A
:10A63000BDF92E108142BDF92C9014BF00210121DB
:10A64000BDF92E80B9F1000F049153DDB8F1000F70
:10A6500050DDA3EB0A03A2EB0B020DF1280B0EA9B0
:10A660001BB20CA812B2ADF83C700393039B02928C
:10A67000ADF832300023ADF830200E93ADF83E50E7
:10A68000ADF83490ADF83680F8F706FC5846424FE6
:10A69000F8F7BEFB0EA8F8F7BBFB404BBDF93CA09A
:10A6A00030461B880AEB4A05059333682DB25B6B75
:10A6B0009847BDF832100322BDF8303011FB05F188
:10A6C0000646386813FB02131A9919440368099166
:10A6D0005B6B9847BDF92830069007933868BDF941
:10A6E0002A3008930368DB6B984710F0010F099933
:10A6F00006D110E0002323806380A380E38040E044
:10A700003868BDF93450036800951D6F0B469BE80F
:10A710000600A8472DE0089B0322049806FB03FBD4
:10A72000079B13FB02B2069B13441A46BDF9363051
:10A7300040B10598824505D1386873430568AD6B13
:10A74000A84716E005FB0317DFF84CA00FE0DAF886
:10A750000000BDF934C00368CDE90412D3F838B065
:10A760000CEB4C03D847059A049932442944B9426A
:10A77000EDD3029BA4F804902380039BA4F80680E9
:10A780006380204611B0BDE8F08F00BFC859022495
:10A79000C6590224BE590224CC590224C4590224A9
:10A7A00000220E49C0E901220160C0E90322C0E98C
:10A7B0000522C0E90722C0E90922C0E90B22C0E94D
:10A7C0000D22C0E90F22C0E91122C0E91322C0E91D
:10A7D0001522C0E91722C0E919227047F43D030889
:10A7E0002DE9F04F14468FB007460E4620680AAA9E
:10A7F00061689DF86080DFF8A491DFF8A4A103C22E
:10A800001868596803C20AA8F8F702FB21460CA889
:10A81000F8F742FBBDF93020BDF93230BDF82C10FD
:10A82000D9F8000011FB0321BDF93440BDF93650C1
:10A830000F44BDF828100A44ADF83020BDF82A2096
:10A840001344ADF832300368DB6B984710F0800F8B
:10A85000D9F800001DD0012300220168ADB2A4B2D6
:10A86000CDE908320B220792BAF80020CDF810800B
:10A8700002950194CDE90532BDF82C3032460393A0
:10A88000BDF832300093BDF830300C6C3946A0472B
:10A8900081E00368DB6A9847BAF80010BDF93220FE
:10A8A000BDF930304D43BDF92CC001FB023305EB3F
:10A8B0004505091BACEB040C03EB430301EB410121
:10A8C000184404EB440205445EE000EB020EC31C96
:10A8D00055E017F8014B013406EB840A9AF803009F
:10A8E00000284BD000EA080916F82440B9F1FF0F00
:10A8F0000AD103F8034C9AF8010003F8020C9AF805
:10A90000020003F8010C39E008FB00F013F803BC67
:10A9100000F10109000A10FA89F04FEA10296FEAE4
:10A92000102014FB09F4C0B20BFB0044A4B204F1E4
:10A93000010B0BEB1424241203F8034C13F8024C04
:10A940009AF801B014FB00F40BFB0944A4B204F123
:10A95000010B0BEB1424241203F8024C13F8014CE6
:10A960009AF802A014FB00F40AFB0944A0B2C4F355
:10A97000072401300444241203F8014C0333D81E89
:10A980007045A6D308446744A8429ED3034B186879
:10A9900003681B6B98470FB0BDE8F08FCC590224B9
:10A9A000C45902242DE9F04F144691B00746884659
:10A9B00020680CAA61689DF86890DFF894A1634E46
:10A9C00003C21868596803C20CA8F8F721FA214697
:10A9D0000EA8F8F761FABDF93820BDF93A30BDF894
:10A9E0003410DAF8000011FB0321BDF93C40BDF939
:10A9F0003E500F44BDF830100A44ADF83820BDF881
:10AA000032201344ADF83A300368DB6B984710F0FE
:10AA1000800FDAF800001CD0002301210268ADB2DB
:10AA2000A4B2CDE908130B2107913188CDF810901D
:10AA300002950194CDE90531BDF8343039460393D0
:10AA4000BDF83A300093BDF83830146C4246A04748
:10AA500078E00368DB6A98473388BDF93A10C9F19A
:10AA6000FF06BDF938205D434FF0040CB6B203FB7E
:10AA7000012205EB45051B1B032102EB420203EB00
:10AA8000430310440B9342190A92BDF93420121B60
:10AA900004EB44044EE000EB040EC31C43E02D78AD
:10AAA000B9F1FF0F07F1010711FB05C508EB050020
:10AAB00018F805B02ED013F8035C15FB06F50BFB58
:10AAC0000955ADB205F1010B0BEB152B13F8025C28
:10AAD00015FB06F54FEA2B2B03F803BC90F801B0E9
:10AAE0000BFB0955ADB205F1010B0BEB152B4FEA32
:10AAF0002B2B03F802BC857813F8010C10FB06F031
:10AB000005FB090085B2C0F3072001352844C0F3D6
:10AB1000072005E003F803BC457803F8025C807861
:10AB200003F8010C0333D81E3D467045B7D30B9B89
:10AB3000174418440A9B9842ADD3DAF80000036822
:10AB40001B6B984711B0BDE8F08F00BFC4590224B9
:10AB5000CC590224F0B40C4611469DF814501A4604
:10AB60000F78049B4E7817B1012F16D030E0032EDA
:10AB70002ED8DFE806F00207090B20460495F0BC4A
:10AB8000FFF72EBEC06D02E0006E00E0406EF8B12F
:10AB90000668CDE90435F56814E0032E18D8DFE81F
:10ABA00006F00207090B20460495F0BCFFF7FABE39
:10ABB000C06D02E0006E00E0406E48B10668CDE96D
:10ABC0000435B5681346AC460A462146F0BC6047DA
:10ABD000F0BC70472DE9F04704468EB00E461D4686
:10ABE000002B00F0F38008680AAB4968DFF8E891B1
:10ABF00003C31068516803C30AA8F8F709F931467E
:10AC00000CA8744EF8F748F9BDF93020BDF9323080
:10AC1000BDF82C10306811FB0321BDF93480BDF95B
:10AC2000367004EB4104BDF828100A44ADF830201A
:10AC3000BDF82A201344ADF832300368DB6B984727
:10AC4000FF2D02D010F0040F01E010F0010F30686A
:10AC50001AD0002301210268BFB20693CDE9071381
:10AC6000B9F8001003950197CDE90431BDF82C30F7
:10AC7000214602931FFA88F30093BDF83230556CD9
:10AC8000BDF83020A847A1E00368DB6A9847B9F80F
:10AC90000030BDF93220FF2DBDF9301003FB07F75E
:10ACA00003FB021107EB4707A3EB080301EB41018C
:10ACB00003EB430300EB010208EB480002EB070142
:10ACC000BDF92C70A7EB08074FEA47077BD06FEA66
:10ACD000050C5FFA8CFC4EE002EB000E904643E060
:10ACE00034F8029B4FEAC9025FFA82FAC2F34212B9
:10ACF0004AEA020A18F8032C12FB0CF20AFB05229E
:10AD000092B202F1010A0AEB1222121208F8032C85
:10AD10004FEAD9024FEA192902F0FC0AC2F3811264
:10AD20004AEA020A18F8022C12FB0CF20AFB05226E
:10AD300092B202F1010A0AEB1222121208F8022C56
:10AD400009F0F80242EA591918F8012C12FB0CF22A
:10AD500009FB05221FFA82F9C2F3072209F1010952
:10AD60004A44121208F8012C424608F103087245C1
:10AD7000B6D31A443C448A42AED3306803681B6B96
:10AD8000984723E002EB000E19E034F8025B03322F
:10AD9000C5F3820C4CEAC50C02F803CC4FEAD50C83
:10ADA0002D0A0CF0FC08CCF3811C48EA0C0C02F8CC
:10ADB00002CC05F0F80C4CEA551502F8015C72451E
:10ADC000E3D31A443C448A42DCD3D6E70EB0BDE854
:10ADD000F08700BFCC590224C45902242DE9F04762
:10ADE0008AB00D4604461F46086806AB4968DFF87E
:10ADF000888103C31068516803C306A8F8F708F8F0
:10AE0000294608A8F8F748F8BDF92020BDF92230F6
:10AE1000BDF81C10D8F8000011FB0321BDF9246017
:10AE2000BDF9265004EB8104BDF818100A44ADF8B2
:10AE30002020BDF81A201344ADF822300368DB6BE4
:10AE40009847FF2F02D110F0200F01E010F0400FC3
:10AE5000D8F80000036811D00022ADB2B6B2214686
:10AE600001950096CDE90372BDF81C200292BDF851
:10AE700020205D6DBDF82230A84777E0DB6A984757
:10AE80003C4BBDF922101B88BDF920205D43BDF964
:10AE90001CC003FB01229B1BACEB060C05EB45051C
:10AEA00002EB420203EB430310444FEA8C0C06EB27
:10AEB0004606054453E000EB060EC21C4AE0E0786B
:10AEC000002845D007EA00092178B9F1FF0F06D123
:10AED00002F8031C617802F8021CA17836E078437E
:10AEE00012F803AC00F10109000A10FA89F04FEAE8
:10AEF00010296FEA102011FB09F1C0B20AFB001102
:10AF000089B201F1010A0AEB1121091202F8031CAE
:10AF100012F8021C94F801A011FB00F10AFB0911C0
:10AF200089B201F1010A0AEB1121091202F8021C8F
:10AF300012F8011C94F802A011FB00F10AFB0911A0
:10AF400088B2C1F3072101300144091202F8011C43
:10AF500004340332D01E7045B1D318446444A8426F
:10AF6000A9D3D8F8000003681B6B98470AB0BDE866
:10AF7000F08700BFC4590224CC5902242DE9FF47B1
:10AF80009DF8345006460C46924699460C9F002D7B
:10AF900063D00846FBF7B0FA80462046FBF7E0FA9C
:10AFA000ADF80E002046ADF808A0ADF80A90ADF857
:10AFB0000C80FBF7E1FB10284FD8DFE800F0222BD4
:10AFC000094E4E4E4E4E4E4E4E124E4E4E403A0092
:10AFD0002046FBF74BFB2B463A4602A9FFF7FEFE45
:10AFE0003BE02046FBF742FB80462046FBF76EFB2A
:10AFF00002AB024641463046CDE90075FFF7AAFD97
:10B000002BE02046FBF732FB2B463A4602A9FFF71E
:10B01000E1FD22E033682046D3F81080FBF726FBE1
:10B020000023014602AA3046CDE900533B46C04703
:10B0300013E0B66E8EB13368D3F8088004E0B66EC4
:10B040005EB13368D3F80C802046FBF70FFB3B461C
:10B05000014602AA30460095C04704B0BDE8F0871B
:10B06000F0B415461C460E46049A012D9DF8143086
:10B070000CD0022D05D09DB921463046F0BCFFF71B
:10B08000A9BD21463046F0BCFFF7A8BE05680026E2
:10B09000CDE904362D6913462246AC46F0BC604724
:10B0A000F0BC704760B103291DD8DFE801F0021A37
:10B0B00006170E4B1888404270470C4B1888704793
:10B0C000032910D801A353F821F000BFE3B0010811
:10B0D000BBB00108DDB00108B3B001084FF0FF308C
:10B0E0007047012070470020704700BFC4590224F8
:10B0F00060B103291DD8DFE801F0170219050E4BD6
:10B10000188870470C4B188840427047032910D8A4
:10B1100001A353F821F000BFFFB001082DB10108D1
:10B1200005B1010829B10108012070474FF0FF3037
:10B1300070470020704700BFC45902242DE9F04F2A
:10B1400097B09DF89C000D9112A910909DF8A40055
:10B15000BDF9805009909DF8A800BDF88CA00A9018
:10B16000DDF898809DF8ACB081E80C00DDE9242181
:10B17000BDF98430B2F900C0B2F90490B2F90260AE
:10B18000B2F906E04A7B8F7950010B93CC7900F439
:10B190008070BDF88830074300F0F581120102F499
:10B1A000807222430E9200F0EE8191F9092092B252
:10B1B00043B1991A8CB2090407D5EB1A0024134441
:10B1C0001DB202E02A441C4615B265451FFA8CF3F5
:10B1D00076440B9AB8BFE418994433B212A8BCBFA6
:10B1E000641B65460F930FFA89F9A54B2946B8BF32
:10B1F000A4B21B78BEB20C935B46F7F777FC2946E6
:10B20000ADF854005B460B9A12A8F7F78DFC0DF1D0
:10B210005601ADF8560015A8F7F7B8FDBBF1000FC1
:10B2200003D10C9B012B08D1A6E0BBF1010F40F02C
:10B23000A3800C9B012B40F09F800B9A0F9B9B1AC5
:10B240000E9AA2EB0A029342A8BF1346002B119359
:10B2500040F399818B4908680268D26B904710F4DB
:10B26000807C8849119B0BD0099A042A06D1109A38
:10B27000B2F1000C18BF4FF0010C01E04FF0000CD0
:10B28000820540F17B81BCF1000F4ED0721C92B25E
:10B2900022F0010E1FFA8EFECCB9E819484516DCE3
:10B2A000086851089BB202680AFB018106944FF4BA
:10B2B000807405940A9C0494289CCDE900E3CDE9B0
:10B2C00002E4BDF85630946DBDF8542052E0281BBE
:10B2D000A9EB0000B842D4BFC4EB000CC4EB070CD0
:10B2E000BCF1000F00F04F81E00745D41CF00100D5
:10B2F00042D10D68520864089BB20AFB02412A68D9
:10B3000006904FF4807001931FFA8CF3059041442E
:10B310000A98009304902898BDF85630CDE902E0D1
:10B320002846946DBDF8542024E02A1B0998A9EB07
:10B330000202BA42A8BF3A4608281DD1944200F042
:10B340002281086807FB0A414FF40077121B056849
:10B350009BB2059792B20A9F414401930497289F9C
:10B360000092CDF818C0BDF85630BDF85420CDE994
:10B370000267AC6DA04706E1109B53B10823099A00
:10B38000B3FBF2F35E1E3E44B6FBF3F616FB03F688
:10B39000B6B254EA0A03BDF838200AD0099B0AFB6A
:10B3A0000641A2EB0A02594392B201F0070308EBEF
:10B3B000D108119359460C9B013BD3F1000A4AEB8B
:10B3C000030A5046FFF76EFE83465046FFF790FE95
:10B3D0000F9B0B998246591A8A42A8BF0A46002A37
:10B3E00040F3D1802D1BA9EB0505BD42D4BFC4EBB2
:10B3F0000504C4EB0704002C40F3C580361B099BF1
:10B400000D9973430C93289BC3F307430E93289B1A
:10B41000C3F307230F93289BDBB21093119B49B909
:10B420001849119208680B930168C96A88470B9BF9
:10B43000119A00E00D98099D012104FB1BAA0BEB5A
:10B440004B0CA940013A0AEB4A0A01390CFB04AB48
:10B45000C9B20B91FF210B9DB1FBF5F111910A4986
:10B46000BDF956500E88BDF9541006FB051101EBCD
:10B470004101084498F800101941C9B272E000BFB8
:10B48000BE590224CC590224C45902240B9D15EA4A
:10B49000010747D0119D6F43FE2F02DD0A9DFF2D4E
:10B4A0003AD00A9D96F800A015FB07F7BFB27D1CA5
:10B4B00005EB1725109FC5F3072517FB05F76FEA66
:10B4C000050E5FFA8EFE0AFB0E77BFB207F1010A86
:10B4D0000AEB172A0F9F17FB05F74FEA2A2A86F86F
:10B4E00000A096F801A00AFB0E77BFB207F1010A8F
:10B4F0000AEB172A0E9F17FB05F54FEA2A2A86F852
:10B5000001A096F802A00AFB0E55ADB26F1C07EB26
:10B5100015273F12B77005E0109D35700F9D7570AF
:10B520000E9DB570099D66442B449BB2072B91BFBD
:10B53000294198F80110002308F1010898BFC9B209
:10B54000B9F10109A2D20C9D4DB12B44C3F3CC013A
:10B5500003F00703884498F800101941C9B2013A72
:10B56000584403D304F1FF3906468FE70D9B53B9C6
:10B57000064B186803681B6B984704E0BCF1000F8A
:10B580003FF4FAAE82E617B0BDE8F08FCC59022442
:10B5900038B5154D04462B68BFF35B8FDA070BD423
:10B5A000284605F0D1FF38B1104A1149114805F07D
:10B5B000C3FF284605F0E4FF0F4D2B68BFF35B8FF8
:10B5C000DB070BD4284605F0BFFF38B1074A0B490B
:10B5D0000B4805F0B1FF284605F0D2FF054B63612B
:10B5E000074BA36138BD00BFFC63022400000024A8
:10B5F00029680108D8000024F86302242B68010898
:10B60000D400002438B5154D04462B68BFF35B8F7A
:10B61000DA070BD4284605F097FF38B1104A1149D4
:10B62000114805F089FF284605F0AAFF0F4D2B6849
:10B63000BFF35B8FDB070BD4284605F085FF38B1DD
:10B64000074A0B490B4805F077FF284605F098FF9D
:10B65000054BE360074B236138BD00BFF463022450
:10B66000000000242D680108D0000024F0630224AB
:10B670002F680108CC00002410B50446FFF788FFAE
:10B680002046BDE81040FFF7BDBF000038B5154D9E
:10B6900004462B68BFF35B8FDA070BD4284605F00E
:10B6A00053FF38B1104A1149114805F045FF2846AB
:10B6B00005F066FF0F4D2B68BFF35B8FDB070BD4E4
:10B6C000284605F041FF38B1074A0B490B4805F001
:10B6D00033FF284605F054FF054B6362074BA36216
:10B6E00038BD00BFEC63022400000024316801086B
:10B6F000C8000024E863022433680108C400002461
:10B7000038B5154D04462B68BFF35B8FDA070BD4B1
:10B71000284605F019FF38B1104A1149114805F0C3
:10B720000BFF284605F02CFF0F4D2B68BFF35B8FF6
:10B73000DB070BD4284605F007FF38B1074A0B4951
:10B740000B4805F0F9FE284605F01AFF054BE361AA
:10B75000074B236238BD00BFE463022400000024CD
:10B7600035680108C0000024E0630224376801083E
:10B77000BC00002410B50446FFF788FF2046BDE852
:10B780001040FFF7BDBF000038B5154D04462B68CB
:10B79000BFF35B8FDA070BD4284605F0D5FE38B12E
:10B7A000104A1149114805F0C7FE284605F0E8FE89
:10B7B0000F4D2B68BFF35B8FDB070BD4284605F0DA
:10B7C000C3FE38B1074A0B490B4805F0B5FE2846C1
:10B7D00005F0D6FE054B6363074BA36338BD00BF7E
:10B7E000DC6302240000002439680108B80000244A
:10B7F000D86302243B680108B400002438B5154D15
:10B8000004462B68BFF35B8FDA070BD4284605F09C
:10B810009BFE38B1104A1149114805F08DFE2846AB
:10B8200005F0AEFE0F4D2B68BFF35B8FDB070BD42B
:10B83000284605F089FE38B1074A0B490B4805F048
:10B840007BFE284605F09CFE054BE362074B236315
:10B8500038BD00BFD4630224000000243D68010805
:10B86000B0000024D06302243F680108AC0000242B
:10B8700010B50446FFF788FF2046BDE81040FFF7EB
:10B88000BDBF000038B5154D04462B68BFF35B8F74
:10B89000DA070BD4284605F057FE38B1104A114993
:10B8A000114805F049FE284605F06AFE0F4D2B6849
:10B8B000BFF35B8FDB070BD4284605F045FE38B19C
:10B8C000074A0B490B4805F037FE284605F058FE9D
:10B8D000054B6364074BA36438BD00BFCC630224EF
:10B8E0000000002441680108A8000024C863022465
:10B8F00043680108A400002438B5154D04462B68A0
:10B90000BFF35B8FDA070BD4284605F01DFE38B174
:10B91000104A1149114805F00FFE284605F030FE87
:10B920000F4D2B68BFF35B8FDB070BD4284605F068
:10B930000BFE38B1074A0B490B4805F0FDFD2846C0
:10B9400005F01EFE054BE363074B236438BD00BFC3
:10B95000C46302240000002445680108A0000024FC
:10B96000C0630224476801089C00002410B5044607
:10B97000FFF788FF2046BDE81040FFF7BDBF00007D
:10B9800038B5154D04462B68BFF35B8FDA070BD42F
:10B99000284605F0D9FD38B1104A1149114805F083
:10B9A000CBFD284605F0ECFD0F4D2B68BFF35B8FF8
:10B9B000DB070BD4284605F0C7FD38B1074A0B4911
:10B9C0000B4805F0B9FD284605F0DAFD054B636527
:10B9D000074BA36538BD00BFBC63022400000024F0
:10B9E0004968010898000024B86302244B680108E4
:10B9F0009400002438B5154D04462B68BFF35B8FC7
:10BA0000DA070BD4284605F09FFD38B1104A1149DA
:10BA1000114805F091FD284605F0B2FD0F4D2B6849
:10BA2000BFF35B8FDB070BD4284605F08DFD38B1E3
:10BA3000074A0B490B4805F07FFD284605F0A0FD9D
:10BA4000054BE364074B236538BD00BFB463022494
:10BA5000000000244D68010890000024B063022417
:10BA60004F6801088C00002410B50446FFF788FFDA
:10BA70002046BDE81040FFF7BDBF10B50446FFF7F4
:10BA8000F3FF2046FFF772FF2046FFF773FE2046C4
:10BA9000FFF7F2FD2046BDE81040FFF7E9BE0000C9
:10BAA00038B50B4D04462B68BFF35B8FDB070BD417
:10BAB000284605F049FD38B1064A0749074805F010
:10BAC0003BFD284605F05CFD044BE36538BD00BF37
:10BAD000AC6302240000002451680108880000249F
:10BAE00038B50B4D04462B68BFF35B8FDB070BD4D7
:10BAF000284605F029FD38B1064A0749074805F0F0
:10BB00001BFD284605F03CFD044B236638BD00BFF5
:10BB1000A863022400000024536801088400002464
:10BB200070B50C4E04460C4D3368BFF35B8F13F0B9
:10BB3000010F0DD1304605F007FD48B1074B2846EF
:10BB4000074A08492B6005F0F7FC304605F018FD60
:10BB5000656670BD605B0224645B0224C43D03081B
:10BB6000000000245568010810B50446FFF798FF4F
:10BB70002046FFF7B5FF2046BDE81040FFF7D0BFD5
:10BB800070B50C4E04460C4D3368BFF35B8F13F059
:10BB9000010F0DD1304605F0D7FC48B1074B2846C0
:10BBA000074A08492B6005F0C7FC304605F0E8FC61
:10BBB000A56670BD585A02245C5A0224DC3D030875
:10BBC00000000024576801082DE9F04F87B08C78F9
:10BBD00091F800E0BDF940C001944C7803920294C2
:10BBE0002402BDF944909DF850509DF854709DF882
:10BBF00058A0DDE9126000FB0C6B002802EB0B087B
:10BC0000019A44EA024444EA0E04059418DB814593
:10BC100016DD002E08DBB44506DD039A12F80B4052
:10BC200004EB44041C4400E005AC721C0BD49445A6
:10BC300009DD45B198F8012002EB42021A4403E005
:10BC400005AA144600E005AA013019D4814517DD84
:10BC5000B7B1002E07DBB44505DD18F80C0000EB8A
:10BC60004000184400E005A801360CD4B4450ADDB4
:10BC70004DB1E04498F8016006EB4606334403E01A
:10BC800005AB184600E005AB05FB07F8167894F8FD
:10BC900000B06FEA0A09A8EB071CC8EB07170CF500
:10BCA000807C5FFA89F9BFB21EFB09FEACEB051C74
:10BCB000C8EB05151FFA8CFCADB26E430CFB0B668E
:10BCC00090F800B007FB0B6693F800B008FB0B661A
:10BCD000C6F3072606FB0AEE1FFA8EFE0EF10106DA
:10BCE00006EB1E2636120E70567894F801E06E436D
:10BCF0000CFB0E6690F801E007FB0E6693F801E07E
:10BD000008FB0E66C6F3072E029E16FB09F60EFB15
:10BD10000A66B6B206F1010E0EEB162636124E700A
:10BD20009278A4786A4380789B780CFB042207FB06
:10BD3000002208FB0322019B13FB09F3C2F3072235
:10BD400002FB0A339AB2C3F30723013213441B12D6
:10BD50008B7007B0BDE8F08F2DE9F04F8FB01D9DBF
:10BD60000D906868CDE90B129DF884200892DDE9FA
:10BD70001E2100FB0122296802EB42021144209A95
:10BD800012680A92209A5568089A0435D243D2B2B2
:10BD900009922CE2209AB2F90800B2F90C2000F1C5
:10BDA000FF3C21E0199C1A9E27144FEA264604D432
:10BDB000674509DA002E03DA08E07C1C0AD103E0AB
:10BDC000571EBE4214DB03E0874203DA771C01DB17
:10BDD000964214DB1B9E013B199C03311C9F34448B
:10BDE0001A9E3E4419941A96002BDBDC00F0BE81AB
:10BDF0005E1E1B9F199C07FB06473F1402D5CE1CF5
:10BE00009B46F0E001388742F9DA1A981C9F07FB3D
:10BE100006063614F3D4013A9642C0F2A781EEE743
:10BE20001A9B4FEA234C199BC3F303301A9BC3F3AD
:10BE30000332209BD3E9027E199B1B1408D407F11F
:10BE4000FF38434580F2AD80BCF1000F04DAAAE070
:10BE50005C1C40F0BD80A4E00EF1FF38C44580F2C8
:10BE6000A58039B20A9F0CFB013307EB0309FF5C85
:10BE700007EB470705EB070890B199F801C00CEBF9
:10BE80004C0CAC44A2B109EB010E19F801309EF83C
:10BE9000011003EB430301EB41012B4429440DE066
:10BEA0004AB119F80130414603EB43032B4404E047
:10BEB0004146434602E041464346C44600FB02F980
:10BEC00015F807A09CF8007009F5807E099CAEEB80
:10BED000001EC9EB0010AEEB021E80B21FFA8EFEF0
:10BEE000C9EB0212474392B20EFB0A7793F800A007
:10BEF00002FB0A7791F800A009FB0A7716F803AC59
:10BF00001AFB04FAC7F30727089C07FB04A7099C40
:10BF1000BFB207F1010A0AEB172A4FEA2A2A06F8EC
:10BF200003AC9CF8017098F801A047430EFB0A7718
:10BF300093F801A002FB0A7791F801A009FB0A77A8
:10BF400016F802AC1AFB04FAC7F30727089C07FB94
:10BF500004A7BFB207F1010A0AEB172A4FEA2A2AFF
:10BF600006F802AC9CF802C098F8027000FB0CFCCA
:10BF70009B780EFB07CC02FB03C28B78099909FB67
:10BF8000032216F8013C13FB01F3C2F3072202FB64
:10BF900004339BB25A1C02EB13231B1206F8013C1C
:10BFA00016E09F4214DDBCF1FF3F11DBE6450FDDDB
:10BFB000089C3FB202930FFA8EF3009701932B4631
:10BFC000CDE90524CDE903C00A9A0D98FFF7FCFDE1
:10BFD0001B9B0336199A0BF1FF3B1A441A9B1992CB
:10BFE0001C9A13441A93BBF1000FA6F103013FF70B
:10BFF00017AFC0E0199A199CC2F303381A9A1A981D
:10C000002714C2F30336209A00140A9CB2F90820C0
:10C0100002FB0070275C04EB000E199807EB470742
:10C0200010F4704F05EB070911D09EF801C00CEB1E
:10C030004C0CAC449EB10EEB02001EF8022040787E
:10C0400002EB420200EB40002A4428440DE04EB1CE
:10C050001EF80220484602EB42022A4404E0484609
:10C060004A4602E048464A46CC4608FB06FA15F81E
:10C0700007B09CF8007003310AF5807E099C013BF3
:10C08000AEEB081ECAEB0818AEEB061E1FFA88F8C6
:10C090001FFA8EFECAEB061608FB07F7B6B20EFBB8
:10C0A0000B7792F800B006FB0B7790F800B00AFB14
:10C0B0000B7711F806BC1BFB04FBC7F30727089C92
:10C0C00007FB04B7099CBFB207F1010B0BEB172B61
:10C0D0004FEA2B2B01F806BC9CF8017099F801B0CF
:10C0E00008FB07F70EFB0B7792F801B006FB0B7706
:10C0F00090F801B00AFB0B7711F805BC1BFB04FBA1
:10C10000C7F30727089C07FB04B7099CBFB207F1D8
:10C11000010B0BEB172B4FEA2B2B01F805BC9CF8FE
:10C1200002C099F8027008FB0CFC927880780EFB34
:10C1300007CC06FB02C20AFB002211F8040C10FB1C
:10C1400004F0C2F30722089C02FB040292B2501CC6
:10C1500000EB12201B9A001201F8040C19981044ED
:10C160001A9A19901C9802441A9200E00331002B8D
:10C170003FF740AF03390B9B002B40DDB7EE007A51
:10C18000189B30EE040A70EEA40AF0EE626AC7EE65
:10C19000007A31EE051AFEEEC86ACDED196AF0EEAE
:10C1A000436AFEEEC86ACDED1A6A20EEA77A61EE08
:10C1B000277A77EE622A37EEC33AFEEEC82ABEEE41
:10C1C000C83A12EE902AF0EE472A92FBF3F313EEF0
:10C1D000102A1B93189BB0EE673A92FBF3F31C9363
:10C1E0000B9B189A013B0B930C9B18BF13460B9AA1
:10C1F000002A3FF7CFAD0C9A002A3FF7CBAD0FB026
:10C20000BDE8F08F2DE9F3474C7891F802A02402A5
:10C21000BDF92870BDF92C8044EA0A4491F800A0C9
:10C220009DF8385044EA0A049DF83CC0DDE90C60F2
:10C23000019400FB0769002802EB090E17DB80451B
:10C2400015DD002E07DBB74205DD12F8094004EBCF
:10C2500044041C4400E001AC721C0BD4974209DD7D
:10C2600045B19EF8012002EB42021A4403E001AA04
:10C27000144600E001AA01301BD4804519DDBCF151
:10C28000000F16D0002E07DBB74205DD1EF80700B1
:10C2900000EB4000184400E001A801360CD4B7427E
:10C2A0000ADD4DB1BE449EF8016006EB46063344FC
:10C2B00003E001AB184600E001AB05FB0CF7167874
:10C2C00094F80080A7EB0C1EC7EB0C1C0EF5807ECB
:10C2D0001FFA8CFCAEEB051EC7EB05151FFA8EFE90
:10C2E000ADB26E430EFB086690F800800CFB08664A
:10C2F00093F8008007FB086636120E70567894F8A3
:10C3000001806E430EFB086690F801800CFB086606
:10C3100093F8018007FB086636124E709278A47875
:10C320006A4380789B780EFB04220CFB002207FBFB
:10C3300003231B128B7002B0BDE8F0872DE9F04F8C
:10C340008BB0F7EE006A199D09906868159CCDE9DD
:10C350000712DDE91A2100FB0122296802EB4202E3
:10C3600011441C9A126806921C9A55680435B6E16D
:10C370001C9AB2F90800B2F90C2000F1FF3C1FE052
:10C38000169E27144FEA264604D467450ADA002E83
:10C3900004DA09E0B7F1FF3F0AD103E0571EBE42BD
:10C3A00012DB03E0874203DA771C01DB964211DBE4
:10C3B000179E013B189F03313444169E3E44169647
:10C3C000002BDDDC00F04E815E1E179F07FB064749
:10C3D0003F1401D59B46B7E001388742FADA169838
:10C3E000189F07FB06063614F4D4013A9642C0F2B1
:10C3F0003981EFE7169BC4F303361C981F14C3F36F
:10C400000332D0F80CC020141C9B9B6806D403F1A7
:10C41000FF3E70457ADA002F05DA79E0B0F1FF3F90
:10C4200040F0898072E00CF1FF3E774573DA1BB271
:10C4300007FB0300069F07EB000E3F5C07EB470777
:10C4400005EB07088EB19EF801C00CEB4C0CAC4418
:10C450009AB10EEB03001EF80330407803EB430360
:10C4600000EB40002B4428440DE04AB11EF8033095
:10C47000404603EB43032B4404E04046434602E0BE
:10C4800040464346C44606FB02F915F807A09CF84F
:10C49000007009F5807EAEEB061EC9EB0616AEEB0A
:10C4A000021EB6B21FFA8EFEC9EB0212774392B299
:10C4B0000EFB0A7793F800A002FB0A7790F800A021
:10C4C00009FB0A773F120F709CF8017098F801A0E1
:10C4D00077430EFB0A7793F801A002FB0A7790F8E6
:10C4E00001A009FB0A773F124F709CF802C098F830
:10C4F000027006FB0CFC9B780EFB07CC02FB03C30F
:10C50000827809FB02331B128B7014E0834212DD28
:10C51000B7F1FF3F0FDBBC450DDD1BB2CDE9046277
:10C520000FFA8CF200932B460192069ACDE902078E
:10C530000998FFF767FE179B0331189A0BF1FF3B31
:10C540001C44169B13441693BBF1000F3FF752AFE8
:10C550008BE0169A2714169814F4704FC2F3033622
:10C560001C9A4FEA2040C4F30338B2F9082002FBBA
:10C570000070069F07EB000E3F5C07EB470705EBDB
:10C58000070911D09EF801C00CEB4C0CAC449EB1D5
:10C590000EEB02001EF80220407802EB420200EB94
:10C5A00040002A4428440DE04EB11EF802204846BF
:10C5B00002EB42022A4404E048464A4602E048466A
:10C5C0004A46CC4608FB06FA15F807B09CF80070FE
:10C5D00003310AF5807E013BAEEB081ECAEB08185A
:10C5E000AEEB061E1FFA88F81FFA8EFECAEB06167F
:10C5F00008FB07F7B6B20EFB0B7792F800B006FB0C
:10C600000B7790F800B00AFB0B773F1201F8037C20
:10C610009CF8017099F801B008FB07F70EFB0B7747
:10C6200092F801B006FB0B7790F801B00AFB0B778C
:10C630003F1201F8027C9CF802C099F8027008FBD6
:10C640000CFC927880780EFB07CC06FB02C20AFB3A
:10C6500000221898121201F8012C179A1444169A05
:10C6600002441692002B3FF774AF079B002B3EDD70
:10C6700030EE040A149B70EEA40AB0EE626AC6EEB5
:10C68000807A31EE051ABEEEC86A16EE104AB0EE98
:10C69000436ABEEEC86A8DED166A20EEA77A61EE97
:10C6A000277A77EE622A37EEC33AFEEEC82ABEEE4C
:10C6B000C83A12EE902AF0EE472A92FBF3F313EEFB
:10C6C000102A1793149BB0EE673A92FBF3F318937A
:10C6D000079B149A013B0793089B18BF1346079AC0
:10C6E000002A3FF745AE089A002A3FF741AE0BB04B
:10C6F000BDE8F08F2DE9F04F85B09846DDE9106474
:10C70000BDF938C0002CBDF93CA004FB0C609DF8BD
:10C7100048309DF84C709DF850E002EB0009019103
:10C7200014DBA24512DD002E05DBB44503DD125CEF
:10C7300058F8225000E00025721C0AD4944508DD08
:10C740004BB199F8012058F8220005E00020054679
:10C7500002E0002000E01846013417D4A24515DDA0
:10C76000BFB1002E06DBB44504DD19F80C2058F8E3
:10C77000224000E0002401360ED4B4450CDD6BB13C
:10C78000E14499F8012058F8222008E000221446DC
:10C7900005E03A463C4602E0002200E01A4607FB6C
:10C7A00003F64FEA106A4FEA156BC6EB031C4FEA1B
:10C7B00014691FFA8CF1C6EB071CA6EB0717029150
:10C7C0001FFA8CFC07F580774FEA1268A7EB031776
:10C7D000BBB201FB0AF703FB0B770CFB097706FBE7
:10C7E0000877C7F3072117F47F4F039100F0AB8060
:10C7F00005F0FF1705F47F450BFB07F70BFB05F56D
:10C800004FEA172B07F101170BF0FF1BBB4405F58F
:10C8100080774FEA1B2B07EB15270BF0FF1100F079
:10C82000FF1B00F47F403F0A0AFB0BFB0AFB00F0F2
:10C8300007F47F474FEA1B250BF1011B00F5807AB7
:10C8400005F0FF150AEB102004F0FF1A04F47F44F2
:10C850005D4409FB0AFA000A09FB04F42D0A4FEAB9
:10C860001A290AF1011A05F0FF1500F47F4009F0BA
:10C87000FF19D14404F5807A0AEB142402F0FF1A60
:10C8800002F47F424FEA192908FB0AFA240A08FB3E
:10C8900002F209F0FF194FEA1A280AF1011A04F40A
:10C8A0007F4408F0FF18C24402F5807808EB122894
:10C8B000029A4FEA1A2A5543029A0AF0FF1A4FEADF
:10C8C0001828504303FB015508F47F4803FB070079
:10C8D000039B06FB0A55019903FB0EF20CFB09555D
:10C8E000531CC2F30F2206FB080812FA83F3019AC5
:10C8F0000CFB048410786FEA2323C5F30722C4F3EA
:10C900000744DBB212FB0EF200FB032292B2501C72
:10C9100000EB122212120A704A7812FB03F204FB97
:10C920000E2292B2501C00EB122212124A702A0EF2
:10C930008D7815FB03F502FB0E55ADB26B1C03EBB6
:10C9400015231B128B7005B0BDE8F08F2DE9F04F59
:10C9500099B00026F7EE006A279D179068680C963C
:10C960000F961496CDE915129DF8AC200892DDE9DA
:10C970002821CDE9126600FB0122296802EB420260
:10C9800011442A9A126811922A9A5568043555E37F
:10C990002A9AB2F90800B2F90C8000F1FF3E24E0B7
:10C9A000239A249F5FEA224C4FEA274704D4F44598
:10C9B0000BDA002F04DA0AE0BCF1FF3F0BD104E0F0
:10C9C00008F1FF3C674514DB03E0844503DA7A1C79
:10C9D00001DB474515DB259F013B239C03313C448C
:10C9E000249F2394269C27442497002BD8DC00F016
:10C9F000E6825F1E259C239A04FB072C5FEA2C4CE1
:10CA000002D5CF1C9B467EE101388445F9DA249893
:10CA1000269C04FB07073F14F3D408F1FF3297422A
:10CA2000C0F2CD82EDE7249B2A9C4FEA234E239B44
:10CA3000D4F80C80C3F30332239C249B5FEA244C7C
:10CA4000C3F303302A9B9B6808D403F1FF39CC451C
:10CA500080F23681BEF1000F05DA33E1BCF1FF3F11
:10CA600040F046812CE108F1FF39CE4580F22D815E
:10CA70000FFA83F8119B0EFB08CC03EB0C0E13F896
:10CA80000C3055F82330190EBAB19EF8016055F8F4
:10CA90002640260E0B94C0B10EEB080C1EF808E0E1
:10CAA00055F82E409CF801C00994240E0C9455F8BA
:10CAB0002C400D94240E129407E030B11EF808C0EB
:10CAC00055F82C400994240E0C9402FB00FE0C9C9B
:10CAD0000EF5807CCEEB0219CEEB0018ACEB021CFD
:10CAE0001FFA89F9ACEB001C09FB06F01FFA88F865
:10CAF0001FFA8CF202FB010008FB0400129C0EFBE3
:10CB0000040010F47F4FC0F3072C00F0F180FF29E0
:10CB100017D003F0FF1003F47F4348434B43010A4F
:10CB200000F1011001F0FF11084403F5807101EBE1
:10CB30001321000A090A00F0FF1001F47F4140EAC6
:10CB40000103FF2E1AD00B990B9801F0FF1100F48E
:10CB50007F4A714306FB0AFA080A01F1011100F04D
:10CB6000FF1008440AF5807101EB1A21000A090A36
:10CB700000F0FF1001F47F4101430B910C99FF2954
:10CB80001CD009990C9801F0FF114143099800F459
:10CB90007F4A0C9800FB0AFA080A01F1011100F023
:10CBA000FF1008440AF5807101EB1A21000A090AF6
:10CBB00000F0FF1001F47F41014309911299FF2910
:10CBC0001CD00D99129801F0FF1141430D9800F40B
:10CBD0007F4A129800FB0AFA080A01F1011100F0DD
:10CBE000FF1008440AF5807101EB1A21000A090AB6
:10CBF00000F0FF1001F47F4101430D910B9903F008
:10CC0000FF1003F47F43089C01F0FF1109FB01F1C1
:10CC100002FB0011099800F0FF1008FB00110D98AD
:10CC200000F0FF100EFB00110B9800F47F4009FB91
:10CC300000F002FB0300099BC1F30722090E03F475
:10CC40007F4312FB04F208FB03000D9B03F47F43B8
:10CC50000EFB0300089B0CFB03FCC0F307400CF128
:10CC60000103CCF30F2C1CFA83F317F803CC6FEA03
:10CC70002323DBB20CFB032292B202F1010C0CEB7A
:10CC8000122C17F8022C12FB03F24FEA2C2C00FB9B
:10CC9000042007F803CC80B2421C02EB10221212CF
:10CCA00007F8022C17F8012C12FB03F301FB0433E5
:10CCB0009BB25A1C02EB13231B1207F8013C17E02E
:10CCC000634515DDBEF1FF3F12DBF04510DD1BB201
:10CCD000089CCDF808C000932B46CDE903E20FFA7B
:10CCE00088F2CDE9050401921798119AFFF702FD29
:10CCF000259B0337239A0BF1FF3B1A44249B239275
:10CD0000269A13442493BBF1000FA7F103013FF7C8
:10CD10008AAE59E1239A239CC2F3033E249A4FEA38
:10CD2000244C119CC2F303372A9AB2F90800249AC2
:10CD3000121400FB02C204EB0208A25C239C55F80B
:10CD4000222014F4704F4FEA126C18D098F801901A
:10CD500055F829400E94240E1394C7B108EB00092E
:10CD600018F8000055F820000A90000E0F9099F86E
:10CD7000010055F820001090000E149007E037B124
:10CD800018F8000055F820000A90000E0F900EFBD6
:10CD900007F8139C08F58070C8EB0E1AC8EB07194A
:10CDA000A0EB0E101FFA8AFAA0EB07100AFB04F79B
:10CDB0001FFA89F980B20F9C00FB0C7709FB0477FE
:10CDC000149C08FB047717F47F4FC7F3072E00F07D
:10CDD000EB80BCF1FF0F1BD002F0FF1B02F47F427F
:10CDE0000CFB0BFB0CFB02F24FEA1B2C0BF1011BA3
:10CDF00002F580770CF0FF1C07EB1227DC443F0A9A
:10CE00004FEA1C2C07F47F470CF0FF1C4CEA07028A
:10CE1000139CFF2C1FD00E9C04F0FF17139C67433C
:10CE20000E9C4FEA172C04F47F4B139C07F101175B
:10CE30000CF0FF1C04FB0BFBBC440BF580774FEAA6
:10CE40001C2C07EB1B270CF0FF1C3F0A07F47F4745
:10CE50004CEA07040E940F9CFF2C1FD00A9C04F090
:10CE6000FF170F9C67430A9C4FEA172C04F47F4B73
:10CE70000F9C07F101170CF0FF1C04FB0BFBBC44DB
:10CE80000BF580774FEA1C2C07EB1B270CF0FF1CDF
:10CE90003F0A07F47F474CEA07040A94149CFF2CCE
:10CEA0001FD0109C04F0FF17149C6743109C4FEA9E
:10CEB000172C04F47F4B149C07F101170CF0FF1C96
:10CEC00004FB0BFBBC440BF580774FEA1C2C07EBF3
:10CED0001B270CF0FF1C3F0A07F47F474CEA0704AE
:10CEE00010940E9C02F0FF1C02F47F4204F0FF1726
:10CEF0000A9C0AFB07F700FB0C7704F0FF1C109C50
:10CF000009FB0C7704F0FF1C0E9C08FB0C7704F463
:10CF10007F4C089C0AFB0CFC00FB02CC0A9AC7F36E
:10CF200007203F0E02F47F4210FB04F009FB02CC05
:10CF3000109A02F47F4208FB02CC089A0EFB02FE14
:10CF4000CCF3074C0EF10102CEF30F2E1EFA82F243
:10CF500011F803EC6FEA2222D2B20EFB020080B27B
:10CF600000F1010E0EEB102E11F8020C10FB02F076
:10CF70004FEA2E2E0CFB040C01F803EC1FFA8CFC7C
:10CF80000CF1010000EB1C20001201F8020C11F85A
:10CF9000010C10FB02F007FB040080B2421C02EB04
:10CFA0001022121201F8012C259A03312398013B1B
:10CFB0001044249A239026980244249200E00331DE
:10CFC000002B3FF7A7AE0339159B002B3EDD30EE5B
:10CFD000040A229B70EEA40AB0EE626AC6EE807A62
:10CFE00031EE051ABEEEC86A8DED236AB0EE436AD3
:10CFF000BEEEC86A8DED246A20EEA77A61EE277A2C
:10D0000077EE622A37EEC33AFEEEC82ABEEEC83A81
:10D0100012EE902AF0EE472A92FBF3F313EE102A59
:10D020002593229BB0EE673A92FBF3F32693159B70
:10D03000229A013B1593169B18BF1346159A002A96
:10D040003FF7A6AC169A002A3FF7A2AC19B0BDE88C
:10D05000F08F2DE9F74FDDE90E47BDF930E0002FE5
:10D06000BDF9349007FB0E459DF840C09DF8440083
:10D0700002EB050816DBB94514DD002C05DBA645DF
:10D0800003DD525D53F8226000E00026621C0CD4E0
:10D0900096450ADDBCF1000F09D098F8012053F83D
:10D0A000225005E000252E4602E0002500E06546FE
:10D0B000013719D4B94517DDC8B1002C06DBA645E8
:10D0C00004DD18F80E2053F8227000E00027013428
:10D0D00010D4A6450EDDBCF1000F0DD0F04498F839
:10D0E000012053F8224008E00024274605E00446CA
:10D0F000074602E0002400E0644600FB0CFE2A0E16
:10D10000330ECEEB0019AEEB00100093CEEB0C1AF1
:10D1100000F580704FEA17681FFA8AFAA0EB0C102E
:10D120000AFB02FC1FFA89F980B24FEA146B00FB7C
:10D1300003CC09FB08CC0EFB0BCCCCF307231CF46F
:10D140007F4F019300F09B80330E06F0FF1C06F426
:10D150007F4603FB0CFC73434FEA1C260CF1011CB9
:10D1600006F0FF16664403F5807C0CEB132C05F0EB
:10D17000FF1305F47F45360A53434FEA1C2C5543F1
:10D1800006F0FF161A0A03F101130CF47F4C02F0AB
:10D19000FF121A4405F5807303EB152307F0FF1502
:10D1A00007F47F47120A08FB05F51B0A08FB07F77F
:10D1B00002F0FF124FEA152805F1011503F47F4331
:10D1C0000AFB02F208F0FF180AFB03F3454407F5D7
:10D1D000807800FB062208EB172704F0FF1804F400
:10D1E0007F4400FB0C330BFB08F82D0A0BFB04F407
:10D1F0003F0A4FEA182B08F1011805F0FF1507F454
:10D200007F470BF0FF1B0878C34404F5807808EBD8
:10D2100014284FEA1B2B4FEA18280BF0FF1B08F4C9
:10D220007F480EFB0B220EFB083309FB052209FB8E
:10D230000733120A1B0A02F0FF1203F47F43134361
:10D24000019AD243D2B25043441C000A10FA84F02F
:10D2500003EB1020087048785043441C000A10FA71
:10D2600084F4180A1B0C00EB1420487088784243A1
:10D27000501C120A12FA80F203EB12238B7003B0D7
:10D28000BDE8F08F2DE9F04F97B00027F7EE006A68
:10D29000259D1590129168681492219C09970C970E
:10D2A0001197DDE92621CDE90F7700FB01222968DE
:10D2B00002EB42021144289A12680E92289A55688D
:10D2C000043549E3289AB2F90800B2F90C9000F14C
:10D2D000FF3823E0229A5FEA244E4FEA224C05D41D
:10D2E000C6450CDABCF1000F04DA0AE0BEF1FF3FDC
:10D2F0000CD104E009F1FF3EF44513DB04E0864560
:10D3000004DABCF1FF3F01DBCC4513DB239E013B7C
:10D31000229A03313444249E32442292002BD9DCD9
:10D3200000F0DB8203F1FF3C239E06FB0C4E5FEA1C
:10D330002E4E02D501F1030873E101388645F9DA72
:10D340002498229A00FB0C2C5FEA2C4CF2D409F1B1
:10D35000FF329445C0F2C182ECE7229BC4F3033C48
:10D3600028984FEA234EC3F30332D0F80C902014D0
:10D37000289B9B6808D403F1FF3A504580F2328124
:10D38000BEF1000F04DA2FE1461C40F0408129E194
:10D3900009F1FF3AD64580F22A8119B20E9B0EFBA5
:10D3A000010003EB000E1B5C55F82330180EBCF196
:10D3B000000F17D09EF8017055F82760370E0896B9
:10D3C000C2B10EEB01091EF8011055F821100691AB
:10D3D000090E099199F8011055F821100A91090ECA
:10D3E0000F9107E032B11EF8011055F82110069197
:10D3F000090E09910CFB02FE0EF58071CEEB0C1AA2
:10D40000CEEB0219A1EB0C111FFA8AFAA1EB021163
:10D41000099A0AFB07FC1FFA89F989B201FB00CCC3
:10D4200009FB02CC0F9A0EFB02CC1CF47F4FCCF30D
:10D43000072200F0EC80FF281AD003F0FF1C03F451
:10D440007F4300FB0CFC43434FEA1C200CF1011C02
:10D4500000F0FF10844403F5807000EB13204FEAC6
:10D460001C2C000A0CF0FF1C00F47F404CEA000367
:10D47000FF2F1DD00898089E00F0FF1006F47F4B88
:10D48000784307FB0BFB4FEA102C00F101100CF066
:10D49000FF1C84440BF5807000EB1B204FEA1C2C12
:10D4A000000A0CF0FF1C00F47F404CEA00000890DA
:10D4B0000998FF281FD00698099E00F0FF107043BE
:10D4C000069E4FEA102C06F47F4B099E00F10110D6
:10D4D0000CF0FF1C06FB0BFB84440BF580704FEA3D
:10D4E0001C2C00EB1B200CF0FF1C000A00F47F40FA
:10D4F0004CEA000006900F98FF281FD00A980F9E54
:10D5000000F0FF1070430A9E4FEA102C06F47F4B88
:10D510000F9E00F101100CF0FF1C06FB0BFB844476
:10D520000BF580704FEA1C2C00EB1B200CF0FF1C4D
:10D53000000A00F47F404CEA00000A90089E03F0C5
:10D54000FF1003F47F43D24306F0FF1CD2B20AFB64
:10D550000CFC01FB00CC069800F0FF1009FB00CC8E
:10D560000A9800F0FF100EFB00CC06F47F400AFB87
:10D5700000F04FEA1C2C01FB0300069B0CF0FF1C83
:10D5800003F47F4309FB03000A9B03F47F430EFB74
:10D59000030018F8033C000A534300F47F40591C71
:10D5A0001B0A4CEA000013FA81F118F8023C00EB68
:10D5B0001121534308F8031C591C1B0A13FA81F369
:10D5C000010A000C01EB132118F8013C5A4308F83A
:10D5D000021C531C120A12FA83F300EB132008F802
:10D5E000010C14E0834212DDBEF1FF3F0FDBF14579
:10D5F0000DDD1BB2CDE904C20FFA89F200932B4670
:10D6000001920E9ACDE9020E1598FFF722FD239B99
:10D6100008F10308229A1C44249B1A44139B013BE3
:10D6200022921393A8F10301139B002B3FF795AEB1
:10D6300058E1229A4FEA244E0E9E14F4704FC2F322
:10D64000033C289AC4F3033BB2F90800229A4FEA3C
:10D65000224200FB02E206EB0208B25C55F82220EF
:10D660004FEA126E1AD098F8019055F829600B967F
:10D67000360E1096BCF1000F1AD008EB000918F80E
:10D68000000055F820000790000E0C9099F801005A
:10D6900055F820000D90000E119009E0BCF1000F2C
:10D6A00006D018F8000055F820000790000E0C90E6
:10D6B0000BFB0CF8109E08F58070C8EB0B1AC8EB3A
:10D6C0000C19A0EB0B101FFA8AFAA0EB0C100AFB46
:10D6D00006FC1FFA89F980B20C9E00FB0ECC09FBF8
:10D6E00006CC119E08FB06CCCCF307261CF47F4F1A
:10D6F000139600F0E980BEF1FF0F1CD002F0FF1B73
:10D7000002F47F420EFB0BFB0EFB02F24FEA1B2ED4
:10D710000BF1011B02F5807C0EF0FF1E0CEB122CAE
:10D72000DE444FEA1C2C4FEA1E2E0CF47F4C0EF008
:10D73000FF1E4EEA0C02109EFF2E21D00B9E06F01B
:10D74000FF1C109E06FB0CFC0B9E4FEA1C2E06F4E1
:10D750007F4B109E0CF1011C0EF0FF1E06FB0BFB15
:10D76000E6440BF5807C4FEA1E2E0CEB1B2C0EF0D2
:10D77000FF1E4FEA1C2C0CF47F4C4EEA0C060B9655
:10D780000C9EFF2E21D0079E06F0FF1C0C9E06FB70
:10D790000CFC079E4FEA1C2E06F47F4B0C9E0CF1EE
:10D7A000011C0EF0FF1E06FB0BFBE6440BF5807C14
:10D7B0004FEA1E2E0CEB1B2C0EF0FF1E4FEA1C2C0A
:10D7C0000CF47F4C4EEA0C060796119EFF2E21D0DA
:10D7D0000D9E06F0FF1C119E06FB0CFC0D9E4FEAF1
:10D7E0001C2E06F47F4B119E0CF1011C0EF0FF1E47
:10D7F00006FB0BFBE6440BF5807C4FEA1E2E0CEB80
:10D800001B2C0EF0FF1E4FEA1C2C0CF47F4C4EEA32
:10D810000C060D960B9E02F0FF1C02F47F4206F0F0
:10D82000FF1E079E0AFB0EFE00FB0CEE06F0FF1C1F
:10D830000D9E09FB0CEE06F0FF1C0B9E08FB0CEE88
:10D8400006F47F4C0AFB0CFC4FEA1E2E00FB02CCB8
:10D85000079A0EF0FF1E02F47F4209FB02CC0D9ADC
:10D8600002F47F4208FB02CC139AD0434FEA1C2CEF
:10D8700011F8032CC0B20CF47F4C42434EEA0C0C5E
:10D8800002F1010E120A12FA8EFE11F8022C0CEBB4
:10D890001E2E424301F803EC02F1010E120A12FAA5
:10D8A0008EF24FEA1C2E4FEA1C4C0EEB122E11F892
:10D8B000012C424301F802EC501C120A12FA80F2C9
:10D8C0000CEB122C01F801CC239A03312298013B76
:10D8D0001444249A1044229000E00331002B3FF7B7
:10D8E000A8AE0339129B002B3EDD30EE040A209BCC
:10D8F00070EEA40AB0EE626AC6EE807A31EE051AC6
:10D90000BEEEC86A16EE104AB0EE436ABEEEC86AB2
:10D910008DED226A20EEA77A61EE277A77EE622AF1
:10D9200037EEC33AFEEEC82ABEEEC83A12EE902A8F
:10D93000F0EE472A92FBF3F313EE102A2393209B79
:10D94000B0EE673A92FBF3F32493129B209A013BCB
:10D950001293149B18BF1346129A002A3FF7B2ACD9
:10D96000149A002A3FF7AEAC17B0BDE8F08F2DE94E
:10D97000F04F8BB01D460C789DF8603048780793C7
:10D980009DF8643003910893BDF950C09DF85CB0D8
:10D990008978DDE9157808FB0573B8F1000F03EB12
:10D9A000430302EB03061CDBC4451ADD002F08DB32
:10D9B000BD4206DDD35C049373780593B378069378
:10D9C00002E0CDE9050104947B1C11D49D420FDDDA
:10D9D000BBF1000F0CD03279F3780092727901928A
:10D9E00009E023460494CDE90001CDE9050102E0F8
:10D9F0002346CDE9000118F1010229D4944527DD21
:10DA0000079A2AB3002F0EDBBD420CDD05EB450261
:10DA100016F802A0032205FB026C9CF802209CF879
:10DA20000190029202E08146A2460291013716D48B
:10DA3000BD4214DDBBF1000F11D0032215FB0227FC
:10DA400016F807E005FB026797F804C07F7909E044
:10DA50000F468446A6468146A246029102E00F4642
:10DA60008446A646079A079D0BFB02F8A8EB021610
:10DA7000C8EB0B1206F58076C8EB051592B2A6EB43
:10DA80000B160992ADB2089AB6B26FEA020B099A68
:10DA90005343049A5FFA8BFB06FB0233089A14FB8C
:10DAA0000BF405FB0A3310FB0BF011FB0BF108FB29
:10DAB0000E33C3F3072303FB0244039AA4B2631C8F
:10DAC00003EB14231B121370099A009B5343059A0E
:10DAD00006FB0233089A05FB093308FB0C33C3F33A
:10DAE000072303FB0200039A80B2431C03EB1023BD
:10DAF0001B125370099A019B5343069A06FB02338B
:10DB0000029A05FB0233089A08FB0733C3F3072385
:10DB100003FB02118BB2C1F3072101331944039BAC
:10DB2000091299700BB0BDE8F08F2DE9F04F9BB052
:10DB300016929DF8B420299D0792002219900A910F
:10DB4000686806921592CDE90B22CDE90D22CDE948
:10DB50000F22CDE91122CDE91322DDE92A21DDE9E9
:10DB600025BA00FB0122296802EB420211442C9ADB
:10DB700012680992079AD243D2B20892EDE12C9A28
:10DB8000B2F90800B2F90C20471E1CE05FEA2B46F0
:10DB90004FEA2A4504D4BE4209DA002D03DA08E030
:10DBA000741C0AD103E0561EB54210DB03E0864226
:10DBB00003DA6E1C01DB95420FDB279D013B03312D
:10DBC000AB44289DAA44002BE0DC00F085815D1E5B
:10DBD000279E06FB05B6361402D5CD1C9846D3E029
:10DBE00001388642F9DA289800FB05A52D14F4D4F3
:10DBF000013A9542C0F27081EFE72C9A4FEA2A4031
:10DC0000CBF30336CAF30333D2E902C75FEA2B42F0
:10DC100007D40CF1FF3E724580F29B80002804DAA5
:10DC200099E0541C40F0A98093E007F1FF3E704555
:10DC300080F293800FFA8CF7099900FB072202EB20
:10DC4000420201EB020C11F802909CF801209CF8B2
:10DC5000030017929CF802209CF8041018929CF87C
:10DC60000520ABB107EB47070CEB070E1CF807408C
:10DC70009EF8017006940C979EF802700E979EF81D
:10DC800003700B979EF804700D979EF805700F9720
:10DC900006FB03FC069C0CF58077A7EB0617CCEB84
:10DCA0000616A7EB0317B6B2BFB2CCEB0313704353
:10DCB00071439BB207FB090015F8039C724303FBF9
:10DCC00004000B9C0CFB0400089C19FB04F9C0F336
:10DCD0000720079C00FB0490089C80B200F101091A
:10DCE00009EB1029179807FB00110C984FEA292916
:10DCF00003FB00110D9805F8039C0CFB001115F8AF
:10DD0000020C10FB04F0C1F30721079C01FB040186
:10DD100089B2481C00EB1120189907FB01220E99CB
:10DD2000001203FB01220F9B08990CFB032215F83C
:10DD3000013C05F8020C13FB01F3C2F3072202FBBE
:10DD400004339BB25A1C02EB13231B1205F8013C4F
:10DD500013E0944511DD441C0FDB87420DDD079C69
:10DD60003FB201920097099ACDE90434CDE9020649
:10DD70000FFA8CF31998FFF7FAFD279B033508F18A
:10DD8000FF389B44289B9A44B8F1000FA5F103018A
:10DD90003FF733AFA5E02C9A4FEA2A401AF4704FB0
:10DDA000CBF30337B2F908E04FEA2B42CAF303364C
:10DDB0000EFB0022099802EB420200EB020C825C8F
:10DDC00017929CF801209CF8029018929CF803503E
:10DDD0009CF804009CF8052015D00EEB4E0E0CEBC1
:10DDE0000E081CF80E40109498F80140129498F810
:10DDF0000240149498F80340119498F80440139446
:10DE000098F80540159407FB06FE179C11F8038C43
:10DE1000013B0EF5807C0331ACEB071CCEEB071702
:10DE2000ACEB061CBFB21FFA8CFCCEEB06167D4392
:10DE30007843B6B20CFB0455109C7A4306FB04559C
:10DE4000119C0CFB09220EFB0455089C18FB04F8DE
:10DE5000C5F30725079C05FB0485189CADB20CFB98
:10DE60000400129C05F1010806FB0400139C08EB5A
:10DE7000152811F8055C0EFB0400089C4FEA2828C1
:10DE800015FB04F5C0F30720079C01F8068C00FB86
:10DE90000450089C80B2451C05EB1025149806FB25
:10DEA000002215982D120EFB002011F8042C01F809
:10DEB000055C12FB04F2C0F30720079C00FB042260
:10DEC00092B2501C00EB1222121201F8042C279A75
:10DED0009344289A924400E00331002B3FF75BAF54
:10DEE00003390A9B002B40DDB7EE007A249B30EE0D
:10DEF000040A70EEA40AF0EE626AC7EE007A31EE10
:10DF0000051AFEEEC86A16EE90BAF0EE436AFEEE0F
:10DF1000C86A16EE90AA20EEA77A61EE277A77EE0D
:10DF2000622A37EEC33AFEEEC82ABEEEC83A12EEB7
:10DF3000902AF0EE472A92FBF3F313EE102A279370
:10DF4000249BB0EE673A92FBF3F328930A9B249A42
:10DF5000013B0A93169B18BF13460A9A002A3FF703
:10DF60000EAE169A002A3FF70AAE1BB0BDE8F08F3E
:10DF70002DE9F04F87B00F784D789DF85000BDF92E
:10DF800040A005909DF84CC08878DDE9118909FB17
:10DF90000384B9F1000F04EB440402EB040E22DB0E
:10DFA000CA4520DDB8F1000F0ADB434508DD125DEC
:10DFB00002929EF8012003929EF80220049202E051
:10DFC000CDE90350029718F1010213D4934211DDF9
:10DFD000BCF1000F0ED09EF805209EF803609EF85D
:10DFE0000440019209E02C463E4601900297CDE99B
:10DFF000035002E02C463E46019019F101092FD44E
:10E00000CA452DDD059A5AB3B8F1000F10DB434520
:10E010000EDD03EB43091EF809B04FF0030903FBC3
:10E0200009EA03FB09E99AF801A099F8029002E0D5
:10E030008146AA46BB4618F1010814D4434512DDB7
:10E04000BCF1000F0FD0032013FB00051EF8057074
:10E0500003FB00E503FB00EE2D799EF8050002E0CE
:10E060008146AA46BB46059B059A0CFB03F8A8EB24
:10E07000031EC8EB0C130EF5807E9BB2AEEB0C1E9C
:10E080005E43C8EB021C1FFA8EFE029A5C431FFA25
:10E090008CFC0EFB0266039A0EFB0244019A0CFBF9
:10E0A0000B665343049A0CFB0A440EFB023308FB35
:10E0B00007660CFB093308FB0544361208FB0033E6
:10E0C00024120E701B124C708B7007B0BDE8F08FDD
:10E0D0002DE9F04F99B00024F7EE006A279DA34682
:10E0E0001790A0466868099113921294DDE92821DF
:10E0F000DDE923A900FB0122296802EB42028A180C
:10E1000007922A9A1268CDE90A44CDE90C44CDE978
:10E110000E44CDE9104408928BE12A9AB2F9080026
:10E12000B2F90C20471E1EE05FEA2A464FEA294555
:10E1300004D4BE4209DA002D03DA08E0711C0AD1CA
:10E1400003E0561EB54212DB03E0864203DA6E1C82
:10E1500001DB954211DB259D013B0799AA44269DD1
:10E160000331A9440791002BDEDC00F026815D1EFF
:10E17000259E06FB05A6361401D51D46A3E00138F1
:10E180008642FADA269800FB05952D14F5D4013A5B
:10E190009542C0F21281F0E72A9A4FEA2940CAF369
:10E1A0000337C9F30333D2E902C65FEA2A4206D431
:10E1B0000CF1FF3E72456BDA002803DA6AE0511C6D
:10E1C00079D165E006F1FF3E704565DA0FFA8CFC07
:10E1D00000FB0C22089802EB420200EB020E825C6C
:10E1E00014929EF801209EF8036015929EF802207A
:10E1F0009EF8040016929EF805209BB10CEB4C0C87
:10E200000EEB0C0B1EF80C409BF801100B919BF8C9
:10E2100002100D919BF803100A919BF804109BF8D3
:10E2200005B00C9107FB03FE14990EF5807CACEB56
:10E23000071CCEEB0717ACEB031CBFB21FFA8CFC1C
:10E24000CEEB03137E4378439BB20CFB01660A9925
:10E250007A4303FB04660EFB0166079936120E70C3
:10E2600015990CFB01000B9903FB01000C990EFBA7
:10E27000010007990012487016990CFB01220D99B4
:10E2800003FB0122079B0EFB0B2212129A7012E075
:10E29000944510DD411C0EDB86420CDD36B2CDE923
:10E2A0000120CDE90373DDE907120FFA8CF317980B
:10E2B0000096FFF75DFE079B013D03330793259B07
:10E2C0009A44269B9944002D3FF766AF77E02A9A3F
:10E2D0004FEA2940089919F4704FB2F908E04FEA63
:10E2E0002A42CAF30337C9F303360EFB002202EBBE
:10E2F000420201EB020C8A5C14929CF801209CF80B
:10E30000035015929CF802209CF8040016929CF889
:10E31000052014D00EEB4E0E0CEB0E081CF80E1060
:10E320000E9198F80110109198F80210129198F837
:10E3300003100F9198F8041098F80580119107FBCD
:10E3400006FE1499013B0EF5807CACEB071CCEEB6E
:10E350000717ACEB061CBFB21FFA8CFCCEEB0616FF
:10E360007D437843B6B20CFB01550E997A4306FB08
:10E3700001550F990EFB015507992D120D70159936
:10E380000CFB0100109906FB010011990EFB010026
:10E3900007990012487016990CFB0122129906FB8E
:10E3A000012207990EFB082212128A700A460332D4
:10E3B0000792259A9244269A9144002B87DC099B68
:10E3C000002B3EDD30EE040A229B70EEA40AB0EE74
:10E3D000626AC6EE807A31EE051ABEEEC86A16EEA3
:10E3E00010AAB0EE436ABEEEC86A16EE109A20EE8E
:10E3F000A77A61EE277A77EE622A37EEC33AFEEE0D
:10E40000C82ABEEEC83A12EE902AF0EE472A92FBD6
:10E41000F3F313EE102A2593229BB0EE673A92FB9A
:10E42000F3F32693099B229A013B0993139B18BF90
:10E430001346099A002A3FF770AE139A002A3FF755
:10E440006CAE19B0BDE8F08F2DE9F04F87B01C46D7
:10E45000DDE91176BDF940E006FB0373002E9DF85F
:10E460004CA09DF8500002EB830C9DF8548013DB08
:10E47000B64511DD002F04DBBC4202DD52F823302B
:10E4800000E000237A1C0AD4944208DDBAF1000FA0
:10E4900007D0DCF8045005E000252B4602E00025FB
:10E4A00000E05546013615D4B64513DDA8B1002F5E
:10E4B00004DBBC4202DD5CF8246000E0002601378A
:10E4C0000ED4BC420CDDBAF1000F0BD001345CF865
:10E4D000244008E00024264605E00446064602E003
:10E4E000002400E05446370E03F0FF1B4FEA136987
:10E4F00003F47F430197270E09FB0BFB2A0E0297BB
:10E500000AFB00F709FB03F3C7EB001C0092A7EB23
:10E510000010C7EB0A1E00F580701FFA8CFC1FFA72
:10E520008EFEA0EB0A104FEA1B2A0BF1011B80B2F2
:10E530000AF0FF1ADA444FEA1A2A0AF0FF1203F52A
:10E54000807A0AEB132A03924FEA1A2305F0FF1A86
:10E5500004932B0E05F47F4503FB0AFA5D434FEA53
:10E560001A230AF1011A03F0FF13534405F5807AC8
:10E570000AEB152A1B0A4FEA1A2206F0FF1A03F0CB
:10E58000FF130592320E06F47F460EFB03F302FBE7
:10E590000AFA5643220E4FEA1A250AF1011A05F02B
:10E5A000FF15554406F5807A0AEB162604F0FF1A8B
:10E5B00004F47F442D0A02FB0AFA360A5443039AF4
:10E5C0004FEA1A2B0AF1011A00FB023305F0FF157E
:10E5D0000BF0FF1B049A06F47F46D34404F5807ABF
:10E5E0004FEA1B2B0AEB142A0BF0FF1B4FEA1A2AE7
:10E5F00007FB0B330AF47F4A0CFB053302F47F451B
:10E60000059A02F47F44009A0EFB04F40EFB02F21A
:10E6100000FB05440D7800FB0922019807FB0A4422
:10E620000CFB002202980CFB064407FB0022C2F3FD
:10E63000072202FB08F2501CC2F30F2212FA80F0EC
:10E64000C3F307221B0E12FB08F26FEA2020C0B2B0
:10E6500005FB002292B2551C05EB122212120A7021
:10E66000C4F307424C7814FB00F402FB0844A4B244
:10E67000621C02EB142212124A708A7812FB00F21A
:10E6800003FB08239AB2C3F30723013213441B127E
:10E690008B7007B0BDE8F08F2DE9F04F97B00026E2
:10E6A000F7EE006A259F15907868219C0A960D96D2
:10E6B0001296CDE913129DF8A4200692DDE92621D9
:10E6C000CDE9106600FB0122396802EB42021144D9
:10E6D000289A12680F9232E3289AB2F90800B2F928
:10E6E0000C2000F1FF3E21E0229D5FEA244C4FEA1E
:10E6F000254704D4F4450BDA002F04DA0AE0BCF114
:10E70000FF3F0BD104E002F1FF3C674512DB03E061
:10E71000844503DA7D1C01DB974212DB239F013B1A
:10E72000229D03313C44249F3D442295002BDBDC99
:10E7300000F0C6825F1E239D05FB074C5FEA2C4C50
:10E7400002D5CF1C9B466DE101388445F9DA249847
:10E75000229D00FB07573F14F3D4013A9742C0F2C1
:10E76000AF82EEE7229A5FEA244C229BC2F3033089
:10E77000289D289A4FEA234ED5F80C80C4F3033322
:10E78000926808D402F1FF39CC4580F22C81BEF1A9
:10E79000000F05DA29E1BCF1FF3F40F03A8122E1A8
:10E7A00008F1FF39CE4580F223810FFA82F80F9AE3
:10E7B0000EFB08CC02EB8C0E52F82C20110E8BB104
:10E7C000DEF804502E0E099590B15EF828500EEB3D
:10E7D000880C07952D0E0A95DCF804500B952D0E2C
:10E7E000109505E020B15EF8285007952D0E0A958A
:10E7F00003FB00FE0A9D0EF5807CCEEB0319CEEBE9
:10E800000018ACEB031C1FFA89F9ACEB001C09FBE8
:10E8100006F01FFA88F81FFA8CF303FB010008FBCF
:10E820000500109D0EFB050010F47F4FC0F3072C70
:10E8300000F0EF80FF2917D002F0FF1002F47F42B2
:10E8400048434A43010A00F1011001F0FF11084456
:10E8500002F5807101EB1221000A090A00F0FF1095
:10E8600001F47F4140EA0102FF2E1AD0099909986C
:10E8700001F0FF1100F47F4A714306FB0AFA080A0F
:10E8800001F1011100F0FF1008440AF5807101EB5D
:10E890001A21000A090A00F0FF1001F47F41014328
:10E8A00009910A99FF291CD007990A9801F0FF11D4
:10E8B0004143079800F47F4A0A9800FB0AFA080AC5
:10E8C00001F1011100F0FF1008440AF5807101EB1D
:10E8D0001A21000A090A00F0FF1001F47F410143E8
:10E8E00007911099FF291CD00B99109801F0FF1186
:10E8F00041430B9800F47F4A109800FB0AFA080A7B
:10E9000001F1011100F0FF1008440AF5807101EBDC
:10E910001A21000A090A00F0FF1001F47F410143A7
:10E920000B91099902F0FF1002F47F42069D01F05D
:10E93000FF1109FB01F103FB0011079800F0FF1024
:10E9400008FB00110B9800F0FF100EFB0011099856
:10E9500000F47F4009FB00F003FB0200079BC1F3BA
:10E960000722090E03F47F4312FB05F208FB0300A4
:10E970000B9B03F47F430EFB0300069B0CFB03FC85
:10E980000CF10103CCF30F2C1CFA83F317F803CC22
:10E990006FEA2323DBB20CFB032292B202F1010CDB
:10E9A0000CEB122CC0F3074217F8020C4FEA2C2C88
:10E9B00010FB03F007F803CC02FB050080B2421CF9
:10E9C00002EB1022121207F8022C17F8012C12FB8E
:10E9D00003F301FB05339BB25A1C02EB13231B12FA
:10E9E00007F8013C15E0624513DDBEF1FF3F10DB87
:10E9F000F0450EDD069DCDF804C0CDE902E30FFA27
:10EA000088F3CDE90405009313B215980F9AFFF728
:10EA10001BFD239B0337229A0BF1FF3B1C44249BD5
:10EA20001A442292BBF1000FA7F103013FF79AAEFF
:10EA30004BE1229A20140F9D14F4704FC2F3033758
:10EA4000289AC4F3033EB2F90880229A4FEA224280
:10EA500008FB02020F9800EB820055F822204FEAD3
:10EA6000126C11D045680C952D0E119597B100EBE5
:10EA7000880950F828000890000E0D90D9F804007D
:10EA80000E90000E129005E027B150F82800089073
:10EA9000000E0D900EFB07F8119D08F58070C8EB75
:10EAA0000E1AC8EB0719A0EB0E101FFA8AFAA0EB9A
:10EAB00007100AFB05F71FFA89F980B20D9D00FBCC
:10EAC0000C7709FB0577129D08FB057717F47F4F3C
:10EAD000C7F3072E00F0EB80BCF1FF0F1BD002F054
:10EAE000FF1B02F47F420CFB0BFB0CFB02F24FEA14
:10EAF0001B2C0BF1011B02F580770CF0FF1C07EBC0
:10EB00001227DC443F0A4FEA1C2C07F47F470CF025
:10EB1000FF1C4CEA0702119DFF2D1FD00C9D05F034
:10EB2000FF17119D6F430C9D4FEA172C05F47F4B87
:10EB3000119D07F101170CF0FF1C05FB0BFBBC44FA
:10EB40000BF580774FEA1C2C07EB1B270CF0FF1C02
:10EB50003F0A07F47F474CEA07050C950D9DFF2DF2
:10EB60001FD0089D05F0FF170D9D6F43089D4FEACC
:10EB7000172C05F47F4B0D9D07F101170CF0FF1CBE
:10EB800005FB0BFBBC440BF580774FEA1C2C07EB15
:10EB90001B270CF0FF1C3F0A07F47F474CEA0705D0
:10EBA0000895129DFF2D1FD00E9D05F0FF17129D99
:10EBB0006F430E9D4FEA172C05F47F4B129D07F112
:10EBC00001170CF0FF1C05FB0BFBBC440BF5807719
:10EBD0004FEA1C2C07EB1B270CF0FF1C3F0A07F425
:10EBE0007F474CEA07050E950C9D02F0FF1C02F4CE
:10EBF0007F4205F0FF17089D0AFB07F700FB0C7723
:10EC000005F0FF1C0E9D09FB0C7705F0FF1C0C9D09
:10EC100008FB0C7705F47F4C069D0AFB0CFC00FBFF
:10EC200002CC089AC7F307203F0E02F47F4210FB84
:10EC300005F009FB02CC0E9A02F47F4208FB02CCDD
:10EC4000069A0EFB02FECCF3074C0EF10102CEF346
:10EC50000F2E1EFA82F211F803EC6FEA2222D2B2D2
:10EC60000EFB020080B200F1010E0EEB102E11F827
:10EC7000020C10FB02F04FEA2E2E0CFB050C01F8E3
:10EC800003EC1FFA8CFC0CF1010000EB1C200012BD
:10EC900001F8020C11F8010C10FB02F007FB050053
:10ECA00080B2421C02EB1022121201F8012C239AAE
:10ECB00003312298013B1444249A1044229000E02E
:10ECC0000331002B3FF7B5AE0339139B002B3EDD1C
:10ECD00030EE040A209B70EEA40AB0EE626AC6EE23
:10ECE000807A31EE051ABEEEC86A16EE104AB0EE12
:10ECF000436ABEEEC86A8DED226A20EEA77A61EE05
:10ED0000277A77EE622A37EEC33AFEEEC82ABEEEC5
:10ED1000C83A12EE902AF0EE472A92FBF3F313EE74
:10ED2000102A2393209BB0EE673A92FBF3F32493CF
:10ED3000139B209A013B1393149B18BF1346139AFD
:10ED4000002A3FF7C9AC149A002A3FF7C5AC17B0A8
:10ED5000BDE8F08F2DE9F04F87B01446DDE91105CD
:10ED6000BDF940E005FB0306002D9DF84C209DF801
:10ED7000507004EB860C11DBAE450FDD002804DB80
:10ED8000834202DD54F8266000E00026441C08D4CB
:10ED9000A34206DD3AB1DCF8044005E00024264633
:10EDA00002E0002400E01446013513D4AE4511DD25
:10EDB0009FB1002804DB834202DD5CF8235000E0B1
:10EDC000002501300CD483420ADD5AB101335CF8CE
:10EDD000230008E00020054605E038463D4602E0F5
:10EDE000002000E0104602FB07FC4FEA166B06F01D
:10EDF000FF1E230ECCEB071806F47F46ACEB07177B
:10EE00000BFB0EFECCEB02190BFB06F607F5807729
:10EE10000193030EA7EB02124FEA1E270EF1011E0B
:10EE200002934FEA156A07F0FF171FFA89F992B2A9
:10EE300077441FFA88F83F0A07F0FF1306F580773A
:10EE400007EB1627039304F0FF163B0A0493230EE7
:10EE500004F47F445E435C43370A06F1011607F071
:10EE6000FF17374404F5807606EB14263F0A330A71
:10EE700005F0FF1605F47F4507F0FF1E0AFB06F6B6
:10EE80000AFB05F5340A06F101160593030E04F09A
:10EE9000FF1409FB0EFE344405F5807606EB1525BC
:10EEA00000F0FF1600F47F40240A5E432D0A584309
:10EEB000039B370A06F1011602FB03EE04F0FF1470
:10EEC00007F0FF17049B05F47F45374400F5807673
:10EED0003F0A06EB102607F0FF17360A0CFB07EE79
:10EEE00006F47F4608FB04EE03F47F44059B4FEADB
:10EEF0001E2E03F47F40019B0EF0FF1E09FB03F35F
:10EF000009FB00F002FB0B3302FB0400029A08FB32
:10EF10000A330CFB06000CFB02330A7808FB0500E1
:10EF20006FEA2323000ADBB200F47F405A434EEA23
:10EF30000000541C120A12FA84F200EB12220A702A
:10EF40004A785A43541C120A12FA84F4020A000C3A
:10EF500002EB14224A708A7853435A1C92B202EB95
:10EF6000132300EB1320887007B0BDE8F08F2DE964
:10EF7000F04F97B01C460027F7EE006A15902598D1
:10EF8000219D0A970D971297CDE913124168DDE98B
:10EF90002632CDE9107701FB0233016803EB43030E
:10EFA0001944289B1B680F9331E3289BB3F9082071
:10EFB000B3F90C3002F1FF3E21E022985FEA254CC4
:10EFC0004FEA204004D4F4450BDA002804DA0AE0C2
:10EFD000BCF1FF3F0BD104E003F1FF3C604512DBC5
:10EFE00003E0944503DA461C01DB984212DB2398C8
:10EFF000013C229E03310544249806442296002CAD
:10F00000DBDC00F0C382601E239E06FB005C5FEA2F
:10F010002C4C02D501F103086FE1013A9445F9DA6D
:10F02000249A229E02FB00600014F3D4013B984214
:10F03000C0F2AC82EEE7229A5FEA254C229BC2F333
:10F040000330289E289A4FEA234ED6F80C90C5F339
:10F050000333926808D402F1FF3AD44580F231813B
:10F06000BEF1000F05DA2EE1BCF1FF3F40F03C811C
:10F0700027E109F1FF3AD64580F2288111B20F9AB3
:10F080000EFB01CC02EB8C0E52F82C204FEA126CD6
:10F090008BB1DEF80460370E099690B10EEB810952
:10F0A0005EF821100791090E0A91D9F804100B910E
:10F0B000090E109105E020B15EF821100791090EAC
:10F0C0000A9103FB00FE0EF58071CEEB031ACEEB26
:10F0D0000019A1EB03110A9B1FFA8AFAA1EB001198
:10F0E0000AFB07F01FFA89F989B201FB0C0009FB42
:10F0F0000300109B0EFB030010F47F4FC0F30723A7
:10F1000000F0F280BCF1FF0F1BD002F0FF1B02F4F5
:10F110007F420CFB0BFB0CFB02F24FEA1B2C0BF1AA
:10F12000011B02F580700CF0FF1C00EB1220DC4488
:10F13000000A4FEA1C2C00F47F400CF0FF1C4CEA44
:10F140000002FF2F1DD00998099E00F0FF1006F461
:10F150007F4B784307FB0BFB4FEA102C00F10110AB
:10F160000CF0FF1C84440BF5807000EB1B204FEA71
:10F170001C2C000A0CF0FF1C00F47F404CEA00003D
:10F1800009900A98FF281FD007980A9E00F0FF10E8
:10F190007043079E4FEA102C06F47F4B0A9E00F145
:10F1A00001100CF0FF1C06FB0BFB84440BF5807078
:10F1B0004FEA1C2C00EB1B200CF0FF1C000A00F493
:10F1C0007F404CEA000007901098FF281FD00B9852
:10F1D000109E00F0FF1070430B9E4FEA102C06F4B7
:10F1E0007F4B109E00F101100CF0FF1C06FB0BFB87
:10F1F00084440BF580704FEA1C2C00EB1B200CF0B4
:10F20000FF1C000A00F47F404CEA00000B900998B4
:10F2100002F0FF1C079E02F47F4200F0FF10FF2B5C
:10F220000AFB00F001FB0C0006F0FF1C0B9E09FB23
:10F230000C0006F0FF1C099E0EFB0C0006F47F4C30
:10F240000AFB0CFC01FB02CC079AC0F307214FEA32
:10F25000106002F47F4209FB02CC0B9A02F47F4259
:10F260000EFB02CCCCF3074C24D0DB4318F8032C64
:10F27000DBB25A4302F1010E120A12FA8EFE18F89E
:10F28000022C5A4301EB1E2E511C120A08F803EC03
:10F2900012FA81F118F8012C53430CEB11215A1C7E
:10F2A0001B0A08F8021C13FA82F300EB132308F878
:10F2B000013C19E008F8031C08F802CC08F8010C1E
:10F2C00012E0624510DDBEF1FF3F0DDBF1450BDDC5
:10F2D000CDE903300FFA89F31598009313B20F9A12
:10F2E000CDE901CEFFF736FD239B08F10308229AF2
:10F2F000013C1D44249B1A442292002CA8F10301D6
:10F300003FF799AE47E1229B2A140F9E15F4704FE8
:10F31000C3F30330289BC5F3033EB3F90880229B57
:10F320004FEA234308FB03230F9A02EB830256F8AC
:10F3300023304FEA136C11D056680C96360E119696
:10F3400090B102EB880952F828200892120E0D9213
:10F35000D9F804200E92120E129205E020B152F854
:10F3600028200892120E0D920EFB00F80D9E08F553
:10F370008072C8EB0E1AC8EB0019A2EB0E121FFA2E
:10F380008AFAA2EB001211981FFA89F992B20AFBCD
:10F3900000F002FB0C0009FB0600129E08FB0600B1
:10F3A00010F47F4FC0F3072E00F0E780BCF1FF0F91
:10F3B0001BD003F0FF1B03F47F430CFB0BFB0CFB88
:10F3C00003F34FEA1B2C0BF1011B03F580700CF0CB
:10F3D000FF1C00EB1320DC44000A4FEA1C2C00F455
:10F3E0007F400CF0FF1C4CEA00031198FF281FD04F
:10F3F0000C98119E00F0FF1070430C9E4FEA102CE9
:10F4000006F47F4B119E00F101100CF0FF1C06FB6F
:10F410000BFB84440BF580704FEA1C2C00EB1B2087
:10F420000CF0FF1C000A00F47F404CEA00000C9036
:10F430000D98FF281FD008980D9E00F0FF10704314
:10F44000089E4FEA102C06F47F4B0D9E00F1011030
:10F450000CF0FF1C06FB0BFB84440BF580704FEA9D
:10F460001C2C00EB1B200CF0FF1C000A00F47F405A
:10F470004CEA000008901298FF281FD00E98129EA8
:10F4800000F0FF1070430E9E4FEA102C06F47F4BE5
:10F49000129E00F101100CF0FF1C06FB0BFB8444D4
:10F4A0000BF580704FEA1C2C00EB1B200CF0FF1CAE
:10F4B000000A00F47F404CEA00000E900C9803F024
:10F4C000FF1C089E03F47F4300F0FF10BEF1FF0F06
:10F4D0000AFB00F002FB0C0006F0FF1C0E9E09FB6D
:10F4E0000C0006F0FF1C0C9E08FB0C0006F47F4C81
:10F4F0000AFB0CFC02FB03CC089BC0F307224FEA7B
:10F50000106003F47F4309FB03CC0E9B03F47F439D
:10F5100008FB03CCCCF3074C29D06FEA0E0E11F890
:10F52000033C5FFA8EFE03FB0EF303F101081B0A96
:10F5300013FA88F811F8023C03FB0EF302EB1828CB
:10F540005A1C1B0A01F8038C13FA82F211F8013CD1
:10F550000CEB122203FB0EF301F8022C5A1C1B0ABF
:10F5600013FA82F200EB122201F8012C05E001F8F7
:10F57000032C01F802CC01F8010C239B0331229AE1
:10F58000013C1D44249B1A44229200E00331002CCC
:10F590003FF7B9AE0339139B002B40DD30EE040A70
:10F5A000209B70EEA40AB0EE626AC6EE807A31EE5D
:10F5B000051ABEEEC86A16EE105AB0EE436ABEEEE9
:10F5C000C86A8DED226A20EEA77A61EE277A77EE7F
:10F5D000622A37EEC33AFEEEC82ABEEEC83A12EEF1
:10F5E000902AF0EE472A92FBF3F313EE102A2393AE
:10F5F000209BB0EE673A92FBF3F32493139B209A7F
:10F60000013B139318BF1446149B08BF1C46139B61
:10F61000002B3FF7CAAC149B002B3FF7C6AC17B0CA
:10F62000BDE8F08F2DE9F04FDDE90BC4BDF924E012
:10F63000BDF928A004FB03C8E6459DF834009DF8F9
:10F64000386016DD54EA0C0513D4A24511DD4FEAEB
:10F65000580518F0010F555D0BBF05F00F0505F0BB
:10F66000F00705EB051507EB15170CBFEFB2FFB25E
:10F6700000E000271CF101091BD4CE4519DD002C48
:10F6800017DBA24515DDB0B108F101054FEA550BB6
:10F69000ED0712F80BB055BF0BF00F0B0BF0F00598
:10F6A0000BEB0B1B05EB1B1554BF5FFA8BF5EDB293
:10F6B00002E0002500E00546002E3ED0BCF1000F20
:10F6C00004F101041ADBE6451BDD002C38DBA24502
:10F6D00036DD03EB08044FEA540CE40712F80CC0C3
:10F6E00055BF0CF00F0C0CF0F0040CEB0C1C04EBF1
:10F6F0001C1454BF5FFA8CF4E4B277E0B9F1000F48
:10F700001ED1CE451CDD002C1ADBA24518DD0024DD
:10F71000C8B1013343444FEA530CDB0712F80C2005
:10F7200055BF02F00F0202F0F00302EB021203EBEE
:10F73000121354BFD3B2DBB206E03346344603E0C3
:10F7400000231C4600E0034600FB06FEAEEB061C51
:10F75000CEEB00120CF5807CCEEB061692B2ACEB31
:10F76000001C6A43B6B21FFA8CFC07FB0C2204FB98
:10F7700006220EFB032313F47F4FC3F3072039D077
:10F780009DF83C201C4B50430D781B68421CC0F375
:10F790000F2010FA82F2D8B2C2F30F246FEA2222AD
:10F7A00010FB04F0D2B205FB020080B2451C05EB51
:10F7B00010204D7800120870C3F30720C3F30743ED
:10F7C00010FB04F013FB04F305FB020080B2451CA0
:10F7D00005EB102000124870887800FB02339BB2C2
:10F7E0005A1C02EB13231B128B7003E0CE458FDCF7
:10F7F0000023A9E7BDE8F08FD85902242DE9F04F86
:10F8000093B01D464FF000089DF894301190C34608
:10F8100021980991109241680F93CDF82080CDF87E
:10F820003480DDE92232DDE91D6701FB0233016826
:10F8300003EB43031944249B9B68013323F001032A
:10F840000A93249BCDE90B88D3F800A063E2249BA4
:10F85000B3F90820B3F90C3002F1FF3C1CE034147A
:10F860004FEA274004D464450ADA002804DA09E0A4
:10F87000B4F1FF3F0AD103E05C1EA04210DB03E0BD
:10F88000944203DA441C01DB98420FDB1F98013DD0
:10F890000331064420980744002DE0DC00F0F68197
:10F8A000681E1F9C04FB0064241403D501F10309A6
:10F8B0000E9510E1013A9442F8DA209A02FB0070AA
:10F8C0000014F3D4013B9842C0F2E081EEE72498A3
:10F8D0003A14C6F30334C7F30333D0E902CE30142D
:10F8E00007D40CF1FF35A84280F2D380002A05DA54
:10F8F000D1E0B0F1FF3F40F0E580CAE00EF1FF3506
:10F90000AA4280F2CB80BDF9281002FB0100420818
:10F9100010F0010F1AF802200BBF02F00F0202F0E4
:10F92000F00C02EB02120CEB121C0CBF5FFA82FC13
:10F930005FFA8CFC002C40D000F1010E4FEA5E0211
:10F940001EF0010F1AF802200BBF02F00F0202F0A6
:10F95000F00802EB021208EB12180CBF5FFA82F8F3
:10F960005FFA88F8002B3CD008444208C10700F138
:10F9700001001AF8022055BF02F00F0202F0F00158
:10F9800002EB021201EB121158BF5FFA82FB4FEA41
:10F99000500248BF5FFA81FBC0071AF8022055BF2A
:10F9A00002F00F0202F0F00102EB021201EB121161
:10F9B00054BFD2B2CAB20B9213E093B108444208CA
:10F9C000C1071AF8022055BF02F00F0202F0F00141
:10F9D00002EB021201EB121154BF5FFA82FB5FFAD5
:10F9E00081FB04FB03F101F58072A2EB0412C1EB71
:10F9F0000414A2EB0312A4B2C1EB031392B208FBEE
:10FA000004F49BB20CFB02440BFB03440B9B01FB75
:10FA1000034414F47F4FC4F3072153D00F9AC34B10
:10FA2000514319F8034C1B684A1CC1F30F2111FA0A
:10FA300082F2D9B2C2F30F206FEA222211FB00F149
:10FA4000D2B204FB021189B24C1C04EB1124C3F3A3
:10FA50000721C3F3074311FB00F1241213FB00F34A
:10FA600009F8034C19F8024C04FB021189B24C1C32
:10FA700004EB112419F8011C01FB023324129BB280
:10FA800009F8024C5A1C02EB13231B1209F8013C23
:10FA900018E0844516DDB2F1FF3F13DB964511DD1A
:10FAA0000F9D02901198CDE905350FFA8EF3019361
:10FAB0000FFA8CF3CDE9032400935246BDF92830A8
:10FAC000FFF7B0FD1F9B09F103091E44209B1F4453
:10FAD0000E9B013B0E930E9BA9F10301002B3FF7F8
:10FAE000F6AEDAE03C14C6F303323014C7F3033346
:10FAF0000EFB0400440810F0010F1AF804400BBF7D
:10FB000004F00F0404F0F00C04EB04140CEB141CD0
:10FB10000CBF5FFA84FC5FFA8CFC002A3FD000F136
:10FB200001094FEA590419F0010F1AF804400BBFFC
:10FB300004F00F0404F0F00904EB041409EB1419A9
:10FB40000CBFE4B25FFA89F40C94002B3AD07044F5
:10FB5000440810F0010F00F101001AF804400BBF37
:10FB600004F00F0404F0F00904EB041409EB141979
:10FB70000CBFE4B25FFA89F408944408C0071AF88D
:10FB800004404BBF04F0F00004F00F0400EB14102D
:10FB900004EB04144CBFC0B2E0B20D9012E08BB184
:10FBA00070444408C0071AF804404BBF04F0F0004A
:10FBB00004F00F0400EB141004EB04144CBFC0B2AB
:10FBC000E0B2089002FB03F404F58070A0EB021091
:10FBD000C4EB0212A0EB031092B21FFA80F90C984A
:10FBE000C4EB0313424308989BB20CFB092200FBB1
:10FBF00003220D9B04FB032212F47F4FC2F3072361
:10FC00003DD00F98494A434311F803CC1268581C61
:10FC1000C3F30F2313FA80F3D0B2C3F30F246FEAB8
:10FC2000232310FB04F0DBB20CFB030080B200F1D5
:10FC3000010C0CEB102CC2F30720C2F3074210FB9F
:10FC400004F04FEA2C2C12FB04F201F803CC11F85B
:10FC500002CC0CFB030080B200F1010C0CEB102C69
:10FC600011F8010C00FB03224FEA2C2C92B201F890
:10FC700002CC531C03EB12231B1201F8013C1F9B07
:10FC80000331013D1E44209B1F4402E00331BDF9B6
:10FC900028E0002D3FF726AF0339099B002B42DDFA
:10FCA000B7EE007A1C9B30EE040A70EEA40AF0EE68
:10FCB000626AC7EE007A31EE051AFEEEC86A16EEE9
:10FCC000906AF0EE436AFEEEC86A16EE907A20EE75
:10FCD000A77A61EE277A77EE622A37EEC33AFEEE14
:10FCE000C82ABEEEC83A12EE902AF0EE472A92FBDE
:10FCF000F3F313EE102A1F931C9BB0EE673A92FBAE
:10FD0000F3F32093099B1C9A013B099318BF1546F6
:10FD1000109B08BF1D46099B002B3FF798AD109B19
:10FD2000002B3FF794AD13B0BDE8F08FD8590224F3
:10FD30002DE9F04FDDE90BC4BDF924E0BDF928A0A1
:10FD400004FB03C8E6459DF834009DF8386016DDD5
:10FD500054EA0C0513D4A24511DD4FEA580518F0FA
:10FD6000010F555D0BBF05F00F0505F0F00705EB22
:10FD7000051507EB15170CBFEFB2FFB200E0002727
:10FD80001CF101091BD4CE4519DD002C17DBA2455F
:10FD900015DDB0B108F101054FEA550BED0712F87A
:10FDA0000BB055BF0BF00F0B0BF0F0050BEB0B1B63
:10FDB00005EB1B1554BF5FFA8BF5EDB202E0002591
:10FDC00000E00546002E3ED0BCF1000F04F1010416
:10FDD0001ADBE6451BDD002C38DBA24536DD03EBE4
:10FDE00008044FEA540CE40712F80CC055BF0CF09D
:10FDF0000F0C0CF0F0040CEB0C1C04EB1C1454BFA7
:10FE00005FFA8CF4E4B26CE0B9F1000F1ED1CE457C
:10FE10001CDD002C1ADBA24518DD0024C8B101331B
:10FE200043444FEA530CDB0712F80C2055BF02F095
:10FE30000F0202F0F00302EB021203EB121354BFA5
:10FE4000D3B2DBB206E03346344603E000231C465F
:10FE500000E0034600FB06FEAEEB061CCEEB0012F4
:10FE60000CF5807CCEEB061692B2ACEB001C6A431C
:10FE7000B6B21FFA8CFC07FB0C2204FB06220EFB19
:10FE8000032313F47F4FC3F307202ED0184BC44332
:10FE90000D781A68E4B2D3B213FB00F305FB043308
:10FEA0009BB25D1C05EB1323C2F30725C2F3074287
:10FEB0001B120B704B7813FB04F305FB00339BB252
:10FEC0005D1C05EB13231B124B708B7813FB04F3A3
:10FED00002FB00339BB25A1C02EB13231B128B70E4
:10FEE00003E0CE459ADC0023B4E7BDE8F08F00BF05
:10FEF000D85902242DE9F04F91B08B461D460F9042
:10FF00001F980A924168DDF88890DDE92032DDE92A
:10FF10001B6701FB02330168D9F800A003EB430320
:10FF20001944D9F80830013323F00103069347E25E
:10FF3000B9F90820B9F90C3002F1FF3C1CE0341487
:10FF40004FEA274004D464450ADA002804DA09E0BD
:10FF5000B4F1FF3F0AD103E05C1EA04210DB03E0D6
:10FF6000944203DA441C01DB98420FDB1D98013DEB
:10FF7000033106441E980744002DE0DC00F0DD81CB
:10FF8000681E1D9C04FB0064241403D501F10308C2
:10FF9000079501E1013A9442F8DA1E9A02FB0070DB
:10FFA0000014F3D4013B9842C0F2C781EEE730144D
:10FFB000C6F303344FEA2742C7F30333D9E902CE2D
:10FFC00007D40CF1FF35A84280F2C680002A05DA7A
:10FFD000C4E0B0F1FF3F40F0D680BDE00EF1FF3548
:10FFE000AA4280F2BE80BDF9181002FB010042084F
:10FFF00010F0010F1AF802200BBF02F00F0202F0FE
:020000040802F0
:10000000F00C02EB02120CEB121C0CBF5FFA82FC2C
:100010005FFA8CFC002C34D0421C4FEA520ED207FF
:100020001AF80EE055BF0EF00F020EF0F00202EBD0
:10003000021202EB1E12D2B20B92002B32D00844F5
:1000400042081AF80210C20700F1010055BF01F082
:100050000F0201F0F00202EB021202EB1112D2B217
:1000600008924208C0071AF8021055BF01F00F02AB
:1000700001F0F00202EB021202EB1112D2B20C926A
:1000800010E07BB1084442081AF80210C20755BFBD
:1000900001F00F0201F0F00202EB021202EB11126A
:1000A000D2B2089204FB03F10B9801F58072A2EB27
:1000B0000412C1EB0414A2EB0312A4B292B24443A3
:1000C000C1EB03130CFB02449BB2089A02FB0344EE
:1000D0000C9B01FB034414F47F4FC4F3072252D05E
:1000E000BD4BFF2A1B68C3F30744C3F30721DBB2F0
:1000F0002BD0D04318F803CC13FB02F311FB02F111
:10010000C0B214FB02F20CFB00339BB203F1010CF2
:100110000CEB132C18F8023C03FB00114FEA2C2CBB
:1001200089B208F803CC4B1C03EB11231B1208F80F
:10013000023C18F8013C03FB002292B2531C03EB73
:1001400012231B1208F8013C1DE008F8033C08F8D4
:10015000021C08F8014C16E0844514DDB2F1FF3FA3
:1001600011DB96450FDDCDE904430FFA8EF30193C1
:100170000FFA8CF3CDE9020200935246BDF9183014
:100180000F98FFF7D5FD1D9B08F103081E441E9B29
:100190001F44079B013B0793079BA8F10301002B1A
:1001A0003FF705AFD0E03B14C6F303323014C7F37A
:1001B000033C04FB0300430810F0010F1AF803305E
:1001C0000BBF03F00F0303F0F00E03EB03130EEB72
:1001D000131E0CBF5FFA83FE5FFA8EFE002A35D035
:1001E000431C4FEA5308DB071AF8088055BF08F094
:1001F0000F0308F0F00303EB031303EB1813DBB258
:100200000D93BCF1000F34D0204443081AF803804A
:10021000C30700F1010055BF08F00F0308F0F00319
:1002200003EB031303EB1813DBB209934308C00776
:100230001AF8038055BF08F00F0308F0F00303EB32
:10024000031303EB1813DBB20E9312E0BCF1000FA3
:100250000FD0204443081AF80380C30755BF08F0A5
:100260000F0308F0F00303EB031303EB1813DBB2E7
:10027000099302FB0CF000F58073A3EB0213C0EBB3
:100280000212A3EB0C1392B21FFA83F80D9BC0EB82
:100290000C1C5A43099B1FFA8CFC0EFB082203FB23
:1002A0000C220E9B00FB032313F47F4FC3F30722A2
:1002B0003CD0494BFF2A1B68C3F3074EC3F307200A
:1002C000DBB22DD06FEA020C11F8038C13FB02F3A2
:1002D00010FB02F05FFA8CFC1EFB02F208FB0C33F1
:1002E0009BB203F1010808EB132811F8023C03FB51
:1002F0000C004FEA282880B201F8038C431C03EB62
:1003000010231B1201F8023C11F8013C03FB0C22E4
:1003100092B2531C03EB12231B1201F8013C05E0BF
:1003200001F8033C01F8020C01F801EC1D9B0331BC
:10033000013D1E441E9B1F4402E00331BDF91840DD
:10034000002D3FF730AF0339BBF1000F40DDB7EEB2
:10035000007A1A9B30EE040ABBF1010B70EEA40A7E
:10036000F0EE626AC7EE007A31EE051AFEEEC86A58
:1003700016EE906AF0EE436AFEEEC86A16EE907AC8
:1003800020EEA77A61EE277A77EE622A37EEC33A3B
:10039000FEEEC82ABEEEC83A12EE902AF0EE472AC8
:1003A00092FBF3F313EE102A1D931A9BB0EE673AFB
:1003B00092FBF3F31A9A1E930A9B14BF15461D462F
:1003C000BBF1000F3FF7B4AD0A9B002B3FF7B0AD78
:1003D00011B0BDE8F08F00BFD859022430B59CB2EF
:1003E000C3F1FF0308789BB2157810FB04F015FBEE
:1003F00003F5284480B2451C05EB1020557815FB09
:1004000003F500121070487810FB04F0284480B205
:10041000451C05EB1020001250709078897810FB75
:1004200003F311FB04F10B449BB2591C01EB1323A2
:100430001B12937030BD00002DE9F04F1C4689B0AF
:100440000E46154661688146129A04AB2068043551
:100450009DF84CA003C31068516803C304A8F2F7C9
:10046000D7FC214606A8F2F717FDBDF91820BDF903
:100470001E7002F00103BDF91C800293BDF9143017
:1004800003F0010101910198BDF91A10034401FB29
:10049000032303EBD37306EB6306BDF810301A4455
:1004A000BDF8123019446B4BADF818201868ADF840
:1004B0001A100368DB6A9847674BBDF91A10BAF146
:1004C000FF0F1B88BDF9182003FB012207FB03F374
:1004D00002EB420203EB430300EB0204234400F06F
:1004E000B68003934CE0029B37467BB117F8011BA3
:1004F00022465346484601F00F01033408F1FF3B02
:1005000001EB41012944FFF769FF1AE0C34618E0F7
:1005100019782246534648460909ABF1020B01EB14
:1005200041012944FFF75AFF17F8011BE21C06346A
:1005300001F00F015346484601EB41012944FFF702
:100540004DFFBBF1010F3B46E2DC0AD13978224670
:10055000033453460909484601EB41012944FFF79A
:100560003DFF3D4B019A1B88A3EB080303EB4303BC
:100570001C44BDF91430134403EBD37306EB63063C
:10058000039B9C42AFD3334B186803681B6B98479F
:1005900009B0BDE8F08F029AA2B13246033408F1E7
:1005A000FF3712F8011B01F00F0101EB4101681840
:1005B000695C04F8031C417804F8021C817804F893
:1005C000011C22E0324647461FE00078023F000946
:1005D00000EB40002C18285C01F8060C607801F84C
:1005E000050CA07801F8040C12F8010B00F00F00C4
:1005F00000EB40002C18285C01F8030C607801F82F
:10060000020CA0780C4601F8010C012F104604F1F1
:100610000601DADC21460BD112780331120902EB14
:100620004202A818AA5C2270427862708278A27096
:10063000094A1488BDF91420A4EB080404EB44040F
:100640000C4401990A4402EBD27206EB62069C420A
:10065000A1D398E7CC590224C459022470B59DF85F
:1006600010400878FF2C06D1FF2B04D110704B7876
:1006700053708B782DE014FB03F316789BB25C1C4F
:1006800004EB1324C4F3072410FB04F3E543EDB299
:1006900006FB05339BB2581C00EB13231B1213708F
:1006A0005378487813FB05F300FB04339BB2581CC6
:1006B00000EB13231B1253709378897813FB05F317
:1006C00001FB043399B2C3F3072301310B44C3F395
:1006D0000723937070BD00002DE9F04F1C468DB0CC
:1006E0000D46164661688046169A08AB20680436A7
:1006F0009DF85C9003C31068516803C308A8F2F723
:1007000087FB21460AA8F2F7C7FBBDF92820BDF9EF
:100710002E7002F00103BDF92CB00493BDF9243012
:1007200003F0010103910398BDF92A10034401FB72
:10073000032303EBD37305EB6305BDF820301A44A4
:10074000BDF822301944404BADF828201868ADF8A8
:100750002A100368DB6A98473C4BBDF92A101B88B6
:10076000BDF9282003FB01227B4302EB420203EB8D
:1007700043038418E31805935BE0049B2F469BB169
:1007800017F8013B03F00F0356F8233007931B0EB5
:1007900006D0009322464B4607A94046FFF75EFF6E
:1007A00003340BF1FF3A22E0DA4620E03B781B09E4
:1007B00056F8233006931B0E06D0009322464B4674
:1007C00006A94046FFF74AFF17F8013B03F00F0365
:1007D00056F8233007931B0E06D00093E21C4B46BD
:1007E00007A94046FFF73AFF0634AAF1020ABAF118
:1007F000010FDBDC0ED13B781B0956F82330079341
:100800001B0E06D0009322464B4607A94046FFF731
:1008100025FF03340D4B039A1B88A3EB0B0303EB5B
:1008200043031C44BDF92430134403EBD37305EB9D
:100830006305059B9C42A0D3034B186803681B6BA0
:1008400098470DB0BDE8F08FCC590224C45902245A
:1008500002460846394930B50B684CF2402523F072
:1008600001030B604FF0E0214FF6F073D1F8004D1B
:100870001C40AC4206D0D1F8004D4CF270251C4013
:10088000AC4219D12E4B1B68002B49D12D4B196856
:10089000C1F30B01B1F58A6F2DD0196840F2834482
:1008A000C1F30B01A14226D01B6840F28541C3F37E
:1008B0000B038B4234D11EE0D1F8004D4DF22025C0
:1008C0001C40AC4206D0D1F8001D0B404DF2302147
:1008D0008B4225D11C4B1D49D3F8F84F8C422BD1AC
:1008E00001F12341D3F8FC4F01F52E0101F55D41E3
:1008F0008C4209D020E0164B0121C3F8081CD3F824
:10090000081C0029FBD106E00121C3F8081CD3F81C
:10091000081C0029FBD1C3F8002CD3F8003C07E0E9
:100920000C4B0121996099680029FCD11A601B6861
:100930001B1A5842584100E0002030BD002000E062
:10094000002004E00010005C004002460100170097
:10095000004002580030024001617047837B4BB178
:10096000038901339BB2072B038181BF002343819D
:1009700083818373704700002DE9F0431E4685B0E4
:100980008388044690461C4AADF80630F31A00925C
:100990000F461BB2A28AC5880020002BBDF83090FC
:1009A0008DF80400B8BF5B42ADF80850ADF80A609E
:1009B0001BB2ADF80C90934208DCA9EB05052DB2F3
:1009C000002DB8BF6D422DB2AA4211DA20696946E6
:1009D000F71BA9EB080803685B6898470023012010
:1009E00067812381A4F80C80A680A4F80690A073E8
:1009F00005B0BDE8F08300BFA83B0308F0B51E4674
:100A00004B1E044685B0012B0D461746006927D8BA
:100A1000B4F90A20D31C9BB2062B0CD91C4963687D
:100A200001910021ADF80A208DF8081001A9039367
:100A300003689B689847B4F90C202069D31C9BB2CB
:100A4000062B13D91249636801910121ADF80A20E0
:100A50008DF8081001A9039303689B68984705E087
:100A600021B9A280E680A160A181A173094B01A9EF
:100A70002069019300238DF80850ADF80A70ADF895
:100A80000C60ADF80E3003681B68984705B0F0BDE8
:100A9000BC3B0308943B030810B4D0E901349C42EA
:100AA00003D85DF8044BF1F74FB85DF8044B70477D
:100AB0002DE9F04F8BB005468946CDE906239DF818
:100AC000503008939DF854300993F1F7ADF9AE68B2
:100AD0000446002E00F0CD806B68B342C0F0CB809E
:100AE000B0F902304FF00008B5F9342002EB030BE7
:100AF000DDE9062101FB03220592721E049200E04B
:100B00005346B4F902A0B4F9007053453A4608D0F0
:100B1000B5F9343003EB0A0BDDE9063101FB0A338A
:100B20000593B4F906300AE034F9080FB8420FD142
:100B3000B4F9020050450BD1B4F9060003440499FE
:100B4000B4F904000139804404910131ECD194E0FE
:100B5000002B42D0002F3CDBB5F93620BA4238DDFD
:100B6000C3EB881395F83020DB10002BB8BF5B4235
:100B7000012A07D1C3F30803B3F5807F02DDC3F573
:100B8000007302E0FF2BA8BFFF23099A13FB02F3B7
:100B90009BB25A1C1B0A13FA82F313F47F4F4FEADD
:100BA000232C16D05FFA8CF1D9F800006B8E0291DD
:100BB0000121089A13FA87F301910FFA8BF112FAC7
:100BC00087F21BB20091416912B248460E46059960
:100BD000B047049B7A1C01334BD0B4F90030981A0B
:100BE00000288DDD002A03DA002B89DD184600225B
:100BF000B5F93670BB4202DBB81A002880DD4FEA37
:100C0000881395F83070DB10002BB8BF5B42012FC2
:100C100007D1C3F30803B3F5807F02DDC3F500738A
:100C200002E0FF2BA8BFFF23099913FB01F39BB23E
:100C30005F1C1B0A13FA87F313F47F4F4FEA232C30
:100C40003FF45EAF6B8E00B20899D9F8007013FACA
:100C500082F3019011FA82F20FFA8BF05FFA8CF1B5
:100C600000901BB2029112B27F6948460599B847BD
:100C700046E7012005E0002003E0002B7FF46AAF87
:100C8000F7E70BB0BDE8F08F2DE9F3411E46334B7B
:100C9000002500F1140804461746C0E90031938886
:100CA000858103819DF82030C5818372058245824C
:100CB0004046F0F797FA84F84450A4F846506B4643
:100CC000A565A4F85C50A4F86850C4E91255C4E9BD
:100CD0001455C4E91855C4E91B5530687168728809
:100CE000358803C37B88B6F9040013443A88B6F903
:100CF00006102A44E38120826846A2816182394637
:100D0000F2F7CAF804F10C00F2F782F8BDF90230EC
:100D1000BDF800204046A4F84830A4F84620F0F77B
:100D200045FABDF90030B4F9122020465B01E364B6
:100D3000BDF902305B012365BDF904305B016365D9
:100D4000BDF906305B01A365B4F91030A4F84A3050
:100D5000C4E90F3202B0BDE8F08100BF503E030885
:100D600038B590F85C30044693B190F8683090F84C
:100D7000692013420CD100F1140523B1D0E91812F7
:100D80002846FFF789FE2846D4E91B12FFF784FEA8
:100D9000002384F85C30D4E90603984234BF002075
:100DA000012038BD2DE9F341837A044659434D1C97
:100DB000ADB205EB11252D1200F09E8090F85D304C
:100DC000002B00F09980FFF7CBFF0746002800F0CA
:100DD000948060684B4E036837689B68984701466B
:100DE0003846EEF78BFB0746E0F73CFE03685B6B8B
:100DF00098478046E0F736FE03681B6B98470B2840
:100E000064D8DFE800F0404A5A0663192F53535361
:100E10005353B4F90C10B4F90E3000290A4608FBFC
:100E200003F3B8BFCA1D03EBE2031F444B4201F0BA
:100E3000070103F0070311E0B4F90C10B4F90E3008
:100E400000290A4608FB03F3B8BFCA1C03EBA20340
:100E50001F444B4201F0030103F0030358BF594202
:100E6000C8B234E0B4F90C10B4F90E2001EBD17320
:100E7000002901F001014FEA6303B8BF494208FBB2
:100E800002331F44ECE7B4F90E30B4F90C2008FB30
:100E900003F303EB42031F4419E0B4F90E200321CE
:100EA000A38908FB02F213FB01230EE0B4F90E2024
:100EB000B4F90C3008FB023307E0B4F90E30B4F992
:100EC0000C2008FB03F303EB82031F440020EDB268
:100ED0003A460FFA88F3CDE9000504F11400616881
:100EE000FFF7E6FD0746606803681B6998473068AE
:100EF00003681B6B984700E00127384602B0BDE845
:100F0000F08100BFCC590224064B10B51B78012B91
:100F100007D1B0F908000B681468C3EB40131360E5
:100F20000C6010BDBE59022437B590F85C30044601
:100F3000CDE9002183B96A4601A92046FFF7E4FF05
:100F4000E36C0199009AC91A236DD21A0191002A03
:100F5000009206DA01230AE0FFF702FF0028EAD137
:100F60002DE0A36D9A42B4BF002301235B0000294A
:100F700006DB606D8142B4BF00200120C00000E0AC
:100F8000042043EA0005034303D0002384F85C30C7
:100F90000DE084F86930D4E90630984203D804F1B2
:100FA0001400F0F7ECFD40F20113A4F85C30019A54
:100FB000009BE266236784F86850C4E9182303B0F5
:100FC00030BD2DE9F3410446CDE900216A4601A96F
:100FD000FFF79AFFE36C019E009FF61A236DFF1A3C
:100FE0000196002F009706DBA36D9F42B4BF00233C
:100FF00001235B0000E00123002E06DB656DAE429D
:10100000B4BF00250125ED0000E0042545EA0302F8
:1010100094F86830154623B93A46314604F1140075
:101020001DE00AB11A401DD194F85C0004F11408C7
:10103000D4E9181268B984F86930D4E906309842C6
:1010400002D84046F0F79BFD40F20113A4F85C3053
:1010500002E04046FFF720FD3A4631464046FFF7A2
:101060001BFD2A46019B84F868202366009B63666B
:1010700002B0BDE8F081000038B52DED108BF0EE28
:10108000408A0546B0EE609A0C46B0EE41BADFEDFC
:1010900058AAF0EE61BAF0EE42DAB0EE62EAB6EECD
:1010A00000CA082C00F2A0807DEEE86A7BEECE7AC2
:1010B0003BEE6D6A3EEE497A66EEE77A78EE8BEAB1
:1010C00039EE2BFAE6EE077A7BEE2D9A3BEE8EAAEE
:1010D0006EEE8CEA2FEE0CFA69EE8C9AF5EEC07A81
:1010E0002AEE0CAA7EEEA9CAF1EE10FA3FEE0ADA59
:1010F0006CEE8CCA48BFF1EE677A2DEE0CDAB5EED5
:10110000006AF4EEEA7AF1EE10FA36DD27EE077A9D
:1011100067EEA77AA6EEA67A27EE067AF4EEC77AED
:10112000F1EE10FA46D87DEECB0A3EEE6B0A07F0E0
:101130007FFDB0EE408A7BEE680A3BEEC90A07F0FD
:1011400077FD78EE407A9FED2B7AF5EEC07AF1EEDE
:1011500010FA48BFF1EE677AF4EEC77AF1EE10FAB2
:10116000A4BF9FED257A77EE677A9FED247AF4EE9F
:10117000C77AF1EE10FA1DD514E078EEAD7AB0EE34
:101180006C7A79EE0E6AA7EECC7AF0EE4D7AE6EE46
:10119000CC7A67EEA77AE7EE077AF4EEC67AF1EE3C
:1011A00010FA07D8F0EE4D0A2846B0EE6C0AEFF7B9
:1011B000B1F819E00134F0EE490AB0EE680A2846A9
:1011C000F0EE4D2A2146B0EE6C2AF0EE4F1AB0EE4A
:1011D0006E1AF0EE4ABAFFF74FFFB0EE69BAB0EE02
:1011E0004D9AF0EE6C8A5CE7BDEC108B38BD00BF09
:1011F000FFE6DB2EDB0F4940DB0FC940CDCCCC3DF9
:1012000030B52DED108BB0EE409A85B0F0EE609ABF
:101210000446F0EE41FA0D46B0EE61EADFEDB7EAC2
:10122000B0EE428AF0EE628AB0EE43AAF0EE63AA14
:10123000082D00F25F81F6EE006A79EE2F7A3FEE1C
:10124000887A38EE0ADA67EEA67A78EEAADA2DEE18
:1012500026DACDED007A79EE8E7A9DED006A6DEE9C
:10126000A6DAB0EE4DCAA7EE266A67EEA67AF0EED1
:101270006DCAA7EE26CACDED017A7EEE287A26EE5B
:10128000266AE7EEA6CA8DED026A2CEE26CA9DED0F
:10129000016AA7EEA66ADDED027A6CEEA6CA37EE09
:1012A0008CBA2BEE26BA26EE266A76EE2CBA8DED97
:1012B000036A6BEEA6BA002D00F0FA807AEE495A66
:1012C000DFED8F4A3EEE6A7A7AEEE97A3FEECA6A3D
:1012D00025EEC77A38EE4A5AA6EE277A38EEEA6A41
:1012E00025EEC66AB5EEC07AA5EE276AB5EE005ABD
:1012F000F1EE10FA48BFB1EE477AB5EEC06AF1EEF2
:1013000010FAB4EEE47A48BFB1EE466AF1EE10FA94
:101310006ADD67EEA77AB4EEE46AE5EEA57AF1EE4F
:1013200010FA67EE857A4BDD37EE067A27EE077AFC
:10133000B4EEE77AF1EE10FA00F2BA8078EE6F0AB6
:1013400038EECE0A07F074FCB0EE40FA7FEEC90A20
:101350003EEE690A07F06CFC3FEE40EA7AEE480A7E
:101360003AEEE80AB5EEC0EAF1EE10FA48BFB1EE87
:101370004EEA07F05DFC30EE4F0AB5EEC00AF1EE22
:1013800010FAB4EEEEEA48BFB1EE400AF1EE10FA00
:10139000B4EEEE0AA4BF9FED5B7A37EE4EEAF1EEB3
:1013A00010FAA4BF9FED577A37EE400A9FED567AA8
:1013B0007EEE007AF4EEC77AF1EE10FA78D56FE09F
:1013C00027EE077AB4EEE77AF1EE10FA70D878EEED
:1013D0006F0A38EECE0A07F02BFC7FEEC90AB0EE9A
:1013E00040FA3EEE690A1FE09FED457AB4EEC76A07
:1013F000F1EE10FA3FDD67EEA77A26EE066AE5EE1B
:10140000A57A67EE857AB4EEE76AF1EE10FA4FD866
:101410007AEE480A3AEEE80A07F00AFC78EE6F0A1C
:10142000B0EE40FA38EECE0A07F002FC3FEE400A7A
:10143000B5EEC00AF1EE10FA48BFB1EE400AB4EEC4
:10144000EE0AF1EE10FAA4BFDFED2E7A37EEC00AF5
:10145000DFED2D7AB4EEE70AF1EE10FA28D5F0EEC2
:101460004E0A2046B0EE6F0AEEF754FFF0EE680A1F
:10147000B0EE480A18E079EE0A7AB0EE4B7A39EE0F
:10148000AA6AA7EEE67AF0EE6B7AE6EE667A67EE87
:10149000A77AE7EE077AF4EEC57AF1EE10FA07D8EC
:1014A000F0EE6B0AB0EE4B0A2046EEF733FF21E078
:1014B0000135F0EE690AB0EE490ADDED032AF0EEDF
:1014C0006B3A2946B0EE4B3A9DED022ADDED011A4A
:1014D00020469DED001AF0EE6D8AB0EE4D8AFFF7C2
:1014E0008FFEB0EE6CEAF0EE4CFAF0EE6B9AB0EED6
:1014F0004B9A9DE605B0BDEC108B30BDDB0F49402B
:10150000FFE6DB2EDB0FC940CDCCCC3D044B10B544
:10151000044640F8143BEFF741FE204610BD00BFE3
:10152000503E030810B50446FFF7F0FF7421204633
:1015300000F008F8204610BD03460846194609F099
:101540000BB900BF00F064B90368DB0705D443782A
:101550002BB901234370184670470020704710B51F
:10156000042000F0C3F9044600F026F8024A0349BB
:10157000204600F0EBFA00BF89150208803E030800
:1015800001230360704700BF10B5034B036004469E
:1015900000F054FA204610BD943E030810B5054BE8
:1015A0000360044600F04AFA20460421FFF7CAFF10
:1015B000204610BD943E0308014B0360704700BFF6
:1015C000943E030810B5034B0360044600F0C2F8D4
:1015D000204610BDDC3E030810B5054B03600446F1
:1015E00000F0B8F820460C21FFF7ACFF204610BDF4
:1015F000DC3E030870B582B00446069E96420D4656
:1016000009D0A06804680696246A2946A44602B058
:10161000BDE87040604719460192009300F064F8FD
:10162000DDE900320028ECD0062002B070BD00BF1A
:101630002DE9F04F0D4681B01946DDE90A8BDDE951
:101640000CA91C460746164600F04EF880B9D04556
:1016500027D0B86823460468CDE90CA9CDE90A8BE8
:10166000E46932462946A44601B0BDE8F04F604720
:10167000002DC9F8008089F804600CDBA844C2453D
:1016800014BF4FF001084FF0060889F806800020CB
:1016900001B0BDE8F08F0235F9D1012389F8063099
:1016A000F5E75946384600F01FF80028D1D089F8F0
:1016B0000560ECE72DE9F04106460F4614461D464D
:1016C00000F082F848B9B068016822468C692B4660
:1016D0003946A446BDE8F0416047BDE8F08100BF4F
:1016E000704700BF00207047814211D008B54068A4
:1016F00003782A2B0AD049680B782A2B08BF0131BE
:10170000DEF7DEFDB0FA80F0400908BD002008BD1C
:101710000120704770B5036884B000249E6903946B
:10172000102315460293CDE900446B461268B0477A
:101730009DF8043003F00603062B03BF009B2B60CB
:101740000120204604B070BD009890420CBF0620D6
:101750000120704710B5034B03600446FFF7C0FF3C
:10176000204610BD503F030810B5054B03600446EA
:10177000FFF7B6FF20460821FFF7E4FE204610BD24
:10178000503F03082DE9F041069F0899099E8F42BA
:10179000044690461D460CD029462046FFF7A4FF7C
:1017A00020B10123376086F80480B3710020BDE8C2
:1017B000F0810799FFF798FF0028EDD086F80580A3
:1017C0000020BDE8F08100BF38B515461C46FFF784
:1017D0008BFF00B938BD082206232560E260237123
:1017E00038BD00BF2DE9F041064617461D460C46A0
:1017F000FFF77AFF48B9032D07D823683A463146E8
:1018000020465B69BDE8F0411847BDE8F08100BFA4
:1018100008F086BA1E494B6830B550F8085CA0F154
:1018200008042BB304EB050E734521D85A6826D063
:1018300001F1040C32B90EE0516803F1040C1346B7
:1018400039B10A469645F7D802BFDEE90021596052
:10185000AD18DCF800301A6899188C420CD05B681F
:1018600040F8043CDCF8003040F8085C5C6030BDB7
:1018700040F8043C4C6030BD2A441A6030BD1B68FF
:1018800040F8042C2B4440F8083C4C6030BD00BFAD
:1018900000640224144900F108034868082B38BF8B
:1018A0000823F8B1073323F00703043102E0011DD8
:1018B000406880B102689342F9D830B4D41A072C3A
:1018C000456809D9C2185560C450086830BC036027
:1018D00008300A607047704702602A46083030BC02
:1018E0000A607047704700BF0064022410B500F121
:1018F0008004204608F00CFA034630B18022002113
:1019000018460AF0F7FC803010BD2046FFF7C2FFF2
:1019100003460028F2D100F0ADF800BF064BD3E932
:10192000022380381344984203D2824201D2FFF747
:1019300071BF08F0F5B900BF006402242DE9F04141
:10194000394D3A4888B00026C5E90166EE6008F0D6
:1019500091F9374B374A0821CDE902130923CDE924
:1019600004630423CDE9062300283CD0324E04460C
:1019700023783A2B08BF01340F22214630460AF063
:101980000BFC10B9E37B2E2B17D020463A210AF02E
:1019900003FD04460028EBD1079A049C402AA8BF07
:1019A0004022002C08BF06243E3402FB04F4A400AD
:1019B000EC60DCB908B0BDE8F081103402AFD7F8B4
:1019C0000080786821464246B8F1000F02D00AF044
:1019D000E3FB18B914F808303D2B11D00C3708ABD5
:1019E0009F42ECD1D1E74FF48864EC60204608F0C8
:1019F0008FF9A860A8B10023C0E900436860D9E767
:101A000008F101002044002201A908F097FE019C82
:101A100023783A2B01D0002BB7D10028A8BFB8609B
:101A2000B3E7E860C6E700BF00640224743F030820
:101A3000883F0308943F0308A03F0308704700BF96
:101A4000704700BF00487047B03F03080048704728
:101A5000C03F030810B504210446FFF773FD20467C
:101A600010BD00BF08B5804708F0D6F806F0C0FCEE
:101A700008F0D2F808B5034B1868BFF35B8FFFF787
:101A8000F1FF00BFE000002408B58047FFF7F2FF38
:101A900008B5034B1868BFF35B8FFFF7F5FF00BF76
:101AA000DC000024024B1868BFF35B8F704700BF57
:101AB000E0000024024B1868BFF35B8F704700BF43
:101AC000DC000024012810B51AD8BFF35B8FA1F108
:101AD000280353E8002F013A43E800200028F8D1FA
:101AE000BFF35B8F5AB951F81C3C01F158040BB19C
:101AF000204698472046BDE81040FFF70FBF10BDB5
:101B000051F8140CFFF7AEFF002310B540E91E1288
:101B100040F8803C0446FFF7CDFF44F8700CFFF717
:101B2000C1FF0749074A084B44F8581C44F8542C95
:101B300044F86C0C44F8503CA4F1800010BD00BF88
:101B4000474E5543432B2B00C51A020870B5044677
:101B50000D46164606F0D4FC43680133324629464A
:101B600043602046FFF7D0FF0446012344F8283B9A
:101B70002046DFF781FB204606F03AFCFFF77AFFAC
:101B800010B506F0BDFCD0E900420132426064B1FC
:101B900094F82020472A0AD00022026020342046F0
:101BA000DFF78EFB204606F023FCFFF763FF94F877
:101BB00021204E2AF0D194F82220552AECD194F815
:101BC0002320432AE8D194F82420432AE4D194F82E
:101BD00025202B2AE0D194F826202B2ADCD194F85A
:101BE0002720012AD8D8626952426261D6E700BF35
:101BF00070B53B4B1A7882B0002A41D101241C7089
:101C000006F070FF002831D04468364D23782A2B27
:101C100008BF013400224FF0FF30114601AB0190A4
:101C2000204606F0BFFA2B683022DB680646012109
:101C30002D480AF043F9019B93B12B682046D968DF
:101C400009F02EFF2B682948DB68022201210AF0E7
:101C500035F9019B13B9304608F062F8FFF790FFA1
:101C60002B683046D96809F01BFFEBE71D4B204875
:101C70001B682D22DB6821460AF020F907F0CCFF13
:101C8000184B1C481B681D22DB6801210AF016F95D
:101C900007F0C2FF01290C4619D106F0A9FB036821
:101CA0009B6898472B682146DB6804460B22124844
:101CB0000AF004F92B682046D96809F0F1FE2B6878
:101CC0000A20D96809F07AFE06F0D0FBD6E706F0C4
:101CD0008FFB06F0CBFBD1E706F0C8FB06F0C0FA9D
:101CE0001064022470060024F43F0308284003080F
:101CF0002C400308D43F03085C400308312970B529
:101D000084463CD828290AD9A1F12900082834D8CA
:101D1000DFE800F01A191833181A1A4119000A29B5
:101D20000ED9A1F10B052F48EDB20124AC402040A3
:101D300088BB14F47F1F07D12B48204010B970BD19
:101D4000042916D8CAB1C3B1DCE90540844214DACB
:101D5000DCF8105004EB840E05EB8E0001340026F5
:101D6000C0E90166CCF8144005F82E10C0E9032341
:101D700070BDA1F1090001280DD9002070BD4F29C7
:101D80000CD83329F9D9A1F134051848EDB2012452
:101D9000AC402040F0B1002AD6D1EEE7A1F15200CC
:101DA0000928D1D801A454F820F000BF971D0208DB
:101DB000471D0208471D0208451D0208971D02081D
:101DC000971D0208491D0208971D0208971D020869
:101DD000971D0208064820400028B3D14E29B3D0F1
:101DE00070BD00BFFE1F802F010040000711C7011A
:101DF000F82E000AF0B5C26811786E29864625D003
:101E00003039CBB2092B2BD80026164D00206FF0AD
:101E1000004402E0B0EBD30F15DC0132CEF80C2009
:101E20001378303B5FFA83FC00EB800001EB40004D
:101E3000BCF1090F1946A4EB0303A5FB0373E9D911
:101E400006B14042F0BD4FF0FF30F0BD531CC360FF
:101E500051783039CAB2092A02D81A460126D4E785
:101E60000020F0BDCDCCCCCC10B5044629B9C36858
:101E70001A786AB15A1CC260197868290CD0762980
:101E800006D12046FFF7B6FFE3681A785F2A01D033
:101E9000002010BD0133E3602046FFF7ABFFE3688D
:101EA0001A785F2AF4D10133E360012010BD00BF2E
:101EB000C3681A785F2A01D00120704710B55A1CF8
:101EC000C2605A785F2A044604D0FFF793FFC043EC
:101ED000C00F10BD0233C360FFF78CFF002807DB83
:101EE000092801DC012010BDE3681A785F2A01D0BF
:101EF000002010BD0133E360F4E700BF002900F0CB
:101F0000918038B505460C46A268012A35DCD5F823
:101F10001C01B0F5806F30DC23780132412BA260C8
:101F20002CD8222B18D8013BDAB2212A25D8212B14
:101F300023D8DFE803F05151517022221F1F515165
:101F400051515151515151515151515151225151B0
:101F50005151515151515151A3F1230C32495FFA62
:101F60008CFC012202FA0CF21140A9BB920748D165
:101F7000332B02D12469002CC6D138BD443BDAB2E0
:101F8000112AFAD8112BF8D801A252F823F000BF79
:101F9000D91F0208FB1F0208FB1F0208FB1F0208D3
:101FA000FB1F02087B1F0208D91F0208D91F020865
:101FB000D91F0208D91F0208D91F0208D91F020819
:101FC000D91F0208D91F02087B1F02087B1F0208C5
:101FD0007B1F0208FB1F0208E1680130C5F81C01E5
:101FE0002846FFF78BFF21692846FFF787FFD5F8C2
:101FF0001C31013BC5F81C3138BDE468002C83D18D
:10200000BBE7E1680B78052BE7D1D5F83831013310
:10201000C5F83831E1E7D5F84431E1680133C5F856
:102020004431DAE7704700BFEC7DFE7F20B909E05C
:1020300039B10069013930B103782F2BF8D0002075
:102040007047C068704770472DE9F04114465268E8
:10205000A568D4F80C804B1C1344AB4282B00E46EA
:10206000074614D8B8F1000F0ED1636820683246D5
:1020700018443946DEF7E4FAD4E90032334403F871
:10208000028063683344636002B0BDE8F081B8F158
:10209000000FF9D17DB16D00AB42FCD82068294614
:1020A00008F004F960B1D4F80C802060A560B8F1A4
:1020B000000FDAD0E8E7022B4FF00205EBD8EDE78E
:1020C0000190206807F02CFE019B0122C4E9003337
:1020D000C4E90232D8E700BF03784B2B17D00ED8E3
:1020E000442B16D14078A0F17703012B0FD900F0D3
:1020F000DF00A0F14F00B0FA80F040097047562B86
:1021000005D0A3F17200B0FA80F0400970470120B9
:1021100070470020704700BFD0F80031FF2B70B52A
:1021200004460D4606D05A1CC4F80021E55484F834
:10213000045170BD0026194680F8FF60D0E9423294
:102140009847D4F82811012233461144C4F82811C5
:10215000C4F80021E55484F8045170BDD0F8103162
:102160008BB15A68CB681069002B0BDB20B906E0F5
:102170003BB10069013B10B102782F2AF8D0002052
:102180007047C06870470123C0F81831F7E700BFF7
:10219000002941D038B505460C462378332B1DD88D
:1021A000332B24D8DFE803F02B232323232D2B28E4
:1021B00028232323232323232323232323232323EA
:1021C0002B23232323232323232323232323232BCF
:1021D000232323232323232323232B28423BDBB244
:1021E0001A2B04D80D4A22FA03F3DB0707D4E1685F
:1021F0002846FFF7CDFF18B92469002CCDD1002067
:1022000038BD21462846FFF7A9FF0028F7D00378FC
:102210002F2BF5D00020F3E700207047E30C0004DB
:102220002DE9F041044608460D46DEF7A9FA40B311
:10223000013DD4F800112F184FF0000809E00B46BB
:10224000BD4201F10101C4F80011E65484F80461B3
:1022500017D0FF2915F8016FF1D1D4E9423284F883
:10226000FF8020469847D4F82821012100230A4402
:10227000BD42C4F82821C4F80011E65484F8046172
:10228000E7D1BDE8F08100BF38B5C2681378542BA0
:1022900024D1531CC36052785F2A044620D06E2A92
:1022A0001CD0FFF7A7FD411C18D4E3681A785F2AF9
:1022B00014D1D4E9052001338242E3600EDA2369A8
:1022C00002EB820C03EB8C0001320025C0E90155C2
:1022D0006261052203F82C20C16038BD002038BDA2
:1022E0000021E6E72DE9F04188B00A4604461A4984
:1022F00001A809F02FFE01A8DEF742FA40B301ADB4
:10230000D4F800112F184FF0000809E00B46BD4229
:1023100001F10101C4F80011E65484F8046117D0FA
:10232000FF2915F8016BF1D1D4E9423284F8FF801E
:1023300020469847D4F82821012100230A44BD42B1
:10234000C4F82821C4F80011E65484F80461E7D1E8
:1023500008B0BDE8F08100BF684003082DE9F041F6
:102360000446FFF747FD051E44DDE66863689B1BD6
:102370009D423BDCA26873195207E36004D5725D8D
:10238000242A04BF0133E360092DD4E905781FDD59
:1023900027490822304609F0FFFE30B9337A2E2B48
:1023A0002BD05F2B29D0242B27D047451EDA20695C
:1023B00007EB870300EB830001370023C0E90133FB
:1023C00067610023C0E90133C0E9036503700EE0D3
:1023D00047450BDA206907EB870300EB83000137E1
:1023E0000023C0E901336761002EEAD10020A0621A
:1023F000BDE8F0810020BDE8F081737A4E2BD4D186
:10240000E36A16335B1B4745E362EFDA2169094A49
:1024100007EB87008500002301EB8000013767612F
:10242000C0E901334B551523C0E90323DFE700BFA3
:102430006C400308784003082DE9F041C3681A781E
:10244000532A26D15A1CC2600446587848B39A1CB5
:10245000E26058785F2846D0A0F13003DAB2092A4A
:102460001BD8002205E0E56008785F2831D0A0F194
:102470003003D9B2092902EBC20300EB83031ED853
:10248000303B9A4205D8E16808781A464D1C00286E
:10249000E9D100252846BDE8F081A0F14102192AC2
:1024A000DFD9A3681B0720D409BB434B03F1C40544
:1024B0001A78824223D01C33AB42F9D1E9E7A0F16C
:1024C0004103192BE5D802EBC20300EB8303373B32
:1024D000D7E70133226A9A42DBD9E26952F82350E6
:1024E0002846BDE8F0810023F4E70121DDE7E36839
:1024F0001978433901298CBF00210121D5E75E6994
:10250000D4E90520AEB18242D3F8188052DA2769A7
:1025100002EB820C07EB8C054FF0000EC5E901EED3
:1025200001324FF0180E626107F82CE0C5E903682C
:10253000A562002939D0D3E90371E36A82420B44D2
:10254000E36235DA236902EB820003EB8005013296
:102550000026C5E901666261182203F82020C5E95A
:102560000371E3681A78422A94D1A66A0133E360C2
:102570002046FFF7F3FE2A4603464D212046FFF78B
:10258000BDFBE3681A78422A0546EFD0A662002810
:102590003FF47FAFD4E908329342BFF67AAFE169E6
:1025A0005A1C41F82300226274E7D3E90171C4E7A1
:1025B0000025D6E70025BBE7A84B0308F8B5C3689C
:1025C0001A78572A28D104460E4607E0E569E368E1
:1025D00045F8220021621A78572A1DD15A1CE26060
:1025E0005A78502A4FF0530502D10233E360542544
:1025F00020463768FFF7B2FE3A4603462946204692
:10260000FFF77CFB306030B1D4E908239A4202F135
:102610000101DBDB0020F8BD0120F8BD2DE9F0430E
:10262000C16885B004460846FFF756FDF0B90B783F
:10263000552B4DD8402B78D9413B142B75D8DFE86A
:1026400013F04B0174003701F70074004501A50039
:10265000740074007400740074008A0174009700A0
:10266000890074007B007400CB00B300002269462F
:10267000204601F0C9F90546002800F09C81E36876
:102680001B78462B204620D0FFF7C8FF2860002883
:1026900000F0918103781F3B012B05D8009AC36895
:1026A000C2602A6800922B600098002800F08381A5
:1026B000D4E90832934280F27E81E1695A1C41F8E4
:1026C0002300226205B0BDE8F08300F0F1FBDDE7F6
:1026D000A3F161020546D0B2192826D8A84E0123DD
:1026E00083401E40002E40F0C98214281DD10131C4
:1026F000E1602046FFF732FE33460246282120469D
:10270000FFF7FCFA05460090002D00F05481D4E953
:102710000832934280F24F81E169009841F82350DA
:102720005A1C226205B0BDE8F0830121204605B0A5
:10273000BDE8F04301F012BA0131E1602046FFF735
:102740006DFF0023024623212046FFF7D7FA0546F6
:102750000090D9E70131E1602046FFF75FFF0023D9
:10276000024622212046FFF7C9FA05460090CBE732
:102770000131E1602046FFF751FF0023024624218A
:102780002046FFF7BBFA05460090BDE70131E16046
:102790002046FFF743FF0023024626212046FFF78D
:1027A000ADFA05460090AFE70131E1602046FFF742
:1027B000D5FDE36800901A78492A054600F07E822C
:1027C0002046FFF72BFF2B46024621212046FFF72C
:1027D00095FA0546009097E72046FFF755FDE66815
:1027E00000903378492B05468ED1636B002B40F067
:1027F0009B82002800F0DF80D4E908218A4280F221
:10280000DA80E16941F82200013222623278493AE5
:10281000012A05D80136E660204601F0A7FE0346EE
:102820002A4604212046FFF769FA054600906BE727
:102830004B1CE3604B78002B00F0BD808B1CE360E9
:102840004B78463B302B00F2B680DFE813F0B60041
:10285000B400B400B400B400B400B400B400B400D8
:10286000B400B400B400B400B4009B00B400B400E1
:10287000B400B400B400B400B400B400B400B400B8
:10288000B400B400C501B400F500AD0195017D01AF
:10289000B4006501F301B400B400B400B400DB017E
:1028A000B4000B02B400B4004D019B0035010A01D5
:1028B0000131E1602046FFF7B1FE002302462521E9
:1028C0002046FFF71BFA054600901DE7204600F062
:1028D000EFFA0546009017E7481CE0604A785F2A47
:1028E00000F0EA81303A092A00F2F58103461D46DC
:1028F0000133E3601A78303A092AF8D9A5EB010EC2
:10290000D4E905218A4256DAD4F8108002EB820C11
:10291000002108EB8C0701328E45C7E901114FEA0F
:102920008C0C626147DDC7E9011108F80C10C7E99A
:10293000030E6A7818465F2A3DD10130E0602046D8
:10294000FFF76CFE3A4603462A212046FFF7D6F9E8
:1029500005460090D8E60131E1602046FFF75EFEB3
:10296000054640B32046FFF759FE034618B32A46F2
:102970002B212046FFF7C2F905460090C4E600BFB0
:10298000FF7BEC030123256B2363204600F08CFDC5
:1029900025630246002344212046FFF7AFF9054690
:1029A000009040B1E3681A782AB15A1CE2601B78A3
:1029B000452B3FF4ACAE002084E62046FFF71AFA20
:1029C000E3681D78622D024600F0D281782D02D096
:1029D0005F2DF0D10025D4E9051081420FFA82FE67
:1029E00003F1010380F2ED812769142001FB00F05F
:1029F0003E1801314FF0000CC6E901CC61614FF087
:102A00005C0CBC4907F800C0F160A6F810E0BA49B8
:102A1000B57401A8E360009609F09CFA01A8DDF7FF
:102A2000AFFEF368E26A5B681344002D18BF013300
:102A300003440098E36245E6D4E905329342BADAEA
:102A40002269AE4903EB830085000133636102EB29
:102A500080000023C0E9013353550E23C0E903135E
:102A600030E68B785F2B00F09E81D4E905329342EB
:102A7000A1DA226903EB830102EB81050133002017
:102A8000C5E901006361432302F821302046FFF7C6
:102A9000B1F9E860E3681A785F2A8CD10133E3600A
:102AA0002046FFF7BBFD2A4603462D212046FFF7AF
:102AB00025F90546009027E6D4E90532934280F2D5
:102AC0008581226903EB830102EB8100013300253C
:102AD000C0E901556361272302F82130E36A884A7F
:102AE000C2600733E362EDE5D4E90532934280F238
:102AF0006D81226903EB830102EB81000133002524
:102B0000C0E901556361272302F82130E36A7D4A59
:102B1000C2600833E362D5E5D4E90532934280F21E
:102B20005581226903EB830102EB8100013300250B
:102B3000C0E901556361272302F82130E36A724A34
:102B4000C2600433E362BDE5D4E90532934280F20A
:102B50003D81226903EB830102EB810001330025F3
:102B6000C0E901556361272302F82130E36A674A0F
:102B7000C2600933E362A5E5D4E90532934280F2ED
:102B80002581226903EB830102EB810001330025DB
:102B9000C0E901556361272302F82130E36A5C4AEA
:102BA000C2600A33E3628DE5D4E90532934280F2D4
:102BB0000D81226903EB830102EB810001330025C3
:102BC000C0E901556361272302F82130E36A514AC5
:102BD000C2600933E36275E5D4E905329342BFF67A
:102BE000EAAE22694C4903EB83008500013363613F
:102BF00002EB80000023C0E9013353550423C0E9F0
:102C000003135FE5D4E90532934280F2DF80226945
:102C100003EB830102EB810001330025C0E901557C
:102C20006361272302F82130E36A3C4AC260113312
:102C3000E36247E5D4E90532934280F2C780226916
:102C400003EB830102EB810001330025C0E901554C
:102C50006361272302F82130E36A314AC2600833F6
:102C6000E3622FE52046FFF7D9FC002302464C2102
:102C70002046FFF743F80546009045E5294802EB5A
:102C8000820300EB8302D4E90530834280F2A18005
:102C9000266903EB830C06EB8C000133C0E9015578
:102CA0006361272306F82C30C260E36A5268013161
:102CB0001344E160E36205E500273EE60133E3608B
:102CC000204601F053FC2A46034604212046FFF724
:102CD00015F8054674E50123256B2363204600F0B3
:102CE000E3FB2563074600283FF465AEE068027801
:102CF00021E600BFA4530308684003089840030876
:102D0000545303086853030840530308045303084B
:102D10002C530308185303089040030890530308EA
:102D20007C530308FC500308731CE3602046D4F86E
:102D30001490D4F82080E76A01F018FCE3681B784F
:102D4000492B06D0E660C4F81490C4F82080E762EE
:102D5000DAE4002D3FF42FAED4E908239A42BFF6FF
:102D60002AAEE16941F8225001320346226257E55A
:102D700010287FF420AED4E9052101338A42E360B4
:102D800024DA2069142302FB03F3C1180132002561
:102D9000C1E9015562612722C254E36A0E4A0091DB
:102DA000CA600F3345E603310123266BE1602363DC
:102DB000204600F079FB2663054600287FF46AAEC2
:102DC000F9E50649E36001A809F0C4F80023DB68CF
:102DD000FFDEEB68FFDE00BFB8530308684003085E
:102DE00030B5044683B0E2680023019313784F2B7B
:102DF00001AD204617D01FD82E2B17D0452B15D04C
:102E0000A3B1FFF70BFC024600232E2120463AB364
:102E1000FEF774FF286018B3E26813784F2B00F1B7
:102E200010052046E7D15378452BEAD10198B8B177
:102E300003693BB103B030BD522BE2D15378452B2F
:102E4000DFD1F3E7C26811782729F3D1D268117C6A
:102E50000929EFD1E16A5268891AE162C360E9E7A2
:102E6000002003B030BD00BF70B5C3681A784A2A8D
:102E700005461AD081B12846FFF7D0FB044690B131
:102E80002846FFF7ADFF034668B1224628462921B0
:102E9000BDE87040FEF732BF28460C46FFF7A0FFA2
:102EA00003460028F1D1002070BD0133C360E2E782
:102EB00070B50446806810F480200BD1E26BB2F547
:102EC000006F06D8511CE368E1631978462907D0E2
:102ED000E26370BDE3681A78462A01D0002070BD15
:102EE0005A1CE2605A78592A04BF0233E360012178
:102EF0002046FFF7B9FFE5682B78522B1AD04F2BED
:102F00000AD0452BA36806BF0135E56000205B03AE
:102F1000DFD4E26B013ADBE7E36A202103336E1C66
:102F2000E36202460023E6602046FEF7E7FE6B7888
:102F30003546E6E7E36A1F210233F0E7C3681A78F3
:102F4000542A42D170B55A786E3A04460D460B2A7F
:102F500011D8DFE802F01C10061010102A10101013
:102F6000101202332946C360FFF7E8FF5B210246D7
:102F700038B901232B60002070BD0233C360582193
:102F8000002220460023BDE87040FEF7B7BE0233A2
:102F9000C360FFF743FB02460028EAD020465921D0
:102FA000BDE870400023FEF7A9BE0233C360294686
:102FB00000F00EF802460028DBD0E36819784529B6
:102FC000D7D10133E3605A21DBE70020704700BF0F
:102FD00070B582B0002305460E46019301AC02E0B5
:102FE000236003F1100431462846FFF7A7FF03468C
:102FF0000028F5D1019A32B15721284602B0BDE828
:103000007040FEF77BBE02B070BD00BFF8B5C3686C
:103010001F780646A7B35A1CC26093F801E01F78D8
:10302000BEF1000F2ED1384D482100228B1A03EB40
:10303000D37302EB6303180105EB031C2C582078B3
:10304000B84206D094BF5A1C19468A42EED10020DD
:10305000F8BD60787045F5D1D6E905329342F6DACD
:10306000326903EB830102EB810001330024C0E9E4
:1030700001447361322302F82130C0F80CC0F8BD5E
:10308000BE46D0E79A1CC260762F93F801E01FD1AC
:10309000AEF13004E3B2092BC5D8FFF75FF9D6E9EA
:1030A00005318B420246D2DA376903EB830107EB25
:1030B000810001330025C0E9015589007361002AB0
:1030C000C5D03323C0E901557B54C0E90342F8BDA4
:1030D000632FA8D1BEF1760FA5D1D0E90C34B3FA95
:1030E00083F35B094363FFF799FA736B024633B1CD
:1030F000002335213046FEF701FE7463F8BD34210C
:103100003046FEF7FBFDF8E76C4C03082DE9F04173
:1031100084B00E4601A904460192FFF74FFA002839
:1031200000F0EC80E2681378A3F13001092979D925
:10313000A3F16101192929D86F2B276B00F0A18019
:103140002046FFF763FF27630546002800F0C8808C
:103150000378322B6AD1C268E36A91681268073338
:103160000B44E36213786C2B60D15378692B5DD1EB
:103170009378002B5AD12046FFF7F0F82A460346F1
:1031800037212046FEF7BAFD05464FE0442B00F0FC
:103190008180A3F14301012940F28D804C2B00F086
:1031A000A180552B40F0AA8053786C2B00F0EF8063
:1031B000742B40F0A380531CE3605378019D742B63
:1031C00040F08E80931CE36092785F2A00F061816A
:1031D0006E2A00F062812046FEF70CFE01307FD49B
:1031E000E3681A785F2A7BD101336269E360A369DF
:1031F0009A4275DA236902EB820103EB8105013201
:103200000027C5E901776261492203F82120D4E94A
:1032100008329342E86063DAE26942F823500133EE
:10322000236203E02046FFF799F80546019B2BB186
:103230002A4655212046FEF761FD0546E3681A78C7
:10324000422A0BD036B12B46324601212046FEF7EA
:1032500055FD0546284604B0BDE8F081A76A013354
:10326000E3602046FFF77AF82A4603464D212046C0
:10327000FEF744FDE3681A78422A0546EFD0A762BC
:10328000E0E753786E2B7FF45BAF02320023E260FD
:10329000236355E75378432B5BD0A16A19B10878B3
:1032A00090B1182810D0303B052B19D8DFE803F077
:1032B00045284B18484EA16A002900F0B1800B78D0
:1032C00013B1182B40F0AC80E36A08690344E36251
:1032D0001378432B00F0A480442B08BF5378E2D02E
:1032E0000025A3E70132E2602046FFF737F80546E4
:1032F00020B12046FEF7DCFD002897D10025A9E784
:103300004FF0020C0232E260D4E905329342E7DA70
:10331000276903EB830207EB820501330020C5E92F
:103320000100920063610029DAD00823C5E9010099
:10333000BB5485F80CC0296178E74FF0010CE1E738
:103340004FF0040CDEE74FF0030CDBE74FF0050C09
:10335000D8E70232E26000272046FEF7FFFF002395
:10336000024652212046FEF7C9FCB8460746B8F18E
:10337000000F0AD0C8F81000002FB1D0E3681A7807
:10338000452AE9D10133E36050E70546F4E7531CD1
:10339000E36053786C2BA3D102320023E26003A9CF
:1033A00020460393FFF714FEDDF80C800746B8F1C2
:1033B000000F95D12046FFF713FD002890D0002F75
:1033C00069D03861E2681378452B89D1531CE360DA
:1033D00052785F2A0DD06E2A82D02046FEF70AFD71
:1033E00010F101083FF57CAFE3681A785F2A7FF49B
:1033F00077AF0133E360D4E905329342BFF670AF93
:10340000226903EB830102EB810501330020C5E94A
:1034100001006361472302F82130C5E9037805E71D
:103420005378492B24D0A3F1310004283FF658AF3C
:10343000303B0232DFB2E260D4E905329342BFF69C
:103440004FAFD4F810C003EB83020CEB82050133BD
:103450000020C5E901009200636100293FF440AFFC
:103460000723C5E901000CF802302F732961DDE65E
:10347000531CE3609378A3F1310104293FF630AF88
:103480000332303BE2602046DFB2FFF7C7F8A16AA3
:10349000D2E70020A8E6074694E7002D3FF4D2AE1D
:1034A0002B460025C4E600BFC26813784C2B00F001
:1034B000FA80542B00F0F980732B2DE9F04104467B
:1034C00024D0662B5AD0A3F13001092947D96F2B9C
:1034D00040D0692B40F03B8253786C2B1CD10232D8
:1034E000C26000251178002900F08C805378002BF1
:1034F00000F088804521204600F04CFA2A46034619
:1035000031212046BDE8F041FEF7F8BB5378722B1D
:103510007AD0702B00F053812046FFF777FD0546E7
:1035200000286FD00378322B58D0332B00F0BF80A7
:10353000342B67D1E3681A785F2A00F0EC812046CB
:10354000FFF7B2FF03462A4620463721BDE8F04187
:10355000FEF7D4BB53786E2BDED10232C26000225C
:1035600011462046FFF7D2FD054600284AD0E36801
:103570001A78492A64D02846BDE8F0815378702B28
:10358000CAD1931CC3609378542B00F00F815F2B3A
:1035900000F09D806E2B35D0FEF72CFC411C31D401
:1035A000E3681A785F2A2DD16FF00042013391420F
:1035B000E36027D00230D4E90532934222DA22694F
:1035C00003EB830102EB810501330026C5E90166A7
:1035D0006361062302F82130E860CCE7C168E36A42
:1035E0008A680E68023A1344E3623378732B34D14D
:1035F0007278742A31D1B2787ABB2046FFF70EF880
:103600000346A0E70025B6E7931C816BC36093785F
:1036100049B1552B00F25181422B00F23681303BEB
:10362000092B40F23A812046FEF7F8FF01460022BE
:103630002046FFF76BFDE3681A78492A05469AD1C0
:103640000133E360204600F091FF2A46034604213F
:103650002046BDE8F041FEF751BBCF68032FD1D81B
:10366000DFE807F02D026E443278702A33D06D2ADD
:1036700031D00027732B40F09D807378502B40F0A1
:103680009980B378002B40F09580204600F06EFFC3
:103690000346002F3FF457AF1A4639212046FEF764
:1036A0002DFB03464FE700F0A7BEFEF7EDBDC36854
:1036B000012B3FF444AF022BA4D0002BA2D12A4609
:1036C00020460023BDE8F0413621FEF717BB033248
:1036D000C26001206FE771789142CAD1E268117827
:1036E0005F29C7D10132E2603378C2E7712B72D112
:1036F0007278752A6FD1B278002A6CD12046FFF714
:10370000D3FE06462046FFF7CFFE07462046FFF7CA
:10371000CBFE034600283FF475AF3A463C212046D5
:10372000FEF7ECFA324603463B212046FEF7E6FA66
:103730002A4603463A212046BDE8F041FEF7DEBAAC
:10374000EB681B685A78632A00F0BC803378662BDC
:1037500000F0DC80642B40F0D0807378692B40F05F
:10376000CC80B278002A40F0C88011462046FFF78E
:10377000CDFC07463378632B5FD172786C2A5CD11D
:10378000B278002A59D14521204600F003F90646B7
:1037900033463A4639212046FEF7B0FA2A46034618
:1037A00038212046BDE8F041FEF7A8BA0332C260D6
:1037B000002000E72046FFF777FE034669E7023264
:1037C000C260FFF771FE002302464C212046BDE88F
:1037D000F041FEF793BA642B05D17378582B02D1D0
:1037E000B378002B8AD03378662B00F09C806E2B48
:1037F0007FF408AF7378772B02D0612B7FF402AF90
:103800005F21204600F0C6F806462046FEF706FF78
:10381000E3681A78452A074600F09580702A00F080
:103820008680692A7FF4EEAE5B786C2B7FF4EAAE7B
:103830002046FFF739FE03466FE7642B50D17278BC
:10384000742A4DD1B278002A4AD1E3681A78672ADF
:1038500058D0732A02D15B78722B49D000221146CE
:103860002046FFF753FCE3681A78492A06468FD1B1
:103870000133E360204600F079FE3246034604211E
:103880002046FEF73BFA064682E7414A433BDBB25D
:1038900022FA03F3DB077FF5C6AE4FF0FF33A363D5
:1038A0000021204600F094FEE3681A78452A01467C
:1038B0007FF4BDAE0133E360B9E6613B192B3FF6FF
:1038C000B2AEEAE71B78A3F17202012A03D9633B87
:1038D000012B3FF63BAF2046FEF7A0FE074649E727
:1038E000702B05D17378742B02D1B378002BACD038
:1038F0002046FFF7D9FD06464AE72046FFF7D4FDEC
:10390000074637E75B78732BA8D1F1E72046FFF72E
:103910007DFB07462EE70133E3604521204600F09A
:1039200039F803460FE62046FFF770FBE9E65A78C0
:10393000692A7FF467AE0233E3604521204600F038
:1039400029F80346E9E60133E3600023E5E6742B3A
:1039500012D0752B7FF4E0AD0132C260FEF7FEFCA1
:103960000546204600F002FE2A4603463F21204637
:10397000BDE8F041FEF7C2B953786C2B7FF4CCADB3
:103980000232C260FEF74AFEE2680546AAE500BFC1
:10399000010204002DE9F041C2680E46117882B0A0
:1039A0000023B1420446019324D001AD012709E070
:1039B000FEF7A4F9286000F1100588B1E3681A78D1
:1039C000B24211D0D4F8308027632046FFF76CFD57
:1039D000024600232E212046C4F83080002AE7D179
:1039E000002002B0BDE8F08101980133E36002B02D
:1039F000BDE8F0810132C2602E211A4602B0BDE856
:103A0000F041FEF77BB900BF2DE9F04F914609F078
:103A10000103C268002B0F4683B01178044615BF1E
:103A20004FF01E0A4FF01B0A4FF01D084FF01A0806
:103A300014BF1C2619263D464FF0010B1BE05629EA
:103A400032D04B2936D053784BB3931CE360537874
:103A5000782B35D06F2B52D1E36A0933E3625021C2
:103A6000002300222046FEF749F92860B8B1E26839
:103A7000117800F10C051046FEF72EFB30B3531CF5
:103A80007229E360DBD1E36A0933E3623146002344
:103A900000222046FEF732F928600028E7D10025F1
:103AA000284603B0BDE8F08FE36A0933E36241467C
:103AB0000023D6E7E36A0633E36251460023D0E7EA
:103AC000E36A1133E3624E210023CAE7B9F1000F24
:103AD000E6D14629E4D1BD42E2D01D201E211C22A0
:103AE00007E01B2B37D0192B00D13A700C37BD42A1
:103AF000D6D03F683B781A2BF3D13870F6E74F2BBE
:103B000016D1E36A0933E3622046236BC4F830B070
:103B10000193FFF7C9FC019B236303460028BED035
:103B2000E26811784529BAD10132E260502198E764
:103B3000772BB4D1E36A0633E3622046FFF750F9EE
:103B400003460028ABD0E26811784529A7D101329D
:103B5000E260512185E73970C8E700BFF0B5C2685F
:103B600013784E3B85B004460E460C2B08D8DFE890
:103B700003F07C070707072D0723070707074A00FD
:103B800000252F462A4639462046FFF7BFFAE3684C
:103B90001A78492A054600F08A8056B1002D62D075
:103BA000D4E9083293425EDAE1695A1C41F82350A5
:103BB0002262284605B0F0BD00221146FFF7A6FAA2
:103BC0000546002EEAD1284605B0F0BD5378742B87
:103BD00000F08D80002700212046FEF72DFC0546D1
:103BE000002840D00378533B012BCBD9002F3AD18A
:103BF000E3681A78492ADCD10133E360204600F0FB
:103C0000B5FC034664E0531CC3605378472B01D0D6
:103C1000542B67D1204600F09FF905461DB3E36899
:103C20001A78452A1FD15A1CE2605A78732A00F08C
:103C3000ED80642A00F0958000212046FFF78EFF7A
:103C40000346002800F0E0800278472A00F0C58093
:103C5000492A00F0C28001902046FEF729F9019B15
:103C6000002840F0BA800025A3E70132C26003A912
:103C70000122FFF7C9FE05460028F4D0E3681A7850
:103C8000522A00F0BD804F2A52D00121204600F078
:103C90009FFC28600028E6D0E3681A78452AE2D124
:103CA0000133039DE360002E7FF478AF81E70028A5
:103CB000D9D0D4E908218A42D5DAE16941F8220055
:103CC000013222621A78493A012A88BF002393D927
:103CD0002A4604212046FEF711F80546002E7FF4FF
:103CE0005DAF66E7002100F0B7F8054696E7D0E93A
:103CF0000531901C8B42E06080F2A580216903EBC6
:103D00008307B8000133636101EB87070023C7E92C
:103D100001330B544E4BFB6003233B61E36A0333D7
:103D2000E3629378532B18BF00257FF42BAF52E743
:103D3000E26A202103320133E3600023E26220467D
:103D40001A46FDF7DBFF01210746204600F040FC44
:103D50002860002887D0002F9ED0039BFB6003972C
:103D60009AE79A1CE2609B785F2B6ED06E2B3FF433
:103D70007AAF2046FEF73EF8471C3FF574AFE26885
:103D800013785F2B7FF46FAF01320021E260204691
:103D9000FFF7E4FE014660B10378472B09D0492BB9
:103DA00007D001902046FEF783F8019900283FF4E0
:103DB0005AAFD4E905239A4226DA206902EB820C35
:103DC00000EB8C0301324FF0000EC3E901EE62619B
:103DD000482200F82C20C3E903172A78032A05D1CA
:103DE0002A691178292904BF0021D1602A460221BD
:103DF0002046FDF783FF0546002E7FF4CFAED8E6C0
:103E0000E26A1F21023296E70023E6E70233E3600D
:103E10002046FEF74DF800283FF425AFD4E90523EE
:103E20009A42F1DA216902EB820398000132626161
:103E300001EB83030022C3E901220A54054ADA6038
:103E40000E221A61C9E7002768E700279CE700BF38
:103E5000B8400308A840030870B50E460021054687
:103E6000FFF77CFE002849D00446EEB1AB68DB07C3
:103E70001AD423784E2BA3F11C01A3F1500235D0A4
:103E800032D8042932D9022B0CD12369002B35D02A
:103E90001A784E2AA2F11C00A2F150012AD027D88C
:103EA000042827D9204670BDEB681B78002BF9D079
:103EB000452BF7D021460B78042B33D021D8022B89
:103EC0002ED109690029F6D12846FEF7CDFF034619
:103ED000A0B116B92278022A34D0224628460321FE
:103EE000BDE87040FDF70ABF012ADBD8E468C0E7EF
:103EF0000129D7D8DB682361002BC9D100242046D3
:103F000070BD4E2B06D0A3F11C02A3F1500305D8BF
:103F1000042A05D8C9680029CDD1D5E7012BF9D9E4
:103F20000021D1E7CB685BB11978082901F1FF3294
:103F30000DD80629F4D8012A02D81B69002BF3D129
:103F40000121C1E70278292A08BFC660C5E73539D3
:103F500018BF0121B8E700BF2DE9F041C16AC3686D
:103F600001F1140282B0C2621A78542A044629D0A0
:103F7000472A23D15A1CC2605A78FAB19A1CC260EF
:103F80005A78562A00F2E580402A17D9413A152A74
:103F900014D8DFE802F0D2131313131313130B1307
:103FA00013131313131313B4139D1391002501A9B5
:103FB0000195FEF703FB002840F01C81002002B0B1
:103FC000BDE8F0815A1CC2605A78002AF6D09A1CCB
:103FD000C2605B78413B352BF0D801A252F823F048
:103FE0001D420208BD3F020829420208BD3F0208E7
:103FF000BD3F02085D420208BD3F02086942020857
:10400000A342020837430208BD3F0208BD3F020831
:10401000BD3F0208BD3F0208BD3F0208BD3F020888
:10402000BD3F0208BD3F02082B430208434302087C
:10403000BD3F0208AF420208BF420208BD3F02086E
:10404000BD3F0208BD3F0208BD3F0208BD3F020858
:10405000BD3F0208BD3F0208BD3F0208BD3F020848
:10406000BD3F0208BD3F0208CD420208BD3F020825
:10407000BD3F0208BD3F0208BD3F020803430208DE
:10408000BD3F0208BD3F0208BD3F0208BD3F020818
:10409000BD3F0208BD3F0208BD3F0208BD3F020808
:1040A000BD3F0208BD3F0208BD3F0208BD3F0208F8
:1040B000BD3F0208774202080021FFF74FFD0023B1
:1040C00002461321204602B0BDE8F041FDF716BEBE
:1040D0009A78002A00F09A80DA1CC2609A78DB781D
:1040E0006E2A00F06A81472B02D0542B40F08E805C
:1040F0002046FFF731FF024600234A21E2E7002174
:10410000FFF72CFDD4E905129142064680F2848027
:10411000226901EB810002EB80050023C5E9013330
:1041200001314323616102F820302046FDF762FE31
:10413000E8602B4632461621C4E79B78472B60D0B7
:10414000542B5ED00021FFF787FE02460023172183
:10415000B8E7722A7FF432AFFDF74CFE01287FF7F3
:104160002DAFE3681A78002A3FF428AF5E1CE660A2
:104170001B785F2B7FF422AF0022451E17464FF0BD
:1041800042083378002B3FF419AF242B40F0E18034
:104190007378532B00F009815F2B00F00481242BEE
:1041A0007FF40CAF1946D4E90503E668984206F19E
:1041B000020680F2FC80D4F810C000EB800E0CEBFD
:1041C0008E030130C3E90177023D60610CF82E8057
:1041D000D960E660002A00F0E48041212046FDF726
:1041E0008DFD024600283FF4E9AE002DC9DC002316
:1041F000402167E7019A002A3FF4E0AE2B465621A2
:1042000060E72046FFF7A8FE02469FE70021204610
:10421000FFF722FE02466FE700258AE700F07AF9F1
:104220000023024630214DE7FEF7F8F90546204607
:10423000FDF7E0FD0028FFF6C1AEE3681A785F2ABB
:104240007FF4BCAE0133E3602046FEF7E7F9E16A94
:104250000531E16202462B460B2133E7FEF7DEF91A
:10426000002302460E212DE70021FFF777FC0023F3
:104270000246142126E77621FDF7F6FD00283FF4DB
:104280009DAEE3681B78472B00F0A280542B00F012
:104290009F8000212046FFF7DFFD0246002310210A
:1042A00010E7FEF7BBF9002302460C210AE70F31A5
:1042B000C162FEF7B3F900230246092102E700219B
:1042C000FFF74CFC002302461521FBE60021FDF719
:1042D000CBFD00283FF472AE00212046FDF7C4FD5F
:1042E00000283FF46BAEE3681B78472B7FD0542B3C
:1042F0007DD000212046FFF7AFFD024600231121AB
:10430000E0E66821FDF7B0FD00283FF457AEE36812
:104310001B78472B61D0542B5FD000212046FFF73C
:104320009BFD024600230F21CCE6FEF777F9002320
:1043300002460D21C6E6FEF771F90023024612215E
:10434000C0E60A31C162FEF769F9002302460A217C
:10435000B8E606F1FF3C002104E0242B06D0013131
:10436000A94203D01CF8013F002BF6D1D4E9050384
:1043700098421EDAD4F810C000EB800E0CEB8E03CE
:104380000130C3E90177606100293FF417AEC3E94A
:1043900001770CF82E70C3E90361E6686D1A0E44CC
:1043A00017E71A4621E72E21FDE62F21FBE6E660FE
:1043B00004E6E3680B44E36000E6472B12D0542B7D
:1043C00010D00021FFF748FD024600234B2179E67B
:1043D0002046FFF7C1FD024660E72046FFF7BCFD1F
:1043E00002469FE72046FFF7B7FD0246EDE720466D
:1043F000FFF7B2FD024681E7F8B5C26813784C2B8F
:1044000032D1531CC36051785F2904464AD05A29DF
:1044100013D15A1CE2605B78472B3CD0542B3AD026
:1044200000212046FFF718FDE3681A780646452A62
:104430001AD10133E3603046F8BDFEF7EFF80646C7
:1044400090B10378E768272B11D03D786E2D52D0BC
:104450003D21452D55D03B4603E0E3601D78452DB9
:1044600027D00133002DF8D100263046F8BDC368AF
:104470001A7C1AB1E26A5968521AE2622449186831
:10448000DBF71EFF3D780028E0D1452D3DD06E2D95
:1044900031D03D21DFE72046FFF75EFDE3680646A9
:1044A0001A78C4E7931CC36092785A2AB1D00026C8
:1044B000BDE7DD1BD4E905239A4224DAD4F810E0E5
:1044C00002EB82000EEB80034FEA800C00200132E9
:1044D0008542C3E90100626115DDC3E901000EF800
:1044E0000C00C3E9037532462046FDF707FCE3687C
:1044F00006461A789BE77B1CE3607D783E211F46C9
:10450000A7E70025D6E70023EDE70137E760ACE732
:10451000BC40030838B5C3681A784C2A1BD004463F
:1045200008D8493A012A1AD80133C360BDE8384097
:1045300000F01CB8582A12D101330122056BC36068
:104540000263FEF7B1FFE36825631A78452A0BD1B1
:104550000133E36038BDBDE83840FFF74DBF20466A
:10456000BDE83840FEF75AB8002038BD70B5C368C2
:10457000866A1A78452A82B004461FD00023019328
:1045800001AD09E0FDF7BAFB286000F1100560B14C
:10459000E3681A78452A0BD02046FFF7BBFF024696
:1045A00000232F212046002AECD1002002B070BD4C
:1045B0000198A6620133E36002B070BD5A1C00236B
:1045C000C2602F211A4602B0BDE87040FDF796BBCD
:1045D000F8B5C56806460F4600242B78442B0AD050
:1045E000493B0B2B0CD8DFE803F03A0B0B0B370BD6
:1045F0000B0B0B0B29236B7803F0DF03542B3DD0FF
:10460000002221463046FEF781FD0446002C3BD0B7
:10461000F5682B78452B38D0002FDED0D6E908324C
:10462000934231DAF26942F8234001333362D4E72E
:1046300054BB3046FDF728FE0446E7E7012130462B
:10464000FDF7FAFE0246F8B10378533B012BD8D9A7
:10465000D4B9F5680446C0E70135F560BDE79CB103
:104660000135F5603046FFF781FF034660B1224611
:1046700004213046FDF742FB0446C7E724B9304623
:10468000FDF7CCFF0446C1E700242046F8BD00BF7B
:104690002DE9F04F044697B0002A00F08380D0F84F
:1046A0001871002F40F08180167893465C2E79D8DF
:1046B000DFE816F02E0A74017401F705BC055D00F1
:1046C0008F0507017C0847022102DF02B90293022D
:1046D0006D020704E103BB0395038E0368034203E5
:1046E0001C03FB01D0017E007E007E009C009C002C
:1046F0009C009C009C009C009C00270127019C00C2
:104700009C00020A93009505A106BA007800BA0041
:104710004901490169057C0649068A077800430773
:104720003B072607EC077800B00778007800D20036
:10473000D2004F08B6087308DC08D20964071409D0
:10474000AA0184017800000760093A0986099A08DD
:104750009C00EA089C009C002D040A010A018E04BA
:1047600068040E05E8049300AA049F043C05D2F8EF
:104770000C80D0F8203108F10102934241F370849B
:10478000D0F810315B68DB6841465BB1B8F1000FCF
:1047900004D101F0EABC002901F0E7841B6901396A
:1047A000002BF8D10123C4F8183117B0BDE8F08F01
:1047B000D0F814118C46002902F0A6810B4601E0C6
:1047C0001B68ABB19A68002AFAD15A681278A2F134
:1047D000190002280CD89642F2D1DBF80C201121E6
:1047E000204617B0BDE8F04F02F020BAD0F81411FF
:1047F000D4F8103109930023CDE907B306AAC4F811
:1048000014210691DBF80C201121204602F00EFA4B
:10481000089B002B01F0F183069BC4F81431002F94
:10482000C3D0C4F81081C0E7D0E9443206A9002003
:10483000CDE9062B0890C4F81411DBF81020099379
:104840001121204602F0F2F9089B002B01F05E8551
:10485000069BC4F81431A8E7D2681378272B41F0DF
:104860005B84D3681F7C062F01F29E852FB1DBF895
:1048700010301B78002B02F0ED80D4F80011FF29D6
:1048800001F036874B1CC4F80031282363542046BE
:10489000112184F8043102F0C9F9D4F80011FF297C
:1048A00001F016874B1CC4F800312923635484F8A7
:1048B00004319BF800303E2B01F0FC86082F01F0FC
:1048C000EC86DBF810208AE7D268002A01F0278402
:1048D000112102F0ABF99BF80030542B01F0228437
:1048E000DBF80C30002BECD02E26D4F80011FF2979
:1048F00001F070874B1CC4F80031665484F80461E1
:10490000DFE7D268D0F820911378B9F1000F03D116
:10491000052B01F025874F461046232B01F0FD841F
:104920009E42D4F814C101F0C085242B01F0868189
:10493000D4F81031099306ABC4F814310023CDE943
:1049400006CB089360E7D26812B1112102F06EF92C
:10495000DBF81030002B3FF428AFD4F80011FD290C
:1049600001F29185D6492046FDF75AFCDBF810206C
:10497000D4F82851D4F800611121204602F056F9EC
:10498000D4F82831AB427FF410AFD4F80031B342F1
:104990007FF40BAF023BC4F8003106E7D268112167
:1049A00002F044F9C7492046FDF73AFCDBF81070E5
:1049B0003B78482B01F0E8803A4610E7C24ED0F829
:1049C000001106F107094FF0000809E00B4601311C
:1049D0004E45C4F80011E55484F8045101F0EB8110
:1049E000FF2916F8015FF1D1D4F80831D4F80C2171
:1049F00084F8FF8020469847D4F8282101210A44F2
:104A00000023C4F82821E3E7B04ED0F8001106F1E6
:104A10001C094FF0000809E00B4601314E45C4F86F
:104A20000011E55484F804513FF4D7AEFF2916F87D
:104A3000015FF1D1D4F80831D4F80C2184F8FF805B
:104A400020469847D4F8282101210A440023C4F8BD
:104A50002821E3E7D2E90353002B3FF4A6AE2B4411
:104A6000D0F80011013D5F1E4FF0000809E00B4631
:104A70000131AF42C4F80011E65484F804613FF4F8
:104A800094AEFF2915F8016FF1D1D4F80831D4F8AC
:104A90000C2184F8FF8020469847D4F82821012172
:104AA0000A440023C4F82821E3E7894ED0F8001116
:104AB00006F111094FF0000809E00B460131B1453C
:104AC000C4F80011E55484F804513FF486AEFF2980
:104AD00016F8015FF1D1D4F80831D4F80C2184F82C
:104AE000FF8020469847D4F8282101210A4400235A
:104AF000C4F82821E3E7774ED0F8001106F1080941
:104B00004FF0000809E00B460131B145C4F800112F
:104B1000E55484F804513FF460AEFF2916F8015FB4
:104B2000F1D1D4F80831D4F80C2184F8FF80204664
:104B30009847D4F8282101210A440023C4F82821E9
:104B4000E3E7654ED0F8001106F10B094FF00008BD
:104B500009E00B460131B145C4F80011E55484F871
:104B600004513FF43AAEFF2916F8015BF1D1D4F8B5
:104B70000831D4F80C2184F8FF8020469847D4F8F7
:104B8000282101210A440023C4F82821E3E7534ED9
:104B9000D0F8001106F110094FF0000809E00B46AB
:104BA0000131B145C4F80011E55484F804513FF4D3
:104BB00014AEFF2916F8015FF1D1D4F80831D4F80A
:104BC0000C2184F8FF8020469847D4F82821012141
:104BD0000A440023C4F82821E3E7414ED0F800112D
:104BE00006F112094FF0000809E00B4601314E456D
:104BF000C4F80011E55484F804513FF4EEADFF29E8
:104C000016F8015FF1D1D4F80831D4F80C2184F8FA
:104C1000FF8020469847D4F8282101210A44002328
:104C2000C4F82821E3E72F4ED0F8001106F10D0952
:104C30004FF0000809E00B4601314E45C4F8001161
:104C4000E55484F804513FF4C8ADFF2916F8015B20
:104C5000F1D1D4F80831D4F80C2184F8FF80204633
:104C60009847D4F8282101210A440023C4F82821B8
:104C7000E3E71D4ED0F8001106F118094FF00008C7
:104C800009E00B4601314E45C4F80011E55484F8A3
:104C9000045101F07781FF2916F8015FF1D1D4F8B2
:104CA0000831D4F80C2184F8FF8020469847D4F8C6
:104CB000282101210A440023C4F82821E3E700BF8A
:104CC000D8400308DC4003083B4303081B430308A8
:104CD0004B4203083F410308344103089341030852
:104CE0007F410308704103084B410308CA4ED0F8C6
:104CF000001106F115094FF0000809E00B460131DB
:104D0000B145C4F80011E55484F8045101F049811B
:104D1000FF2916F8015FF1D1D4F80831D4F80C213D
:104D200084F8FF8020469847D4F8282101210A44BE
:104D30000023C4F82821E3E7B84ED0F8001106F1AB
:104D400019094FF0000809E00B460131B145C4F8DC
:104D50000011E55484F804513FF43FADFF2916F8E3
:104D6000015FF1D1D4F80831D4F80C2184F8FF8028
:104D700020469847D4F8282101210A440023C4F88A
:104D80002821E3E7A64ED0F8001106F116094FF0EE
:104D9000000809E00B460131B145C4F80011E554A3
:104DA00084F804513FF419ADFF2916F8015FF1D1E1
:104DB000D4F80831D4F80C2184F8FF8020469847B5
:104DC000D4F8282101210A440023C4F82821E3E76C
:104DD0009449FDF725FADBF80C20112100E5924EED
:104DE000D0F8001106F10F094FF0000809E00B465A
:104DF0000131B145C4F80011E55484F804513FF481
:104E0000ECACFF2916F8015FF1D1D4F80831D4F8E1
:104E10000C2184F8FF8020469847D4F828210121EE
:104E20000A440023C4F82821E3E7804ED0F800119B
:104E300006F11A094FF0000809E00B460131B145AF
:104E4000C4F80011E55484F804513FF4C6ACFF29BE
:104E500016F8015FF1D1D4F80831D4F80C2184F8A8
:104E6000FF8020469847D4F8282101210A440023D6
:104E7000C4F82821E3E76E4ED0F8001106F11109BD
:104E80004FF0000809E00B460131B145C4F80011AC
:104E9000E55484F804513FF4A0ACFF2916F8015FF3
:104EA000F1D1D4F80831D4F80C2184F8FF802046E1
:104EB0009847D4F8282101210A440023C4F8282166
:104EC000E3E75C4ED0F8001106F115094FF0000839
:104ED00009E00B460131B145C4F80011E55484F8EE
:104EE00004513FF47AACFF2916F8015FF1D1D4F8F0
:104EF0000831D4F80C2184F8FF8020469847D4F874
:104F0000282101210A440023C4F82821E3E7D0F82E
:104F10000011FF2901F038834A1C5B23C4F80021EB
:104F20004FF0000863545F4684F80431FA68112199
:104F3000204601F07BFE3F69002F01F010803E4DBE
:104F4000D4F8001105F1020908E00B4601314D4586
:104F5000C4F80011E65484F80461E7D0FF2915F87D
:104F6000016BF2D1D4F80831D4F80C2184F8FF8019
:104F700020469847D4F8282101210A440023C4F888
:104F80002821E4E72D4ED0F8001106F117094FF063
:104F9000000809E00B460131B145C4F80011E554A1
:104FA00084F804513FF419ACFF2916F8015FF1D1E0
:104FB000D4F80831D4F80C2184F8FF8020469847B3
:104FC000D4F8282101210A440023C4F82821E3E76A
:104FD0001121D26801F02AFED4F80011FF2901F056
:104FE00079824A1C4023C4F80021635484F80431B8
:104FF00067E4D268112101F019FE1149204617B06B
:10500000BDE8F04FFDF70CB90E4ED0F8001106F1D7
:1050100008094FF0000821E0334203081742030853
:10502000FF410308EC410308DB410308BF410308CB
:10503000AB410308A7410308D84003081B410308FC
:10504000E84203086F4303080B460131B145C4F839
:105050000011E55484F8045100F04A86FF2916F83F
:10506000015FF1D1D4F80831D4F80C2184F8FF8025
:1050700020469847D4F8282101210A440023C4F887
:105080002821E3E7C54DD0F8001105F108074FF0DE
:10509000000809E00B460131AF42C4F80011E654A4
:1050A00084F804613FF481ABFF2915F8016FF1D159
:1050B000D4F80831D4F80C2184F8FF8020469847B2
:1050C000D4F8282101210A440023C4F82821E3E769
:1050D000D0F80011FF2901F0EC814A1C3C23C4F8F0
:1050E0000021635484F80431DBF80C7087B14FF071
:1050F0000008C146B8F1000F40F07C853A46112106
:10510000204601F093FD3F6908F10108002FF1D11D
:10511000D4F80011FF2901F050824A1C3E23C4F844
:105120000021635484F80431FFF73FBBD268D2E911
:105130000063002B00F092853344D0F80011013E4B
:1051400003F1FF394FF0000809E00B460131B1458A
:10515000C4F80011E55484F8045100F07F85FF295C
:1051600016F8015FF1D1D4F80831D4F80C2184F895
:10517000FF8020469847D4F8282101210A440023C3
:10518000C4F82821E3E7864ED0F8001106F11E0985
:105190004FF0000809E00B460131B145C4F8001199
:1051A000E55484F804513FF418ABFF2916F8015F69
:1051B000F1D1D4F80831D4F80C2184F8FF802046CE
:1051C0009847D4F8282101210A440023C4F8282153
:1051D000E3E7D568002D40F06C8772490EE7D2688E
:1051E000D0F814C1CAB106ABC0F81431002308933B
:1051F0001121D0F810310993CDE906CB01F016FD4D
:10520000089B069AC4F81421002B7FF4CEAA202113
:105210002046FCF781FFD4F814C163465A46112199
:10522000204617B0BDE8F04F02F040B80023D0F898
:105230001481D0F84871C4F848211121C0F8143104
:10524000D26801F0F3FC94F804313C2B01F01F828A
:10525000D4F80011FF2901F00A824B1CC4F8003178
:105260003C23635484F80431DBF8102011212046DC
:1052700001F0DCFC94F804313E2B01F0F281D4F80B
:105280000011FF2901F0DD814B1CC4F800313E23E1
:10529000635484F80431C4F81481C4F84871FFF7EA
:1052A00084BAD2F80C80D0F814910022C0F81421EE
:1052B000B8F1000F3FF476AA06AED0F810113346CD
:1052C000944610464546C3E90025C3E902012A7801
:1052D0004E2A9E46A2F11C0AA2F150080CF10107C9
:1052E00000F0B18600F2AB86BAF1040F40F2AB8653
:1052F000C4F814312B78022BA84601F0FD80042B52
:1053000004D1CDE9041804ABC4F81031DBF8102047
:105310001121204601F08AFC98F80030042B04BFCC
:10532000049BC4F8103106EB07154FF0200855F820
:10533000087C002F00F06886103DAE42F7D1C4F81B
:105340001491FFF732BAD2F80C90174DD9F808A093
:10535000D0F8001105F108074FF0000809E00A46EF
:105360000131BD42C4F80011A65484F8046100F074
:10537000ED84FF2915F8016FF1D1D4F80831D4F884
:105380000C2184F8FF8020469847D4F82831012169
:105390000B440022C4F82831E3E700BF634303084D
:1053A000FB400308EC4203087B420308D2E90325D3
:1053B00012B1112101F03AFCD4F80011FF2901F0DB
:1053C0002E814A1C7B23C4F80021204663542A46C0
:1053D000112184F8043101F029FCD4F80011FF29CF
:1053E00000F079854A1C7D23C4F80021635484F8B9
:1053F0000431FFF7DAB9D0F814C1D0F810310993AD
:1054000006AE0023E146CDF818C0C0F8146107923B
:105410000893BCF1000F01F07A834FF00108674652
:10542000C64635461AE0BB68B3B9B8F1030F3FF67C
:10543000B9A916AB03EB081A97E80F00AAF1400CC4
:105440008CE80F004AF8405C06EB0815C4F81451CC
:1054500008F10108C7F808E03F6827B17B681B78AE
:10546000193B022BDFD9DBF810201121204601F077
:10547000DDFB089BC4F81491002B7FF496A9B8F1CA
:10548000010F0ED906EB081656F80C2C08F1FF3860
:105490001121204601F0F8FBB8F1010FA6F110062A
:1054A000F2D1D4F814315A461121204602F008F9FD
:1054B000FFF77BB9C44ED0F8001106F10E094FF08A
:1054C000000809E00B460131B145C4F80011E5546C
:1054D00084F8045100F01385FF2916F8015FF1D11B
:1054E000D4F80831D4F80C2184F8FF80204698477E
:1054F000D4F8282101210A440023C4F82821E3E735
:10550000D2E903653378322B00F09E86342B00F00D
:105510000F873246112102F0ABF92A4611212046AD
:1055200017B0BDE8F04F02F09FBBD26811212046B2
:1055300017B0BDE8F04F02F09BB9A449FCF770FE2C
:10554000D4F8483133B1D4F81011069106AAC4F842
:1055500010210793DBF80C201378042B00F044860D
:105560001121204601F062FBD4F84831002B3FF4B2
:105570001CA9069BC4F81031FFF717B9944ED0F858
:10558000001106F10A094FF0000809E00B4601314D
:105590004E45C4F80011E55484F8045100F0D3835B
:1055A000FF2916F8015BF1D1D4F80831D4F80C21A9
:1055B00084F8FF8020469847D4F8282101210A4426
:1055C0000023C4F82821E3E7824ED0F8001106F149
:1055D00009094FF0000809E00B460131B145C4F854
:1055E0000011E55484F804513FF46BA9FF2916F823
:1055F000015FF1D1D4F80831D4F80C2184F8FF8090
:1056000020469847D4F8282101210A440023C4F8F1
:105610002821E3E713691A783B2A7FF4C3A81B69A2
:105620001B783C2B7FF4BEA85A46112102F096FB52
:1056300000287FF4BAA85A461121204602F0C2FC85
:1056400000287FF4B2A8DBE90383D3E90363D8F829
:105650000C2061491068D3E90375DAF731FE0028A0
:1056600041F0938232462046112102F0FDFA424673
:105670002046112102F0FCF820463A46112102F0A2
:10568000F3FA56492046FCF7CBFD46E713691B7831
:10569000392B7FF487A8D268D3681B6859786329AF
:1056A00001F038805A461121204602F057FB0028AD
:1056B0007FF47BA85A461121204602F083FC002883
:1056C0007FF473A8DBF80C301A78322A01F00A82D2
:1056D000DB6843491868DAF7F3FDDBF81030DA6865
:1056E00018B91378032B01F069821121204602F0CA
:1056F000BBFADBF80C603B49F3681F683846DAF701
:10570000DFFD002801F0D58135493846DAF7D8FDAC
:10571000002841F03382DBF8103011211A6920464D
:1057200002F0A2FADBF80C301A78322A7FF43DA896
:10573000DB689A68012A7FF438A85B681B783E2BE7
:105740007FF433A82921204617B0BDE8F04FFCF7BD
:10575000E3BC1121D26801F069FAD4F80011FF29E5
:1057600000F000874A1C2823C4F80021635484F801
:105770000431DBF810201121204601F057FAD4F84B
:105780000011FF2900F0D1844A1C2923C4F800210C
:10579000635484F80431FFF708B8D268112101F08E
:1057A00045FADBF810201121FFF71AB8D0F80011E4
:1057B000FF2900F012874A1C7E23C4F8002163549D
:1057C00084F80431FFF77DB8474303088842030893
:1057D000DC42030887420308A0420308A4420308EE
:1057E000984203089C420308D268112101F01EFA76
:1057F000CE492046FCF714FDDBF81020112120468D
:1058000001F014FAD4F80011FF2900F09E844A1C1C
:105810005D23C4F80021635484F80431FEF7C5BF4A
:10582000C34ED0F8001106F10E094FF0000809E050
:105830000B460131B145C4F80011E55484F8045118
:105840003EF4CBAFFF2916F8015FF1D1D4F808314F
:10585000D4F80C2184F8FF8020469847D4F82821FA
:1058600001210A440023C4F82821E3E7D0F80011FD
:10587000157BFF2900F02B824B1CC4F800316554C6
:1058800084F80451FEF791BFAA4ED268112101F0AD
:10589000CDF94FF00008D4F8001106F1080909E02D
:1058A0000B460131B145C4F80011E55484F80451A8
:1058B00000F02183FF2916F8015FF1D1D4F80831F7
:1058C000D4F80C2184F8FF8020469847D4F828218A
:1058D00001210A440023C4F82821E3E7964ED0F8BA
:1058E000001106F11D094FF0000809E00B460131D7
:1058F0004E45C4F80011E55484F804513EF46DAFF0
:10590000FF2916F8015FF1D1D4F80831D4F80C2141
:1059100084F8FF8020469847D4F8282101210A44C2
:105920000023C4F82821E3E7844ED0F8001106F1E3
:105930001A094FF0000809E00B4601314E45C4F842
:105940000011E55484F804513EF447AFFF2916F8DE
:10595000015FF1D1D4F80831D4F80C2184F8FF802C
:1059600020469847D4F8282101210A440023C4F88E
:105970002821E3E7724ED0F8001106F116094FF026
:10598000000809E00B460131B145C4F80011E554A7
:1059900084F804513EF421AFFF2916F8015FF1D1DC
:1059A000D4F80831D4F80C2184F8FF8020469847B9
:1059B000D4F8282101210A440023C4F82821E3E770
:1059C000D0F82071D2F80CA0002F40F0318351465E
:1059D000FCF7DEFB002800F02B83BB4605E0C36824
:1059E00033B100690BF1010B30B103782F2BF6D0E6
:1059F000BBF1000F3EF4D9AE4FF00008C4F824719B
:105A0000524611212046013701F010F95F453EF45E
:105A1000CCAE4C4DD4F8001105F1020908E00A465D
:105A20000131A945C4F80011A65484F80461E5D0F9
:105A3000FF2915F8016BF2D1D4F80831D4F80C2104
:105A400084F8FF8020469847D4F8283101210B4480
:105A50000022C4F82831E4E7D2683B4906A806F0E2
:105A600079FA06A8DAF78CFE00283EF49EAE06AD61
:105A7000D4F800112F184FF0000809E00B4601314F
:105A8000AF42C4F80011E65484F804613EF48DAED0
:105A9000FF2915F8016BF1D1D4F80831D4F80C21A5
:105AA00084F8FF8020469847D4F8282101210A4431
:105AB0000023C4F82821E3E7D268D2E90053002B81
:105AC0003EF473AE2B44D0F80011013D5F1E4FF041
:105AD000000809E00B460131AF42C4F80011E6545A
:105AE00084F804613EF461AEFF2915F8016FF1D12D
:105AF000D4F80831D4F80C2184F8FF802046984768
:105B0000D4F8282101210A440023C4F82821E3E71E
:105B1000D2E90353002B3EF448AE2B44D0F80011D9
:105B2000013D5F1E4FF000081AE000BFD04003089F
:105B3000CB42030857430308FB4203085F420308B4
:105B400063420308D8400308684003080B4601314C
:105B5000AF42C4F80011E65484F804613EF425AE67
:105B6000FF2915F8016FF1D1D4F80831D4F80C21D0
:105B700084F8FF8020469847D4F8282101210A4460
:105B80000023C4F82821E3E7CB492046FCF748FB73
:105B90003A69CA49013206A806F0DCF906A8DAF724
:105BA000EFFD8146002800F0008506ADD4F8001115
:105BB000A9444FF0000809E00B460131A945C4F89B
:105BC0000011E65484F8046100F0EF84FF2915F811
:105BD000016BF1D1D4F80831D4F80C2184F8FF809E
:105BE00020469847D4F8282101210A440023C4F80C
:105BF0002821E3E7B24DD4F8001105F1020A09E0CB
:105C00000A460131AA45C4F80011A65484F804617B
:105C10003FF474AAFF2915F8016BF1D1D4F80831CB
:105C2000D4F80C2184F8FF9020469847D4F8283106
:105C300001210B440022C4F82831E3E7D4F81031E5
:105C4000C268099306ABC4F814310023CDE906CB32
:105C50000893002A7EF4D8ADFEF7D4BDBBF910201E
:105C6000964906A806F076F906A8DAF789FD20B36A
:105C700006AED4F8001106EB00094FF0000808E06A
:105C80000B460131B145C4F80011E55484F80451C4
:105C900013D0FF2916F8015BF2D1D4F80831D4F8FB
:105CA0000C2184F8FF8020469847D4F82821012150
:105CB0000A440023C4F82821E4E79BF81250002D81
:105CC0003EF473ADD4F80011FF297FF4D5AD002662
:105CD000D4F80831D4F80C2184F8FF6020469847A6
:105CE000D4F8282101231A443146C4F82821C4E5F8
:105CF000744DDBF80C201121204600F097FF4FF087
:105D00000008D4F80011AF1D09E00B460131BD4277
:105D1000C4F80011E65484F804613EF446ADFF294E
:105D200015F8016BF1D1D4F80831D4F80C2184F8BE
:105D3000FF8020469847D4F8282101210A440023F7
:105D4000C4F82821E3E7DBF80C2014E5D9F8045067
:105D50002B78613B192B40F2D2820AF1FF37EB5DC1
:105D6000202B18BF5746002F3EF41FAD013DD4F83D
:105D700000112F444FF0000809E00B460131BD42ED
:105D8000C4F80011E65484F804613EF40EADFF2916
:105D900015F8016FF1D1D4F80831D4F80C2184F84A
:105DA000FF8020469847D4F8282101210A44002387
:105DB000C4F82821E3E7D4F81031DBF80C70049321
:105DC0004FF0000904ABD4F82051CDF81490C4F87A
:105DD0002091C4F810311FB13B78572B00F00A8591
:105DE000012306AEFF29C4F8203100F007844B1CC4
:105DF000C4F80031282363543A4684F80431112151
:105E0000314F204600F012FF049BD4F80011C4F873
:105E10001031C4F8205107F1020A4FF0000908E0E0
:105E20000B4601315745C4F80011E55484F804517C
:105E300013D0FF2917F8015BF2D1D4F80831D4F858
:105E40000C2184F8FF9020469847D4F8282101219E
:105E50000A440023C4F82821E4E7DBF8102017499E
:105E60000132304606F076F83046DAF789FCD4F88D
:105E7000001168B337184FF0000808E00B460131F5
:105E8000BE42C4F80011E55484F8045120D0FF2923
:105E900016F8015BF2D1D4F80831D4F80C2184F85B
:105EA000FF8020469847D4F8282101210A44002386
:105EB000C4F82821E4E700BFE04003086840030875
:105EC000D84003087C43030844430308D4F8001176
:105ED000FF297FF487AA0025D4E9423284F8FF50D5
:105EE00020469847D4F82831012213442946C4F8A3
:105EF0002831FFF778BADBF8102011217FE4DBF8B6
:105F00000C20CC49013206A806F024F806A8DAF7DE
:105F100037FC0028DAD006ADD4F800112F184FF066
:105F2000000808E00B460131BD42C4F80011E654F8
:105F300084F80461CCD0FF2915F8016BF2D1D4F8B4
:105F40000831D4F80C2184F8FF8020469847D4F813
:105F5000282101210A440023C4F82821E4E7D4F8C9
:105F60000011FF297FF453ACD4E9423284F8FF706A
:105F700020469847D4F82831012213443946C4F802
:105F8000283145E4DBF80C201121204600F04EFEBC
:105F9000A9492046FCF744F9DBF810201121FEF74F
:105FA0001FBCA64EDBF810201121204600F03EFE5B
:105FB0004FF00008D4F8001106F1050909E00B467E
:105FC0000131B145C4F80011E55484F804513EF4A0
:105FD00004ACFF2916F8015BF1D1D4F80831D4F8EC
:105FE0000C2184F8FF8020469847D4F8282101210D
:105FF0000A440023C4F82821E3E75A461121204629
:1060000000F042FEFEF708BCD4F80031FF2B00F090
:10601000AA845A1CC4F80021112104F8038055F801
:106020000C2C84F80481204600F02EFEFFF784B982
:1060300052461121204601F017FEFEF7DEBFB8F1EF
:10604000010F3FF655A9ED687246002D00F0C4859A
:10605000042F03F1100300F06681BC46FFF733B94B
:10606000002B00F0BC81764ED0F8001106F1050936
:106070004FF0000809E00B460131B145C4F80011AA
:10608000E55484F8045100F0CB81FF2916F8015B38
:10609000F1D1D4F80831D4F80C2184F8FF802046DF
:1060A0009847D4F8282101210A440023C4F8282164
:1060B000E3E76449FCF7B4F85E492A4606A805F010
:1060C00049FF06A8DAF75CFB18B306ADD4F8001157
:1060D0002F184FF0000808E00B460131AF42C4F81A
:1060E0000011E65484F8046113D0FF2915F8016B00
:1060F000F2D1D4F80831D4F80C2184F8FF8020467E
:106100009847D4F8282101210A440023C4F8282103
:10611000E4E77D21FFF717BB0027FEF7AEBB542E47
:106120007EF4CFAB3A26FEF7E0BB0025D4E942323D
:1061300084F8FF5020469847D4F8283101221344B0
:106140002946C4F82831FFF720BB0025D4E94232A4
:1061500084F8FF5020469847D4F828310122134490
:106160002946C4F82831FFF753BB1A785B2A04D1BB
:10617000DB68002B3EF416AB1A78583A022A40F23C
:10618000E5800123C4F818312A49424606A805F0E3
:10619000E1FE06A8DAF7F4FA00283EF406AB06ADF5
:1061A000D4F800112F184FF0000809E00B46013118
:1061B000AF42C4F80011E65484F804613EF4F5AA35
:1061C000FF2915F8016BF1D1D4F80831D4F80C216E
:1061D00084F8FF8020469847D4F8282101210A44FA
:1061E0000023C4F82821E3E7D2681121204600F0FB
:1061F0001DFDD4F8483113B1069BC4F8103194F852
:1062000004313C2B00F0F2833C212046FBF784FF55
:10621000DBF80C3011211A69204600F007FD94F8D4
:1062200004313E2B00F0DD833E212046FBF774FF56
:10623000FEF7BBBA68400308684103082C42030814
:10624000F4400308F4420308F3681F683B78B3F195
:10625000610203D17A78643A08BFBA78297812B912
:10626000032900F0E183392900F03484732B1FD116
:106270007A785A2A40F0898397F80280B8F1000FA3
:1062800040F0838329462046FBF782FF30B908E0BF
:10629000C36833B1006908F1010810B103782F2BEE
:1062A000F6D04146204617B0BDE8F04FFCF71AB8CB
:1062B00032461121204601F0DBFA3B78672B07D1EB
:1062C0007A78732A04D1BA7812B92A46FEF787BAC7
:1062D000732B7FF422A97B78742B7FF41EA9BB78E3
:1062E000002B7FF41AA928212046FBF715FF112166
:1062F0002A46204600F09AFC2921FFF724BA2021E3
:106300002046FBF709FFD9F8045026E55A4611212B
:10631000204600F0B9FCFEF79BBAC268D4F814C15D
:106320008346FEF705BB0123C4E945E3FEF73DBA0A
:106330002821FBF7F1FE2046F268112100F076FCDF
:1063400029212046FBF7E8FEFFF7E7B8DC4B53F8BE
:1063500022502846DAF714FA00283FF415AF013D21
:10636000D4F800112F184FF0000909E00B46013155
:10637000AF42C4F80011E65484F804613FF404AF5E
:10638000FF2915F8016FF1D1D4F80831D4F80C21A8
:1063900084F8FF9020469847D4F8282101210A4428
:1063A0000023C4F82821E3E7072F7EF466AADBF870
:1063B0001030197800297EF460AA196901297EF449
:1063C0005CAA3D2E7EF459AADB681B78302B00F0C6
:1063D0001F84312B7EF451AABA49FEF70FBE5946ED
:1063E000FBF7BCFE024600283EF4DCA903782F2B05
:1063F00009D1D4F82411002905DBFBF717FE02466A
:1064000000283EF4CFA9D4F810512B68C4F81031FD
:106410001121204600F00AFCC4F81051FEF7C5B95E
:10642000DBF80C20A849013206A805F093FD06A868
:10643000DAF7A6F9074600283EF4B7A906ADD4F866
:1064400000112F444FF0000809E00B460131AF4224
:10645000C4F80011E65484F804613EF4A6A9FF29AB
:1064600015F8016BF1D1D4F80831D4F80C2184F877
:10647000FF8020469847D4F8282101210A440023B0
:10648000C4F82821E3E7002666542046D4E94232C6
:106490009847D4F82831C4F800610133C4F8283192
:1064A000FEF760BAD4F814C14F46C2688346FEF7BF
:1064B0003FBA0026D0F80831D0F80C2180F8FF60F0
:1064C0009847D4F82831012213443146C4F82831C2
:1064D000FEF704BE0026D4F80831D4F80C2184F865
:1064E000FF6020469847D4F82831012213443146F2
:1064F000C4F82831FEF776BDD8F8108098F800303F
:10650000482B00F0788206EB0C1C8A46654698F80A
:1065100000304E2BA3F11C01A3F1500207D004D888
:10652000042904D95146FEF7EABE012AFAD8042FFD
:10653000AE463EF437A995E80F0005F1100C8CE843
:106540000F0000232D61CEE90183D8F80C80CEF82E
:106550000CA001376546C4F814C1B8F1000FD6D1BC
:10656000FEF720B90026D4F80831D4F80C2184F8BD
:10657000FF6020469847D4F8283101221344314661
:10658000C4F82831FFF7EFB80026D0F80831D0F86A
:106590000C2180F8FF609847D4F828310122134479
:1065A0003146C4F82831FEF7B8BC48492046FBF70D
:1065B00037FEFF683A46FEF712B90025D4E94232A9
:1065C00084F8FF5020469847D4F82831012213441C
:1065D0002946C4F82831FEF7A1BD0026D0F80831BD
:1065E000D0F80C2180F8FF609847D4F828310122B8
:1065F00013443146C4F82831FFF7DEB84FF00008E5
:10660000D4E9423284F8FF8020469847D4F82831F4
:106610000133C4F8283141460123FFF7E9BB0026C6
:10662000D4F80831D4F80C2184F8FF60204698474C
:10663000D4F82831012213443146C4F82831FEF73A
:10664000C1BE0025D4E9423284F8FF502046984765
:10665000D4F828310133C4F8283129460123FEF744
:1066600014BE20212046FBF757FDFEF708BE00268A
:10667000D4E9423284F8FF6020469847D4F82831A4
:106680000133C4F8283131460123FEF7E7BD20214C
:106690002046FBF741FDFEF7DBBD5B212046FBF703
:1066A0003BFD1121DBF81020204600F0BFFA5D21F0
:1066B000FFF749B82D212046FBF72EFDFEF7FEB867
:1066C0009C4B0308C442030868400308F0400308D9
:1066D0000026D4E9423284F8FF6020469847D4F877
:1066E00028310133C4F8283131460123FEF7DBB8E5
:1066F0000026D4E9423284F8FF6020469847D4F857
:106700002831DBF80C200133C4F82831314601234D
:10671000FEF7B9B81B78A3F17201012903D9633BD5
:10672000012B3EF6BFAF1121204601F0A1F83C211C
:106730002046FBF7F1FCDBF810301121DA68204627
:1067400000F074FABF492046FBF76AFDDBF8103011
:1067500011211A69204600F069FA2921FEF7F3BFDA
:10676000D0F83471002F40F3DE81D0F830C14B46B1
:10677000604604E09F4200F1080000F0D4815CF81C
:1067800033108A4203F10103F4D1002800F0CB81D9
:10679000D4F82C71002F00F036813B4603E05B6893
:1067A000002B00F030811968914203D05945F6D191
:1067B0009F42F4D0114620460092FBF7CFFC009A8E
:1067C00000283DF4EFAF03782F2B00F064814F4693
:1067D000FEF7A3B80027D4E9423284F8FF702046C0
:1067E0009847D4F828310133C4F8283139460123B9
:1067F000FEF781B83C2120460597FBF78DFCD7F8C2
:106800000CA006AEBAF1000F63D0CDE90175334696
:10681000CDF80CB056469A46D4F820315A1CC4F82C
:106820002021002B40F08B8032461121204600F0C1
:10683000FDF9D4F80031FF2B00F08680591C20228E
:10684000C4F80011E25484F804213378D4F82021EC
:1068500000915B2B04BFF6683378583B022B02F1A2
:10686000FF3842D90123C4F81831774942465046CF
:1068700005F070FB5046D9F783FF10B3D4F8001130
:106880000AEB0008554608E00A460131A845C4F85D
:106890000011A75484F8047113D0FF2915F8017B67
:1068A000F2D1D4F80831D4F80C2184F8FF902046B6
:1068B0009847D4F8283101210B440022C4F828312C
:1068C000E4E73669002EA7D1DDE90175DDF80CB0EB
:1068D00056463E212046FBF71FFCD4F820313F6985
:1068E000D4F800110133FFF77DBA584A52F823500B
:1068F0002846D9F745FF00990028B6D0013D05EBA1
:10690000000B08E00A4601315D45C4F80011A754A8
:1069100084F80471A9D0FF2915F8017FF2D1D4F8C9
:106920000831D4F80C2184F8FF9020469847D4F819
:10693000283101210B440022C4F82831E4E74449FE
:106940002046FBF76DFC6FE7194684F8FF90D4E909
:10695000423220469847D4F8282101210A440023D6
:10696000C4F828216BE7D4F80C2184F8FF7019468D
:106970002046D4F808319847D4F828210132C4F8C9
:1069800028213B460122FFF745BB732B7FF490ACD7
:106990007B78502B7FF48CACBB78002B7FF488ACD9
:1069A0001E4603E001362D69002D48D02B782F2B91
:1069B00045D1EB68002B42D01A784C2AF2D1D96825
:1069C0002046FBF7E5FB024648B1002204E0C1681F
:1069D00029B10069013210B101782F29F7D016448E
:1069E000E1E720212046FBF797FB1DE4202120460C
:1069F000FBF792FB08E4D8F80C80B8F1000F7FF4A5
:106A000082ADFDF7CFBE4368D4F81081C4F81031D1
:106A1000114620460092FBF7A1FB002800F0E4801D
:106A2000009A4FF00109CEE6EA68117801297FF457
:106A30001DAC29690978292908BF154616E4314695
:106A400030E400BF94420308684003089C4B0308ED
:106A5000D84003083E2E00F0CB80DBF81020112137
:106A60002046023F00F0E2F8042F3DF69EAEDFE83C
:106A700007F00F0C090603006749FEF7BFBA674924
:106A8000FEF7BCBA6649FEF7B9BA6C21FEF75BBEE9
:106A90007521FEF758BED4F824110029C0F2AC804D
:106AA000FBF7C4FA002800F09B8003784F46FDF7FF
:106AB00034BF20465B21FBF72FFBDBF8103020466C
:106AC0001A69112100F0B2F85D212046FBF724FB82
:106AD000FEF728BEEA681121204601F0C5F83246CB
:106AE000FEF724BDDA68916801297EF4F1AD5268A1
:106AF00012783E2A7EF4ECAD28212046FBF70CFBF1
:106B0000DBF80C30FEF7E4BDD268FDF711BF126967
:106B1000112100F08BF8089BC4F81491002B3EF46F
:106B2000C0ACFDF742BED4F838319F42BDF63AAE54
:106B3000D4F83011D4F810C101EBC703781CC4F8A5
:106B40003401043341F83720BCF1000F5DD0D4E9A3
:106B50005070964665460DE0D4F83C116A6801EB2A
:106B6000C7010137C4F840714A6019602D680B46AF
:106B7000002D49D0B842EFDCFDF714BE324611219A
:106B8000204600F075FEFEF7C6BD26492046FBF7FD
:106B900047FBF36843B111212046324601F064F807
:106BA00020212046FBF7B8FA3A461121204600F092
:106BB0003DF8002D7EF4B1ACFDF7F7BD1369D26846
:106BC0001B78292B1CBF0123C4F818311121204642
:106BD00001F04AF8FEF78DBDC4F81431FDF7E2BDAF
:106BE000B9F1000F3DF4DEADC4F81081FDF7DABD58
:106BF0002D21FBF791FA30E72F2E3FF453ACD4F858
:106C000014C14F46FDF794BE724600211960D1E5CC
:106C10000549FEF7F3B900BFB8420308B4420308C0
:106C2000B0420308A8420308BC42030830B5054639
:106C300083B01AB35368012B14461FDCD0F81C1123
:106C4000B1F5806F1ADC013353600131D0F82C317B
:106C5000C0F81C11C0F82CD11121CDE90023FDF79B
:106C600017FD6268D5F81C310199C5F82C11013A5D
:106C7000013B6260C5F81C3103B030BD0123C5F88B
:106C8000183103B030BD00BF2DE9F8431378033B42
:106C9000154604464E2B50D8DFE813F018014F007C
:106CA0004F004F004F004F004F004F004F004F006C
:106CB0004F004F004F004F004F004F004F004F005C
:106CC0004F004F004F004F0055007B00A1005500C2
:106CD0007B00A100EB00F80005017C021E012C01E5
:106CE000500175014F004F004F004F009A014F00B7
:106CF000C9014F004F004F004F004F004F004F00A1
:106D00004F004F004F004F004F004F004F004F000B
:106D10004F004F004F004F004F004F004F004F00FB
:106D20004F004F004F004F004F004F004F004F00EB
:106D30004F00EF014F002A02C5002A461121BDE88D
:106D4000F843FFF773BFD14DD0F8001105F10907E3
:106D50004FF0000809E00B460131AF42C4F80011C2
:106D6000E65484F8046100F0C380FF2915F8016F30
:106D7000F1D1D4F80831D4F80C2184F8FF802046F2
:106D80009847D4F8282101210A440023C4F8282177
:106D9000E3E7BF4DD0F8001105F109074FF00008F7
:106DA00009E00B460131AF42C4F80011E65484F803
:106DB000046100F09D80FF2915F8016FF1D1D4F82E
:106DC0000831D4F80C2184F8FF8020469847D4F885
:106DD000282101210A440023C4F82821E3E7AD4D0E
:106DE000D0F80011AF1D4FF0000808E00B4601314C
:106DF000AF42C4F80011E65484F8046178D0FF294A
:106E000015F8016BF2D1D4F80831D4F80C2184F8CC
:106E1000FF8020469847D4F8282101210A44002306
:106E2000C4F82821E4E79C4ED0F8001106F10608CA
:106E30004FF0000909E00A4601314645C4F8001147
:106E4000A75484F8047100F07881FF2916F8017BBB
:106E5000F1D1D4F80831D4F80C2184F8FF90204601
:106E60009847D4F8283101210B440022C4F8283176
:106E7000E3E7D0F80031FF2B00F0C9812022591C34
:106E8000C0F80011C25480F8042127E0D0F8003186
:106E9000FF2B00F0AD81591C2022C4F80011E254F0
:106EA00084F8042128E0D0F80011FF2900F0908137
:106EB0004A1C2023C4F80021635484F804312A6951
:106EC00020461121BDE8F843FFF7B0BEEA68112162
:106ED000BDE8F843FFF7AABED0F80011FF2900F083
:106EE000B5814A1C2623C4F80021635484F8043178
:106EF000BDE8F883D0F80011684D4FF00008AF1CD2
:106F000008E00B460131AF42C4F80011E65484F8A2
:106F10000461EDD0FF2915F8016BF2D1D4F80831E6
:106F2000D4F80C2184F8FF8020469847D4F8282113
:106F300001210A440023C4F82821E4E7584DD0F881
:106F4000001105F109074FF0000808E00B46013178
:106F5000BD42C4F80011E65484F80461C8D0FF298A
:106F600015F8016FF2D1D4F80831D4F80C2184F867
:106F7000FF8020469847D4F8282101210A440023A5
:106F8000C4F82821E4E7474DD0F8001105F10B07BC
:106F90004FF0000808E00B460131AF42C4F8001181
:106FA000E65484F80461A3D0FF2915F8016BF2D1EF
:106FB000D4F80831D4F80C2184F8FF802046984793
:106FC000D4F8282101210A440023C4F82821E4E749
:106FD00090F80431282B40F0D180EA68324D11211D
:106FE0002046FFF723FE4FF00008D4F80011EF1CF5
:106FF00009E00B460131AF42C4F80011E65484F8B1
:1070000004613FF475AFFF2915F8016BF1D1D4F895
:107010000831D4F80C2184F8FF8020469847D4F832
:10702000282101210A440023C4F82821E3E71F4E48
:10703000D0F8001106F10A084FF0000909E00A46ED
:1070400001314645C4F80011A75484F8047100F0DA
:107050008380FF2916F8017BF1D1D4F80831D4F8E8
:107060000C2184F8FF9020469847D4F8283101215C
:107070000B440022C4F82831E3E70D4DD0F800118D
:1070800005F111074FF000081EE000BF834303081D
:107090008F4303089C430308C4430308CC430308FD
:1070A000CF430308DC430308E8430308EC43030829
:1070B000A34303080B460131AF42C4F80011E65464
:1070C00084F804613FF414AFFF2915F8016FF1D182
:1070D000D4F80831D4F80C2184F8FF802046984772
:1070E000D4F8282101210A440023C4F82821E3E729
:1070F0006D4ED0F8001106F109084FF0000908E0C4
:107100000A460131B045C4F80011A75484F804714F
:1071100013D0FF2916F8017FF2D1D4F80831D4F842
:107120000C2184F8FF9020469847D4F8283101219B
:107130000B440022C4F82831E4E72A69002A3FF40E
:10714000D7AEFF2932D0481C2823C4F8000163546D
:10715000112184F8043101E0EA6811212046FFF78B
:1071600065FDD4F80011FF2961D04A1C2923C4F819
:107170000021635484F80431BDE8F883D0F800118D
:10718000FF2972D04A1C2023C4F80021635484F8DC
:10719000043122E7D0F80011FF2976D04A1C2A23B7
:1071A000C4F80021635484F80431A1E60026D4F821
:1071B0000831D4F80C2184F8FF6020469847D4F8B1
:1071C00028312A6901200344C4F828313146BBE73D
:1071D0000026D0F80831D0F80C2180F8FF609847DD
:1071E000D4F82831012213443146C4F8283160E62E
:1071F00000251946D0E9426280F8FF50B047D4F824
:10720000282101210A442B46C4F8282144E6002104
:10721000D0E9425280F8FF101946A847D4F8283127
:10722000012120220B442270C4F8283159E60025A0
:10723000D4E9423284F8FF5020469847D4F82831E8
:10724000012213442946C4F828318FE70025D4E9E8
:10725000423284F8FF5020469847D4F82831012262
:1072600013442946C4F828313CE60026D0F80831FA
:10727000D0F80C2180F8FF609847D4F8283101221B
:1072800013443146C4F828317DE70025D0E9423265
:1072900080F8FF509847D4F828310122134429463A
:1072A000C4F828317BE700BFB74303082DE9F0415C
:1072B000044616461D46002B66D0704F01209A6882
:1072C000002A61D15A6811781939C9B2122900FA15
:1072D00001F256D83A427DD112F4606F51D094F841
:1072E000043103F0FD02282A00F0A680202BD4F8F8
:1072F000001140F08580FF2900F08F804B1CC4F8FE
:107300000031282363544FF00008D4F8147184F836
:1073100004311121C4F8148143462A46204600F066
:10732000AFF8D4F80011FF2900F089804B1C292206
:10733000FF2BC4F80031625484F8042132D0282293
:10734000591CC4F80011E25484F8042132692AB1AE
:1073500011212046FFF76AFCD4F80011FF2940D024
:107360004B1C2922C4F8003120466254012384F8C2
:10737000042111212A4600F083F8C4F81471BDE8F5
:10738000F0811B68002B9AD10023D4F81471C4F843
:1073900014312A461121204600F072F8D4F8003149
:1073A000FF2BCCD11946002384F8FF302046D4E9C6
:1073B00042329847D4F828310133C4F828312823C1
:1073C000237084F8043132690121C4F80011002AC5
:1073D000BED1C5E794F80431D4F80011202B8AD02F
:1073E0000EE00026D4E9423284F8FF602046984738
:1073F000D4F828310133C4F8283131460123B0E7ED
:10740000FF292BD04B1C2022C4F8003162541946AE
:10741000FF2984F804217FF471AF0027D4E94232B8
:1074200084F8FF7020469847D4F828310133C4F817
:1074300028313946012362E7D4F800115BE7D4E92B
:10744000423284F8FF8020469847D4F8283101332F
:10745000C4F8283129232370012370E7002384F81E
:10746000FF302046D4E942329847D4F82831012130
:1074700020220B442270C4F828313FE70731040072
:10748000002A00F0C0802DE9F047054688B01E466E
:1074900014460127D5F8182102BBA2680ABB62680E
:1074A000117836B94E291CD01FD8A1F11C03042B2A
:1074B00017D9E368D5F81081A7602929C5F81031DC
:1074C0001ED02A2926D002292ED011212846FFF7C6
:1074D000DBFB2468C5F81081002CDBD108B0BDE8C7
:1074E000F0872468002CD5D1F8E750390129F8D964
:1074F000E368D5F810810121A160C5F81031E4E7F7
:10750000236811212846FFF7D1FEC5F8108108B085
:10751000BDE8F08723681121284600F0D1F8C5F8AE
:10752000108108B0BDE8F0870023614ED5F81471D2
:10753000D268C5F8143111212846FFF777FB06F110
:107540000209D5F80011C5F8147108E00B460131A5
:107550004E45C5F80011EF5485F8047113D0FF298A
:1075600016F8017BF2D14FF0000AD5E9423285F8D6
:10757000FFA028469847D5F8282101325346C5F880
:1075800028210121E4E763681C692378482B17D080
:107590004E2BA3F15002A3F11C010ED00BD80429ED
:1075A0000BD9224611212846FFF740FBC5F8108170
:1075B00008B0BDE8F087012AF3D8E4682378E7E74C
:1075C0003C4E4FF0000906F10D0A08E00B46013170
:1075D0005645C5F80011EF5485F8047114D0FF2901
:1075E00016F8017BF2D1D5F80831D5F80C2185F8D1
:1075F000FF9028469847D5F8282101210A44002306
:10760000C5F82821E4E7704722692B49013201A817
:1076100004F0A0FC01A8D9F7B3F8824618B301AE74
:10762000D5F80011B2444FF0000908E00B460131D3
:107630005645C5F80011EF5485F8047115D0FF299F
:1076400016F8017BF2D1D5F80831D5F80C2185F870
:10765000FF9028469847D5F8282101210A440023A5
:10766000C5F82821E4E7D5F80011144E4FF00009C1
:1076700006F1030A08E00B4601315645C5F8001132
:10768000EF5485F8047198D0FF2916F8017BF2D1E8
:10769000D5F80831D5F80C2185F8FF902846984791
:1076A000D5F8282101210A440023C5F82821E4E760
:1076B000DC400308E040030868400308F04003088A
:1076C0002DE9F047044616469BB31F4601E01B68B0
:1076D00053B39D68002DFAD15B681B782A2B5ED1CD
:1076E00011212B463A462046FFF7CAFED4F8001176
:1076F000FF292BD05B224B1CC4F80031625484F864
:107700000421F2682AB111212046FFF78FFAD4F83C
:107710000031FF2B33D0591C5D22C4F80011E25414
:1077200084F80421BDE8F0873A4611212046FFF78E
:10773000A7FED4F80031FF2B71D0591C2022FF295D
:10774000C4F80011E25484F80421D3D10022D4F803
:10775000083184F8FF202046D4F80C2198475B229A
:10776000D4F82811227084F80421F2680123194406
:10777000C4F82811C4F80031002AC4D1CBE7002591
:107780001946D4E9426284F8FF502046B047D4F845
:10779000282101210A442B46C4F82821BCE7DFF840
:1077A000CC80D4F8001108F1020A0AE00A46C2456A
:1077B00001F10101C4F8001104F8029084F8049169
:1077C0001AD0FF2918F8019BF0D1D4F80C21D4F875
:1077D000083184F8FF5020469847D4F82831012119
:1077E00000220B44C245C4F82831C4F8001104F843
:1077F000029084F80491E4D1112100233A462046F6
:10780000FFF73EFED4F80011FF291BD04B1C2922A4
:10781000FF2BC4F80031625484F804218DD100227A
:10782000194684F8FF20D4F80851D4F80C212046DA
:10783000A847D4F82831012120220B442270C4F833
:10784000283157E70022D4F8083184F8FF20204679
:10785000D4F80C219847D4F8283142F22902013398
:1078600002212280C4F8283144E700BFE442030823
:107870001178322902D01121FFF7D8B9D3682DE948
:10788000F041D3E9015767B32F44D0F80011044603
:10789000013D013F4FF0000809E00B46BD4201F1F8
:1078A0000101C4F80011E65484F8046119D0FF29DD
:1078B00015F8016FF1D1D4F80831D4F80C2184F80F
:1078C000FF8020469847D4F82821012100230A444C
:1078D000BD42C4F82821C4F80011E65484F80461BC
:1078E000E5D1BDE8F08100BF2DE9F04FE9B00378A4
:1078F00000AF5F2B054689467A6000F030819F49D2
:107900000822284604F0B0FD0346002840F083809A
:107910002A7A2E2A78D05F2A76D0242A74D09B46E1
:10792000002B4FF00103BB6414BF45234623BB600B
:10793000ABF10203DBB2FB604FF0110AC7F8009015
:107940002846D8F71DFF460000212B18B6F5006F1A
:10795000C7E90453C7E906A5C7E90916C7E90C102A
:10796000C7E90E11C7E91011F96400F20081E84679
:10797000830000EB8000A8EBC0020733954623F09C
:107980000703E946BBF1010FADEB030DC7F82CD09F
:10799000C7F8209049D0FB68012B3ED8EB7A05F15F
:1079A0000B045F2BFC6103D12B7B5A2B00F0B180C1
:1079B0002046D8F7E5FE002E00F0C7800023012204
:1079C000C9E901337A62002800F0BF80C9E90340A9
:1079D00089F800300023B9684A4607F11000FAF729
:1079E0008DF906462046D8F7CBFE2318FB61235CB1
:1079F00013B9002E40F0C480BB6C013340F0A88066
:107A00000023BB64C5469BE76B7A442B00F01F81C3
:107A1000492B00F01181002381E707F11000FAF7EC
:107A2000FDFDFB6906461B78E2E72B785F2BE3D16F
:107A30006B786A1C5A2BFA61DED1AB78AA1C472BF3
:107A4000FA617AD0542B78D0594607F11000FCF730
:107A500003FA0646D7E90621D2070B78C8D52E2BA4
:107A6000C6D14FF0000932464B78A3F161001928C6
:107A700005D95F2B03D0303B092B00F2F180881C25
:107A80000378A3F16106192E0446A3F1300C00F12E
:107A90000100F5D9BCF1090FF2D95F2BF0D02E2BE4
:107AA00012D16378303B092B0ED8A378A3F13000B4
:107AB000092804F10204F2D814F8013FA3F13000C0
:107AC0000928F9D92E2BECD0D7E909039842FC619B
:107AD000A4EB010637DAD7F820C000EB800E0CEBE0
:107AE0008E030130002EC3E9019978622BDDC3E9D2
:107AF00001990CF82E90C3E903164F2107F11000ED
:107B0000FAF7FCF823782E2B024640F09E8021469F
:107B1000AAE76B7B05F10D02472BFA6107F1100014
:107B200001D0542B04D1FCF717FAFC69814651E7C8
:107B3000FCF792F9FC6981464CE707F11000FCF76D
:107B40000BFA064686E70023D7E74FF0000941E726
:107B5000002007F5D277C546BD46BDE8F08F4378D3
:107B60005A2B7FF4CCAE00234FF0010BD8E6084629
:107B700007F5D277BD46BDE8F08F00BF6C40030823
:107B800007F1500400200021C7E964017A68D7F8A2
:107B90000090C4F80C2131462046C7E96133C4E99E
:107BA0004433C4E94933C4E94633FB60C4F80031C7
:107BB00084F80431C4F82031C4F82C31C4F8089199
:107BC000FAF79CF9D4F81C21FB68B2F5006F01DAD2
:107BD000C4F81C31D4F83811D4F84431012901FB20
:107BE00003F33246B8BF01216E46A6EBC1018D46B4
:107BF000012BC4F844316846B8BF0123A0EBC3038E
:107C00009D460025C4F8301120461121C4F83CD10E
:107C1000C4F84851FFF70AF8D4F80011D4F8083135
:107C2000D4F80C21B546204665549847D4F818017D
:107C3000B0FA80F040098CE7AB7AA3F15F03B3FAA6
:107C400083F35B094FEA430B6AE60646D0E6AB7A5C
:107C50005F2B4FF000037FF462AE4FF0030B5FE643
:107C6000FB6916461B78C3E670B51378012B82B00A
:107C70001546044603D9312B01D0062B36D16B684B
:107C8000012B2EDCD4F81C21B2F5806F29DC0126F3
:107C9000013301326B601121D4F82C31C4F81C215E
:107CA000C4F82CD12A46204601930095FCF7F0FC3D
:107CB0006A68D4F81C310199C4F82C11013A013BCF
:107CC0006A60C4F81C317EB9D4F80011FF2924D0B1
:107CD0004A1C2923C4F80021635484F8043102B0FB
:107CE00070BD0123C4F8183102B070BDD0F8003166
:107CF000FF2B21D0591C2822C4F80011E25484F82B
:107D000004216B68012B04DCD4F81C21B2F5806FD0
:107D100021DD0123C4F81831D8E70025D4E9423227
:107D200084F8FF5020469847D4F8283101221344A4
:107D30002946C4F82831CCE70026194680F8FF60B0
:107D4000D0E942329847D4F8282101210A44334629
:107D5000C4F82821CFE700269AE700BF2DE9F84FA5
:107D6000D368DB681B681978662965D11269D0F879
:107D70002471D2E9038A9AF800203C2A4FF0FF329E
:107D800008BFDAE903A9C0F824215B7818BF4FF0D7
:107D900000096C2B044600F09B8050D84C2B02D07D
:107DA000522B40F09080D4F80011FF2900F0F480AD
:107DB0004B1CC4F8003128236354524684F8043124
:107DC000112120467C4DFFF74FFF112142462046EE
:107DD000FFF74EFD4FF0000AD4F8001105F1030B38
:107DE00009E00A46AB4501F10101C4F80011A654AF
:107DF00084F8046119D0FF2915F8016BF1D1D4F88A
:107E00000831D4F80C2184F8FFA020469847D4F814
:107E10002831012100220B44AB45C4F82831C4F8B5
:107E20000011A65484F80461E5D142461121204690
:107E3000FFF71EFD4A467DE00020BDE8F88F722B5B
:107E400041D1D0F80011FF2900F098804B1CC4F8F4
:107E5000003128236354524684F80431112120460E
:107E6000564DFFF701FF424611212046FFF700FD66
:107E70004FF00009D4F8001105F1040809E00A46A2
:107E8000A84501F10101C4F80011A65484F8046169
:107E900019D0FF2915F8016BF1D1D4F80831D4F8C5
:107EA0000C2184F8FF9020469847D4F8283101210E
:107EB00000220B44A845C4F82831C4F80011A65488
:107EC00084F80461E5D1C4F824710120BDE8F88F7D
:107ED0003B4DD0F800114FF0000905F1040B09E00B
:107EE0000A465D4501F10101C4F80011A65484F869
:107EF000046119D0FF2915F8016BF1D1D4F80831CC
:107F0000D4F80C2184F8FF9020469847D4F8283103
:107F1000012100220B445D45C4F82831C4F800114A
:107F2000A65484F80461E5D1424611212046FFF7AA
:107F30009FFC524611212046FFF796FED4F800110F
:107F4000FF290AD04A1C2923C4F8002101206354C8
:107F500084F80431C4F82471B8E70025D4F8083156
:107F6000D4F80C2184F8FF5020469847D4F82831E3
:107F7000012213442946C4F82831E4E70025D0E95A
:107F8000423280F8FF509847D4F828310133C4F8C2
:107F90002831294601235AE70025D4E9423284F8E2
:107FA000FF5020469847D4F828310133C4F82831CF
:107FB00029460123FDE600BFE84203080044030808
:107FC000F8430308137803F0FD03382B01D0002099
:107FD0007047D3682DE9F047DB681E683378642B5F
:107FE00002D00020BDE8F0877378692B044611D0D9
:107FF00003F0DF03582BF4D1D0F800111369FF29E7
:10800000D3E9035700F08C804B1CC4F800315B238C
:1080100063540CE0D0F800111369FF29D3E903572A
:1080200000F0AF804B1CC4F800312E23635484F859
:1080300004312A4611212046FEF7F8FD7378582BAB
:1080400038D0692B0BD0D4F80011FF2900F08880BC
:108050004A1C5D23C4F80021635484F804313B7842
:1080600003F0FD03382B12D0D4F80011FF2966D09D
:108070004A1C3D23C4F80021204663543A4611218E
:1080800084F80431FFF7F0FD0120BDE8F087FB68BC
:10809000DB681B681A78642AE6D15B78692B03D009
:1080A00003F0DF03582BDFD13A4611212046FEF7BB
:1080B000BDFDE9E73A4DD4F8001105F1050A4FF08E
:1080C00000090AE00B46AA4501F10101C4F80011BC
:1080D00004F8038084F804811AD0FF2915F8018B75
:1080E000F0D1D4F80831D4F80C2184F8FF90204660
:1080F0009847D4F82821012100230A44AA45C4F84E
:108100002821C4F8001104F8038084F80481E4D124
:10811000FA6811212046FEF789FD3F69737890E7E0
:108120004FF00008D4E9423284F8FF809847D4F831
:1081300028310133C4F828314146012365E7002581
:10814000D4F80831D4F80C2184F8FF502046984721
:10815000D4F82831012213442946C4F8283188E78D
:108160000025D4F80831D4F80C2184F8FF502046BB
:108170009847D4F82831012213442946C4F82831FD
:1081800067E74FF00008D4E9423284F8FF8098474F
:10819000D4F828310133C4F828314146012342E79D
:1081A000084403082DE9F0411E4684B000283FD062
:1081B0000C46154609B1002A3AD0002327496A46E1
:1081C000CDE90033CDE90233FFF78EFB002835D02F
:1081D000039B009FD3B9DDF80880002F37D024B36C
:1081E0003846D8F7CDFA2B68984218D2421C394647
:1081F0002046D8F725FA384601F092FD27460EB101
:1082000000233360384604B0BDE8F0814FF0010828
:10821000002FE4D186B14FF0FF3333600CE02046ED
:1082200001F07EFDC5F80080E9E7002DFAD1E6E710
:1082300016B16FF0020333600027E3E7009801F006
:108240006FFD002EF8D06FF001033360F4E7002ECD
:10825000F2D0B8F1010FF6D1DDE700BF49200208E6
:108260001EB400F08DF81EBCD9F718F8F0B50278EE
:10827000472A83B00C461D4619D0264E002033688D
:1082800001909B683046984778B1019B1B68019329
:1082900002272368314620461E6901AA0123B04700
:1082A00038BB0746384603B0F0BD0127F1E74378F5
:1082B0004E2BE2D18378552BDFD1C378432BDCD111
:1082C0000379462B1AD0432BD7D143792B2BD4D10A
:1082D00083792B2BD1D1C379012BCED850F8206CC8
:1082E0004FF0000301930ABF3046583056F8786CBF
:1082F000C5E7019B2B60384603B0F0BD43794F2B97
:10830000BBD18379522BB8D1C0790028B5D1024EA8
:10831000B5E700BF804B0308544B030810B5044673
:1083200000F0EEF8224612F82039472B04D083687B
:1083300023BB8260012010BD63784E2BF7D1A37858
:10834000552BF4D1E378432BF1D12379432BEED194
:1083500063792B2BEBD1A3792B2BE8D1E379012B7C
:10836000E5D854F8043C0133012B44F8043CE1D136
:10837000836844F8083C8260012010BDF9F77AFB5D
:1083800008B500F0BDF8836883B393F82020472A2E
:1083900004D00022826003F1200008BD93F8212060
:1083A0004E2AF6D193F82220552AF2D193F82320B1
:1083B000432AEED193F82420432AEAD193F82520CA
:1083C0002B2AE6D193F826202B2AE2D193F82720F6
:1083D000012ADED8DA69013ADA61002ADBD199692B
:1083E000816000229A6103F1200008BDF9F742FB89
:1083F00038B5044600F084F82246056812F82039A2
:10840000472B03D085BB0260284638BD63784E2BCE
:10841000F8D1A378552BF5D1E378432BF2D123790A
:10842000432BEFD163792B2BECD1A3792B2BE9D103
:10843000E379012BE6D854F80C3C002B11DB013317
:1084400044F80C3C4368013B4360954218BF44F834
:10845000105C656A18BF0260204608F009F92846DA
:1084600038BDC3F10103EBE7F9F704FB08B500F0F1
:1084700043F803687BB393F82020472A07D00022F3
:10848000026003F12000BDE8084008F0F3B893F85B
:1084900021204E2AF3D193F82220552AEFD193F8C8
:1084A0002320432AEBD193F82420432AE7D193F8E1
:1084B00025202B2AE3D193F826202B2ADFD193F80D
:1084C0002720012ADBD85A69002A05DB013A08D0A7
:1084D000511C0ED05A6108BD0132FBD119690160EF
:1084E000F8E71A69026003F12000BDE8084008F0CF
:1084F000C1B8F9F7BFFA00BF0048704714640224FE
:108500000048704714640224502870B51DD084467A
:1085100000F00F000C2855D8DFE800F007442607CC
:108520001E545454542A22071E00104650F8046B5F
:108530004EB10CF07004102C08BF11460E441CF014
:10854000800F18BF36681E6070BDD01C20F003007D
:1085500050F8046B1E6070BD104650F8086BE7E7DA
:10856000104630F9026BE3E7104630F8026BDFE7A4
:1085700000261046344610F8015B05F07F0E0EFA17
:1085800004FE15F0800F46EA0E0604F10704F2D14E
:108590001F2CCDD86D06CBD54FF0FF3505FA04F46E
:1085A0002643C6E700261046344610F8015B05F066
:1085B0007F0E0EFA04FE2D0646EA0E0604F10704AD
:1085C000F3D4B5E701F028FBFF2808B5034612D025
:1085D00003F07003302B084613D005D8202B09D1A7
:1085E000BDE8084008F085BD402B06D1BDE8084035
:1085F00008F06CBD03D8002008BD502BFBD001F063
:108600000BFBBDE8084008F071BD00BFF8B50C4693
:108610001546064608B108F059FD286014F8017B9C
:10862000FF2F28D16860204610F8013BFF2B32D085
:10863000102300242B75224610F8011B01F07F0344
:108640009340090644EA030402F10702F4D4044407
:10865000EC6010F8013B6B750024224610F8011BFA
:1086600001F07F0393401C430B0602F10702F5D48F
:1086700004442C61F8BD31463846FFF7A5FF2B1D99
:10868000014622463846FFF73FFF0446204610F8D1
:10869000013BFF2BCCD12B750024D9E72DE9F04FFE
:1086A00000F0030395B00024012B0A940F461646F0
:1086B00000F0A480022B0AD13146384608F0F0FCC5
:1086C000002840F09080082015B0BDE8F08F002B06
:1086D00040F0018210F00804EED10EAB4FF001081B
:1086E0000293029B009300230C22194630460E97FA
:1086F00007F0EEFF304608F0EFFC03900028DBD0D7
:10870000DDE9022144EA080330460493FFF77EFFC7
:108710009DF84C300693814631461846FFF754FFCA
:108720000DF134080023059010901946CDF8008013
:108730000F22304607F0A4FF0D9BDDF848A023F080
:108740000103D14503F1FF3533D29DF84DB00E9CA6
:1087500000215846FFF738FF4A4601460BAB584602
:10876000FFF7D2FE002181465846FFF72DFF4A460B
:1087700001460CAB5846FFF7C7FE0021814658461C
:10878000FFF722FF4A46014643465846FFF7BCFE24
:1087900081460020024619F8011B01F07F03934037
:1087A00018430B0602F10702F5D40B9B2344AB429E
:1087B0001DD94FF00009CB460123049AD10777D584
:1087C0000A9B1C4600231946CDF8008030460D2236
:1087D00007F056FF039BC7E90B3B0D9B3B62C7E9C4
:1087E0000949062070E7092015B0BDE8F08F0C9A02
:1087F0001344AB4264D8D145AAD3DAE70EAB10F0EC
:108800000804029302D04FF002086AE700930D6A51
:1088100023460D222146304607F032FF0E9B9D4233
:10882000F1D1029B0093214623460C2230460E973D
:1088300007F04EFFD7F830B0D7E90A43BBF1000F7D
:108840003BD00393A1460DF13408B9F1000FC0F2FB
:108850000381032500231A461946CDF800803046CF
:108860000D9707F035FF002319460122CDF800804F
:1088700030460D9407F02CFF002319460F22CDF847
:108880000080304607F0FCFE0D9ACDF8008002F023
:108890000102002342EA0B020D9230460F221946D4
:1088A00007F016FF022D60D0072015B0BDE8F08F4D
:1088B000049A12075DD4012B6BD1384600F03EF9C3
:1088C0000D9B002B3FF4F8AE0F9A03EB020B002830
:1088D00000F0E58001380AEB0004BBF1000F3FF423
:1088E000EBAE049B13F00803089300F0DC807B4B95
:1088F0003B607B4B7B60069B079603F00702CDF83D
:1089000018B04FF0000A09929B4600210A4614F85D
:10891000010B00F07F039340050641EA030102F1D9
:108920000702F4D41F2A05D8400603D5012393403B
:108930005B4219430025894626462A4616F8010B54
:1089400000F07F0393401D43030602F10702F5D4B4
:108950001F2A20D846061ED5012393405B421D43A3
:1089600059BB4FF0010A2C44CFE73846FFF7D6FC3D
:108970009AE7012B00F0AD80B9F1000FC0F2A5809D
:108980004C46032566E7049BDB07DDE906B63FF5A9
:1089900017AF4C4659E781B94FF0010A002DE2D1DB
:1089A0005346DDE906B6002B3FF486AE049BD8079C
:1089B0003FF582AE002402254CE7002910DC6FF061
:1089C00040435B1A9A0017B1089900292FD0119AD9
:1089D00052F82330002BE1D1DDE906B60323ECE6A3
:1089E000BBF1FF0F59D0099A042A74D8DFE802F0CE
:1089F00003731C0319008B005B42119A05991A44FA
:108A000058464346FFF780FD0D990029E4D0002F1A
:108A1000C4D00AAB00223846FFF728FC0028BDD09E
:108A2000DAE7CB005B42E8E74B005B42E5E7119EEB
:108A300056F823100A9B0D93164421B93CE056F8D2
:108A4000041F00299FD03144434600223846FFF7D7
:108A50000DFC0028F3D0A1E7DDE902213046FFF745
:108A6000D5FD9DF84C003146FFF7AEFD6FF040425A
:108A7000121B0546119850F8223000EB820033B1EA
:108A80000246002352F8041F01330029FAD1C7E936
:108A90000A35042378633B63DBE60023ADE7BBF1D3
:108AA000000F83D108E6FB79012B0CBF57F8203C5F
:108AB00007F158030A931EE71C46049BDD07DDE916
:108AC00006B63FF57FAE4C46BFE6F8F7E1FFFFF78D
:108AD0008FFCF8F7CFFF01F09FF800BF474E5543DA
:108AE000464F520008B5FFF70BFD006830B190F813
:108AF0002730012B04BF00687838006808BD00BF2C
:108B00000378472B01D00020704743784E2BFAD1D1
:108B10008378552BF7D1C378432BF4D10379432BBA
:108B2000F1D143792B2BEED183792B2BEBD1C0796B
:108B300001288CBF00200120704700BF10B530B164
:108B40000446FFF755FC2046FFF7DAFF08B9F8F7AF
:108B500091FF54F8140CF8F785FF00BF2DE9F04F92
:108B600083B00246FFF7CCFF38B152E90684D2E960
:108B70000C75D2F828A0002605E0044680460126A0
:108B80000546074682461046FFF732FC0EB1F8F75D
:108B90007FFF4046F8F778FFFFF72AFC0EB1F8F7A1
:108BA00069FFFFF7A9FC036893F82720012A0CBF8F
:108BB0001A6803F17802009227F0030803F1200BF2
:108BC0004FF00009CA451ADD2F6807B12F446B46E4
:108BD000002239465846FFF749FB08B1F8F7D0FFA5
:108BE0003B6801900F49384601AA1F690123B84725
:108BF000002818BF064609F101094544E2E746B1DD
:108C00000420F8F773FE084B084A06490360F8F79A
:108C10009DFF2046F8F726FFFFF728FCFFF726FC0C
:108C2000FFF71EFB284B0308904B0308411A02086C
:108C300000F062B908B52DED028BB0EE408A00F06D
:108C40008DF8B4EE488AF1EE10FA06D6DFED098A07
:108C5000B4EEE88AF1EE10FA02D4BDEC028B08BD46
:108C600003F030FD88EEA80ABDEC028B21230360DF
:108C700008BD00BF0000000010EE103A184923F0B4
:108C800000428A421AD9B2F1FF4F02D330EE400AB5
:108C9000704700B583B0684600F0D6F900F00300D5
:108CA0000128DDED010A9DED000A10D0022809D04F
:108CB00090B900F057F803B05DF804FBDFED090A46
:108CC00000F050B800F04EF8B1EE400AF3E700F0C3
:108CD000CBF8B1EE400AEEE7012000F0C5F8EAE774
:108CE000D80F493F0000000010EE103A194923F058
:108CF00000428A421BD9B2F1FF4F02D330EE400A44
:108D0000704700B583B0684600F09EF900F003009C
:108D10000128DDED010A9DED000A13D002280BD0D9
:108D200098B9012000F0A0F803B05DF804FBDFED76
:108D30000A0A002000F098B8012000F095F8B1EE82
:108D4000400AF1E700F00EF8EEE700F00BF8B1EEA4
:108D5000400AE9E7D80F493F00000000B1EEC00A21
:108D6000704700BF10EE103A23F00043B3F1485FA4
:108D70002CD2FDEEC07A17EE903A002B60D060EE58
:108D8000007A9FED317A9FED315ADFED315A9FED38
:108D9000316ADFED316AA7EE875A9FED307AE7EE50
:108DA000855AA7EEA56AA7EE867AE7EE876A67EE90
:108DB000A66A60EEC00AB6EE007AE7EEA60AB7EE43
:108DC000000AD7EE870A30EE600A704760EE007A3C
:108DD0009FED1D7A9FED1D5ADFED1D5A9FED1D6A17
:108DE000DFED1D6A1E4AA7EE875A93429FED1B7A5C
:108DF000E5EE275AA5EEA76AA6EE277AE7EE276AE0
:108E000066EEA76AD5D9174A934214D803F17F4377
:108E100007EE103AB7EE006A36EE476A60EEC00A17
:108E2000F6EE005A97EEA57AE7EEA60A37EE607ADC
:108E300036EE470A7047B6EE076AB5EE027AEDE7FE
:108E4000B7EE000A704700BF4ED747ADF6740F313A
:108E50007CF293B4010DD037ABAA2A3D610BB6BAB0
:108E60009999993E0000483F10EE103A23F00043D4
:108E7000B3F1485F04D2FDEEC07A17EE903A5BB3CF
:108E800060EE007A9FED157ADFED155A9FED156AB9
:108E9000DFED156AE7EE875A9FED147AA5EEA76A13
:108EA00020EE275AE6EE276AA6EEA77A30B9DFED64
:108EB000106AE7EE876AA6EE850A704727EE457AC4
:108EC000F6EE006AA0EEA67ADFED0A6AD7EE270A70
:108ED000E5EE260A30EE600A704700BFD3C92E2F98
:108EE000342FD7B21BEF3836010D50B98988083CB2
:108EF000ABAA2ABEABAA2A3E10B582B0CDED010ABC
:108F0000019B23F00042B2F1FF4FF0EE407A30D8DF
:108F100010EE100A20F00041B1F1FF4F29D8B3F153
:108F20007E5F42D09C1704F0020444EAD07431B34F
:108F30007AB3B2F1FF4F40D0B1F1FF4F29D0891A77
:108F4000B1F1F45F4FEAE15234DA002B42DA3C32FD
:108F500040DA9FED340A012C4ED0022C43D064B18C
:108F60009FED317ADFED317A30EE070A30EE670A95
:108F700003E09DED017A37EE270A02B010BD022C06
:108F800010D09FED2B7A032C08BFB0EE470A02B039
:108F900010BD9FED280ADFED287A0028A8BFB0EEAB
:108FA000670AEAE79FED210AE7E702B0BDE8104053
:108FB00000F07AB99FED200ACDE7B1F1FF4F04F13F
:108FC000FF3420D0022C26D81C4B03EB840393EDF6
:108FD000000AD2E79DED017A87EE870A00F03AFA9F
:108FE00000F062F9B7E79FED107ADFED107A30EE0E
:108FF000070A37EEC00AC0E710EE103A03F100434B
:1090000000EE103AB9E7022C08D80D4B03EB8403AD
:1090100093ED000AB1E79FED030AAEE79FED090A61
:10902000ABE700BF000000002EBDBB33DB0F4940A3
:10903000DB0F49C0DB0FC9BFDB0FC93FCC530308AF
:10904000D8530308DB0F493F70B510EE103A884A39
:1090500023F00044944286B0054671D9854A944273
:109060001E4624D823F00042002BDFED837A83498B
:1090700022F00F02B0EE407A40F3E0808A4270EEB8
:10908000677A09BF9FED7E7ADFED7E6ADFED7E6A4B
:1090900077EEC77A37EEE67A77EEC77A80ED007A18
:1090A00077EEE67AC0ED017A012006B070BD774A0E
:1090B000944252D9B4F1FF4F48D2E215863AA4EB5C
:1090C000C25307EE903ABDEEE77ADFED716AB8EE73
:1090D000C77A77EEC77A8DED037A67EEA67ABDEE92
:1090E000E77AB8EEC77A77EEC77A8DED047A67EE45
:1090F000A67AF5EE407AF1EE10FACDED057A40F061
:109100009880B5EE407AF1EE10FA0CBF01230223ED
:10911000604901910221009103A8294600F014FA48
:10912000002EC2DA95ED007AD5ED017AB1EE477ADC
:10913000F1EE677A85ED007AC5ED017A4042B4E739
:10914000002285ED000A42600020AEE770EE407A12
:10915000C0ED017AC0ED007AF6E700F07BF99FEDF3
:109160004E7A9FED456AF6EE007AE0EE077A9FEDC3
:10917000457AFDEEE77A17EE900AF8EEE76A1F28C7
:10918000A6EEC60A66EE877AB1EE666A20DC434A2E
:10919000411E26F0004352F8212023F0FF039342A2
:1091A00016D030EE677A30EE470A002E30EE670AAE
:1091B00085ED007A85ED010ABFF677AFB1EE477A0B
:1091C000B1EE400A85ED007A85ED010A40426CE778
:1091D00030EE677AE21517EE103AC3F3C753C3EBCC
:1091E000D453082BDFDD9FED267A9FED275AF0EE52
:1091F000405AE6EE075A70EE657AE6EE077AD6EE4A
:10920000857A35EEE77A17EE103AC3F3C753D21AD0
:10921000192A10DD9FED227A9FED225AB0EE650AE1
:10922000A6EE070A75EEC07AE6EE077AD6EE857AE4
:10923000B7E703236CE7B0EE650AB4E78A4270EE45
:10924000277A09BF9FED0E7ADFED0E6ADFED0E6A19
:1092500077EE877A37EEA67A77EEC77A80ED007AD6
:1092600077EEA67AC0ED017A4FF0FF301DE700BF20
:10927000D80F493FE3CB1640800FC93FD00FC93FFD
:10928000004435374344353708A3852E800F4943C2
:10929000000080436454030884F9223FE453030828
:1092A00000A3852E32318D2438B510EE105A25F0EA
:1092B0000044B4F1A14FF0EE407A0DD3B4F1FF4F6A
:1092C0005BD8DFED517A9FED517A002DCCBFB0EE27
:1092D000470AB0EE670A38BD4D4B9C425CD8B4F1EA
:1092E000445F4DD34FF0FF3327EEA76A9FED495AF5
:1092F0009FED497ADFED495ADFED494A66EE066A8D
:109300005A1CA6EE857AE6EEA54A9FED465ADFED99
:10931000465AA7EE265AE4EEA65A9FED447ADFEDB0
:10932000444AA5EE267AE5EEA64A9FED425ADFEDC5
:10933000425AA7EE265A9FED417AA4EEA67AE5EEB0
:10934000265A27EE267AA5EE867A27EE877A38D037
:109350003B493C4A01EB8301D1ED006A37EE667A66
:1093600002EB8303D3ED006A37EE677A002D36EE09
:10937000C70AB0DAB1EE400A38BD30EE000A38BD97
:109380009FED317A30EE077AF7EE006AB4EEE67AB6
:10939000F1EE10FAA6DD38BD00F05CF82B4B9C42D4
:1093A00012D8A3F5D0039C4223D8F0EE007ABFEE8A
:1093B000007AA0EE277A002330EE270AC7EE007A63
:1093C00092E737EEC70A38BD214B9C420BD8F7EE27
:1093D000087AB7EE007AA0EE277A022330EE670A09
:1093E000C0EE077A80E7BFEE007AC7EE007A03236B
:1093F0007AE7F7EE007A30EE677A30EE270A01233B
:10940000C7EE007A70E700BFDB0FC9BFDB0FC93FB3
:10941000FFFFDF3ED769853C59DA4B3D21A215BDE0
:109420006BF16EBD356B883D95879DBD6E2EBA3D47
:10943000388EE3BD2549123EABAAAA3ECDCC4CBE28
:109440007C5703088C570308CAF24971FFFF973F06
:10945000FFFF1B4010EE103A23F0004300EE103ADD
:10946000704700BF10EE103A33F000411A4627D083
:10947000B1F1FF4F21D213F0FF4F22D1DFED2B7A54
:109480002B4A60EE277A904217EE903A33DB4CF28B
:10949000503CC3F3C75160451A46A1F1190116DDCE
:1094A000DFED247ADFED246A002BB0EE677AB8BFD7
:1094B000F0EE667A27EE870A704730EE000A7047B2
:1094C00070474CF2503C60454FEAD151E8DC014412
:1094D000FE29E5DC002915DC11F1160F19DB193125
:1094E00022F0FF4242EAC15207EE902A9FED130A92
:1094F00027EE800A7047DFED127A07EE103A27EE6A
:10950000270A704722F0FF4242EAC15300EE103AA8
:109510007047DFED0B7ADFED0B6A002BB0EE677A58
:10952000B8BFF0EE667A27EE870A70470000004C5D
:10953000B03CFFFFCAF24971CAF249F100000033A2
:109540006042A20D6042A28D2DE9F04F2DED048BFB
:10955000DBB01C46944603930A46CD4B68991CF138
:10956000040F53F82160824604F1FF38C0F24982AB
:10957000BCF1030348BF0CF10403DB100293013379
:109580004FEAC30EACEB0E030593029B16EB0800EB
:10959000A3EB080316D401309FEDBE7A699C1844F2
:1095A0001EA9002BA4BF54F8235007EE905A03F1D4
:1095B0000103ACBFF8EEE77AF0EE477A8342E1ECC4
:1095C000017AEED1002EC0F2B182039B1EA901EBFD
:1095D000830446AD4FEA83094046F7180AEB83013E
:1095E000B8F1000FDFEDAB7A09DBA3465346F3EC8D
:1095F000016A3BED017A8B42E6EE877AF7D10130C2
:10960000B842E5EC017A04F10404E9D10DF1280B2C
:109610000BEB8603CDE9062E043B9FEDA09ADFED10
:109620009E8A059804930AEB090446AF0BEB860962
:109630000096CDF820C05AAB03EB8603002E13ED45
:10964000140A4FEA860515DD7B195A4660EE097A41
:10965000B0EE407AFDEEE77A73ED016AF8EEE77A54
:10966000BB42A7EEE87A37EEA60ABDEEC77AA2ECB7
:10967000017AEBD10190FFF7F5FEF4EE007AB0EE3F
:10968000408A20EE270A00F07DFAF2EE007AA0EE82
:10969000678A01980028FDEEC89AF8EEE97A38EE5C
:1096A000678A6CDD06F1FF3EC0F108035BF82E20EF
:1096B00042FA03FC0CFA03F3D21AC0F1070119EEC7
:1096C000903A4BF82E200A416344002A09EE903A62
:1096D00000F3F080B5EE408AF1EE10FA40F09D8084
:1096E000009B9E420ADD5D44002355F8041D4D4554
:1096F00043EA0103F9D1002B40F0F280009B013BCB
:109700005BF82330002B40F0E780049B012153F8E5
:10971000042D0131002AFAD0731C31449C46029D6D
:10972000039A05EB030E0EF1804E699D32440EF153
:10973000FF3E07EB83061EAB05EB8E0E03EB8205A7
:10974000DEED017AF8EEE77AB8F1000F0EF1040EC3
:10975000E5EC017ADFED4F7A09DB2A465346F3EC5C
:10976000016A32ED017AA342E6EE877AF7D10CF175
:10977000010C6145E6EC017AE2DA0E465BE740F067
:109780008F80731E5BF82320D211002AA2DD19EE10
:10979000903A002E03F1010309EE903A40F3D48190
:1097A00059464FF0000E51F8043B002B6AD0C3F528
:1097B000807341F8043C04E00B68C3F1FF0341F8F7
:1097C000043B0EF1010E7645F6DC01239E4600288F
:1097D0000ADD012878D0022806D1711E5BF82130FD
:1097E00003F03F0C4BF821C0022A7FF473AFB7EEB1
:1097F000000A734630EE488A002B3FF46BAF0992A3
:109800000190FFF72FFE38EE408A0198099AB5EED5
:10981000408AF1EE10FA3FF463AF9246DDE9062E7E
:10982000DDF820C00196AEEB0C00B0EE480A009EB9
:109830000092FFF717FEDFED186AB4EEE60AF1EECC
:1098400010FADDE90023F0EE407AC0F250819FED7E
:10985000137A059920EE077A0831BDEEC77A059193
:10986000B8EEC77A5C1CE7EE667ABDEEC77AFDEE0D
:10987000E77A17EE901A4BF8231017EE103A4BF8D0
:10988000243046E00EF1010EB6458CDB9E469EE785
:10989000C857030800000000000080430000803B20
:1098A000F6EE007AB4EEE78AF1EE10FA80F29880D4
:1098B00000220FE70133002E09EE903A3FF770AF18
:1098C000002301289E4686D1711E5BF8213003F0EB
:1098D0007F0C4BF821C087E7731C9C4619461EE796
:1098E00033469246DDE905125C1EA1F108005BF8E3
:1098F0002410009E059061B903F18043013B0BEBFE
:109900008303014653F8040D013C08390028F9D0BF
:10991000059105980092B7EE000AFFF7A3FD002C11
:10992000009AB0EE407AC0F20581601C46AD5FED52
:10993000256A81000BEB800305EB800073ED017A53
:10994000F8EEE77A5B4567EE877A27EE267A60EDD8
:10995000017AF3D10DF1C8080B1F46A8C718C646F7
:10996000A44600259146002E73DB844ADFED847AFD
:109970003846002301E0AB4208DCF2EC016AB0ECAF
:10998000017A01339E42E6EE877AF4DA0CF1FF3C6D
:10999000BCF1FF3FEEEC017A05F10105A7F10407E8
:1099A000E1D1689B022B4A4656DC002B2EDC0ED1FF
:1099B000DFED737A414431ED017A414577EE877AE4
:1099C000F9D15346002B40F0AE80C2ED007A19EE7B
:1099D000903A03F007005BB0BDEC048BBDE8F08F5C
:1099E00019EE903A002E03F1010309EE903AC8BF38
:1099F00002223FF7D5AEF7EE007A37EEC88A022290
:109A000068E600234FF0080E0293BBE59FED5C7AF9
:109A1000414471ED017A414537EE277AF9D1DDED08
:109A2000327A534677EEC77A002B75D182ED007AF1
:109A300064B133A90123B1EC017A01339C4277EE82
:109A4000877AF8DA53460BB1F1EE677AC2ED017A04
:109A5000BDE7DFED4B7A99E7689B032BB7D1002C6C
:109A60007ED008EB840595ED007AA0002B462946B0
:109A700071ED017AF0EE476A37EE277A414577EECD
:109A8000C77A81ED007A77EEA67AC1ED017AEFD13F
:109A9000012C65D095ED007A08F1040173ED017A8F
:109AA000F0EE476A37EE277A994277EEC77A83ED70
:109AB000007A77EEA67AC3ED017AEFD1031DDFEDD0
:109AC000307A434408F1080833ED017A984577EE7F
:109AD000877AF9D15346DDED326A9DED337A73B959
:109AE000C2ED006A82ED017AC2ED027A6FE7FDEE07
:109AF000C07A1C4617EE901A4BF8231009E7F1EED6
:109B0000666AB1EE477AF1EE677AC2ED006A82EDDD
:109B1000017AC2ED027A5AE7B1EE477A82ED007A15
:109B2000002C86D190E7F1EE677A4EE7039B4FEA6F
:109B300083096BE5689B022B0EDC002B13DC7FF4A2
:109B400046AFDFED0F7A3CE7022A7FF4C3ADF7EEB4
:109B5000007A37EEC88ABDE5689B032B7FF437AFE8
:109B6000DFED077AB6E75346DDED327A13B900230D
:109B700013606BE74FF00043136065E79C570308E1
:109B80000000000010EE102AC2F3C7537F3B162BD3
:109B900022F0004129DC002B104618DB1A4919413C
:109BA0000A4221D0DFED197A70EE277AF5EEC07AFD
:109BB000F1EE10FA18DD002A04DA4FF4000242FA3E
:109BC00003F3184420EA010300EE103A7047DFED7A
:109BD0000F7A70EE277AF5EEC07AF1EE10FA03DD17
:109BE000002A08DB9FED0A0A7047B1F1FF4FFBD353
:109BF00030EE000A7047DFED077A0029BFEE000A59
:109C000008BFB0EE670A7047FFFF7F00CAF24971D4
:109C1000000000000000008008B5062002F09EFC55
:109C20000120DAF789FA00BF00B50B4C256814460D
:109C3000EE681A4685B003460D464CB107490095BB
:109C4000CDE901143046064900F08CFDFFF7E4FF32
:109C500004490C46F3E700BF700600245849030886
:109C60006849030864490308002301461A46184658
:109C700002F06CBD00B5054B83B0014601AA18681F
:109C800000F006F803B05DF804FB00BF7006002486
:109C90002DE9F047DFF8749007460E46904602F033
:109CA0009FFDD9F800504DB133781C466BB1344656
:109CB00002E014F8013F3BB13D2BFAD1384602F0E7
:109CC00095FD0020BDE8F087A41B28680028F5D08A
:109CD0002246314602F0C8FB28B92868035D3D2BB7
:109CE00000EB040A04D055F8040F0028F0D1E5E792
:109CF000D9F80030EB1A9B103846C8F8003002F053
:109D000075FD0AF10100BDE8F08700BF38000024AE
:109D1000024B0146186800F00BB800BF7006002423
:109D2000024B0146186802F0C3BD00BF7006002454
:109D30002DE9F04F01F10B05162D83B0064623D80F
:109D4000102900F2AF8000F0A5FA10251823022098
:109D5000B74F3B44A3F108025C68944200F01E81B7
:109D60006368E268A16823F00303CA6023443046B5
:109D700091605A6842F001025A6000F091FA08348A
:109D8000204603B0BDE8F08F35F0070500F18A806A
:109D9000A94200F2878000F07DFAB5F5FC7FC0F0A3
:109DA0006E816B0A00F08280042B00F21D81AB09EA
:109DB00003F1390003F1380EC3009D4F3B44A3F17A
:109DC000080C5C68A44507D10DE0002AE16880F228
:109DD000DF808C4507D00C46636823F003035A1BD1
:109DE0000F2AF2DD7046DFF860823C69444500F0DE
:109DF000BC80636823F0030CACEB05030F2B00F36E
:109E00004281002BC7E9048880F22D81BCF5007FD8
:109E1000D7F804E080F0C8804FEADC0101314FEA56
:109E20005C1C012303FA0CF357F83120A2604EEAC0
:109E3000030E07EBC103083BE360C7F804E047F8F3
:109E40003140D46083104FF0010C0CFA03FCF44550
:109E500032D81CEA0E0F08D120F003004FEA4C0C58
:109E60001CEA0E0F00F10400F8D007EBC00AD6463A
:109E70008146DEF80C300BE0596821F003014A1BE3
:109E80000F2A1C46DB6800F3BB80002A80F2DE80CC
:109E90009E45F1D109F1010919F0030F0EF1080EE9
:109EA000E7D119E10C233360002469E74FF4007314
:109EB00040204FF03F0E80E7BC68636823F0030941
:109EC000A94503D3A9EB05030F2B51DC594B1B68A4
:109ED000082003F1100804EB0903009302F028FCAA
:109EE000554A13680133A844834605D008F1FF386A
:109EF0008044434203EA08084146304602F0BAFB78
:109F0000B0F1FF3F4C4A824600F0D880009B83426C
:109F100000F2D280494B186840440BF1FF311860C1
:109F2000844640F0FC801AEA010F40F0F880D7F830
:109F300008A0C84448F00102CAF80420404B196840
:109F4000814238BF18603F4B1968814238BF1860A2
:109F5000544622F00308A845A8EB050301D30F2BB4
:109F600006DC304600F09CF99EE7D7F804E069E78C
:109F7000621943F0010345F0010565603046BA609F
:109F8000536000F08DF90834204603B0BDE8F08F2F
:109F9000A2682344D16030468A60EAE6DC68A342C6
:109FA0007FF4DEAE02301EE7BCF5206F4FEA5C2284
:109FB0007BD3142A00F2128102F15C03DB005B32D6
:109FC000F918FB580839994203D1ECE09B68994293
:109FD00004D05A6822F003026245F7D8D968C4E970
:109FE00002318C60DC602DE7142B6AD9542B00F20F
:109FF000FE802B0B03F16F0003F16E0EC300DCE655
:10A00000D4F808C03046661945F001056560CCF803
:10A010000C30C3F808C042F00103C7E90466C6E982
:10A0200002887360625000F03BF90834A8E600BF74
:10A03000F000002450640224E40000242064022480
:10A040004C64022448640224F80000242144304671
:10A050004A6842F001024A6054F8082FD3609A60BF
:10A0600000F01EF98CE6A4443046DCF8043043F0DE
:10A070000103CCF8043000F013F9083480E6E80856
:10A0800005F1080364E6621943F0010145F001059A
:10A0900065603046C7E90422C2E90288516044F88D
:10A0A0000C3000F0FDF808346AE64FEA9C1202F129
:10A0B0003903DB00383283E7BC4228D0BC686268D1
:10A0C00047E703F15C0003F15B0EC30075E65AF845
:10A0D0000839534540F0D98010F0030F00F1FF30EC
:10A0E000F5D17B6823EA0C037B604FEA4C0C9C455E
:10A0F0003FF6E2AEBCF1000F04D1DDE64FEA4C0CB6
:10A1000009F104091CEA030FF8D04846ADE6604B9C
:10A11000186808EB000C0BF1FF31C3F800C01068A1
:10A1200001306ED0009AAAEB020262441A601AF063
:10A130000702CDE9002340D0C2F108029244D04486
:10A1400008EA01005A44121A02EA010B5946304645
:10A1500002F090FA421C019B6FD0A0EB0A0000EBCA
:10A160000B081868C7F808A048F001025844BC4220
:10A17000CAF8042018603FF4E1AEB9F10F0F43D9DB
:10A180006168A9F10C0222F0070201F001011143FC
:10A1900061604FF0050CA1180F2AC1E901CC54D819
:10A1A000DAF80420CAE692104FF0010C0CFA02F221
:10A1B0004EEA020EC7F804E011E70AEB08020A4073
:10A1C000ABEB020202EA010B5946304602F052FAAA
:10A1D000431C019BC1D1DDF800B0C2E7542A17D857
:10A1E0004FEA1C3202F16F03DB006E32E8E6B3F592
:10A1F000AA7F17D8EB0B03F1780003F1770EC300A9
:10A20000DBE5C2F800A092E70123CAF80430A8E613
:10A21000B2F5AA7F24D84FEADC3202F17803DB00E2
:10A220007732CDE640F25452934224D8AB0C03F17E
:10A230007D0003F17C0EC300BFE5009A083A90440C
:10A24000A8EB0A084FF0000B8BE7304604F1080139
:10A25000009302F02DFB009BD7F808A018689FE739
:10A2600040F254539A420CD84FEA9C4202F17D03CB
:10A27000DB007C32A4E64FF47E737F204FF07E0E2D
:10A280009BE54FF47E737E229AE67B682DE700BF44
:10A2900020640224014802F047BA00BF98650224F6
:10A2A000014802F043BA00BF9865022410B4044C80
:10A2B00003460A4620685DF8044B194600F002B8D0
:10A2C000700600242DE9F84F1646002900F096800C
:10A2D0000C46804606F10B05FFF7DCFF54F8041C22
:10A2E000162DA4F1080921F0030758D81025AE4215
:10A2F00058D8AF4260DABE4B9A6809EB070C62454A
:10A30000DCF8040000F0908020F0010363445B68F7
:10A31000DB0768D420F003003B189D4247DDCB07E4
:10A3200012D454F8083CA9EB030BDBF8043023F0FB
:10A330000302104400EB070A554540F3F68007EB93
:10A34000020A554540F3CC8031464046FFF7F0FC09
:10A350000646002800F0208154F8043C23F0010355
:10A360004B44A0F10802934200F0B4803A1F242A23
:10A3700000F2D780132A00F2A28003462246116819
:10A3800019605168596092689A602146404602F00F
:10A390008FFA4046FFF784FF3046BDE8F88F35F06E
:10A3A0000705A4D50C23C8F80030002618E01F4686
:10A3B000DCE90223D3609A60D9F804307A1B0F2AB3
:10A3C00003F0010309EB07001DD83B43C9F8043033
:10A3D000436843F0010343604046FFF761FF2646B0
:10A3E0003046BDE8F88FC907AED454F8083CA9EB55
:10A3F000030BDBF8043023F00302A0E7BDE8F84FBD
:10A400001146FFF795BC09EB05012B4342F0010211
:10A41000C9F804304A60436843F0010343600831DF
:10A42000404602F045FAD7E720F00300C21905F1D3
:10A43000100C624580F29180CA0785D454F8082C2C
:10A44000A9EB020BDBF8042022F00302104400EB1E
:10A45000070AD4453FF773AF5E46DBF80C1056F899
:10A46000080F3A1F242AC160886000F2AE80132AC8
:10A4700040F2A9802168CBF808106168CBF80C1075
:10A480001B2A00F2A88008340BF110022168116029
:10A4900061685160A16891600BEB0501AAEB0502B0
:10A4A00042F0010299604A60DBF8043003F00103D6
:10A4B0002B434046CBF80430FFF7F2FE90E72368C9
:10A4C0000360636843601B2A3CD804F1080200F172
:10A4D000080354E750F8043C23F003031F446BE7E0
:10A4E0003A1F5E46DBF80C3056F8081F242ACB6072
:10A4F000996022D8132A1ED92368CBF808306368E4
:10A50000CBF80C301B2A3BD808340BF1100322681F
:10A510001A6062685A60A2689A6034465746D94603
:10A520004AE7214601F066FE2FE7DCE902133A1FF5
:10A53000CB609960D5E73346E9E72146304601F024
:10A5400059FEEAE7A3688360E368C360242A27D042
:10A5500004F1100200F1100311E709EB0501996005
:10A56000531B43F001034B6054F8043C03F0010318
:10A570002B43404644F8043CFFF792FE26462FE763
:10A58000A368CBF81030E368CBF81430242A10D03D
:10A5900010340BF11803BAE74046FFF781FE04E7D9
:10A5A000236903616169416104F1180200F1180334
:10A5B000E5E62369CBF818306369CBF81C30183412
:10A5C0000BF12003A3E7324660E72146304601F055
:10A5D00011FE074B60E7A168CBF81010E168CBF8DB
:10A5E0001410242A06D010340BF118024EE700BFD5
:10A5F000F00000242269CBF818206269CBF81C20F7
:10A6000018340BF1200241E72DE9F047074649488D
:10A610000E46354616F801EB10F80EC01CF0080C7B
:10A62000F7D1BEF12D0F5AD0BEF12B0F03BF96F814
:10A6300000E06446AE1C64464BB9BEF1300F5CD0FE
:10A640000A23DFF8F4804FF0050A99460AE0102B40
:10A650004AD04FF0FF38B8FBF3F803FB08FA6FEA73
:10A660000A0A99460025284605E02CD009FB00C0BF
:10A67000012516F801EBAEF1300CBCF1090F06D93B
:10A68000AEF1410CBCF1190F0BD8AEF1370C63459C
:10A6900010DDB5F1FF3FECD04045E6D94FF0FF3576
:10A6A000E7E7AEF1610CBCF1190F03D8AEF1570C1E
:10A6B0006345EEDC6B1C0BD004B140420AB165B9B6
:10A6C0001160BDE8F087D445D0DD4FF0FF35D0E70D
:10A6D00022233B602846002AF3D0711EF0E796F84B
:10A6E00000E00124AE1CA7E7BEF1300F11D04FF0FF
:10A6F0000F0A6FF070489946B4E7337803F0DF0330
:10A70000582B0BD008234FF0070A6FF0604899468A
:10A71000A8E7307800F0DF005828E8D14FF01009A2
:10A7200096F801E04FF00F0A02366FF070484B4682
:10A7300098E700BFD55703089999991910B4054CAB
:10A740008446134620685DF8044B0A466146FFF7CD
:10A750005BBF00BF7006002413460A460146022074
:10A7600001F0F4BF0EB410B583B005AB064C53F83E
:10A77000042B01930146206800F008F803B0BDE8FF
:10A78000104003B0704700BF700600242DE9F04F61
:10A79000C7B016AFCDE9062183460822002138460E
:10A7A0001C460C9301F0A6FDBBF1000F04D0DBF8B2
:10A7B0003430002B00F02786079B5A6EB3F90C301B
:10A7C000D00702D4990540F10A859E0406D4079962
:10A7D00043F4005322F400528B814A66950400F141
:10A7E000C386079AB2F90C30190740F1CB80126981
:10A7F000002A00F0C78003F01A020A2A00F0D18074
:10A8000000239E46CDE90FEECDE91B33DFF8F8A813
:10A81000CDF838E01DAB1A939946CDF820E0CDF87D
:10A8200034E0069DDAF8E44001F0C4FE00970346E8
:10A830002A4614A95846A047002800F0D180C0F24B
:10A84000C780149A252A034601D01D44EAE7069BD7
:10A85000EE1A044640F0C88000234FF0FF316A78BA
:10A860008DF84B3009936C1C059103930134A2F1D0
:10A8700020035A2B00F2F980DFE813F06002F700A2
:10A88000F7005A02F700F700F7006A00F700F70038
:10A89000E801F901F700F3010402F700FE015B0093
:10A8A0005B005B005B005B005B005B005B005B00D0
:10A8B000F700F700F700F700F700F700F700F700E0
:10A8C000F7009D016A02F700F700F700F700F700B4
:10A8D000F700F700F700F700F7002002F700F70095
:10A8E000F7007601F7008D02F700F700E704F700A4
:10A8F000F700F700F700F700F700F700F700F700A0
:10A90000F7009D01C201F700F700F7008402C201C1
:10A910007E00F7000A03F700FB02E404DA027E007F
:10A92000F70076017C00E104F700F7000A05F70064
:10A930007C00A2F13003002114F8012B01EB81010E
:10A9400003EB4101A2F13003092BF5D909918EE700
:10A95000584601F035FE43680F931846D5F710FFAF
:10A9600010900546584601F02BFE83680E93002D8B
:10A9700040F05684227879E7039B227843F0200345
:10A98000039373E7079D5846294601F0A3FB00286F
:10A9900040F01E86B5F90C3003F01A020A2A7FF443
:10A9A0002FAF0799B1F90E20002AFFF629AF4A6EA2
:10A9B000D60702D49D0540F1CB85DDE9062123466B
:10A9C000584600F017FE0890089847B0BDE8F08F91
:10A9D00008220021384601F08DFC01231D4421E7A7
:10A9E000069BEE1A044612D0069BC9E900361C9B52
:10A9F00033441C931B9B0133072B1B9311DC09F180
:10AA00000809089B33440893002C7FF425AF1C9B56
:10AA1000002B40F0B885079B0022B3F90C301B9245
:10AA200018E007991AAA584600F024FE78B90DF1EB
:10AA30007409E6E707991AAA584600F01BFE002899
:10AA40007ED00B9B1BB10B99584601F031FF079B41
:10AA5000B3F90C30079A526ED1077CD55B0600F132
:10AA60008D85089847B0BDE8F08F0694002ACED0B7
:10AA700000238DF84B3001238DF8B42004930A9302
:10AA80002DAC00230B930593039810F08408DDE9A7
:10AA90001B2105D10998049D451B002D00F3D6828A
:10AAA0009DF84B0078B1013201200131C9F8040052
:10AAB000072A0DF14B00CDE91B21C9F8000000F376
:10AAC000FA8209F108097BB1013213A80231C9F8F1
:10AAD0000000072A4FF00200CDE91B21C9F804004D
:10AAE00000F3F88209F10809B8F1800F00F00C8238
:10AAF000059B0A981D1A002D00F34A820A9BC9F88B
:10AB0000004001321944072ACDE91B21C9F804305D
:10AB100000F3798209F10809039B580705D5099BC1
:10AB2000049A9C1A002C00F3E282DDE908320498B2
:10AB30008242ACBF9B181B18089300297FF47AAFA0
:10AB400000231B930B9B1BB10B99584601F0B0FEE1
:10AB50000DF1740965E69A0580D4079CA06D01F09B
:10AB6000E5FDB4F90C3079E70C9E069456F8044BD9
:10AB700000238DF84B30002C00F05D84532A00F048
:10AB8000A283039B13F0100540F09D83059B002BCF
:10AB9000C0F2CD841A4629462046D5F701FD0B9018
:10ABA000002800F00685031BCDE90A3523EAE3738C
:10ABB000049300F09DBC0C9B0694432A03F104050A
:10ABC00003D0039BD80640F167830822002118A810
:10ABD00001F090FB0C9B2DAC1A68214618AB58462F
:10ABE00001F086FF034601330A9000F0D6840A9BE9
:10ABF00023EAE373049300230C958DF84B3040E770
:10AC0000039B0694990640F1AC800C9B073323F01C
:10AC1000070319465A6851F8083B0C911146002A5F
:10AC2000C0F23F81059A002AC0F24881039A22F0BF
:10AC30008002039253EA010240F04081059B002B01
:10AC400040F08B8404930A9346AC49E10C9B53F883
:10AC5000042B0992002A80F2BA82099A0C9352427C
:10AC60000992039B227843F004030393FEE52B2310
:10AC700022788DF84B30F9E5039B227843F080036E
:10AC80000393F3E5204610F8012B2A2A00F095845F
:10AC9000A2F13003092B98BF002100F2608410F864
:10ACA000012B01EB810103EB4101A2F13003092BE0
:10ACB000F5D941EAE17305930446D8E5039B069470
:10ACC00043F0100212F0200100F051820C9B073378
:10ACD00023F007031846596850F8083B0C9022F4FB
:10ACE00080640394059C002084428DF84B007CDB3B
:10ACF00053EA010422F4906240F08183039C0392A2
:10AD0000059B002B69D1002840F05C8214F0010201
:10AD10000A9200F0608230238DF817319DF84B3095
:10AD200004920DF21714002B40F0DF800B93E1E04A
:10AD3000039B227843F00103039397E59DF84B3082
:10AD40002278002B7FF492AD20238DF84B308DE5D7
:10AD5000039B069443F010030393039B99063FF56E
:10AD600054AF0C9A52F8043B0C92039AD20600F1AD
:10AD70004382039A560640F13B8243F3C0310A46B0
:10AD80001BB24CE72278039B682A00F0958243F0BF
:10AD9000400303936AE5039B069443F0100414F008
:10ADA000200100F0F3810C9B073323F007031A46C0
:10ADB000596852F8083B0C9200228DF84B20059AF6
:10ADC000002AC0F21E8324F08002039253EA01029B
:10ADD00074D1059B0120002B95D0012800F0BD8384
:10ADE00000230228194600F01A8146AC03F007023E
:10ADF000DB0843EA4173C908303253EA01052046B3
:10AE000004F8012DF2D1039BDD0740F11681302AB1
:10AE100000F013813023059A04F8013C023846AB58
:10AE20001B1A9A42B8BF1A460A930446049257E086
:10AE3000039B0C9A069443F00203039352F8043BDD
:10AE40000C9247F63002ADF84C20AD4A0D9200212D
:10AE500000228DF84B20059A002AC0F2E080039C66
:10AE600053EA010024F08002039240F0D8800220CF
:10AE700046E7039B06949C0640F1C1810C9B089A0F
:10AE80001B681A60D2175A600C9B04330C93C8E4F9
:10AE90002278039B6C2A00F0088243F0100303938E
:10AEA000E4E42D228DF84B20059A5B4261EB4101D1
:10AEB000002A03DB039A22F0800203920A2B71F12D
:10AEC000000280F039823033DBB28DF81731059BF8
:10AED000012BB8BF0123049301230A930DF2171429
:10AEE0009DF84B30002B3FF421AF00230B93049BC4
:10AEF00001330493039B13F002033FF4C5AD049B9D
:10AF0000023304930223BFE5099B04981D1A002D08
:10AF10007FF7EEAD102DDFF8EC8126DD40464B4685
:10AF2000A046DDF81C901026044604E0103D102DCC
:10AF300003F1080315DD01321031072AC3E9004689
:10AF4000CDE91B21F2DD1AAA4946584600F092FBD2
:10AF500000287FF476AD103D102DDDE91B211DABDF
:10AF6000E9DC994623464446984601322944072A9B
:10AF7000CDE91B21C9F80080C9F8045000F34882CC
:10AF8000059B0A981D1A002D09F108097FF7B6AD37
:10AF9000102DDFF8708128DD4B461026A946254686
:10AFA000079C06E0A9F11009B9F1100F03F108039D
:10AFB00018DD013253481031072AC3E90006CDE9F4
:10AFC0001B21EFDD1AAA2146584600F053FB00284A
:10AFD0007FF437ADA9F11009B9F1100FDDE91B219C
:10AFE0001DABE6DC2C464D46994601322944072A22
:10AFF000CDE91B21C9F80080C9F8045000F3D580C1
:10B0000009F108097AE507991AAA584600F032FBB7
:10B0100000287FF416AD1C990DF174097CE50D989C
:10B0200046AC03F00F021B09825C04F8012D43EAD1
:10B030000173090953EA0102F3D1059A46AB1B1BC0
:10B040009A42B8BF1A460A93049249E7102D2F4E30
:10B0500023DD48461193A146079C04E0103D102DC6
:10B0600000F1080016DD013210311023072ACDE966
:10B070001B2106604360F1DD1AAA2146584600F004
:10B08000F9FA00287FF4DDAC103D102DDDE91B211D
:10B090001DA8E8DC119B4C46814601322944072A51
:10B0A000CDE91B21C9F80060C9F8045000F397816D
:10B0B00009F10809F4E4079911931AAA584600F017
:10B0C000D9FA00287FF4BDACDDE91B21119B0DF1FD
:10B0D0007409F8E407991AAA584600F0CBFA002838
:10B0E0007FF4AFACDDE91B210DF17409FCE4102CF9
:10B0F0001B9B064E28DDDDF81C8010250DE000BFEF
:10B10000AC490308D858030804050024E85803088C
:10B11000103C102C09F1080916DD01331031072B02
:10B12000C9E90065CDE91B31F2DD1AAA414658464E
:10B1300000F0A0FA00287FF484AC103C102CDDE96C
:10B140001B310DF17409E8DC01332144072BC9E9F7
:10B150000064CDE91B317FF7E8AC07991AAA58467D
:10B1600000F088FA00287FF46CAC1C99DDE40C98A0
:10B1700050F8043B0C9012F010007FF4B0AD12F0C8
:10B18000400400F062819BB20146A8E50C9A52F897
:10B19000043B0C9214F010027FF40EAE14F0400049
:10B1A00000F059819BB2114606E607991AAA584643
:10B1B00000F060FA00287FF444ACDDE91B210DF1BA
:10B1C00074099BE4059B04930A9346AC88E62278B5
:10B1D0000C93FFF74BBB059B049346AC80E6079DA1
:10B1E000A86D01F0A1FAB5F90C306A6EFFF7EDBA5F
:10B1F000039A950500F18781D9170A460FE5039B4D
:10B20000D80600F11381039B590600F18B81039B43
:10B210009A0540F10B810C9B089A1B681A7033E663
:10B220000E9B2278002B3FF421AB1B78002B3FF4C0
:10B230001DAB039B43F480630393FFF717BB069496
:10B24000039CACE5039A06943CE5B24B06940D933F
:10B25000039B13F020015FD00C9B073323F00703FF
:10B260001846596850F8083B0C90039CE6070AD52D
:10B2700053EA010007D08DF84D2044F002020392FA
:10B2800030228DF84C20039A22F480620392DFE58D
:10B29000A14B06940D93DBE70C9B1B688DF8B43033
:10B2A000012304930A932DACA5E443F020036278B4
:10B2B00003930134FFF7DABA43F40073627803931F
:10B2C0000134FFF7D3BA0822002118A8159401F021
:10B2D00011F8059B002BC0F2DC800025CDF8109002
:10B2E000A84699460EE02DA9584601F001FC431CE2
:10B2F000404400F05281484509DC05F1040500F0A6
:10B3000054818046159A525918AB002AEBD1DDF8CA
:10B310001090CDF82880C9E00C9850F8043B0C90B0
:10B32000039810F01000A0D1039911F0400400F030
:10B3300099809BB2014698E7039ACDF8109046ACED
:10B3400002F48062A146CDF828B0744EDDF838B022
:10B350004FF0000C144605E00A2B71F1000136D3C2
:10B36000434629465A1842F10002A6FB020525F081
:10B37000030000EB9500121A981A4FF0CC3561F1DA
:10B38000000E05FB00F506FB0E55A0FB06800544EC
:10B3900008F0010E0520AEFB000E80184FEA580899
:10B3A000303009F8010C48EAC5780CF1010C09F1BC
:10B3B000FF396D08002CCFD09BF800206245CBD11F
:10B3C000BCF1FF0FC8D00A2B71F1000151D2CDF8AA
:10B3D00038B04C46DDF828B0DDF810902DE607991E
:10B3E00011931AAA584600F045F900287FF429ABBA
:10B3F000DDE91B21119B0DF17409FFF751BB03928D
:10B40000F3E403945AE5584600F0AEFAFFF7D4B9D6
:10B4100007991AAA584600F02DF900287FF411ABBD
:10B42000DDE91B210DF17409FFF762BB0C9B089A43
:10B430001B681A6028E5059B394C0C96062B28BF23
:10B4400006230A930493FFF71CBB12F400711CBF80
:10B45000DBB2214643E414F400713FF4ADACDBB23F
:10B460000146A9E4039911F400711CBFDBB2214627
:10B47000FBE6109B0F99A9EB03091A46484601F019
:10B4800039F89BF801300BB10BF1010B4FF0000CB8
:10B4900066E718AB00930023194615AA584601F039
:10B4A0004DFB034601330A9077D015940A9BE3B114
:10B4B000632B45DC00230B932DAC0822002118A838
:10B4C00000F018FF0A9D18AB009315AA2B462146E1
:10B4D000584601F033FB854240F085800A9A0023EC
:10B4E000A35422EAE273049302E00A9B04930B93B1
:10B4F0009DF84B301BB100230C960593F7E40593A0
:10B500000C96FFF7C1BA43F3C0110A465BB2FFF7CE
:10B5100086BB00BF98490308AC490308CDCCCCCC0E
:10B52000C04903080C9B089A1B681A80ACE42046AB
:10B53000D5F726F920EAE073CDE90A050493D7E7A9
:10B54000591C5846FEF7F4FB044630B30B90B4E7A1
:10B55000886D01F0EBF8FFF730BA3023B5E4002333
:10B5600004460593FFF783B9D40707D4079B9B894B
:10B57000980503D4079B986D01F0D8F84FF0FF337E
:10B580000893FFF76EBA07991AAA584600F072F8A6
:10B5900000283FF440AAFFF75ABA079AB2F90C30D4
:10B5A00043F040039381FFF755BADDE904930A9312
:10B5B0007CE7059B04930A939AE70C9B627853F807
:10B5C000041B0C9341EAE17104460591FFF74EB963
:10B5D000079A536EDB07D1D493899F05CED4906D23
:10B5E00001F0A4F8CAE7079A938943F040039381D6
:10B5F000FFF727BAF0B51F468B89ADF26C4D23F0EB
:10B600000203ADF80C301AAB009304934FF480633F
:10B61000029305934B6E1993CB89ADF80E30CB692D
:10B6200007934B6A099315460023064616A80C4655
:10B63000069301F075F82A463B4669463046FFF707
:10B64000A5F8051E07DB6946304600F0BFF8002864
:10B6500018BF4FF0FF35BDF80C305B0603D5A3894A
:10B6600043F04003A381169801F05CF828460DF2E0
:10B670006C4DF0BD936810B514461BB918460023F5
:10B68000636010BD00F018FA0023A360002363601C
:10B6900010BD00BFB1F90C202DE9F04116070C4692
:10B6A00080464ED4496842F400630029A38163DDDB
:10B6B000A56A002D42D0002112F48052D8F8006013
:10B6C000C8F80010E16964D101234046A847451C31
:10B6D00002466ED0B4F90C30A56AE169580705D569
:10B6E0006368D21A236B0BB1E36BD21A0023404676
:10B6F000A847431C4FD1D8F80010B4F90C301D29CD
:10B7000040D8314ACA40D7073CD52269226023F489
:10B710000062A281DD044FF00002626001D50029C1
:10B7200045D0216BC8F8006041B104F14003994253
:10B7300002D0404601F0BCF8002323630020BDE89E
:10B74000F0810E69002EF9D00D680E6092070CBFD3
:10B750004B690023AD1B8B600BE02B463246E16941
:10B76000676A4046B847B0F1000CA5EB0C0566448B
:10B7700006DD002DF1DCE1E7E16B002998DCDDE777
:10B78000B4F90C3043F04003A3814FF0FF30BDE823
:10B79000F081226DA2E7B4F90C302269226023F413
:10B7A0000062A281DB044FF000026260B9D520651F
:10B7B000B7E7D8F80030002B8CD01D2B01D0162B0A
:10B7C000DED1C8F80060B9E70100402038B50C466A
:10B7D000054608B1436B03B3B4F90C0088B1636E3E
:10B7E000DB0701D481050FD528462146FFF752FF1C
:10B7F000636EDA07054602D4A3899B0508D528465F
:10B8000038BD0546284638BDA06D00F08DFFEBE73A
:10B81000A06D00F08BFF284638BD00F0A5F8DBE7EF
:10B82000024A0349034800F0C7BA00BFF8040024E5
:10B83000EDE60208780600240C4B4168994210B5E9
:10B84000044601D002F052FFA168094B994202D090
:10B85000204602F04BFFE168064B994204D0204697
:10B86000BDE8104002F042BF10BD00BF5464022486
:10B87000BC640224246502242DE9F843314A324C89
:10B880003249DFF8DC90DFF8DC80314F11600025B1
:10B8900004232946082204F15C00C4E903352D4E37
:10B8A000A560C4E90055C4E90555656600F022FDB0
:10B8B00004F15800C4E90749C4E90987E66200F0C9
:10B8C0002FFF2946244B6367082204F1C400C4E912
:10B8D0001A55C4E91E552567C4F8CC50C4F88050E9
:10B8E00000F008FD04F1680304F1C000C4F88430DE
:10B8F000C4E92298C4E9247600F012FF174BC4F87B
:10B90000DC30294604F596700822C4E93455C4E9B0
:10B910003855C4F8D850C4F83451C4F8E85000F091
:10B92000E9FC04F1D003C4E93D87C4F8F09004F5C4
:10B930009470C4F8FC60C4F8EC30BDE8F84300F043
:10B94000EFBE00BF8C6502245464022421B80208B3
:10B95000FDBF020821C00208090001001200020018
:10B9600099BF0208BDBF020810B504460A4800F09E
:10B97000DBFE636B23B9094B094A1B68626323B181
:10B98000BDE81040044800F0D1BEFFF775FFBDE8E8
:10B990001040014800F0CABEA06502248C65022454
:10B9A00039B80208014800F0BFBE00BFA0650224FC
:10B9B000014800F0BBBE00BFA0650224144B70B567
:10B9C0001E6805460C460EB1736BE3B1636ED80773
:10B9D00002D4A389990512D522462946304600F0A3
:10B9E0007DFA636EDA07054602D4A3899B0501D56B
:10B9F000284670BDA06D00F099FE284670BDA06D70
:10BA000000F092FEE8E73046FFF7AEFFDEE700BF4A
:10BA10007006002430B587B00546084614460191EB
:10BA2000D4F7AEFE01AA0123CDE9020205900493EA
:10BA30000DB16B6B63B3636EB4F90C20D80701D4FE
:10BA400091051ED5900405D442F4005223F400530E
:10BA5000A281636699041FD4284603AA214600F0F8
:10BA60002BF8636E0546DA0702D4A3899B0502D53D
:10BA7000284607B030BDA06D00F058FE284607B03C
:10BA800030BDA06D00F050FEB4F90C20636ED9E714
:10BA90002846FFF769FFCEE74FF0FF35E3E700BF29
:10BAA00010B4044C03460A4620685DF8044B19465E
:10BAB000FFF7B0BF700600249368002B00F0F880F9
:10BAC0002DE9F04FB1F90CC01CF0080F83B090467F
:10BAD00081460C4631D00B697BB31CF00207D8F8C5
:10BAE000006038D00027D4F824B0E169DFF8C4A2A0
:10BAF0003D4655452B463A4628BF53464846C5B1B4
:10BB0000D847002840F3CA80D8F808301B1A0744E9
:10BB10002D1AC8F80830002B00F0B68055452B468A
:10BB2000D4F824B0E16928BF53463A464846002D70
:10BB3000E6D1D6E900750836DBE72146484600F035
:10BB4000C9FA002840F0AF80B4F90CC0D8F8006002
:10BB50001CF00207C6D11CF0010A63D12368A1685A
:10BB6000574618468B46002F58D01CF4007F00F033
:10BB7000B580B9420A4600F2E1801CF4906F2FD0E4
:10BB8000216962695D1A02EB420202EBD2726B1C00
:10BB900052103B44934292BF93469B461A461CF474
:10BBA000806F00F0EA8011464846FEF7C1F8002891
:10BBB00000F0F9802A4621690090D4F741FDA2895E
:10BBC000009B22F4906242F08002A2815819ABEBF4
:10BBD0000505C4F814B02361A5602060BB463A4651
:10BBE0005146009200F006FBA1682368009AA1EB81
:10BBF0000B011A443D46A16022600027D8F80830A6
:10BC00005B1BAA44C8F80830002B3DD02368A1680C
:10BC1000B4F90CC018468B46002FA6D1D6E900A770
:10BC200008369EE73846BB463D460097002D41D07A
:10BC3000002846D0009A2068A168D4E90473AA427B
:10BC400028BF2A46B84204D901EB030A524500F343
:10BC50008580934275DCE169676A5A464846B84771
:10BC6000B0F1000A1ADD009BB3EB0A0300930FD07A
:10BC70000120D8F80830A3EB0A03D344A5EB0A054A
:10BC8000C8F80830002BD1D1002003B0BDE8F08FF8
:10BC900021464846FFF79AFD0028EAD0B4F90C3057
:10BCA00043F04003A3814FF0FF3003B0BDE8F08FB5
:10BCB00000207047756833460836002DFAD0D3F857
:10BCC00000B02A460A215846D4F76AFC002867D0FB
:10BCD0000130A0EB0B0300931A46ACE722699A42AD
:10BCE00014D36269BA4211D86FF00043BB4228BF37
:10BCF0003B46656A93FBF2F3E16902FB03F34846B6
:10BD00005246A847051EC9DD7F1B77E7B94228BF09
:10BD100039460D4618460A46514600F06BFAA168AE
:10BD20002368491B2B44A16023600029ECD12146E4
:10BD30004846FFF74BFD0028E6D0AFE7BB463A4642
:10BD40004EE75946019200F055FA019AA3689B1AF2
:10BD5000A360236813442360924684E75946524601
:10BD600000F048FA23685344236021464846FFF711
:10BD70002DFD00283FF477AF90E74846FEF7A2FA82
:10BD8000034600287FF422AF2169484600F090FD69
:10BD9000B4F90C300C22C9F8002023F080037FE7AF
:10BDA0006A1C009247E70C22B4F90C30C9F8002055
:10BDB00076E700BF00FCFF7F2DE9F8430746884681
:10BDC00016464FF00009D6E90154013D10D4A3896D
:10BDD000012B08D9B4F90E3001332146384602D080
:10BDE000C04749EA0009013D6B1C04F16804EED12B
:10BDF0003668002EE7D14846BDE8F8832DE9F041CA
:10BE000086B002FB03F81D4601AB039301230C9C93
:10BE100001911746CDF80880CDF8148004930646AA
:10BE200010B1436B002B40D0636EB4F90C20D907DE
:10BE300001D4900527D5910405D442F4005223F48F
:10BE40000053A28163669A0406D5DE0702D4A38953
:10BE50009D051FD5002013E0304603AA2146FFF7B9
:10BE60002BFE636ED0B1DA0705D4A3899B0502D4FB
:10BE7000A06D00F05BFC059BA8EB0308B8FBF7F096
:10BE800006B0BDE8F081A06D00F04EFCB4F90C20C6
:10BE9000636ED0E7A06D00F049FCDBE7D80702D461
:10BEA000A389990504D52846EAE7FFF75DFDBBE7BE
:10BEB000A06D00F03BFC2846E2E700BF10B5064C41
:10BEC00082B084462068009313460A466146FFF715
:10BED00095FF02B010BD00BF7006002470B50E467D
:10BEE0001446054610B1436B002B2FD0636ED80764
:10BEF00002D4A389990520D5A368013B002BA36038
:10BF000019DAA26993420FDBF0B20A280CD0236839
:10BF10005A1C226005461E70636EDA0702D4A3899C
:10BF20009B050ED5284670BD28462246314600F0B6
:10BF30007BF80546F0E7F0B2E9E7A06D00F0F4FB0E
:10BF4000DAE7A06D00F0F2FB284670BDFFF70CFDAC
:10BF5000CCE700BF0EB430B59CB06FF000411FAB12
:10BF6000049107910A4953F8042B0290002406908B
:10BF7000084D0868019302A905951B9400F0ECFD9B
:10BF8000029B1C701CB0BDE8304003B0704700BF7E
:10BF9000700600240802FFFF10B50C46B1F90E1020
:10BFA00000F03AFB002803DB236D0344236510BD3A
:10BFB000A38923F48053A38110BD00BF2DE9F04174
:10BFC0000C46B1F90C101F46CB05054616460BD49E
:10BFD00021F48051A1813B46B4F90E103246284627
:10BFE000BDE8F04100F058BBB4F90E100223002266
:10BFF00000F0FCFAB4F90C10EAE700BF10B50C46EB
:10C00000B1F90E1000F0F2FAB4F90C30421C0EBF78
:10C0100023F4805343F480532065A38110BD00BFF7
:10C02000B1F90E1000F0D0BAF8B50D461446064628
:10C0300010B1436B002B4AD0B4F90C30A269A26056
:10C0400018071FD52269EAB1EDB29904626E2F4636
:10C0500024D592042FD4226823696169D31A9942A6
:10C060002CDD0133A1680139A160511C21601570DC
:10C0700062699A4219D0A389DB0701D50A2D14D031
:10C080003846F8BD2146304600F024F898B9B4F996
:10C090000C30626EEDB299042F46DAD443F40053AB
:10C0A00022F40052A3816266D3E721463046FFF7AF
:10C0B0008DFB0028E4D04FF0FF37E1E72146304602
:10C0C000FFF784FB0028F6D122680123CAE7FFF7B7
:10C0D0004BFCB1E738B52F4B1B6805460C4613B136
:10C0E0005A6B002A4BD0B4F90C3018071CD52269C2
:10C0F00022B313F0010107D0616900204942A0601A
:10C10000A1613AB1002038BD980758BF6169A160AC
:10C11000002AF7D1190658BF1046F4D543F0400362
:10C12000A3814FF0FF3038BDD9062CD55A0712D461
:10C13000226943F00803A381002ADAD103F42071B5
:10C14000B1F5007FD5D02146284602F02FFBB4F987
:10C150000C302269CDE7216B51B104F140029142CC
:10C1600004D0284600F0A4FBB4F90C30002222636E
:10C1700022690021C4E9002123F02403D9E71846ED
:10C18000FFF7F2FBAFE7092243F040032A60A381E7
:10C19000C7E700BF70060024032A30B415D941EA6E
:10C1A0000004A40784460B4604D0541E0FE0043A52
:10C1B000032A08D91946604653F8044B5CF8045B1F
:10C1C000A542F4D0F1E760461946541E7AB1431EE9
:10C1D0000139021901E09A4209D013F8010F11F850
:10C1E00001CF6045F7D0A0EB0C0030BC70470020B9
:10C1F00030BC704788420ED98B1883420BD900EBB4
:10C20000020C002A6ED0624613F801CD02F801CD6F
:10C210009942F9D170470F2A0FD8034602F1FF3C2B
:10C22000002A5FD00CF1010C013B8C4411F8012B6A
:10C2300003F8012F6145F9D1704740EA01039B07DC
:10C2400051D1A2F1100370B501F1200C23F00F05BC
:10C2500001F1100E00F11004AC441B095EF8105CF3
:10C2600044F8105C5EF80C5C44F80C5C5EF8085C0A
:10C2700044F8085C5EF8045C44F8045C0EF1100EAF
:10C28000E64504F11004E9D1013312F00C0F01EB83
:10C29000031102F00F0400EB031328D0043C24F038
:10C2A00003064FEA940C1E441C1F8E465EF8045B86
:10C2B00044F8045FB442F9D10CF1010402F0030226
:10C2C00003EB840301EB840102F1FF3C4AB10CF162
:10C2D000010C013B8C4411F8012B03F8012F61453F
:10C2E000F9D170BD704702F1FF3C03469AE7224640
:10C2F000EAE700BF830730B547D0541E002A3ED07E
:10C30000CAB2034601E0013C39D303F8012B9D0773
:10C31000F9D1032C2CD9CDB205EB05250F2C05EB5B
:10C32000054535D9A4F1100222F00F0C03F1100ECF
:10C33000E6444FEA121C1A46C2E90055C2E902550A
:10C3400010327245F8D10CF1010214F00C0F03EB1E
:10C35000021204F00F0C13D0ACF1040323F003031A
:10C360000433134442F8045B9342FBD10CF0030402
:10C370002CB1C9B21C4403F8011BA342FBD130BD50
:10C3800064461346002CF4D1F9E703461446C0E78F
:10C390001A46A446E0E700BF11F0FF01034600F093
:10C3A000030239D08ABB026810B501EB012E0EEBF7
:10C3B0000E4E8EEA0204A2F1013323EA0203A4F135
:10C3C000013222EA0402134313F0803F0FD150F8E8
:10C3D000044F84EA0E0CA4F10133ACF1013223EADC
:10C3E000040322EA0C02134313F0803FEFD00378DA
:10C3F00023B936E010F8013F002B32D09942F9D131
:10C4000010BD8A4228D09A0729D01A7818460133DD
:10C41000002AF6D110467047CAB90268A2F101336A
:10C4200023EA020313F0803F08D150F8042FA2F151
:10C43000013323EA020313F0803FF6D003785BB1A7
:10C4400010F8013F002BFBD17047990705D0184623
:10C4500013F8012B002AF8D170471846DDE718467B
:10C46000A1E7184610BD00BF002A3ED030B5844673
:10C470000446084380070B462ED1032A07D82BE039
:10C48000043A25D01EF0803F22D1032A22D9206809
:10C49000194653F8045BA0F1013EA842A4462EEAD7
:10C4A000000E04F10404EBD09CF800000C788442E8
:10C4B0001DD1E64668B11EF8010F11F8014FA2EB3D
:10C4C0000E03A04203F1FF3311D11CEB0303F1D1A2
:10C4D000002030BDA44619469CF800000C78A0420C
:10C4E00005D1012AF4D0E646E4E710467047001B68
:10C4F00030BD00BF40EA01039B0710B501D1032AFC
:10C5000017D8844601F1FF3E07E01EF8011F03F82B
:10C51000011B541E29B19C4622466346002AF4D1D1
:10C5200010BD9444002CFBD003F8011B6345FBD1E4
:10C5300010BD8E468446DEF80040A4F1013323EAA4
:10C54000040313F0803F71460EF1040EDAD1043A71
:10C55000032A4CF8044BEED87146D3E738B5144B98
:10C560001F281D681ED8D5F83821044662B152F83C
:10C5700020304BB1012B05D0591C0FD0002142F8BF
:10C5800020109847002038BD284600F071F8224658
:10C5900001462846BDE8384000F054B816232B6009
:10C5A000012038BD16232B604FF0FF3038BD00BF8F
:10C5B00070060024014B93F82801704704050024FD
:10C5C00000487047F405002438B5074D00220446A2
:10C5D00008462A60D7F7D2FD431C00D038BD2B682F
:10C5E000002BFBD0236038BD9065022438B50C4683
:10C5F000084D8446114620461A4600232B606446A7
:10C60000D7F7C6FD431C00D038BD2B68002BFBD0EC
:10C61000236038BD9065022438B50C46084D844629
:10C62000114620461A4600232B606446D7F78AFD40
:10C63000431C00D038BD2B68002BFBD0236038BDD5
:10C640009065022470B50C46084D0346002620462E
:10C6500011461C462E60D7F767FD431C00D070BD05
:10C660002B68002BFBD0236070BD00BF90650224B7
:10C67000D7F758BD38B5074D0022044608462A6052
:10C68000D7F730FD431C00D038BD2B68002BFBD002
:10C69000236038BD9065022438B50C46084D8446A9
:10C6A000114620461A4600232B606446D7F758FDF2
:10C6B000431C00D038BD2B68002BFBD0236038BD55
:10C6C00090650224014B1868704700BF7006002473
:10C6D00070B50F4B0F4DAB42A3EB050607D0B6105C
:10C6E000002455F8043B01349847A642F9D804F0D9
:10C6F00003FD094D094B5E1BAB424FEAA60606D06F
:10C70000002455F8043B01349847A642F9D870BD7F
:10C71000485E0308485E0308485E03086C5E030831
:10C72000704700BF704700BF704700BF704700BF31
:10C73000082802D14FF48050704708B5FFF7C2FFB8
:10C74000162303604FF0FF3008BD00BF2DE9F8430A
:10C750001B4D0646286898460F469146FFF7E4FFB2
:10C76000184B1C681CB3286865681F2D22DC4EB965
:10C770006B1C0235636044F82570FFF7D7FF00207B
:10C78000BDE8F88304EB85010123C1F88890D4F853
:10C790008821AB401A43022EC4F88821C1F80881D1
:10C7A000E6D1D4F88C211A43C4F88C21E0E7064C7A
:10C7B0001C60D8E7FFF7BAFF4FF0FF30E0E700BF9B
:10C7C000B807002434670224A4650224024B13B185
:10C7D0000248FDF749BA704700000000D9E8020896
:10C7E0000148FFF7A1BF00BF946502240148FFF78D
:10C7F0009DBF00BF946502242DE9F843064608203A
:10C800008946FFF795FFDFF8A48005463046FDF71F
:10C8100041FDD8F808305F6827F00307A7F111043D
:10C82000A4EB09042C44B4FBF5F4013C05FB04F42F
:10C83000A54208DC00213046FFF71CFFD8F808307D
:10C840003B44984205D03046FDF72AFD0020BDE864
:10C85000F88361423046FFF70DFF01300FD0114AD7
:10C86000D8F808303F1B47F001075F601368304677
:10C870001B1B1360FDF714FD0120BDE8F8830021A8
:10C880003046FFF7F7FED8F80820831A0F2BDADDC1
:10C8900043F001035360044B02491B68C01A08604F
:10C8A000D1E700BF20640224E4000024F00000244B
:10C8B00000297CD02DE9F0410C468046FDF7EAFCCA
:10C8C00054F8043C754FA4F1080523F001016818E1
:10C8D000BE684268864222F0030200F08380DE07D1
:10C8E000426000EB020C33D454F8084CDCF80430FE
:10C8F0002D1B2144AC6807F1080C644503F00103CB
:10C9000064D0D5F80CE0C4F80CE0CEF80840002B59
:10C9100000F0818041F001036B600160B1F5007FA0
:10C9200022D27868CB080122490901338A400243A8
:10C9300057F833107A6007EBC302083AC5E90212D0
:10C9400047F83350CD604046BDE8F041FDF7A8BC44
:10C95000DCF80430DB072BD541F00103B1F5007F93
:10C9600044F8043C0160DCD3B1F5206F4FEA512359
:10C9700053D28B0903F1390003F13802C300F818D0
:10C98000FB580838984203D161E09B68984204D074
:10C990005A6822F003028A42F7D8D868C5E9023003
:10C9A0008560DD604046BDE8F041FDF779BC704729
:10C9B000114407F1080C836863453FD0C268DA6010
:10C9C000936041F001036B606950A7E7002B5FD1D2
:10C9D0000A44D0E90213CB60996042F001036B6016
:10C9E000AA50B0E7DB070A4407D454F8083CED1A14
:10C9F0001A44D5E90213CB60996042F001036B60E1
:10CA0000274BBD601B6893429DD8264B4046196852
:10CA1000FFF7F2FE97E71144CDE7142B08D9542B0A
:10CA20001DD80B0B03F16F0003F16E02C300A6E7E4
:10CA300003F15C0003F15B02C300A0E741F00103D6
:10CA4000C7E90455C5E902CC6B6069507BE779689A
:10CA50009210012404FA02F20A437A609EE7B3F5C9
:10CA6000AA7F06D8CB0B03F1780003F17702C3004D
:10CA700085E740F25452934206D88B0C03F17D00B7
:10CA800003F17C02C3007AE74FF47E737E2276E7DF
:10CA900041F001036B60016055E700BFF000002426
:10CAA000E80000245064022482B049B15AB16BB14D
:10CAB00013780B601278101E18BF012002B0704767
:10CAC00001A9002AF3D1104602B070476FF00100AF
:10CAD000F4E700BF49B1FF2A02D80A70012070476D
:10CAE0008A2303604FF0FF3070470846704700BF4D
:10CAF00070B5054684B05BB11C460F4BD3F8E060BF
:10CB0000234669B12846B047431C0FD004B070BD1E
:10CB1000094B00F58274D3F8E06023460029F1D177
:10CB20000A46284601A9B047431CEFD100228A23B8
:10CB300022602B6004B070BD0405002410B582B0E3
:10CB4000049CCDE900344FF0FF3303F025FB02B025
:10CB500010BD00BF000000002DE9F04FD9B00C4619
:10CB6000099115460B938346FFF72AFD0368169338
:10CB70001846D3F705FE00211490082228A8FFF7D5
:10CB8000B9FBA389190603D52369002B00F05E8742
:10CB90009FED7F7B0023CDE92D33CDE917338DED5C
:10CBA000107B2FAA0E932C92144615931C93199365
:10CBB00006932E46B246784BD3F8E450FFF7FAFCC2
:10CBC00028AA0346009224A952465846A84700289E
:10CBD00000F0B180C0F2A780249A252A034601D034
:10CBE0009A44E8E7BAEB0607054640F0A880002320
:10CBF00019464FF0FF328DF8873007930AF1010A8A
:10CC00009AF80030059204910AF1010AA3F120027A
:10CC10005A2A00F2C380DFE812F0F402C100C1001A
:10CC2000ED02C100C100C1006A00C100C1003F02A5
:10CC30005102C1004A020603C100FF025B005B0013
:10CC40005B005B005B005B005B005B005B00C100A6
:10CC5000C100C100C100C100C100C1003B01C10051
:10CC6000BE01D3023B013B013B01C100C100C10039
:10CC7000C100CC02C100C1008802C100C100C100D6
:10CC8000E801C1005702C100C100B206C100C100E5
:10CC9000C100C100C100C100C100C1003B01C10011
:10CCA000BE011A023B013B013B01A0021A027F00B8
:10CCB000C100C202C100B302D80622037F00C10036
:10CCC000E8017C00AE06C100C100DB06C1007C00AB
:10CCD000A3F1300200211AF8013B01EB810102EBC4
:10CCE0004101A3F13002092AF5D907918EE7584690
:10CCF000FFF766FC436819931846D3F741FD1C9073
:10CD000005465846FFF75CFC83681793002D40F0FA
:10CD1000B7859AF8003077E7049B43F0200304932B
:10CD20009AF8003070E70822002128A8FFF7E2FAFD
:10CD300001239A443FE7BAEB0607054610D02E9B25
:10CD40003B442E932D9B0133072BC4E900672D93A1
:10CD500015DC0834069B3B440693002D7FF447AF57
:10CD60002E9B002B41F09381099B9B8903F040038C
:10CD7000002B41F09283069859B0BDE8F08F0999D5
:10CD80002CAA584601F086FC0028EDD12FACE1E733
:10CD90000000000000000000040500240C93002B9C
:10CDA000DED000228DF8FC3001238DF8872002931D
:10CDB0000A920893059212920F920D923FAE049B35
:10CDC00013F0020302D002990231029104992E9DC0
:10CDD00011F0840805D1079902980F1A002F00F36B
:10CDE000A1806AB1012262602D9A013201350DF1F4
:10CDF0008701072A2E952D92216000F3DB830834EA
:10CE00006BB12D9B22AA013302352260072B4FF014
:10CE100002022E952D93626000F3C1830834B8F1AD
:10CE2000800F00F0C482059B089A9F1A002F00F320
:10CE3000FE82049BDA0500F12482089B63601D4496
:10CE40002D9B26600133072B2E952D9300F33F83F6
:10CE50000834049B5A0705D5079B029A9E1A002E98
:10CE600000F3B583DDE9063202998A42ACBF9B1814
:10CE70005B180693002D40F00B8300232D930A9B33
:10CE80001BB10A995846FFF713FD2FAC564691E6A1
:10CE90000C930B9B073323F00703B3EC027B58EC96
:10CEA000177B0B9328F000431B938DED1A7ADDE975
:10CEB0001A01AF4B4FF0FF328DED107BD4F722F902
:10CEC000002840F00285DDE91A01A94B4FF0FF323E
:10CED000D4F7FAF8002840F0F884002200233846FE
:10CEE0004146D4F7E7F8002841F021809DF88720DB
:10CEF000049BA04E23F0800304939F4B0C99472979
:10CF0000D8BF1E46002303210A930291089105937E
:10CF100012930F930D93002A3FF451AF029B0133FC
:10CF200002934CE795492D9A1391102F25DD214648
:10CF30002846099C914D1D934FF0100904E0103FC5
:10CF4000102F01F1080115DD01321030072AC1E967
:10CF50000059CDE92D20F2DD2CAA2146584601F0DA
:10CF600099FB002840F09C82103F102FDDE92D2016
:10CF70002FA9E9DC1D9B0C4605460132139921605F
:10CF80003D44072ACDE92D25676000F3D4869DF83E
:10CF90008720083425E70B9A0C93432B02F10405F4
:10CFA00003D0049BDA0640F11785082200212AA845
:10CFB000FFF7A0F90B9B3FAE1A6831462AAB5846E3
:10CFC000FFF796FD03460133089001F06182089B4C
:10CFD00023EAE373029300220B958DF887200A92CF
:10CFE000059212920F920D92E9E60B9F0C9357F85F
:10CFF000046B00238DF88730002E00F016850C9B03
:10D00000532B00F0BF86049B13F010030D9340F0E8
:10D01000B986059B002BC1F245800D991A46304612
:10D02000D3F7BEFA0A90002801F066820A9B991B8A
:10D030000D9B0891059321EAE17112930F930A93D6
:10D0400073239DF887200B9702910C9363E70C9351
:10D05000049B9B0640F1BD800B9B073323F0070325
:10D060001A46596852F8083B0B920A460029C0F24A
:10D07000CA8305990029C0F28382049921F08005B2
:10D0800053EA020140F07D82059A002A40F07E8238
:10D090000495089258AE60E10B9B53F8042B07925D
:10D0A000002A80F2DA83079A0B9352420792049B7C
:10D0B00043F0040304939AF80030A5E52B238DF880
:10D0C00087309AF800309FE50C93049B43F01005DD
:10D0D00015F0200200F072830B9B073323F0070347
:10D0E00019465A6851F8083B0B9101210020059E12
:10D0F0008DF88700002EC0F2198125F08000049081
:10D1000053EA020040F01181002E40F024860029ED
:10D1100040F0808315F00103089300F0A3833023CF
:10D120008DF85F310DF25F1617E10C93049B43F00D
:10D1300010030493049B13F0200200F055830B9B13
:10D14000073323F0070319465A6851F8083B0B913F
:10D15000049921F480650021C8E79AF80030682B13
:10D1600000F04E84049A42F0400204924CE500BF65
:10D17000FFFFEF7F104A03080C4A03080859030811
:10D18000049B9D0640F190830B9B069A1B681A60D6
:10D19000D2175A600B9B04330B9356460AE59AF854
:10D1A00000306C2B00F02284049A42F010020492AA
:10D1B0002AE5049B43F0080304939AF8003023E522
:10D1C0000C93049B43F010030493049B9B063FF5D0
:10D1D00043AF04990B9ACF0652F8043B00F14B83FE
:10D1E00004994E0640F143860B9243F3C032114638
:10D1F0001BB23BE7049B43F0010304939AF8003011
:10D2000002E59DF887209AF80030002A7FF4FCACF4
:10D2100020228DF88720F7E4049B43F080030493D9
:10D220009AF80030F0E4504610F8013B2A2B01F048
:10D23000E581A3F13002092A98BF002101F2E480C0
:10D2400010F8013B01EB810102EB4101A3F1300237
:10D25000092AF5D941EAE17205928246D6E40B9A91
:10D26000049B43F0020552F8043B0B9247F6300250
:10D27000ADF8882078209B4A1592022100220C905C
:10D2800034E70C9B652B40F33381DDE9100100226C
:10D290000023D3F705FF002800F0D2812D9B924A8E
:10D2A0002260013301350122072B2E952D936260F8
:10D2B00000F35C850834239B0E9A934280F2C88267
:10D2C000149B169A1D44C4E900232D9B2E9501330F
:10D2D000072B2D9300F39E8308340E9B5E1E002EB9
:10D2E0007FF7B7AD102E2D9BDFF8009240F3E5805D
:10D2F000DDF82480102704E00834103E102E40F39F
:10D30000DC8001331035072BC4E90097CDE92D35BA
:10D31000F2DD2CAA4146584601F0BCF9002840F045
:10D32000BF80DDE92D352FACE7E7049D012900F032
:10D330002881022958AE1FD1159803F00F011B094F
:10D34000415C06F8011D43EA0273120953EA020127
:10D35000F3D158AB9B1B04950893059908989DF849
:10D36000872081424FF00003B8BF01460A93029123
:10D3700012930F930D93CEE503F00701DB0843EA08
:10D380004273D208303153EA0207304606F8011DD5
:10D39000F2D1EF07DDD53029DBD03023023806F893
:10D3A000013C58AB1B1A049508930646D5E7079B2A
:10D3B000029A9F1A002F7FF736AD102F2D9BDFF8B2
:10D3C0002C9122DD2A464FF010084D46DDF82490BE
:10D3D00004E0103F102F04F1080414DD0133103273
:10D3E000072BC4E90058CDE92D32F2DD2CAA4946BD
:10D3F000584601F04FF9002852D1103F102FDDE9B7
:10D400002D322FACEADCA946154601333D44072BEB
:10D41000CDE92D35C4F80090676000F3DB84059BEF
:10D42000089A9F1A002F04F108047FF702AD102F0D
:10D430002D9BDFF8B8901FDD2A464FF01008099D9C
:10D4400004E0103F102F04F1080414DD01332749D4
:10D450001032072BC4E90018CDE92D32F1DD2CAADA
:10D460002946584601F016F9D0B9103F102FDDE9D2
:10D470002D322FACEADC154601333D44072BCDE9B4
:10D480002D35C4F80090676000F38C810834D0E437
:10D4900009992CAA584601F0FDF800283FF4EDAC9C
:10D4A0000A9B002B3FF460AC0A995846FFF700FA3C
:10D4B000099B9B8903F040035AE401333544072B51
:10D4C000C4F800906660CDE92D357FF7C1AC0999AD
:10D4D0002CAA584601F0DEF80028E1D12E9D2FAC91
:10D4E000B7E400BFAC4903081C4A0308F858030816
:10D4F0000E9B2D9F012B05F1010507F1010704F19A
:10D50000080840F30B810123072FCDE92D75266014
:10D51000636000F38381149B169A01371D44072F23
:10D52000C8E90023CDE92D7500F3858108F10808CD
:10D530000E9BDDE910015C1E00220023D3F7B0FD35
:10D54000002840F00481013701362544072FCDE93A
:10D550002D75C8F80060C8F8044000F3EB8008F1AE
:10D560000808189BC8F8043001371D44072F26AB64
:10D57000CDE92D75C8F80030A9DC08F1080468E48D
:10D58000049D0A2B72F1000180F05E8330338DF828
:10D590005F310123049508930DF25F16DDE60999CA
:10D5A0002CAA584601F076F800287FF479AF2E9D1A
:10D5B0002FAC34E4099913932CAA584601F06AF869
:10D5C00000287FF46DAF2E9D139B2FAC18E4B44A56
:10D5D0002D9B1392102E1FDDDDF82480102791461D
:10D5E00004E0103E102E04F1080415DD013310355F
:10D5F000072BC4E90097CDE92D35F2DD2CAA414671
:10D60000584601F047F800287FF44AAF103E102E2C
:10D61000DDE92D352FACE9DC0133139A3544072BB6
:10D62000C4E90026CDE92D357FF71CAC09992CAA59
:10D63000584601F02FF800287FF432AF2E9D11E4F8
:10D640002399002940F35183DDE90D329342A8BFAD
:10D650001346002B98460ADD1D44C4E900632D9B48
:10D660002E950133072B2D9300F3618608340D9F0F
:10D67000B8F1000FA8BFA7EB0807002F00F3F58152
:10D680000D9B33440593049B5F0500F11582239B9A
:10D690000E9A9342C0F2A082049AD00700F19C82B5
:10D6A0000E9AB718D61A059BFF1AB742A8BF37467D
:10D6B000002F0ADD23602D9B676001333D44072B5B
:10D6C0002E952D9300F365860834002FA8BFF61B16
:10D6D000002E7FF7BEAB102E2D9BDFF8C8917FF791
:10D6E000ECAEDDF82480102704E00834103E102E44
:10D6F0007FF7E3AE01331035072BC4E90097CDE97E
:10D700002D35F2DD2CAA4146584600F0C3FF002813
:10D710007FF4C6AEDDE92D352FACE7E7049BD907D2
:10D720003FF5F1AE0123072FCDE92D75266063602B
:10D730007FF717AF09992CAA584600F0ABFF0028D5
:10D740007FF4AEAEDDE92D750DF1BC0809E70E9B47
:10D75000012B7FF706AF112BDFF8489140F35C8374
:10D76000CDF814A01026CA46DDF8249005E008F193
:10D770000808103C102C40F34C8301371035072F5C
:10D78000C8E900A6CDE92D75F1DD2CAA4946584619
:10D7900000F080FF00287FF483AEDDE92D750DF1E8
:10D7A000BC08E6E709992CAA584600F073FF002848
:10D7B0007FF476AE2E9D2FACFFF73BBB0B9915F097
:10D7C000100051F8043B0CD115F0400604D00B9129
:10D7D0009BB20246012189E415F400721CBFDBB242
:10D7E00032460B91012181E404980B9910F010004E
:10D7F00051F8043B3DD1049A12F0400534D09BB25D
:10D8000002460B91A4E45B42049D62EB42022D2090
:10D8100001216CE4059B089358AE9EE509992CAA5A
:10D82000584600F037FF00287FF43AAEDDE92D7549
:10D830000DF1BC086FE609992CAA584600F02AFFA2
:10D8400000287FF42DAEDDE92D750DF1BC086FE6E3
:10D85000049BDB077FF5FDAA32E50B939AF80030B5
:10D86000FFF7D2B958AE78E5049A12F4007240F08E
:10D8700009840B916CE40B92DA171146FFF7F6BBA3
:10D88000179A9AF80030002A3FF4BEA91278002AAD
:10D890003FF4BAA9049A42F480620492FFF7B4B943
:10D8A00008590308F8580308049BD80600F1AB8216
:10D8B000049B590600F1E083049B9A0540F1A38282
:10D8C0000B9B069A1B681A7064E4DDE9100102469E
:10D8D0000B46D3F717FC002840F01E860C9B612BEB
:10D8E00000F03185412B00F04E85059B013300F09F
:10D8F00002840C9B23F02003472B00F0E1850A9063
:10D90000DDE91001049A002942F48079C0F2F9841B
:10D910009DED107B8DED1E7B002313930C9B413BF3
:10D92000252B00F22583DFE813F0290423032303CA
:10D930002303EA03B504230323032303230323035D
:10D9400023032303230323032303230323032303A7
:10D950002303230323032303230323032303230397
:10D960002303230323032303230329042303230380
:10D970002303EA03B504049D0C93FFF7A9BB0C93A2
:10D98000AD4B1593049B13F0200200F033810B9BE9
:10D99000073323F0070319465A6851F8083B0B91E7
:10D9A0000498C1070BD553EA020108D00C998DF8F1
:10D9B000891040F00201049130218DF888100499FB
:10D9C00021F480650221FFF791BB0C93FFF7B2BBF6
:10D9D0000C939A4B1593D5E70B9B1B688DF8FC3085
:10D9E0000123029308933FAEFFF7F5BA049B43F07F
:10D9F000200304930AF1010A9AF80030FFF704B9F2
:10DA0000049B43F4007304930AF1010A9AF800306E
:10DA1000FFF7FAB809992CAA584600F03BFE0028F7
:10DA20007FF43EAD2E9D2FAC57E4059B0A96062B46
:10DA3000314628BF0623059632460293804E0B9747
:10DA4000089312910F910D91FFF765BA4021584646
:10DA5000FCF76EF9099B18601861002800F0038636
:10DA6000099A40235361FFF793B8102F2D9BDFF8DD
:10DA7000D49140F30B8249462A46B146099D4FF0A6
:10DA800010080E4604E00834103F102F40F3FA81CE
:10DA900001331032072BC4E90068CDE92D32F2DDE5
:10DAA0002CAA2946584600F0F5FD00287FF4F8AC72
:10DAB000DDE92D322FACE7E70E9BCDF830A006EB69
:10DAC00003090F9BDDF85CA0DDF848800D96002B64
:10DAD00022462946059C099DCDF81490DDF87090EA
:10DAE00031DDB8F1000F40F33B8108F1FF382D988C
:10DAF000199B013049440728C2E900392E912D9025
:10DB000000F387800832059B9AF800001F1B8742AC
:10DB1000A8BF0746002F0CDD2D9801303944072897
:10DB2000C2E900472E912D9000F360819AF8000021
:10DB30000832002FACBFC61B0646002E16DC04447C
:10DB40000F9B002BCDDCB8F1000FCEDCDDE90D63BF
:10DB50002046F31898421446024628BF1A46CDF8CC
:10DB60005CA00D46DDF830A0059290E5102E2D98B2
:10DB7000344B23DD0894102734461E4604E0103C45
:10DB8000102C02F1080216DD01302E4B103107284F
:10DB9000C2E90037CDE92D01F1DD2CAA294658460E
:10DBA00000F078FD00287FF47BAC103C102CDDE900
:10DBB0002D012FAAE8DC33462646089C136001306D
:10DBC00031440728CDE92D01566000F3A2839AF86D
:10DBD000000008320444B3E7149A16991544C4E9C6
:10DBE00000122D9A2E950132072A2D9200F3BE8342
:10DBF000083455E504980B9910F0100051F8043BD7
:10DC000017D1049A12F040050ED09BB202460B9138
:10DC1000C6E62CAA2946584600F03CFD00287FF4B1
:10DC20003FAC2E992FAA6EE7049A12F4007240F0CE
:10DC30001F820B91B4E600BF98490308AC49030862
:10DC4000C0490308F858030800210894DFF81C9322
:10DC5000179CCDF810A005F4806758AE4FF005086A
:10DC600002958C4605E00A2B72F1000234D353462C
:10DC70002A46991841F10001A9FB010525F003008E
:10DC800000EB9500091A581A4FF0CC3562F1000EDE
:10DC900005FB00F5A0FB09A009FB0E550AF0010EDB
:10DCA0000544AEFB080E40184FEA5A0A303006F819
:10DCB000010C4AEAC57A0CF1010C013E6D08002FF7
:10DCC000D1D021788C45CED1BCF1FF0FCBD00A2B1F
:10DCD00072F1000280F0E7801794DDF810A0029D39
:10DCE000089CCDF838C0FFF734BB2D9B9E4A2260BC
:10DCF000013301350122072B2E952D93626000F32D
:10DD00001B810834002940F09380049B0E9A03F095
:10DD1000010313433FF49DA8149B169A1D44C4E9C4
:10DD200000232D9B2E950133072B2D9300F3D681D5
:10DD300004F108028DE0099913932CAA584600F0CB
:10DD4000A9FC00287FF4ACAB9DF887202E9D139B87
:10DD50002FACFFF746B80129049D7FF4EAAA15E429
:10DD60000F9B013B0AF1FF3A0F93C0E609992CAAD9
:10DD7000584600F08FFC00287FF492AB2E9D2FAC0C
:10DD8000FFF799BA0DF1A808082200214046259610
:10DD9000FEF7B0FA059B002BC0F292800025029797
:10DDA00099462F460EE03FA95846FEF7A1FE431CB8
:10DDB000384400F08F83484509DC05F1040500F084
:10DDC000BD830746259A52594346002AEBD108974E
:10DDD000029F83E009992CAA584600F05BFC0028BA
:10DDE0007FF45EAB2E9D2FACFFF71DB82CAA294601
:10DDF000584600F04FFC00287FF452AB9AF8000020
:10DE00002E992FAA95E60B9B069A1B681A60FFF7BE
:10DE1000C1B9D146DDF814A0C8F8009001372544F7
:10DE2000072FCDE92D75C8F804407FF798AB81E442
:10DE3000149B169A1D44C4E900232D9B2E95013393
:10DE4000072B2D9300F34A8104F108020029C0F248
:10DE5000E0820E99166001330D44072BCDE92D3574
:10DE600051603FF734AB02F10804FEF7F2BF0499AA
:10DE70000B928D054ABF43F3C012DA175BB211460D
:10DE8000FFF7F4B8154632464E46914601333D44FD
:10DE9000072BCDE92D35C4F80090676000F312819F
:10DEA0000834FFF7EDBB1C9B1999F61A1A46304649
:10DEB000FEF720FB637803B101344FF0000CD6E687
:10DEC00000231946CDF8008025AA5846FEF736FEF5
:10DED00003460133089000F0FD822596089B002B35
:10DEE00036D0632B00F3E48000230A933FAE082270
:10DEF00000214046FEF7FEF9089DCDF800802B4634
:10DF000025AA31465846FEF719FE854240F0A58302
:10DF100008990B970023735421EAE1719DF887203B
:10DF20000593029112930F930D93FEF7F4BF2D22E8
:10DF30008DF88720FEF7DCBF09992CAA584600F01F
:10DF4000A9FB00287FF4ACAA23992E9D2FACD9E61B
:10DF5000089B9DF887200B970293059312930F93CC
:10DF60000D930A93FEF7D7BF1C4A0308CDCCCCCC47
:10DF70002AAB019325AB0093022123AB9DED1E0B31
:10DF8000059A584600F084FD049BD907064600F127
:10DF9000FC812A9B1B1A0E93239B0D930D9BDA1C6D
:10DFA00003DB059A9A4280F28B810C9B023B0C9317
:10DFB0000D9B013B9DF8302023930021002BB8BF1F
:10DFC0000D9B8DF89820BABFC3F101032D222B229F
:10DFD000092B8DF8992040F365820DF1AF05B34F01
:10DFE0002A461046A7FB0312D20802EB8201A3EBDC
:10DFF0004101303100F8011C19466329134600F134
:10E00000FF32EEDC303302F8013C831EAB4280F07D
:10E0100021830DF1990213F8011B02F8011FAB4295
:10E02000F9D158AB181AA0F1AD0318930E9B189AAA
:10E03000012B1A44089240F35882089B149A134407
:10E040000893049B089A23F4806343F48073049339
:10E0500022EAE2720023129302920F930D93139B14
:10E06000002B40F01B819DF887200593FEF753BFDE
:10E07000DBB22A460B9193E40B9B069A1B681A802D
:10E08000FFF788B8DBB22A460B91FFF761B8099C0D
:10E090002CAA2146584600F0FDFAA38903F040035C
:10E0A000FEF766BE3046D2F76BFB0146FEF7C0BFF7
:10E0B000591C5846FBF73CFE0646002800F0DB8260
:10E0C0000A9014E709992CAA584600F0E3FA0028B0
:10E0D0007FF4E6A92E9D2FACFFF7D2BA09992CAA9E
:10E0E000584600F0D7FA00287FF4DAA9DDE92D358B
:10E0F00023992FAAAAE606230A90059300E4059B1C
:10E10000022103F101082AAB019325AB00939DED99
:10E110001E0B23AB4246584600F0BAFC0C9B23F082
:10E120002007462F064600EB080518BF452705D1F6
:10E130003378302B00F03C81239B1D44DDE91E0128
:10E1400000220023D2F7ACFF002840F059812A9B1F
:10E15000AB4206D230215A1C2A9219702A9B9D424A
:10E16000F9D8239A0D929B1B472F0E933FF416AFBD
:10E17000462F00F02B810D9B013B1BE723A89DED53
:10E180001E0B00F0BDFB00224FF07F5351EC100B33
:10E19000D2F71EFD02460B46CDE9022300220023E2
:10E1A000D2F77EFF08B101232393059B404A0C98C8
:10E1B000CDF820A0591E3F4B0D96612808BF1A4686
:10E1C0003746A0460592DDE902458A46164609E033
:10E1D000002200230AF1FF39D2F762FF002840F045
:10E1E000BB81CA46344B002220462946D2F7F0FCB8
:10E1F0000D460446D2F79CFF8146D2F77FFC0246CB
:10E200000B4620462946D2F72BFB16F80930BAF107
:10E21000FF3F3A46044607F8013B0D46D8D1CDE909
:10E220000245264BDDF820A00D9E44469046002274
:10E230004D46D2F75DFF002800F0FF81059BCDF829
:10E24000A880D97B17F8012C91423B4609D1302098
:10E2500003F8010C2A9B5A1E2A9213F8012C9142B2
:10E26000F6D0392A0BBF059A0132927AD2B203F85E
:10E27000012C3B469B1B0C9A0E93239B0D93612A0A
:10E2800003F1FF33239300F0B381412150220C911D
:10E29000012193E6DDF81480032134E72D220023C9
:10E2A0008DF887200593FEF739BE00BFCDCCCCCCCE
:10E2B00098490308AC490308000030400000E03FE3
:10E2C000DDE90D23934200F3C480049B13F0010F9A
:10E2D0000D9B00F00F81149A13440893049B5F0573
:10E2E00003D50D9B002B00F34781089B23EAE373C2
:10E2F000029367230C930023CDF8109012930F9391
:10E30000ADE601F100431F932D231E901393FFF7F9
:10E3100005BB2CAA2946584600F0BCF900287FF41A
:10E32000BFA89AF800002E992FAA044408E409997E
:10E330002CAA584600F0AEF900287FF4B1A82E9D13
:10E340002FACFFF794B978238DF88930049B43F004
:10E350000203049330238DF88830059B632B00F370
:10E360008E8000230A933FAEFFF7CABA09992CAA00
:10E37000584600F08FF900287FF492A8239B2E9D29
:10E380002FACFFF78DB95823DEE7059B4727C5184B
:10E39000D4E609992CAA584600F07CF900287FF4AD
:10E3A0007FA8239E0E9B2E9D9E1B2FACFFF78DB941
:10E3B000DDE91E0100220023D2F772FE002800F0E2
:10E3C0001981239B0D931D44AB1B0E93049B0D9948
:10E3D000059A03F00103002943EA020340F31A817E
:10E3E000002B40F0F2800D9B089366230C93049B56
:10E3F0005B0500F1C380089B23EAE37302937AE78D
:10E40000239A0D922B46AEE6002282460592FEF735
:10E41000FDBB4F421031DFF87892B8BF102404DB07
:10E4200021E00832103F102F1DDD01331035072B7E
:10E43000C2E90094CDE92D35F3DD09992CAA58469F
:10E4400000F028F900287FF42BA8DDE92D352FAA4C
:10E45000E8E70E9B149A9A180D9B0892002B71DD29
:10E4600067230C93C3E701333D44072BCDE92D35DA
:10E47000C2F80090576000F3AF800832E9E4591CFD
:10E480005846FBF755FC064610B10A90FFF738BA1C
:10E49000099A938943F0400393814FF0FF33069329
:10E4A000FEF769BC002934D130228DF89A200DF195
:10E4B0009B02303302F8013B26ABD31A1893B5E523
:10E4C000059B002B7FF41BAA059B0A930123059350
:10E4D000FFF716BA099BB3F90C3000220A9243F0F9
:10E4E0004003099A9381FEF7DBBF049BDB077FF5AE
:10E4F000A8ADA2E50893F1E6059B02930893732368
:10E500009DF887200B97059012900F900C93FEF7C3
:10E5100002BD0DF19A02CCE7119B5A4E002B049BD1
:10E52000A8BF9DF8872023F08003B8BF2D22049355
:10E53000B8BF8DF88720544BFEF7E0BC059B029FC7
:10E540000893CBE4C3F101031A4422EAE273029375
:10E55000672308920C93CEE651460029DDF820A0EF
:10E560000D9E4446FFF685AE4B1C3B44302207F817
:10E57000012B9F42FBD17DE667230C9317990B7803
:10E58000FF2B74D000250D9A284603E0013001319D
:10E59000FF2B08D0934206DAD21A4B78002BF5D124
:10E5A0000B780135F4E717910D920F901295129A9E
:10E5B0000F9B1C99CDF810901344089A01FB03237C
:10E5C000089323EAE373029349E5149B1A44531812
:10E5D000089366230C930AE709992CAA584600F081
:10E5E00059F800287EF45CAFDDE92D352FAA30E420
:10E5F00070224DE6C8F1010323939EE50B9A9AF829
:10E60000013052F8041B0B9241EAE17182460591F8
:10E61000FEF7FABA2BB90123662202930C920893F3
:10E6200069E6149B03F10108059B4344089323EA20
:10E63000E373029366230C935DE6DDE90201134B5D
:10E640000022D2F72DFD00283FF413AEE8077FF536
:10E6500010AEF3E502231893E8E4099BB3F90C30FC
:10E6600043F040033DE70C23CBF8003015E70023CF
:10E6700012930F939BE7099B0A90B3F90C3043F078
:10E6800040032EE7184A0308144A03080000E03F3D
:10E69000F85803082DE9F843154692682C68FAB13A
:10E6A00080468946083401E00834CFB16B68591EB2
:10E6B000002B1746696013DD54F8046C002EF3D06C
:10E6C000334654F8082C4946404601F077FD431C78
:10E6D00007D0AA68921B1746AA600834002FE5D11C
:10E6E00000200023C5E90133BDE8F88370B5002997
:10E6F0003FD006460C4610B1436B002B3CD0636EF6
:10E70000B4F90C20DD0732D4900538D521463046C7
:10E71000FCF7C0FFE36A054633B1E169304698472C
:10E720000028B8BF4FF0FF35A3891A0639D4216BF2
:10E7300041B104F14003994202D03046FEF7B8F8E7
:10E7400000232363616C21B13046FEF7B1F800234A
:10E750006364FDF727F9636E0022DB07A2811CD5F5
:10E76000A06DFDF7DFFFFDF723F9284670BD002AF5
:10E77000CCD10025284670BDFDF7F6F8BFE7A06DA7
:10E78000FDF7D2FFB4F90C30002BBFD1636ED9076F
:10E79000EFD4A06DFDF7CAFFEBE7A06DFDF7C6FF54
:10E7A000DEE721693046FEF783F8C0E72DE9F04146
:10E7B000B1F90C300C46990796B008D504F1430323
:10E7C0000122C4E90432236016B0BDE8F081B4F937
:10E7D0000E100029064626DB6A4600F055F8002890
:10E7E0001FDB019D05F47045A5F50055B5FA85F5CB
:10E7F0004FF480686D094FF4006741463046FBF7DF
:10E8000097FAE8B1B4F90C30C4F8148043F08003EF
:10E8100020602061A3813DBB3B43A38116B0BDE8CE
:10E82000F081B4F90C3013F0800519D04FF0400896
:10E830000025414630462F46FBF77AFA0028E1D101
:10E84000B4F90C309A05BFD423F0030304F143025A
:10E8500043F002030121C4E90421A3812260B3E74C
:10E860004FF480682F46C8E7B4F90E10304600F028
:10E8700021F810B9B4F90C30CEE7A38923F00303D3
:10E8800043F001031BB2C7E770B50C46084D0346C1
:10E890000026204611461C462E60D5F772FC431C0C
:10E8A00000D070BD2B68002BFBD0236070BD00BF73
:10E8B0009065022438B5074D0022044608462A60B8
:10E8C000D5F764FC431C00D038BD2B68002BFBD06F
:10E8D000236038BD9065022438B5074D074C2C1BCA
:10E8E000A41005D0013C55F8043D9847002CF9D1FF
:10E8F000BDE8384002F006BC745E03086C5E030895
:10E9000070B555EC104B0646134825F00043002126
:10E91000834231601DD8204618431AD00F48284042
:10E920002A4658B90E4B002220462946D2F750F904
:10E930000A4621F0004304466FF035011B156FF3C2
:10E940001E52A3F2FE3342F07F550B4445F40015EE
:10E95000336045EC104B70BDFFFFEF7F0000F07F90
:10E96000000050432DE9F04F03690C69A34283B0C6
:10E97000C0F28A80013C01F1140500F1140855F839
:10E98000243058F8242001339A428E4681464FEABB
:10E99000840105EB840708EB840AB2FBF3F63AD353
:10E9A000CDE900150022AC46404613465CF8041B36
:10E9B00005681FFA81FB06FB0B22090C4FEA124B7C
:10E9C00006FB01BB92B2A9B2891A19441FFA8BF354
:10E9D000C3EB214303EB154389B241EA0341674589
:10E9E00040F8041B4FEA1B424FEA2343DED2DDE925
:10E9F000001558F8013073B9AAF1040AD04504D3C0
:10EA000007E0D04504F1FF3403D25AF80439002B53
:10EA1000F7D0C9F810407146484601F001FA0028C5
:10EA20002EDB4146002255F8040BD1F800C01FFA36
:10EA300080FE1FFA8CF3A3EB0E031344020CC2EB0F
:10EA4000234202EB1C429BB243EA0243AF4241F82D
:10EA5000043B4FEA2242E6D258F8242008EB840314
:10EA60006AB9043B434504D807E0984504F1FF34F4
:10EA700003D253F80429002AF7D0C9F81040013610
:10EA8000304603B0BDE8F08F002003B0BDE8F08F42
:10EA90002DE9F04F9DB0CDE90A320291816B269DA0
:10EAA00004908DED060B57EC106B49B1C26B4A60B8
:10EAB0000123934004468B6000F050FF0023A363C2
:10EAC000B7F10009B4BF012300232B60764BBCBF14
:10EAD00029F00049CDF81C9033EA090300F0AA8020
:10EAE0009DED067B002251EC170B00238DED007B82
:10EAF000D2F7D6FA804668B10A9A01231360279BA1
:10EB000013B1279A694B1360694B059305981DB0A3
:10EB1000BDE8F08F9DED000B04981AAA1BA901F027
:10EB20005DFA5FEA1955824640F09A80DDE91A8560
:10EB3000454405F23243202B40F38A83C3F140035E
:10EB400009FA03F905F2124326FA03F349EA03002E
:10EB5000D1F7C4FF0123013DA1F1F8711293554B88
:10EB60000022D1F77DFE4AA3D3E90023D2F730F883
:10EB700049A3D3E90023D1F775FE064628460F4680
:10EB8000D1F7BCFF46A3D3E90023D2F721F8024610
:10EB90000B4630463946D1F765FE06460F46D2F79A
:10EBA000C7FA002204460990002330463946D2F7BE
:10EBB00081FA002840F02283099CA8EB050808F19F
:10EBC000FF33162C089300F28A813B4B03EBC403FE
:10EBD000D3E90023DDE90001D2F76CFA002871D0F7
:10EBE000631E099300231193089B002BC0F27D81C3
:10EBF00000230C93099B002B6ADA099B0C9A0D9356
:10EC0000D21A0C925A4200230993029B1092092BAC
:10EC100068D8052B40F32183043B02930025029B17
:10EC2000023B032B00F23686DFE813F06E046B0420
:10EC3000630447040A9AC9F3130942F20F7359EAAD
:10EC4000060913601CD1279B002B00F043861B4B49
:10EC500005930833279A059813601DB0BDE8F08F1F
:10EC6000DDE90012C2F31303084643F07F51CDF8EB
:10EC70004880A5F2FF35DDF8688041F440116EE769
:10EC8000279B002B40F0F4830D4B05933EE700BF1C
:10EC900061436F63A787D23FB3C8608B288AC63FA2
:10ECA000FB799F501344D33F0000F07F1D4A0308B7
:10ECB0001C4A03080000F83F50590308204A030883
:10ECC0002C4A0308B8F1000F40F3A38411900C9074
:10ECD000DDE908321344089300231093029B0D9240
:10ECE000092B96D90023012502930E954FF0FF3B87
:10ECF0000B93049BCDF84CB00021D963049800F02D
:10ED000007FE0590002800F0CE85DDE90432BBF156
:10ED10000E0F9A6300F21881002D00F015810D99F5
:10ED2000002940F34684B34B01F00F0203EBC2030A
:10ED3000C805D3E900894FEA211540F10884AE4B9C
:10ED4000DDE90001D3E90823D2F76CF8CDE914011D
:10ED500005F00F0503277DB1A74EE90708D540460A
:10ED60004946D6E90023D1F733FF0137804689466B
:10ED70006D1006F10806F0D142464B46DDE914015C
:10ED8000D2F750F880468946119B43B19B4B002235
:10ED900040464946D2F78EF9002840F00B853846A8
:10EDA000D1F7ACFE42464B46D1F712FF944B0022FE
:10EDB000D1F758FDA1F15073CDE914011593BBF1C2
:10EDC000000F00F0A8800D9BCDE918B349464046DE
:10EDD000D2F7AEF9189A874B03EBC20313ED027B0F
:10EDE00005468DED167BD1F789FE0B460246494656
:10EDF0004046D1F735FD059F0E9B30357E1CECB2A9
:10EE0000804689463546002B00F06C84DDE91623E8
:10EE10007C490020D2F706F8DDE91423D1F720FD64
:10EE20003C7042464B4604460D46D2F761F9002835
:10EE300040F0B884CDF850A0CDF858B00027AB46CC
:10EE4000A246189D2AE00137AF4280F2FD846E4B46
:10EE5000504659460022D1F7BBFE6B4B002282463A
:10EE60008B4640464946D1F7B3FE89468046D2F7E5
:10EE70005FF90446D1F742FE02460B46404649463A
:10EE8000D1F7EEFC303406F8014B52465B46804623
:10EE90008946D2F70FF9002840F0D38442464B460A
:10EEA00056490020D1F7DCFC52465B46D2F702F906
:10EEB0000028C8D0199BDDF850A0059A374603F109
:10EEC000010802E0974200F09B843E4617F8013D9E
:10EED000392BF7D00133DBB23B7045467DE101238E
:10EEE0001193089B002BBFF683AEC8F101030C936E
:10EEF000002308937EE63846D1F700FE42464B4693
:10EF0000D1F766FE3E4B0022D1F7ACFCA1F1507365
:10EF1000CDE9140115933D4B002240464946D1F7F7
:10EF20009FFCDDE9144522462B4606460F46D2F7E4
:10EF3000DFF8002840F0738430463946224605F158
:10EF40000043D2F7B7F828BB1B9B002BC0F2908080
:10EF50000D9A0E2A00F38C80264B0D9A03EBC20308
:10EF600093ED007B0B9B002B8DED027B19DABBF13F
:10EF7000000F16DC0ED1254B0022DDE90201D1F78E
:10EF800027FE02460B46DDE90001D2F79DF8002876
:10EF900000F045840023059E00931F460B9BDD4334
:10EFA0002DE2059B5D1CDDE90278DDE900013A46B2
:10EFB0004346D1F737FFD2F7BBF80646D1F79EFD9F
:10EFC0003A464346D1F704FE02460B46DDE900010E
:10EFD000D1F746FC059A06F13003BBF1010F2F462D
:10EFE000137000F021830125CDF800A0A846DDE9CB
:10EFF000029A2BE050590308285903080000F03FFB
:10F0000000001C400000E03F0000244000001440CD
:10F010004A46534620462946D1F704FFD2F788F8DE
:10F020000646D1F76BFD4A465346D1F7D1FD08F1AC
:10F0300001080B46024629462046D1F711FC06F18D
:10F040003003D84507F8013B00F0EC82844B0022E6
:10F05000D1F7BEFD0022002304460D46D2F720F86A
:10F060000028D5D00D9DDDF800A001353E46B4E066
:10F070000E9A002A40F0D8800023109E0C9D0E931B
:10F080001F4665B1089A002A09DD0C99AA42134669
:10F09000A8BF2B46C91AED1AD31A0C910893109BDE
:10F0A00053B10E9B13B1002E40F0F7825146109AD7
:10F0B000049800F0E3FD82460498012100F0FAFC78
:10F0C000099B0090002B40F0BE81029B012B40F376
:10F0D000D4810120089A104410F01F0000F09B809A
:10F0E000C0F12003042B40F3E3810C9BC0F11C0012
:10F0F000034402440C93054408920C9B002B05DD4D
:10F10000514604981A4600F013FE8246089B002BD5
:10F1100005DD009904981A4600F00AFE0090119B44
:10F12000002B40F07581BBF1000F40F34C810E9B2A
:10F13000002B40F0A4800D9D0135DDF81480009C6B
:10F14000DDF81090012607E0514600230A224846C8
:10F1500000F00EFC0136824621465046FFF702FCC5
:10F16000B34500F1300008F8010BEDDCBBF1000FF6
:10F17000059BCCBF5E460126814603EB060B0024AF
:10F1800051460122049800F0D3FD0099824600F018
:10F1900047FE002840F3EE81059A02E0934500F017
:10F1A00003825E460BF1FF3B16F8013C392BF5D08C
:10F1B00001338BF80030DDF810800099404600F0F4
:10F1C000CDFB57B12CB1BC4203D02146404600F0E4
:10F1D000C5FB0498394600F0C1FB0498514600F085
:10F1E000BDFB002333700A9B1D60279B002B3FF45F
:10F1F0008DAC05981E601DB0BDE8F08F2046D1F79C
:10F200007DFC32463B46D1F74BFF00287FF4D4AC5F
:10F21000631E0993D0E41C230C9A1A440C92089A9A
:10F220001A441D44089268E7029A012A40F3AD810E
:10F23000109B0BF1FF36B342C0F26981BBF1000FA6
:10F24000A3EB060680F2EF820C9BA3EB0B056CE1AF
:10F25000C3F1200306FA03F07AE40125DFE400BFDE
:10F26000000024403946002304980A2200F080FB65
:10F27000139B002B074640F3FF820D969B46002D03
:10F2800005DD394604982A4600F052FD0746099BE1
:10F29000002B40F0E681B846059E731E03EB0B047D
:10F2A000069B03F00103CDE90B43049C00995046F3
:10F2B000FFF758FB39468346504600F0B1FD0099F0
:10F2C00005464246204600F0CDFDC3680BF13009EB
:10F2D0000146ABBB0990504600F0A2FD0999089089
:10F2E000204600F03BFB089A002A54D1029B1BB930
:10F2F0000C9B002B00F0AE82002D3FDB0B9BB34636
:10F300009E420BF8019B00F0C381514600230A2264
:10F31000204600F02DFB4745824639464FF000035A
:10F320004FF00A02204630D000F022FB414607464B
:10F3300000230A22204600F01BFB5E468046B5E70C
:10F34000049800F00BFB002D06DB069B03F0010286
:10F35000029B1D432A4329D151460122049800F003
:10F36000E7FC0099824600F05BFD002840F3F68040
:10F37000B9F1390F00F049820BF131090D9D06F802
:10F38000019B3C460135474615E700F0F1FA5E4621
:10F39000074680468AE7002DC0F29382029B1D43F8
:10F3A0000C9B1D4300F08D82002AA7DDB9F1390FB7
:10F3B00000F02B820D9D09F101033C4606F8013B4C
:10F3C00001354746F7E6029B022B7FF7B0AEBBF153
:10F3D000000F40F02581009904985B46052200F05B
:10F3E000C7FA01460090504600F01AFD002840F38D
:10F3F0001781059E0D9D312306F8013B01350099CB
:10F40000049800F0ABFA0135002F7FF4E2AEE4E699
:10F410000099504600F004FD0028BFF684AE514626
:10F42000002304980D9C0A2200F0A2FA0E9B661E8F
:10F430008246002B7FF416AF139B002B40F3118202
:10F440000D9D9B4679E601461A46049800F016FC8D
:10F45000029B0090012B6EDD00230993009A136933
:10F4600002EB8303186900F0D3FAC0F1200031E603
:10F47000984B05930333FFF7EDBB069B002B7FF4FE
:10F4800028AEDDE90612C2F31303002B7FF421AE90
:10F49000914B134033B10C9B01330C93089B013308
:10F4A00008930123099A0993002A3FF412AED5E785
:10F4B0003FF423AEC0F13C03AEE601230E930B9B59
:10F4C0000D9A134403F1010B5E46012E1393B8BF4E
:10F4D0000126172E40F3F981012204235B0003F17A
:10F4E0001400B042114602F10102F7D9049BD9631E
:10F4F00004E401230E930B9E002E36DD1396B346D3
:10F50000E7E700230E93DAE700230E93F3E7109B5F
:10F51000099A1096F31A1A44089B09925B440893BF
:10F520000C9B1D465B440C9300260498012100F0BF
:10F53000C1FA0746A5E5069B002B8DD1DDE9060142
:10F54000C1F313030A46002BA2D0099086E79DED74
:10F55000007B02278DED147BFFF7FDBB7FF40EAF20
:10F5600019F0010F7FF404AF08E701230B939B46CA
:10F57000FFF7BFBB03D119F0010F7FF40DAE5E465C
:10F580001BF8013D302BFAD015E6129A002A00F044
:10F590009C8003F23343089A109E1A4408920C9AF6
:10F5A00015461A440C92C0E7059A312301351370B1
:10F5B00001E600F0FA800D9A484B554205F00F0223
:10F5C00003EBC203D3E90023DDE90001D1F700FB1F
:10F5D0002D11CDE9140100F05881414E002302277E
:10F5E00080468946EA0709D5D6E9002340464946C0
:10F5F000D1F7EEFA01378046894601236D1006F1F6
:10F600000806EFD1002B7FF4BFABDDE91489FFF7CB
:10F61000BBBBC8F1010308900C931190FFF758BBD6
:10F62000059EBBE4DDF800A002460B46D1F71AF9AF
:10F630000D9DCDE90001013502460B46DDE90201D1
:10F64000A846D1F737FD40B9DDE90023DDE9020125
:10F65000D1F726FD18B1F30701D5059A35E43E46EA
:10F66000BBE57968049800F053F90546002800F0DE
:10F6700021813B6902339A0007F10C010C30D0F76D
:10F68000DFFF04982946012200F052FB804603E682
:10F690000D9D3C460135474672E5049C394632468D
:10F6A000204600F0EBFA524601460746204600F09D
:10F6B0002FFA51468046204600F050F9109B9B1BC4
:10F6C000C24610933FF4F8ACF0E41A9BC3F1360342
:10F6D00061E700BF2C4A03080000F07F505903087F
:10F6E00028590308DDE91623DDE91401D1F770FA82
:10F6F000059B1C70189B012BCDE90E0100F0C38007
:10F70000189F059B12961F447A4B0022404649469B
:10F71000D1F75EFA0D460446D1F70AFD8146D1F7CE
:10F72000EDF909F1300902460B4620462946D1F78A
:10F7300097F806F8019BBE4280468946E4D1129DA7
:10F740006D4B0022DDE90E01D1F78CF802460B4625
:10F7500040464946D1F7CCFC00286CD1DDE90E23A8
:10F7600065490020D1F77CF802460B4640464946E1
:10F77000D1F7A0FC80B91B9B002BFFF67DAC0D9B45
:10F780000E2B3FF779AC5D4B0D9A03EBC20393ED63
:10F79000007B8DED027B06E43E46013F16F8013CFE
:10F7A000302BF9D0199D013517E5DDE900890227D5
:10F7B000FFF7EABABBF1000F3FF49DAB139C002C9E
:10F7C0007FF7C2AB0D9B013B00224046494619938F
:10F7D000484BD1F7FDF980468946781CD1F78EF960
:10F7E00042464B46D1F7F4F9454B0022D1F73AF89F
:10F7F000A1F15073CDE9140118941593FFF7E6BAFF
:10F8000008F101083123FFF767BB0D9D059AB34648
:10F8100039233C460BF8013B01354746C1E4002340
:10F8200000931F46E5E5089B5B4408930C9B1D462F
:10F830005B440C9379E6199B059A03F10108FFF7E5
:10F8400044BBDDF850A0ADE7DDF850A0DDF858B0BE
:10F85000FFF77ABBB9F1390FD7D0002D3FF78CAD48
:10F860008CE5029B022B03DC0D9DDDF84CB064E4BB
:10F87000DDF84CB00D96AAE5029B022BF8DCDDF812
:10F880004CB00D96FBE437465AE7DDE914890227B0
:10F89000FFF77ABA049B0025DD632946184600F07D
:10F8A00037F80590D0B9174B1748002240F2AF1136
:10F8B000FAF7BAF9134B14482A4640F2EF21FAF747
:10F8C000B3F9002A3FF748AD58E5049B0021D963FE
:10F8D000FFF714BA0D4B0593FFF718B9DDE90432B1
:10F8E0009A634FF0FF3301220B9513930E929B46C0
:10F8F000FFF72ABB000024400000E03F50590308F6
:10F9000000001C40304A0308444A0308204A030808
:10F91000436C70B505460C464BB153F8240080B1DA
:10F92000026843F824200023C0E9033370BD21227C
:10F93000042100F0A3FC034668640028EDD10020F8
:10F9400070BD012101FA04F6721D9200284600F0F4
:10F9500095FC0028F3D0C0E90146E4E731B1436CDF
:10F960004A6853F82200086043F82210704700BF2D
:10F970002DE9F0410D6907460E461C4601F1140EB3
:10F980000020DEF800108BB202FB03434FEA134C59
:10F99000090C02FB01CC01309BB203EB0C43854206
:10F9A0004EF8043B4FEA1C44EBDC3CB1B368AB427D
:10F9B00007DD06EB850301355C6135613046BDE846
:10F9C000F081716838460131FFF7A2FF8046A8B187
:10F9D0003269023206F10C0192000C30D0F730FE91
:10F9E0007B6C726853F82210316043F822604646FF
:10F9F00006EB850301355C613561DFE7024B0348A7
:10FA00004246BA21FAF710F9304A0308A04A03081F
:10FA1000B0F5803F034636BF030400201020B3F149
:10FA2000807F3CBF1B020830B3F1805F3CBF1B01ED
:10FA30000430B3F1804F03D3002B06DB0130704755
:10FA40009B0003D45B0003D4202070470230704732
:10FA500003307047036813F00702014607D0DA0746
:10FA60001FD4980721D55B080B600120704798B21E
:10FA7000A0B11046DAB20AB908301B0A1A0704BF4F
:10FA80001B0904309A0704BF9B080230DA0703D42D
:10FA90005B0800F1010006D00B6070471B0C1020C2
:10FAA000E8E700207047202070479B080B60022089
:10FAB000704700BF38B5436C04460D464BB15868DB
:10FAC000B0B102685A6000220123C0E903234561F6
:10FAD00038BD2122042100F0D1FB034660640028D8
:10FAE000EDD1094B0948002240F24511FAF79CF884
:10FAF0001C220121204600F0C1FB0028F1D0012288
:10FB00000223C0E90123DEE7304A0308A04A0308C4
:10FB10002DE9F04FD1F810801569A84585B00E4643
:10FB2000924605DB2A46534645468A4690461E467F
:10FB3000DAF80830DAF8041005EB0804A342B8BF7D
:10FB40000131FFF7E5FE8446002800F08B8000F1CC
:10FB5000140707EB840E774505D23B46002243F895
:10FB6000042B9E45FBD8143606EB88080AF11409CD
:10FB7000464509EB850566D2A5EB0A03153B23F044
:10FB800003030AF1150A043355452CBF9B464FF079
:10FB9000040BCDF808E00394AE46E24605E0090CFC
:10FBA0002AD1B04507F104074AD956F8041B8DB293
:10FBB000002DF4D0CC463C46002301965CF8040BA3
:10FBC000216886B28AB2000C05FB0622090C1A4491
:10FBD00005FB001101EB124192B242EA0142E645F7
:10FBE00044F8042B4FEA1143E8D8019E47F80B3044
:10FBF00056F8041C090CD4D03B68002248461D4628
:10FC00003C469446028801FB02C202EB15429BB2BD
:10FC100043EA024344F8043B50F8043B25684FEAAA
:10FC2000134CABB201FB0C3303EB124370454FEAAC
:10FC3000134CE7D3B04547F80B3007F10407B4D8AD
:10FC4000DDE902E4D446002C02DC05E0013C03D0EF
:10FC50005EF8043D002BF9D06046CCF8104005B0AA
:10FC6000BDE8F08F034B044862464FF4B171F9F7D9
:10FC7000DBFF00BF304A0308A04A030812F0030369
:10FC80002DE9F041144607462CD10D46A4101CD096
:10FC90003E6C86B3E3074FF0000806D4641014D01E
:10FCA0003068A8B10646E307F8D5324629463846FB
:10FCB000FFF72EFF35B17B6C696853F821202A606D
:10FCC00043F8215064100546EAD12846BDE8F0818A
:10FCD000324631463846FFF71BFF3060C0F80080DF
:10FCE0000646E0E7013B0F4A52F823200023FFF7C6
:10FCF0003FFE0546CAE701213846FFF709FE0646E2
:10FD000040B1012340F27122C0E90432002338647B
:10FD10000360BFE7044B0548324640F24511F9F74E
:10FD200083FF00BF18590308304A0308A04A03089C
:10FD30002DE9F0470C4690462769A368496807EB10
:10FD400062177D1C9D4206464FEA621904DD5B0086
:10FD50009D4201F10101FADC3046FFF7D9FD8446EE
:10FD6000002851D0B9F1000F00F114000EDD09F1A7
:10FD700005024FEA820E03460CEB8202002143F893
:10FD8000041B9342FBD1AEF114031844216904F122
:10FD9000140318F01F0803EB81012DD0C8F12009CE
:10FDA00086464FF0000A1A6802FA08F242EA0A028E
:10FDB0004EF8042B53F8042B994222FA09FAF2D890
:10FDC0000B1B153B23F00303043304F1150291428E
:10FDD00038BF042340F803A0BAF1000F00D13D461C
:10FDE000736C6268CCF8105053F8221021606046A2
:10FDF00043F82240BDE8F087043853F8042B40F85C
:10FE0000042F9942F9D8EAE7034B044862464FF4BD
:10FE1000EF71F9F709FF00BF304A0308A04A030851
:10FE20000B6984460069C01A16D10CF1140C143108
:10FE30000CEB830210B401EB830301E0944508D27C
:10FE400052F8044D53F8041D8C42F7D005D24FF000
:10FE5000FF305DF8044B7047704701205DF8044B9C
:10FE6000704700BF2DE9F04F15460A692B69D21A79
:10FE7000002A83B0884640F0878001F1140605F11E
:10FE8000140101EB830106EB830301E09E427ED265
:10FE900053F8044D51F8042D9442F7D075D32B46F6
:10FEA0000024454698466968FFF732FD81460028E0
:10FEB00000F089802E69C460D8F8100005F1140B99
:10FEC00008F1140E09F1140A05F110020EEB80007E
:10FED0000BEB860157464FF0000CCDF804B05EF8EE
:10FEE000044B52F8045F1FFA84FBABB2A3EB0B0385
:10FEF000240C6344C4EB154404EB23449BB243EA53
:10FF00000443704547F8043B4FEA244CE7D8A0EB84
:10FF1000080208F115084045A2F1150234BF00207F
:10FF2000012092080028DDF804B002F101044FEA34
:10FF3000840408BF04240BEB0405A942544433D9BC
:10FF40002746284650F8043B1CFA83FE1A0C6344EB
:10FF500002EB2E429BB243EA0243814247F8043B44
:10FF60004FEA224CEED80139491B21F003010C4421
:10FF700023B954F8043D013E002BFAD04846C9F895
:10FF8000106003B0BDE8F08F89DA01248BE700210F
:10FF9000FFF7BEFC814678B101220023C0E90423AB
:10FFA000484603B0BDE8F08F00284FEA820208BF40
:10FFB00000220AEB0204DBE7064B07484A4640F200
:10FFC0003721F9F731FE034B03484A4640F24521F9
:10FFD000F9F72AFE304A0308A04A03082DE9F04346
:10FFE0000E4683B0012159EC108B1546FFF790FCAB
:10FFF0000446002846D0C9F30A57C9F313030FB1CA
:020000040803EF
:1000000043F480130193B8F1000313D101A8FFF763
:1000100021FD019B63610122203022610FB3A7F211
:1000200033470744C0F1350037602860204603B0ED
:10003000BDE8F08368460093FFF70CFD019BF8B123
:100040000099C0F1200203FA02F2C3400A4301936F
:10005000002B62610CBF01220222A3612261002FEA
:10006000DDD104EB8203A0F2324030601869FFF763
:10007000CFFCC0EB42102860204603B0BDE8F083FF
:10008000009AE5E7034B0448224640F20F31F9F7A6
:10009000CBFD00BF304A0308A04A03082DE9F04F0A
:1000A0008BB0DDE9157A86461E46002F5AD01568BA
:1000B00000295CD0149B002B69D0741E4EB3043D04
:1000C000CDE9015EDDF850B0049100260391059260
:1000D0000BE0039B0BBB019B1868002836D0DC4566
:1000E00057D2013C631C664613D0019B029853F81B
:1000F000042F0193DAF8E0503B4607A9D7E90098AE
:10010000A847421C37D000EB060CDC45E1D9C7E913
:10011000009830460BB0BDE8F08F00280EDD049B40
:10012000019D18445A1E07A900F1FF3E11F8013B3A
:1001300002F8013F7245F9D101950490059B1A68B8
:1001400004321A60019B18680028C8D10399059AE7
:1001500001B110600CF1FF36002230463A600BB05E
:10016000BDE8F08F156800F586770029A2D14FF021
:10017000FF331493A1E7DDF808E006468A21002248
:100180003046CEF800103A600BB0BDE8F08F149EF8
:10019000BFE76646BDE700BF10B584B0054C0698C2
:1001A000009007980190044800680294FFF776FFDA
:1001B00004B010BD04050024700600242DE9F047AA
:1001C0008F681D46AF420B680C46164636D8B1F90B
:1001D0000CC01CF4906F0ED13D46184631462A469D
:1001E000FCF708F8A368DF1B2368A7602B440020F6
:1001F0002360BDE8F0874A69096902EB42025F1A91
:1002000002EBD2726B1C52103B44934292BF914658
:1002100099461A461CF4806F804611D01146F9F7B2
:1002200087FD824600B321693A46D0F709FAA389CF
:1002300023F4906343F08003A38105E02F46CCE7CD
:10024000FAF740F8824658B10AEB0703A9EB070713
:10025000A760C4F810A0C4F8149023602F46BCE730
:1002600021694046FCF724FBA3890C2243F040039C
:10027000C8F800204FF0FF30A381BAE738B5A1FBE2
:10028000021454BBF9F754FD054650B350F8042C42
:1002900022F00302043A242A10D8132A13D91B2A65
:1002A000C0E9004416D9242AC0E902440ABFC0E9C3
:1002B000044400F1100200F1180205E02146FCF7A9
:1002C00019F8284638BD02460023C2E9003393607E
:1002D000284638BD00F10802F6E7FCF7F3F90C23D5
:1002E00003600025284638BD03685A004CBF43F020
:1002F000004323F000431844704700BF2DE9F04746
:1003000059B301F1FF380546164647464FF0000A3B
:100310000AEB070101EBD171491005EBC109484611
:10032000FFF7E2FF88454FEAC104034610D004F10D
:100330000800B342284407D8FFF7D6FF0138B0427F
:1003400008D201F1010AE3E78A4506D04F1EDFE734
:10035000B042F9D84846BDE8F0874FF0000948465A
:10036000BDE8F087012809D0022805D0044B0028F9
:100370000CBF18460020704702487047024870477B
:10038000450A0308550A03084D0A030830B5224BF5
:1003900083B004468D1E43B301A92846AFF3008005
:1003A000F0B101992A46FFF7A9FF0146C0B1FFF756
:1003B0009BFF4B68A064012B2BD0002B01F10400A4
:1003C00025DBFFF791FF002323650368E064002B22
:1003D00012DBFFF789FF03460020236103B030BD25
:1003E00000230920236103B030BD0C4B0C49C91A0E
:1003F000C91018460191D5E7C3F30360FFF7B2FFB8
:10040000031E0CBF09200020236103B030BD01236F
:10041000DAE700230520E0E700000000B85C0308ED
:10042000485E03080368DA0710B5044606D49B0744
:1004300000F1500009D5D0F7B7FE2368590709D558
:100440001A070ED5DB0613D510BDD0F7A5FE23681D
:100450005907F5D404F1D800D0F7AEFE23681A0787
:10046000F0D404F5AC70D0F7AFFE2368DB06EBD414
:1004700004F5EC70BDE81040D0F7EABE0346006812
:1004800000B11844704700BF704700BF70B5044604
:100490000E46316C2046FFF779FF054688B9326C6D
:1004A0006261236932462146012098470828F0D02E
:1004B000072806D12846316CFFF7E6FF301DD0F73C
:1004C0005FFEF9F7A9FB00BF2DE9F04701F1040C2D
:1004D000C768D0F8188006469146BCE80F00ADF515
:1004E000767D03AC0FC4BCE80F000FC4BCE80F005E
:1004F0000FC49CE80F0002AD4FF0000E84E80F001F
:10050000C5F800E021E02B6C73614FF4F4722946CA
:100510007CA8D0F795F833697CAA314650469847B5
:100520008A9BAB644946CDE9005882463346012098
:100530003246B847814630BB4FF4F4727CA9284656
:10054000D0F77EF8BAF1080F1AD1296C3046FFF7C0
:100550001DFF09F1090904465FFA89FA0028D2D083
:10056000AB6BAB643246CDE9005833464AF010011C
:100570000120B84738B920460DF5767DBDE8F087F3
:10058000BAF1070F05D0092420460DF5767DBDE8A8
:10059000F0874846296CFFF777FF03A8D0F7F0FDF6
:1005A000F0B5CB6BFBB001F1040C0B640E460546B5
:1005B000BCE80F0001AC0FC4BCE80F000FC4BCE8DE
:1005C0000F000FC49CE80F004FF0FF3784E80F00C6
:1005D000009706E02B696A46294698470828044692
:1005E00008D110992846FFF7D1FE0028F2D0092043
:1005F0007BB0F0BD6846FFF715FF062CF7D13146FA
:100600002846FFF743FF00BFC160D96B82611964C0
:1006100000221946FFF758BF70B5C66843690B64DE
:10062000AEB903690A4604460D46014602209847C2
:10063000072805D008280FD129462046FFF726FFB6
:100640003046296CFFF720FF281DD0F799FD0122C5
:10065000FFF73AFFF9F7E0FAF9F7DEFAC26822B1DC
:10066000CA6B0A640022FFF72FBFFFF799BF00BFD4
:10067000704700BF836801460BB1012018477047DF
:10068000052915D8DFE801F00A031403030501204A
:100690007047009A436C13600020704743B90F2ADB
:1006A00006D800EB820200205368009A136070475E
:1006B0000220704700B585B00A46002303A90091C7
:1006C0001946FFF7DDFF039805B05DF804FB00BF96
:1006D000052915D8DFE801F00A03140303050120FA
:1006E0007047009B1B6843640020704743B90F2A82
:1006F00006D8009B00EB82021B6853600020704705
:100700000220704710B584B0002303AC039200941C
:100710000A461946FFF7DCFF04B010BD70B5D36B75
:10072000ADF5107D02F1040C136405460C46BCE8DF
:100730000F000DF15C0EAEE80F00BCE80F00AEE854
:100740000F00BCE80F00AEE80F009CE80F004FF070
:10075000FF368EE80F00169610E0FFF7D3FF214614
:1007600016A8A847034616AA0820694683B9049B21
:100770009847052806460CD0092809D026996846CE
:10078000FFF704FE03460C216A4616A8002BE4D0AE
:10079000092616A8FFF746FE30460DF5107D70BD00
:1007A0002DE9F04F1646CA6C89B00D4652F8041B6D
:1007B000069200F0030C002B79D00C0C8DF81D4034
:1007C0000904E4B2059102EB840202218DF81C10A9
:1007D000296DBCF1020F08BFAA6B11F0010809D006
:1007E00005A9304600F0DEFA002856D1082009B0ED
:1007F000BDE8F08F1768002FF2D000F00801CDE9B6
:100800000118E3469A46BAF1020F4CD01788548873
:1008100002F10409AA6C24F001030F21304603EB16
:100820000208FFF747FF80453BD827F0010202EBA3
:100830000803834294BF00230123640004F00204F0
:1008400007F001072743012F4ED0022F35D027BBD9
:10085000BBF1000F02D0002B40F0D38009F104025D
:100860001768002FCFD105A93046DDF8088000F0C9
:1008700099FA90B9B8F1000FB8D00F213046FFF7C0
:1008800019FF0E2102463046FFF73CFF6C4A0F214C
:100890003046FFF737FF072000E0092009B0BDE828
:1008A000F08F0023C9E7546802F10809B2E7090292
:1008B00005918DF81D30032188E7D9F8004024F018
:1008C0000048BBF1000F47D12BB1019B002B5CD03E
:1008D000B8F1000F59D0002C01DA09F1040908F130
:1008E000010209EB8202BBE7BBF1000F1CD1C3B1CF
:1008F000D9F80430D9F80020991C4FEAD272CCD034
:1009000005F158040133049400F08E8009F10400CD
:10091000FFF7B4FD04AB01462846F7F7A7FC002813
:1009200059D109F108029BE70D213046FFF7C2FEBD
:100930002C6A8442F5D1AB6A9945F2D14846FFF75B
:10094000D3FC0F2102463046FFF7DCFE2A46002189
:100950003046FFF7D7FE9EE70D213046FFF7AAFE8F
:100960002F6A8742B7D1AB6A9945B4D100240423DA
:10097000C5E90B434B44C5F828806B63D9F80030B8
:10098000A34258DB01230293A9E705F15803CDF8F0
:100990000CB009F10407B34600241E460BE03846AC
:1009A0000496FFF76BFD0022014604AB2846F7F7DB
:1009B0005DFC0437F8B9444504F10104EFD10D2181
:1009C0005846FFF777FE049BC5F828900246C5E914
:1009D0000823062062E704460D213046FFF76AFE31
:1009E000049E2862022C04BFEE6205F12C06C5E9C4
:1009F0000969062052E75E46D9F80040DDF80CB0E0
:100A000069E74846FFF770FC09F104030446AB634D
:100A10002846F7F783FC00283FF43FAF22460F211A
:100A20003046FFF76FFE36E730460D21FFF742FEF6
:100A300026462862DBE708F1010209EB82007EE727
:100A40005D8B02080023FFF7ABBE00BF0123FFF759
:100A5000A7BE00BF0223FFF7A3BE00BF2DE9F041F0
:100A60000646C4B01446052900F2D880DFE811F02C
:100A700012002D00D6006C0091000600836B002C44
:100A800040F0CC8053F8042B42648363002044B0D0
:100A9000BDE8F081002B40F0C180856B1FFA84FC1B
:100AA000012006F1040E00FA03F111EA0C0F2A46A8
:100AB00004D052F8041B4EF8231015460133102BB6
:100AC000F1D1A704E2D4B563E0E7012B4FEA144764
:100AD000A4B200F08380052B40F0A08007EB04084F
:100AE000B8F1200F00F29A800F2F40F29980002C6D
:100AF000CCD00268500700F11881019302AD28465E
:100B0000D0F75EFB4FEA440CA7F11000B16B019BDC
:100B10000CF1FF3C05EBC0000CF1010C043801EBBB
:100B20008C0251F8044B40F8044F9142F9D1012B4B
:100B300000F0DE800F2FB16302D822A8D0F734FB7B
:100B40002846D0F739FBA1E7032B67D1A7B207EB03
:100B50001443102B4FEA144460D80368190700F1BE
:100B6000BF8022AD2846D0F751FB7A00B06B05EB71
:100B7000C404531E42B1011B625844F8042B013BCC
:100B80005A1CF9D100EBC700B0632846D0F71CFB14
:100B90007CE7002B42D1102C40D80368DD0600F121
:100BA000978022AD2846D0F75DFBB76B294600231E
:100BB0004FF0010C0CFA03F22242384603F1010314
:100BC00003D050F8042B0A600746042B01F10401FE
:100BD000F0D1B7632846D0F73BFB57E73A19102A04
:100BE0001CD8102F1AD00268D00708D5304622F042
:100BF000030240F8502B0193D0F7D2FA019B0193E6
:100C000022AD2846D0F7CCFAB26B019B002C58D10C
:100C10000432B2632846D0F7BFFA37E7022036E73E
:100C2000B8F1100F026865D9D40772D522F001021D
:100C300042F0020240F8502B0193D0F7B9FA326823
:100C4000019B12F0040F66D122AD28460193D0F724
:100C5000AFFA02A8D0F7B4FAC7F110014900B26B9D
:100C6000019BA8F1100C4C1E05EBC70001340438A1
:100C700002EB840152F8044B40F8044F8A42F9D148
:100C8000BCF1000F5AD0102F384638BF10204FEA61
:100C90004C0C103802AD0CF1FF3C05EBC0003BE7FB
:100CA000304622F0010242F0020240F8502B22AD01
:100CB0000193D0F77DFA2846D0F77AFAB26B24B3C5
:100CC000019B6400013C05EBC7004FF0000CCDE731
:100CD00023F01003036000F5EC70D0F7C3FA60E76F
:100CE00023F00803036000F5AC70D0F78FFA38E703
:100CF00022AD8DE7D107D3D422AD28460193D0F79A
:100D000057FAB26B019B002CDBD12846D0F74CFA86
:100D1000BCE6540798D5304622F0040240F8D82BA0
:100D20000193D0F74DFA019B8EE7304622F0040282
:100D300040F8D82B0193D0F743FADFE6012B3FF4BC
:100D400067AF0F2FB2633FF6A1AEDEE7027A03462C
:100D50007AB9427AA2B14168013A10B44272086885
:100D600003220C1D1A7202025C60000E10BC1A6095
:100D700070470068013A1A7202021A60000E70474A
:100D8000B020704700B585B003AA00230092194631
:100D90000C22FFF775FC039805B05DF804FB00BF5B
:100DA000FFF7F0BF2DE9F043064685B00D464FF042
:100DB00000082846FFF7CAFFB028044600F01C814F
:100DC00007065BD500F0F003A02B1AD030D8802B9B
:100DD00000F08280902B27D100F00D030D2B23D043
:100DE00002AF002300F00F02194600973046FFF7CC
:100DF00047FC002300970D2219463046FFF768FC98
:100E0000D7E7C34303F007034FF47F621A4101079A
:100E100002F47F6201D542F4804200231946304635
:100E2000FFF71CFE0028C4D0092005B0BDE8F08300
:100E3000B02B68D0C02B3DD1C62800F0CA80C7288F
:100E400000F0DF8000F0F803C02B00F0EC80C82831
:100E500000F0F780C928E7D12846FFF777FF0203A3
:100E600000F00F0002F4702201300243012105233B
:100E70003046FFF7F3FD00289BD0D5E78300DBB2B7
:100E80001F1D0DF1080900231946CDF800900D2211
:100E90003046FFF7F5FB029BCDF8009060064CBF93
:100EA000DF1BFF1800230D22194630460297FFF77B
:100EB0000FFC7EE700F0F803D02BB5D100F007025D
:100EC0000132052342F4002201213046FFF7C6FD1E
:100ED00000283FF46EAFA7E72846FFF737FF24024C
:100EE0002043B0F5004F9FD004010023A2B2194661
:100EF0003046FFF7B3FD002896D114F4004F18BF19
:100F00004FF0010855E7A0F1B103042B00F2B580C2
:100F1000DFE803F05529160C030003AA0023009212
:100F200019460D223046FFF7ABFB42E700231A4675
:100F300005213046FFF792FD00283FF43AAF73E7F2
:100F40002846FFF703FF020300F00F00013002F410
:100F500070220123024319463046FFF77FFD002827
:100F60003FF427AF60E700230DF108090D22194671
:100F7000CDF800903046FFF783FB2846FFF7E6FEEA
:100F80000206029C4FF002070BD500F07F00B8402C
:100F9000044428460294FFF7D9FE030607F1070729
:100FA000F3D4B840002304F501740444CDF8009054
:100FB0000D22194630460294FFF78AFBF9E62846CF
:100FC000FFF7C4FE431EDBB20E2B02467FF625AFB1
:100FD0002AE72846FFF7BAFE020300F00F000130AF
:100FE00002F470220323024319463046FFF736FD10
:100FF00000283FF4DEAE17E7B8F1000F2DD0002037
:1010000013E72846FFF7A2FE431EDBB20E2B024673
:101010003FF60AAF002304213046FFF71FFD0028EA
:101020003FF4C7AE00E700F00F020132032342F4A1
:10103000202219463046FFF711FD00283FF4B9AED3
:10104000F2E62846FFF782FE00F0F00200F00F0300
:101050001032013343EA023208E702AC434641460C
:1010600000940E223046FFF70BFB0F2200944346FC
:1010700041463046FFF72CFBC1E700F0FC03B42BE0
:101080003FF4D2AE00F007020132012342F4002205
:1010900019463046FFF7E2FC00283FF48AAEC3E66B
:1010A00010B5C26C536884B04FF0030C08321C02B8
:1010B00008461B0E01A9019402928DF80CC08DF810
:1010C0000D30FFF76FFE04B010BD00BF08B5FFF78D
:1010D00067FE806C08BD00BF08B5FFF761FEC06CFD
:1010E000C37900EB8300083008BD00BF08B5F8F7EE
:1010F00093FD08B5FFF7FAFFF8B500BFF8BC08BCD0
:101100009E467047F8B500BFF8BC08BC9E467047C5
:1011100000000000FFFFFFFFFFFFFFFF00000000D7
:1011200001000000000000000000000001000000BD
:10113000FFFFFFFFFFFFFFFF01000000FFFFFFFFBA
:10114000FFFFFFFF010000000100000001000000A0
:101150000000000000000000BF130008BF130008DB
:10116000B9130008C1130008FCFFFFFF00000000D6
:10117000BB130008CF1300080000000000000000AF
:10118000F1130008051400086F5401082D1400081D
:10119000E9130008EF130008294F01082D5001083A
:1011A000D54F0108EB130008ED130008C91700081C
:1011B0000000000000000000E92E0108612F010876
:1011C000752F0108912F01085D14000873140008A1
:1011D000471400084D140008491400083132010872
:1011E00039140008C52E01083B140008892F010896
:1011F000293B0108312F01089D340108012F010806
:10120000413101080000000000000000FB1400084C
:1012100043150008CD1001089D100108A5450108DF
:101220000D4501087B150008AD140008254501088F
:1012300089150008654501083F450108B1140008FB
:10124000B5140008B9140008BD140008C114000842
:10125000C3140008C5140008C7140008811700084B
:1012600005460108CB140008E31400086B100108C0
:101270003B1500083F1500080000000000000000BA
:10128000FD14000851150008071500082515000871
:101290000000000000000000FF1400085F150008B7
:1012A0006F54010801150008E9130008F91400083B
:1012B000294F01082D500108D54F0108EB130008F4
:1012C000ED130008C917000873697A656F66285323
:1012D000637265656E5479706529203C3D206865B0
:1012E00061702E73637265656E53746F72616765AA
:1012F0002E656C656D656E745F73697A652829204B
:10130000262620225669657720616C6C6F636174B4
:10131000696F6E206572726F723A20436865636B05
:10132000207468617420616C6C2076696577732025
:1013300061726520616464656420746F2046726F19
:101340006E74656E64486561703A3A5669657754A3
:1013500079706573220050726573656E746572549E
:101360007970652A20746F7563686766783A3A6D9C
:10137000616B655472616E736974696F6E28536333
:101380007265656E2A2A2C2050726573656E7465CD
:10139000722A2A2C204D565048656170262C205404
:1013A00072616E736974696F6E2A2A2C204D6F64A6
:1013B000656C547970652A29205B776974682053BD
:1013C000637265656E54797065203D205363726564
:1013D000656E31566965773B2050726573656E7432
:1013E000657254797065203D2053637265656E3176
:1013F00050726573656E7465723B205472616E73D2
:1014000054797065203D204E6F5472616E7369741B
:10141000696F6E3B204D6F64656C54797065203D3B
:10142000204D6F64656C5D00434D372F4D696464DA
:101430006C6577617265732F53542F746F75636891
:101440006766782F6672616D65776F726B2F696E54
:10145000636C7564652F6D76702F4D5650417070BA
:101460006C69636174696F6E2E6870700073697A5D
:10147000656F662850726573656E74657254797015
:101480006529203C3D20686561702E70726573652A
:101490006E74657253746F726167652E656C656DED
:1014A000656E745F73697A6528292026262022508C
:1014B000726573656E74657220616C6C6F636174C4
:1014C000696F6E206572726F723A20436865636B54
:1014D000207468617420616C6C2070726573656E35
:1014E0007465727320617265206164646564207440
:1014F0006F2046726F6E74656E64486561703A3A2B
:1015000050726573656E74657254797065732200EC
:1015100073697A656F66285472616E735479706569
:1015200029203C3D20686561702E7472616E73697C
:1015300074696F6E53746F726167652E656C656D4B
:10154000656E745F73697A652829202626202254E7
:1015500072616E736974696F6E20616C6C6F636128
:1015600074696F6E206572726F723A2043686563AA
:101570006B207468617420616C6C207472616E738E
:101580006974696F6E73206172652061646465645B
:1015900020746F2046726F6E74656E64486561706A
:1015A0003A3A5472616E736974696F6E54797065FA
:1015B00073220075736564203E203000746F75637C
:1015C000686766783A3A556E69636F64653A3A556A
:1015D0006E69636F64654368617220746F756368D8
:1015E0006766783A3A5465787450726F76696465C4
:1015F000723A3A63697263756C61724275666665C8
:10160000723C73697A653E3A3A7065656B4368610E
:10161000722829205B7769746820756E7369676E1C
:10162000656420696E742073697A65203D203130CD
:101630003B20746F7563686766783A3A556E6963E4
:101640006F64653A3A556E69636F646543686172A9
:10165000203D2073686F727420756E7369676E65C4
:101660006420696E745D00434D372F4D6964646C6E
:101670006577617265732F53542F746F7563686754
:1016800066782F6672616D65776F726B2F696E6316
:101690006C7564652F746F7563686766782F546521
:1016A000787450726F76696465722E687070006F1E
:1016B0006666736574203C207573656400746F758D
:1016C00063686766783A3A556E69636F64653A3A5B
:1016D000556E69636F64654368617220746F7563EA
:1016E000686766783A3A5465787450726F766964C0
:1016F00065723A3A63697263756C617242756666C7
:1017000065723C73697A653E3A3A7065656B436809
:1017100061722875696E7431365F7429205B776950
:10172000746820756E7369676E656420696E7420D5
:1017300073697A65203D2031303B20746F75636892
:101740006766783A3A556E69636F64653A3A556EE2
:1017500069636F646543686172203D2073686F72CE
:101760007420756E7369676E656420696E743B20C2
:1017700075696E7431365F74203D2073686F7274C2
:1017800020756E7369676E656420696E745D00779D
:1017900069647468203E3D20444953504C41595F70
:1017A0005749445448202626206865696768742094
:1017B0003E3D20444953504C41595F4845494748B4
:1017C0005420262620224672616D65627566666524
:1017D000722063616E6E6F7420626520736D616C40
:1017E0006C6572207468616E20646973706C6179D5
:1017F00022007669727475616C20766F696420745A
:101800006F7563686766783A3A48414C3A3A73654F
:10181000744672616D6542756666657253697A6574
:101820002875696E7431365F742C2075696E743159
:10183000365F742900434D372F4D6964646C6577BA
:10184000617265732F53542F746F75636867667880
:101850002F6672616D65776F726B2F696E636C7541
:1018600064652F746F7563686766782F68616C2F85
:1018700048414C2E6870700068616E646C65203C55
:10188000206E6F5F73747265616D7300626F6F6C51
:101890002044656469636174656442756666657257
:1018A000436F6E74726F6C6C65723C6E6F5F7374B5
:1018B0007265616D732C2077696474682C2068658B
:1018C000696768742C207374726964652C206F7565
:1018D000747075745F666F726D61743E3A3A6765D5
:1018E000744973506C6179696E6728746F756368A9
:1018F0006766783A3A566964656F436F6E74726FC3
:101900006C6C65723A3A48616E646C6529205B774D
:10191000697468206C6F6E6720756E7369676E6599
:101920006420696E74206E6F5F73747265616D738D
:10193000203D20313B206C6F6E6720756E736967A8
:101940006E656420696E74207769647468203D2038
:101950003830303B206C6F6E6720756E7369676E30
:10196000656420696E7420686569676874203D202D
:101970003438303B206C6F6E6720756E7369676E0C
:10198000656420696E7420737472696465203D20FB
:10199000323430303B20746F7563686766783A3A4A
:1019A0004269746D61703A3A4269746D6170466F54
:1019B000726D6174206F75747075745F666F726D8F
:1019C0006174203D20746F7563686766783A3A42A7
:1019D00069746D61703A3A5247423838383B207426
:1019E0006F7563686766783A3A566964656F436FE6
:1019F0006E74726F6C6C65723A3A48616E646C65B5
:101A0000203D206C6F6E6720756E7369676E65642C
:101A100020696E745D00434D372F546F75636847BE
:101A200046582F7461726765742F67656E657261C1
:101A30007465642F446564696361746564427566A6
:101A4000666572566964656F436F6E74726F6C6C15
:101A500065722E68707000766F69642044656469F1
:101A60006361746564427566666572436F6E747215
:101A70006F6C6C65723C6E6F5F73747265616D73D1
:101A80002C2077696474682C206865696768742CF9
:101A9000207374726964652C206F75747075745F3F
:101AA000666F726D61743E3A3A6765745669646533
:101AB0006F496E666F726D6174696F6E28746F75B1
:101AC00063686766783A3A566964656F436F6E7407
:101AD000726F6C6C65723A3A48616E646C652C206A
:101AE000746F7563686766783A3A566964656F49DA
:101AF0006E666F726D6174696F6E2A29205B7769FB
:101B00007468206C6F6E6720756E7369676E6564AC
:101B100020696E74206E6F5F73747265616D7320DF
:101B20003D20313B206C6F6E6720756E7369676E68
:101B3000656420696E74207769647468203D20387C
:101B400030303B206C6F6E6720756E7369676E6511
:101B50006420696E7420686569676874203D20346C
:101B600038303B206C6F6E6720756E7369676E65E9
:101B70006420696E7420737472696465203D20323C
:101B80003430303B20746F7563686766783A3A4248
:101B900069746D61703A3A4269746D6170466F7232
:101BA0006D6174206F75747075745F666F726D61AE
:101BB00074203D20746F7563686766783A3A4269AD
:101BC000746D61703A3A5247423838383B20746F2E
:101BD0007563686766783A3A566964656F436F6EF5
:101BE00074726F6C6C65723A3A48616E646C652011
:101BF0003D206C6F6E6720756E7369676E6564203B
:101C0000696E745D0075696E7433325F742044656B
:101C100064696361746564427566666572436F6E7C
:101C200074726F6C6C65723C6E6F5F737472656119
:101C30006D732C2077696474682C20686569676807
:101C4000742C207374726964652C206F75747075C0
:101C5000745F666F726D61743E3A3A67657443757E
:101C60007272656E744672616D654E756D626572F5
:101C700028746F7563686766783A3A566964656F69
:101C8000436F6E74726F6C6C65723A3A48616E6441
:101C90006C6529205B77697468206C6F6E672075AE
:101CA0006E7369676E656420696E74206E6F5F7312
:101CB000747265616D73203D20313B206C6F6E67DF
:101CC00020756E7369676E656420696E742077692C
:101CD000647468203D203830303B206C6F6E672084
:101CE000756E7369676E656420696E7420686569D6
:101CF000676874203D203438303B206C6F6E67205D
:101D0000756E7369676E656420696E742073747292
:101D1000696465203D20323430303B20746F756338
:101D2000686766783A3A4269746D61703A3A426916
:101D3000746D6170466F726D6174206F757470752B
:101D4000745F666F726D6174203D20746F75636897
:101D50006766783A3A4269746D61703A3A5247421E
:101D60003838383B2075696E7433325F74203D20FB
:101D70006C6F6E6720756E7369676E656420696E3F
:101D8000743B20746F7563686766783A3A56696485
:101D9000656F436F6E74726F6C6C65723A3A48612E
:101DA0006E646C65203D206C6F6E6720756E736984
:101DB000676E656420696E745D00766F69642044A7
:101DC0006564696361746564427566666572436FD4
:101DD0006E74726F6C6C65723C6E6F5F737472655B
:101DE000616D732C2077696474682C20686569675D
:101DF00068742C207374726964652C206F7574701C
:101E000075745F666F726D61743E3A3A73657443C0
:101E10006F6D6D616E6428746F7563686766783A7C
:101E20003A566964656F436F6E74726F6C6C65725D
:101E30003A3A48616E646C652C20746F756368670C
:101E400066783A3A566964656F436F6E74726F6C68
:101E50006C65723A3A436F6D6D616E642C207569E2
:101E60006E7433325F7429205B77697468206C6FFD
:101E70006E6720756E7369676E656420696E742085
:101E80006E6F5F73747265616D73203D20313B200E
:101E90006C6F6E6720756E7369676E656420696E1E
:101EA00074207769647468203D203830303B206CA2
:101EB0006F6E6720756E7369676E656420696E74F6
:101EC00020686569676874203D203438303B206C99
:101ED0006F6E6720756E7369676E656420696E74D6
:101EE00020737472696465203D20323430303B20A9
:101EF000746F7563686766783A3A4269746D6170A9
:101F00003A3A4269746D6170466F726D6174206F08
:101F100075747075745F666F726D6174203D2074A6
:101F20006F7563686766783A3A4269746D61703AB2
:101F30003A5247423838383B20746F756368676699
:101F4000783A3A566964656F436F6E74726F6C6C61
:101F500065723A3A48616E646C65203D206C6F6E24
:101F60006720756E7369676E656420696E743B20C7
:101F700075696E7433325F74203D206C6F6E67201C
:101F8000756E7369676E656420696E745D00766F47
:101F9000696420446564696361746564427566665A
:101FA0006572436F6E74726F6C6C65723C6E6F5FBE
:101FB00073747265616D732C2077696474682C206A
:101FC0006865696768742C207374726964652C2075
:101FD0006F75747075745F666F726D61743E3A3AB6
:101FE000736574566964656F4461746128746F75B4
:101FF00063686766783A3A566964656F436F6E74D2
:10200000726F6C6C65723A3A48616E646C652C2034
:10201000636F6E73742075696E74385F742A2C2038
:1020200075696E7433325F7429205B776974682038
:102030006C6F6E6720756E7369676E656420696E7C
:1020400074206E6F5F73747265616D73203D203113
:102050003B206C6F6E6720756E7369676E656420D8
:10206000696E74207769647468203D203830303B95
:10207000206C6F6E6720756E7369676E656420698A
:102080006E7420686569676874203D203438303B81
:10209000206C6F6E6720756E7369676E656420696A
:1020A0006E7420737472696465203D203234303060
:1020B0003B20746F7563686766783A3A4269746D5D
:1020C00061703A3A4269746D6170466F726D617405
:1020D000206F75747075745F666F726D6174203DEA
:1020E00020746F7563686766783A3A4269746D6107
:1020F000703A3A5247423838383B20746F756368FB
:102100006766783A3A566964656F436F6E74726FAA
:102110006C6C65723A3A48616E646C65203D206C67
:102120006F6E6720756E7369676E656420696E7483
:102130003B2075696E74385F74203D20756E73693D
:10214000676E656420636861723B2075696E7433E5
:10215000325F74203D206C6F6E6720756E73696707
:102160006E656420696E745D00766F6964204465F5
:1021700064696361746564427566666572436F6E17
:1021800074726F6C6C65723C6E6F5F7374726561B4
:102190006D732C2077696474682C206865696768A2
:1021A000742C207374726964652C206F757470755B
:1021B000745F666F726D61743E3A3A73657446720D
:1021C000616D655261746528746F756368676678C0
:1021D0003A3A566964656F436F6E74726F6C6C65E2
:1021E000723A3A48616E646C652C2075696E74337E
:1021F000325F742C2075696E7433325F7429205BF2
:1022000077697468206C6F6E6720756E7369676E8E
:10221000656420696E74206E6F5F73747265616DA2
:1022200073203D20313B206C6F6E6720756E7369A3
:10223000676E656420696E74207769647468203DF8
:10224000203830303B206C6F6E6720756E73696785
:102250006E656420696E7420686569676874203DE6
:10226000203438303B206C6F6E6720756E73696761
:102270006E656420696E7420737472696465203DB4
:1022800020323430303B20746F7563686766783A6B
:102290003A4269746D61703A3A4269746D61704690
:1022A0006F726D6174206F75747075745F666F7294
:1022B0006D6174203D20746F7563686766783A3A83
:1022C0004269746D61703A3A5247423838383B205F
:1022D000746F7563686766783A3A566964656F43E8
:1022E0006F6E74726F6C6C65723A3A48616E646CB2
:1022F00065203D206C6F6E6720756E7369676E6533
:102300006420696E743B2075696E7433325F74208B
:102310003D206C6F6E6720756E7369676E65642013
:10232000696E745D00626F6F6C20446564696361FF
:10233000746564427566666572436F6E74726F6C25
:102340006C65723C6E6F5F73747265616D732C2087
:1023500077696474682C206865696768742C2073D9
:1023600074726964652C206F75747075745F666F24
:10237000726D61743E3A3A7570646174654672615B
:102380006D6528746F7563686766783A3A56696454
:10239000656F436F6E74726F6C6C65723A3A486128
:1023A0006E646C652C20746F7563686766783A3A62
:1023B000566964656F5769646765742629205B7781
:1023C000697468206C6F6E6720756E7369676E65DF
:1023D0006420696E74206E6F5F73747265616D73D3
:1023E000203D20313B206C6F6E6720756E736967EE
:1023F0006E656420696E74207769647468203D207E
:102400003830303B206C6F6E6720756E7369676E75
:10241000656420696E7420686569676874203D2072
:102420003438303B206C6F6E6720756E7369676E51
:10243000656420696E7420737472696465203D2040
:10244000323430303B20746F7563686766783A3A8F
:102450004269746D61703A3A4269746D6170466F99
:10246000726D6174206F75747075745F666F726DD4
:102470006174203D20746F7563686766783A3A42EC
:1024800069746D61703A3A5247423838383B20746B
:102490006F7563686766783A3A566964656F436F2B
:1024A0006E74726F6C6C65723A3A48616E646C65FA
:1024B000203D206C6F6E6720756E7369676E656472
:1024C00020696E745D00302026262022556E6162E0
:1024D0006C6520746F2066696E6420667265652085
:1024E000766964656F2073747265616D2068616ED2
:1024F000646C65212200746F7563686766783A3A88
:10250000566964656F436F6E74726F6C6C65723A76
:102510003A48616E646C6520446564696361746502
:1025200064427566666572436F6E74726F6C6C653B
:10253000723C6E6F5F73747265616D732C20776986
:102540006474682C206865696768742C20737472E1
:102550006964652C206F75747075745F666F726D39
:1025600061743E3A3A6765744672656548616E64A7
:102570006C652829205B77697468206C6F6E672012
:10258000756E7369676E656420696E74206E6F5F27
:1025900073747265616D73203D20313B206C6F6EEA
:1025A0006720756E7369676E656420696E74207745
:1025B00069647468203D203830303B206C6F6E6752
:1025C00020756E7369676E656420696E7420686536
:1025D00069676874203D203438303B206C6F6E672B
:1025E00020756E7369676E656420696E74207374FC
:1025F00072696465203D20323430303B20746F7541
:1026000063686766783A3A4269746D61703A3A4233
:1026100069746D6170466F726D6174206F7574704E
:1026200075745F666F726D6174203D20746F7563A1
:10263000686766783A3A4269746D61703A3A52470F
:10264000423838383B20746F7563686766783A3A69
:10265000566964656F436F6E74726F6C6C65723A25
:102660003A48616E646C65203D206C6F6E67207522
:102670006E7369676E656420696E745D0030202634
:102680002620227265676973746572566964656F86
:102690005769646765743A20556E61626C65207491
:1026A0006F20616C6C6F63617465205247422062D9
:1026B0007566666572212200746F75636867667857
:1026C0003A3A566964656F436F6E74726F6C6C65ED
:1026D000723A3A48616E646C65204465646963616E
:1026E000746564427566666572436F6E74726F6C72
:1026F0006C65723C6E6F5F73747265616D732C20D4
:1027000077696474682C206865696768742C207325
:1027100074726964652C206F75747075745F666F70
:10272000726D61743E3A3A72656769737465725688
:102730006964656F57696467657428746F75636849
:102740006766783A3A566964656F57696467657475
:102750002629205B77697468206C6F6E6720756E20
:102760007369676E656420696E74206E6F5F737441
:102770007265616D73203D20313B206C6F6E672068
:10278000756E7369676E656420696E74207769641D
:102790007468203D203830303B206C6F6E672075A8
:1027A0006E7369676E656420696E74206865696719
:1027B0006874203D203438303B206C6F6E67207584
:1027C0006E7369676E656420696E742073747269D4
:1027D0006465203D20323430303B20746F7563686F
:1027E0006766783A3A4269746D61703A3A42697440
:1027F0006D6170466F726D6174206F757470757461
:102800005F666F726D6174203D20746F75636867D9
:1028100066783A3A4269746D61703A3A5247423882
:1028200038383B20746F7563686766783A3A566942
:1028300064656F436F6E74726F6C6C65723A3A4880
:10284000616E646C65203D206C6F6E6720756E73E1
:1028500069676E656420696E745D00636F6D706199
:102860007469626C654672616D65627566666572F3
:10287000284269746D61703A3A52474238383829B3
:1028800020262620225468652063686F73656E20B9
:102890007061696E746572206F6E6C7920776F72EB
:1028A0006B73207769746820524742383838206447
:1028B0006973706C6179732200746F756368676601
:1028C000783A3A41627374726163745061696E74EC
:1028D00065725247423838383A3A416273747261CD
:1028E00063745061696E7465725247423838382893
:1028F0002900434D372F4D6964646C6577617265BB
:10290000732F53542F746F7563686766782F6672E0
:10291000616D65776F726B2F696E636C7564652F7F
:10292000746F7563686766782F7769646765747319
:102930002F63616E7661732F416273747261637489
:102940005061696E7465725247423838382E68702B
:102950007000302026262022556E737570706F72BD
:1029600074656420466F726D617421220075696E12
:102970007433325F742053544D3332444D413A3AEC
:102980006765744368726F6D4152544F757470750A
:1029900074466F726D617428746F756368676678CA
:1029A0003A3A4269746D61703A3A4269746D617085
:1029B000466F726D61742900434D372F546F7563F4
:1029C000684746582F7461726765742F67656E6536
:1029D00072617465642F53544D3332444D412E63FC
:1029E00070700075696E7433325F742053544D33C8
:1029F00032444D413A3A6765744368726F6D415293
:102A000054496E707574466F726D617428746F7579
:102A100063686766783A3A4269746D61703A3A421F
:102A200069746D6170466F726D6174290030202683
:102A3000262022556E737570706F727465642066FF
:102A40006F726D617422007669727475616C2076A4
:102A50006F69642053544D3332444D413A3A7365A3
:102A600074757044617461436F707928636F6E731D
:102A70007420746F7563686766783A3A426C69745B
:102A80004F70262900286672616D655F6275666603
:102A900065725F73656D20213D204E554C4C292099
:102AA000262620224372656174696F6E206F66204E
:102AB0006672616D656275666665722073656D61CB
:102AC00070686F7265206661696C6564220073745A
:102AD0006174696320766F696420746F75636867D9
:102AE00066783A3A4F5357726170706572733A3A2A
:102AF000696E697469616C697A65282900434D378C
:102B00002F546F7563684746582F746172676574F8
:102B10002F67656E6572617465642F4F53577261DC
:102B200070706572732E63707000287673796E63AF
:102B30005F717565756520213D204E554C4C2920EF
:102B4000262620224372656174696F6E206F6620AD
:102B50007673796E63206D65737361676520717537
:102B6000657565206661696C6564220076697274BA
:102B700075616C20626F6F6C20486172647761725E
:102B8000654D4A5045474465636F6465723A3A64DF
:102B900065636F64655468756D626E61696C2875F4
:102BA000696E7433325F742C2075696E74385F748B
:102BB0002A2C2075696E7431365F742C2075696E0D
:102BC0007431365F742900434D372F546F75636835
:102BD0004746582F7461726765742F67656E65721A
:102BE000617465642F48617264776172654D4A5003
:102BF00045474465636F6465722E637070002122DF
:102C000042756666657220746F20736D616C6C220C
:102C100000636F6E73742075696E74385F742A2058
:102C200048617264776172654D4A504547446563F7
:102C30006F6465723A3A72656164446174612875C3
:102C4000696E7433325F742C2075696E7433325F31
:102C5000742900286672616D654E756D626572201B
:102C60003E20302920262620224861726477617236
:102C7000654D4A5045474465636F646572206465DD
:102C8000636F64696E6720776974686F7574206616
:102C900072616D65206461746121220076697274CD
:102CA00075616C20626F6F6C20486172647761722D
:102CB000654D4A5045474465636F6465723A3A67AB
:102CC0006F746F4E6578744672616D652829005285
:102CD000494646002122524946462068656164659E
:102CE00072206E6F7420666F756E642200766F6955
:102CF000642048617264776172654D4A504547446B
:102D000065636F6465723A3A7265616456696465B9
:102D10006F48656164657228290041564920002189
:102D20002241564920686561646572206E6F742087
:102D3000666F756E6422004C49535400212241563F
:102D400049204C495354206E6F7420666F756E6431
:102D500022006176694C69737453697A650068640E
:102D6000726C0061766968006D6F766900696478DD
:102D700031007669727475616C20626F6F6C2048E7
:102D8000617264776172654D4A5045474465636F6F
:102D90006465723A3A6465636F64654E657874463B
:102DA00072616D652875696E74385F742A2C2075A0
:102DB000696E7431365F742C2075696E7431365FBC
:102DC000742C2075696E7433325F742900667261E9
:102DD0006D6542756666657220213D20302026268D
:102DE000202241206672616D65627566666572209B
:102DF00061646472657373206D75737420626520FD
:102E000073657422007669727475616C20766F69DF
:102E10006420746F7563686766783A3A48414C3A43
:102E20003A7365744672616D654275666665725384
:102E30007461727441646472657373657328766F2C
:102E400069642A2C20766F69642A2C20766F696465
:102E50002A29006273705F74735F696E69746961B7
:102E60006C697A6564007669727475616C20766F3E
:102E700069642053544D3332546F756368436F6EE9
:102E800074726F6C6C65723A3A696E6974282900C5
:102E9000434D372F546F7563684746582F746172DE
:102EA0006765742F53544D3332546F756368436FA5
:102EB0006E74726F6C6C65722E6370700049444C56
:102EC0004500546D725100546D7220537663007644
:102ED0006964656F5461736B00546F75636847462E
:102EE000585461736B0000000000000000000000F7
:102EF0009F180008EF180008AB180008CB1800084E
:102F00000000000000000000E92E0108612F010808
:102F1000752F0108912F0108DD3201087314000894
:102F2000A1180008FD1800084914000831320108F2
:102F300039140008C52E01083B140008892F010828
:102F4000293B0108312F01089D340108012F010898
:102F5000413101080000000000000000A91800082D
:102F6000E1180008A318000897180008991800082D
:102F70000D1900089B180008000000000000000068
:102F8000551B0008AB1B0008834E0108FD1A000802
:102F90001D1B0008211B0008011E00081D1E000843
:102FA000614301087D440108794301081544010883
:102FB000251B00080B440108291B00082D1B0008D5
:102FC000351B0008711B00081B4401084D1B00083D
:102FD000511B00083B1B0008411B0008571B000841
:102FE00000000000000000009D1D00088D1D00086D
:102FF0008F1D0008000000900000000005016F0018
:103000000000000005016F208853019000000000BF
:10301000000000000000000000000000831F000806
:10302000871F00088F1F000800000000000000003C
:1030300000000000E51F00082B2000089D0E01087D
:10304000B31F0008A5450108950F01086D1500087C
:10305000AD140008254501088915000865450108DB
:103060003F450108B1140008B5140008B914000860
:10307000BD140008C1140008C3140008C5140008DA
:10308000C7140008C914000805460108CB1400083D
:10309000E3140008911F0008971F00089D1F0008F7
:1030A000D51F00080000000000000000E71F000816
:1030B0003920000879F70008BF1F0008C31F000867
:1030C000C91F0008CF1F000821F700089508010854
:1030D00035F700083BF700085FF70008B1F7000874
:1030E00063F70008D91F0008DD1F0008E11F000872
:1030F0000000000000000000072000081D2000085C
:103100004D24000899200008ED220008392300080A
:1031100015230008BD2200080920000845220008E8
:1031200025220008F9210008D521000817200008F1
:10313000FF1F000800000000000000000527000835
:103140005DF60008F9260008B52700080D270008DD
:10315000612A0008FF2600087D2700089D27000837
:1031600067F50008B7F6000861F50008ED280008CB
:1031700049280008FFF5000801F60008FFF50008DF
:10318000A9F600080000000000000000B12D0008B2
:10319000C52D00088BE200089FE200085FE20008EE
:1031A00063E2000885E200083D2D0008412D00087B
:1031B000452D00084D2D0008000000000000000013
:1031C000852D0008992D00088BE200089FE2000879
:1031D0005FE2000863E2000885E20008212D000894
:1031E000252D0008292D0008332D000800000000BF
:1031F000000000005D2D0008712D00088BE2000822
:103200009FE200085FE2000863E2000885E2000830
:10321000052D0008092D00080D2D0008172D0008A8
:103220000000000000000000D92D0008112E000849
:10323000552D00080000000000000000B92F000814
:10324000D92F0008C9330008D5330008932F000890
:10325000E536000801310008A9370008BD2F000835
:10326000A1310008892F0008A52F0008AB2F000806
:103270008D2F0008A92F00080000000000000000AA
:10328000D138000809390008391F000891210008C9
:10329000293900084D39000805390008D3380008DD
:1032A00023E8000831E80008451F0008C5F40008BD
:1032B000E5200008C5380008CB20000839240008A4
:1032C000A1F0000839E80008A9EC0008B9EF0008EF
:1032D0001FF0000805ED00084DF2000855F1000848
:1032E000E1F3000869ED000885EA0008D1F2000862
:1032F00055F30008CF200008D7380008DB38000855
:10330000DF380008753B0008471F00088D390008AA
:103310004D1F0008B5EB000831EC0008611F0008E4
:10332000631F0008671F0008711F0008771F00084F
:10333000F5E70008E5ED00087F1F0008E1E8000858
:1033400019390008E5380008013900088DEA00083D
:1033500091EB0008F92000084121000841210008F4
:10336000811F000800000000000000003D3E000832
:10337000393E0008C53E00081D3E0008293E0008F1
:10338000D33E0008153E0008193E0008000000006A
:10339000000000004D4000088540000895400008EE
:1033A000514000083700000000090F0E07100B0AFB
:1033B00004070B080F100A0100090F0E07100B0A73
:1033C00004070B080F100A01FFFFFF260000000092
:1033D00000000000000000000000000000000000ED
:1033E0000000000000250B090100250C0A02260040
:1033F00000000025000000000000000000000000A8
:1034000000000000000000000000000000260A0C80
:10341000020026090B012500000000FFFFFFFFFF4F
:10342000FFFFFFFFFF0000000000000000000000A1
:103430000000000000040404040400000000000474
:10344000040404040000000000000000000000006C
:10345000000000000000000000000000000000006C
:10346000000000000000000000000000000000005C
:10347000000000000000000000000000000000014B
:103480000120200000010200001802033B000000A0
:103490001801033C00000018040339000000180361
:1034A000033A000000850100840100000179798061
:1034B00009800901000080308A40B1A99134B450DC
:1034C0004E8166A1089201959433A31B8283830EDB
:1034D000A6A0B0C0D090E0F00055777F2C02FF008E
:1034E000000066B606B106000001DF0000031F0001
:1034F00001000000030000000403020202010102B7
:103500001112182F6363636312151A4263636363B6
:10351000181A3863636363632F426363636363638F
:10352000636363636363636363636363636363636B
:10353000636363636363636363636363636363635B
:10354000100B0A101828333D0C0C0E131A3A3C3796
:103550000E0D1018283945380E11161D3357503EE0
:1035600012162538446D674D182337405168715C39
:1035700031404E5767797865485C5F627064676375
:10358000000108100902030A11182019120B040582
:103590000C131A21283029221B140D06070E151CA6
:1035A000232A313839322B241D160F171E252C33B0
:1035B0003A3B342D261F272E353C3D362F373E3FD4
:1035C0000002010204040304070504040001027759
:1035D00000010203110405213106124151076171F6
:1035E0001322328108144291A1B1C109233352F050
:1035F000156272D10A162434E125F11718191A261A
:103600002728292A35363738393A4344454647482A
:10361000494A535455565758595A63646566676802
:10362000696A737475767778797A828384858687F8
:1036300088898A92939495969798999AA2A3A4A51B
:10364000A6A7A8A9AAB2B3B4B5B6B7B8B9BAC2C347
:10365000C4C5C6C7C8C9CAD2D3D4D5D6D7D8D9DA73
:10366000E2E3E4E5E6E7E8E9EAF2F3F4F5F6F7F891
:10367000F9FA000201030302040305050404000033
:10368000017D01020300041105122131410613518D
:103690006107227114328191A1082342B1C11552F0
:1036A000D1F02433627282090A161718191A2526D6
:1036B0002728292A3435363738393A43444546478E
:1036C00048494A535455565758595A636465666772
:1036D00068696A737475767778797A838485868762
:1036E00088898A92939495969798999AA2A3A4A56B
:1036F000A6A7A8A9AAB2B3B4B5B6B7B8B9BAC2C397
:10370000C4C5C6C7C8C9CAD2D3D4D5D6D7D8D9DAC2
:10371000E1E2E3E4E5E6E7E8E9EAF1F2F3F4F5F6FD
:10372000F7F8F9FA000301010101010101010100AB
:1037300000000000000102030405060708090A0B47
:10374000000105010101010101000000000000006D
:10375000000102030405060708090A0BCF2E03081F
:103760000000000000000000000000000000000059
:10377000A00F000008000000000000000000000092
:10378000D92E030800000000000000000000000027
:1037900000000000A02F0000180000000000000042
:1037A0000000000000000000010203040102030405
:1037B00006070809000000000000000000000000EB
:1037C000000000008BE200089FE200085FE20008B2
:1037D00063E2000885E2000800000000000000002D
:1037E00000000000000000000000000000000000D9
:1037F000B1E30008B3E3000819E700086DE300082F
:10380000A54501080D4501086D150008B9E200083D
:103810002545010807E30008654501083F45010803
:10382000B1140008B5140008B9140008BD1400084C
:10383000C1140008C3140008C5140008C714000808
:10384000C914000805460108CB14000893E70008D6
:10385000D3E20008C1E30008EDE2000801E300083C
:10386000BDE20008F3E30008E5E4000897E3000880
:103870002BE4000879E3000810182000000000087D
:1038800008080808000000000000000031F50008EA
:103890003DF5000805F6000803F60008F3F60008F9
:1038A00049F6000855F5000800000000000000007F
:1038B00035030108210601080D0101080000000080
:1038C00000000000000000000000000079F7000880
:1038D000BF1F0008C31F0008C91F0008CF1F000832
:1038E00021F700089508010835F700083BF70008A4
:1038F0005FF70008B1F7000863F700080000000058
:1039000000000000000000000000000000000000B7
:10391000C1090108E5090108A5090108871F000878
:10392000E1090108C709010891090108F8FFFFFF33
:1039300000000000C3090108F30901089F090108FC
:1039400000000000000000008B0E01088D0E010831
:10395000831F0008871F0008890E0108F909010864
:103960000000000000000000000000000000000057
:103970009D0E0108B31F0008A5450108950F010819
:103980006D150008AD1400082545010889150008CB
:10399000654501083F450108B1140008B514000849
:1039A000B9140008BD140008C1140008C3140008AD
:1039B000C5140008C7140008C9140008054601080A
:1039C000CB140008E3140008911F0008971F00089B
:1039D0009D1F000800000000000000000000000023
:1039E000451001084710010809100108ED0F0108F2
:1039F000A54501080D45010855100108AD14000842
:103A00002545010889150008654501083F4501085D
:103A1000B1140008B5140008B9140008BD1400085A
:103A2000C1140008C3140008C5140008C714000816
:103A3000C914000805460108CB140008E314000867
:103A4000000000000000000069100108BF1001081C
:103A5000CD1001089D100108A54501080D4501087C
:103A60007B150008AD1400082545010889150008DC
:103A7000654501083F450108B1140008B514000868
:103A8000B9140008BD140008C1140008C3140008CC
:103A9000C5140008C7140008C91400080546010829
:103AA000CB140008E31400086B10010800000000AC
:103AB000000000009D1101089F1101080000000096
:103AC00000000000E92E0108612F0108752F010890
:103AD000912F0108DD320108FD2E0108A52F0108F4
:103AE000A72F010895180008313201083914000881
:103AF000C52E01083B140008892F0108293B010845
:103B0000312F01089D340108012F010841310108BE
:103B100000000000000000005D4601085F4601084B
:103B2000114A010800000000000000000000000031
:103B300000000000834E0108FD1A00081D1B00084C
:103B4000211B0008011E00081D1E0008614301081A
:103B50007D4401087943010815440108251B00082C
:103B60000B440108291B00082D1B0008351B000809
:103B7000000000001B440108F91D0008FD1D00089D
:103B80003B1B0008411B0008000000000000000073
:103B900000000000EB4E0108F14E0108DD4E010867
:103BA0000000000000000000ED4E0108FF4E01087B
:103BB000E14E01080000000000000000EF4E010887
:103BC0000D4F0108E54E0108000000000000000054
:103BD000E94E01081B4F01086F540108F714000853
:103BE000E9130008F9140008294F01082D500108B5
:103BF000D54F0108EB130008ED130008000000008A
:103C0000000000002D680108718E01088B69010811
:103C100000000000000000002F680108638E01080A
:103C2000ED6B010800000000000000002968010899
:103C3000558E010859BD0108000000000000000079
:103C40002B680108478E01083DC3010800000000F1
:103C50000000000035680108A98E0108816D010887
:103C60000000000000000000376801089B8E01087A
:103C7000FD6F01080000000000000000316801082D
:103C80008D8E01084DC901080000000000000000F1
:103C9000336801087F8E010885D20108000000000A
:103CA000000000003D680108E18E010899720108DA
:103CB00000000000000000003F680108D38E0108EA
:103CC000D7740108000000000000000039680108F6
:103CD000C58E01082BDB0108000000000000000079
:103CE0003B680108B78E0108D1E001080000000020
:103CF0000000000045680108198F01085776010887
:103D00000000000000000000476801080B8F010858
:103D1000C5780108000000000000000041680108AB
:103D2000FD8E010899E60108000000000000000077
:103D300043680108EF8E01086FEF010800000000E2
:103D4000000000004D680108518F0108117B010837
:103D500000000000000000004F680108438F0108C8
:103D6000DD7D010800000000000000004968010836
:103D7000358F0108FDF70108000000000000000079
:103D80004B680108278F0108F5FE010800000000BC
:103D900000000000516801080B8E01083904020878
:103DA000D906020800000000000000005368010866
:103DB000198E0108618F01083D8301080000000091
:103DC0000000000055680108278E01089591010840
:103DD000519501080000000000000000576801082C
:103DE000378E010809990108699E0108000000004A
:103DF00000000000B9800108FD8D01087DAF0108B9
:103E0000FD850108BD80010861B00108AD8501088C
:103E100079A5010825820108F9A3010891A40108E8
:103E2000116801081568010819680108AD1E01082C
:103E3000C11E010899230108CD1E01085968010817
:103E4000B11F01083DB101080000000000000000A2
:103E50000D15020825150208C30F02084E395F5FD1
:103E6000676E755F637878323072656375727369F7
:103E700076655F696E69745F6572726F7245000086
:103E8000DC3E03085C3E03080C4B03080000000006
:103E9000803E0308891502089D150208451A02088C
:103EA0004E31305F5F637878616269763132305FBE
:103EB0005F73695F636C6173735F747970655F6969
:103EC0006E666F4500000000DC3E0308A03E03085C
:103ED0003C3F030800000000C83E0308C515020867
:103EE000D9150208E5160208E5160208E5170208CA
:103EF00015170208B516020831160208F515020852
:103F0000537439747970655F696E666F00000000E4
:103F1000503F0308003F03084E31305F5F637878FD
:103F2000616269763131375F5F636C6173735F74AF
:103F30007970655F696E666F45000000DC3E0308BE
:103F4000183F0308103F0308000000003C3F03082F
:103F50005517020869170208E5160208E516020857
:103F6000E517020815170208C91702088517020885
:103F700049170208474C49424358585F54554E412F
:103F8000424C4553000000006F626A5F73697A65B6
:103F9000000000006F626A5F636F756E740000005E
:103FA000676C69626378782E65685F706F6F6C000C
:103FB0007374643A3A657863657074696F6E000073
:103FC0007374643A3A6261645F65786365707469BA
:103FD0006F6E00007465726D696E61746520636157
:103FE0006C6C6564207265637572736976656C7953
:103FF0000A0000007465726D696E6174652063610A
:104000006C6C6564206166746572207468726F7789
:10401000696E6720616E20696E7374616E636520DE
:104020006F66202700000000270A00007465726D8B
:10403000696E6174652063616C6C65642077697476
:10404000686F757420616E206163746976652065A0
:104050007863657074696F6E0A00000020207768CD
:10406000617428293A202000256400005F474C4FE6
:1040700042414C5F0000000028616E6F6E796D6FE9
:104080007573206E616D6573706163652900000052
:104090006175746F000000006465636C747970650D
:1040A000286175746F290000737472696E67206CE3
:1040B00069746572616C0000737464006465636C9C
:1040C00074797065286E756C6C70747229000000CC
:1040D0005B6162693A0000002C2000003A3A00005F
:1040E0007B64656661756C742061726723000000F3
:1040F0007D3A3A006175746F3A00000074656D7026
:104100006C61746520706172616D65746572206F99
:10411000626A65637420666F72200000696E69745C
:1041200069616C697A657220666F72206D6F647563
:104130006C652000767461626C6520666F72200089
:1041400056545420666F722000000000636F6E7337
:104150007472756374696F6E20767461626C652029
:10416000666F7220000000002D696E2D00000000B7
:1041700074797065696E666F20666F72200000004A
:1041800074797065696E666F206E616D6520666F0B
:104190007220000074797065696E666F20666E200B
:1041A000666F7220000000006E6F6E2D766972746B
:1041B00075616C207468756E6B20746F2000000050
:1041C000636F76617269616E742072657475726E68
:1041D000207468756E6B20746F2000006A617661D0
:1041E00020436C61737320666F7220006775617283
:1041F00064207661726961626C6520666F7220006E
:10420000544C5320696E69742066756E6374696FCF
:104210006E20666F72200000544C532077726170DC
:104220007065722066756E6374696F6E20666F725A
:10423000200000007265666572656E6365207465B6
:104240006D706F7261727920230000006869646488
:10425000656E20616C69617320666F7220000000DA
:104260006E6F6E2D7472616E73616374696F6E2010
:10427000636C6F6E6520666F722000006F706572F0
:1042800061746F72000000006F70657261746F720C
:10429000200000003E280000636C000069780000E8
:1042A00071750000203A20006E6577200000000044
:1042B000756C00006C6C0000756C6C0066616C7352
:1042C0006500000074727565000000006A61766127
:1042D000207265736F757263652000006465636C9E
:1042E00074797065202800002E2E2E007468697382
:1042F000000000007B7061726D230000676C6F62CC
:10430000616C20636F6E7374727563746F72732067
:104310006B6579656420746F20000000676C6F62C4
:10432000616C2064657374727563746F7273206B53
:104330006579656420746F20000000007B6C616DFE
:1043400062646100292300007B756E6E616D656497
:104350002074797065230000205B636C6F6E6520AC
:1043600000000000747970656E616D6500000000EA
:1043700074656D706C6174650000000020636C6191
:1043800073730000207265737472696374000000B7
:1043900020766F6C6174696C6500000020636F6E3D
:1043A00073740000207472616E73616374696F6E60
:1043B0005F73616665000000206E6F6578636570ED
:1043C00074000000207468726F77000026260000D9
:1043D000205F436F6D706C6578000000205F496D51
:1043E0006167696E617279003A3A2A00205F5F76F0
:1043F0006563746F72280000282E2E2E00000000C6
:104400002E2E2E2900000000202E2E2E200000002F
:1044100024540000244E0000245454007374643A61
:104420003A616C6C6F6361746F720000616C6C6FE9
:104430006361746F720000007374643A3A6261736E
:1044400069635F737472696E67000000626173690B
:10445000635F737472696E67000000007374643A7E
:104460003A737472696E67007374643A3A62617386
:1044700069635F737472696E673C636861722C2054
:104480007374643A3A636861725F747261697473D9
:104490003C636861723E2C207374643A3A616C6CC0
:1044A0006F6361746F723C636861723E203E00000E
:1044B0007374643A3A6973747265616D0000000048
:1044C0007374643A3A62617369635F6973747265A5
:1044D000616D3C636861722C207374643A3A63685E
:1044E00061725F7472616974733C636861723E20CB
:1044F0003E00000062617369635F69737472656195
:104500006D0000007374643A3A6F73747265616D84
:10451000000000007374643A3A62617369635F6F0C
:1045200073747265616D3C636861722C207374648E
:104530003A3A636861725F7472616974733C63686C
:1045400061723E203E00000062617369635F6F73B9
:10455000747265616D0000007374643A3A696F7338
:10456000747265616D0000007374643A3A6261733D
:1045700069635F696F73747265616D3C63686172D2
:104580002C207374643A3A636861725F7472616973
:1045900074733C636861723E203E0000626173691F
:1045A000635F696F73747265616D0000614E000036
:1045B000263D0000615300003D00000061610000E5
:1045C0006164000026000000616E0000616C696794
:1045D0006E6F66200000000061770000636F5F610E
:1045E0007761697420000000617A00006363000055
:1045F000636F6E73745F6361737400002829000039
:10460000636D00002C000000636F00007E0000005E
:10461000645600002F3D0000645800005B2E2E2ED3
:104620005D3D00006461000064656C6574655B5D00
:10463000200000006463000064796E616D69635F4F
:104640006361737400000000646500002A000000CC
:1046500064690000646C000064656C65746520002A
:10466000647300002E2A0000647400006476000069
:104670002F00000064780000654F00005E3D0000E0
:10468000656F00005E000000657100003D3D0000A8
:10469000664C000066520000666C00006672000006
:1046A000676500003E3D000067730000677400000E
:1046B0005B5D00006C5300003C3C3D003C3D000055
:1046C0006C6900006F70657261746F722222200045
:1046D0006C7300003C3C00006C7400003C00000067
:1046E0006D4900002D3D00006D4C00002A3D00008A
:1046F0006D6900002D0000006D6C00006D6D000004
:104700002D2D00006E6100006E65775B5D0000007E
:104710006E650000213D00006E7400002100000065
:104720006E7700006E6577006F5200007C3D0000E0
:104730006F6F00007C7C00007C000000704C00006B
:104740002B3D0000706C00002B000000706D00001D
:104750002D3E2A00707000002B2B000070730000AB
:10476000707400002D3E00003F000000724D0000FC
:10477000253D0000725300003E3E3D007263000084
:104780007265696E746572707265745F636173746B
:1047900000000000726D0000250000007273000030
:1047A0003E3E00007350000073697A656F662E2EDE
:1047B0002E000000735A000073630000737461746C
:1047C00069635F63617374003C3D3E0073697A65A1
:1047D0006F662000737A0000747200007468726F54
:1047E00077000000747700007468726F7720000013
:1047F0007369676E6564206368617200626F6F6CD5
:1048000000000000626F6F6C65616E00636861722A
:10481000000000006279746500000000646F75623A
:104820006C6500006C6F6E6720646F75626C65006C
:10483000666C6F61740000005F5F666C6F6174315D
:1048400032380000756E7369676E65642063686155
:1048500072000000696E7400756E7369676E65643E
:1048600020696E7400000000756E7369676E656480
:10487000000000006C6F6E6700000000756E7369C9
:10488000676E6564206C6F6E670000005F5F696E25
:104890007431323800000000756E7369676E6564AC
:1048A000205F5F696E7431323800000073686F7288
:1048B00074000000756E7369676E65642073686FBD
:1048C00072740000766F69640000000077636861AD
:1048D000725F74006C6F6E67206C6F6E6700000013
:1048E000756E7369676E6564206C6F6E67206C6FA0
:1048F0006E670000646563696D616C3332000000AF
:10490000646563696D616C363400000064656369D9
:104910006D616C313238000068616C660000000027
:1049200063686172385F74006368617231365F7406
:10493000000000006368617233325F7400000000A1
:104940005F466C6F617400007374643A3A62666C1F
:104950006F617431365F74002C2066756E63746904
:104960006F6E3A2000000000617373657274696FA6
:104970006E2022257322206661696C65643A206688
:10498000696C6520222573222C206C696E652025B8
:1049900064257325730A00003031323334353637DD
:1049A000383941424344454600000000303132333B
:1049B000343536373839616263646566000000005B
:1049C000286E756C6C2900004C435F434F4C4C4182
:1049D000544500004C435F435459504500000000CB
:1049E0004C435F4D4F4E4554415259004C435F4E2E
:1049F000554D4552494300004C435F54494D4500D5
:104A00004C435F4D4553534147455300494E460083
:104A1000696E66004E414E006E616E00300000000F
:104A2000496E66696E697479000000004E614E003F
:104A300042616C6C6F632073756363656564656464
:104A4000000000002F646174612F6A656E6B696EEF
:104A5000732F776F726B73706163652F474E552D9F
:104A6000746F6F6C636861696E2F61726D2D313385
:104A70002F7372632F6E65776C69622D6379677728
:104A8000696E2F6E65776C69622F6C6962632F7334
:104A900074646C69622F64746F612E63000000009F
:104AA0002F646174612F6A656E6B696E732F776F07
:104AB000726B73706163652F474E552D746F6F6C09
:104AC000636861696E2F61726D2D31332F7372636C
:104AD0002F6E65776C69622D63796777696E2F6ECB
:104AE00065776C69622F6C6962632F7374646C699B
:104AF000622F6D707265632E630000005374396518
:104B00007863657074696F6E00000000503F0308A1
:104B1000FC4A0308537431336261645F65786365EE
:104B20007074696F6E000000DC3E0308144B0308CC
:104B30000C4B03084E31305F5F63787861626976B1
:104B40003131355F5F666F726365645F756E77697B
:104B50006E644500503F0308344B03084E31305F0C
:104B60005F637878616269763131395F5F666F7251
:104B70006569676E5F657863657074696F6E45001F
:104B8000503F03085C4B030800000000284B03085B
:104B9000411A0208551A02084D1A02081044030867
:104BA000144403081844030874000000B8400308C4
:104BB00003000000B84003080300000000000000EC
:104BC00000000000610000001C4403080E0000000B
:104BD0001C4403080E0000002C44030809000000D8
:104BE0006200000038440308110000003844030844
:104BF000110000004C4403080C000000730000008A
:104C00005C4403080B0000006844030846000000F1
:104C10004C4403080C00000069000000B044030885
:104C20000C000000C044030831000000F4440308F5
:104C30000D0000006F000000044503080C00000098
:104C40001445030831000000484503080D0000002A
:104C500064000000584503080D0000006845030883
:104C6000320000009C4503080E000000AC4503081C
:104C7000B04503080200000002000000B44503082C
:104C8000B84503080100000002000000BC4503080D
:104C9000CC4303080200000002000000C0450308E6
:104CA000C44503080100000001000000C8450308D6
:104CB000C445030801000000020000004449030845
:104CC000CC4503080800000001000000D845030897
:104CD000DC4503080900000001000000E845030866
:104CE000CC4503080800000001000000EC45030863
:104CF000F04503080A000000020000009842030883
:104D0000FC45030802000000020000000046030802
:104D100004460308010000000200000008460308E2
:104D20000C460308010000000100000010460308C3
:104D300014460308020000000200000018460308A1
:104D40001C46030806000000030000002446030878
:104D5000284603080900000001000000344603084B
:104D6000384603080C000000020000004846030813
:104D70004C460308010000000100000050460308F3
:104D8000B845030801000000020000005446030873
:104D900058460308070000000100000060460308B1
:104DA0006446030802000000020000006846030891
:104DB000B047030801000000020000006C46030831
:104DC000704603080100000002000000744603085A
:104DD0002046030802000000020000007846030895
:104DE0007C46030802000000020000008046030821
:104DF0008446030801000000020000008846030802
:104E00008C460308020000000200000090460308E0
:104E1000E842030803000000030000009446030872
:104E2000E84203080300000003000000984603085E
:104E3000E842030803000000020000009C4603084B
:104E4000E84203080300000002000000A046030837
:104E5000A44603080200000002000000A846030860
:104E6000DC4003080200000001000000AC4603081B
:104E7000F044030801000000020000009C42030807
:104E8000B04603080200000002000000B446030818
:104E9000B846030803000000020000002048030891
:104EA000BC4603080200000002000000C0460308E0
:104EB000C44603080B00000001000000D0460308B0
:104EC000D44603080200000002000000D846030890
:104ED000DC4603080100000002000000E046030871
:104EE000E44603080200000002000000E846030850
:104EF000EC4603080200000002000000F046030830
:104F0000F44603080100000002000000F846030810
:104F10004C4603080100000002000000FC460308A4
:104F200000470308020000000100000004470308D6
:104F300008470308050000000300000010470308AD
:104F4000144703080200000002000000F0480308B4
:104F5000F4460308010000000100000018470308A0
:104F60001C4703080100000001000000204703085F
:104F7000244703080300000003000000284703083B
:104F80002C4703080200000002000000304703081D
:104F90003447030802000000020000002844030810
:104FA0003847030801000000020000003C470308E6
:104FB00040470308020000000200000044470308C5
:104FC0004847030801000000020000004C470308A6
:104FD0005047030803000000020000005447030884
:104FE0005847030802000000010000005C47030866
:104FF0004847030801000000010000006047030863
:10500000644703080200000002000000A0420308F9
:105010006847030801000000030000006C47030814
:1050200070470308020000000200000074470308F4
:105030007847030803000000020000007C470308D3
:105040008047030810000000020000009447030896
:105050009847030801000000020000009C47030875
:10506000A04703080200000002000000A447030854
:10507000A84703080900000001000000B447030826
:10508000A84703080900000001000000B847030812
:10509000BC4703080B000000020000008043030827
:1050A000C84703080300000002000000F845030899
:1050B000CC4703080700000001000000D4470308A4
:1050C000CC4703080700000001000000D847030890
:1050D000DC4703080500000000000000E447030867
:1050E000E84703080600000001000000000000007F
:1050F000000000000000000000000000F04703086E
:105100000B000000F04703080B0000000000000047
:10511000FC470308040000000448030807000000DF
:10512000070000000C4803080400000014480308AE
:1051300004000000000000001C48030806000000F6
:105140001C4803080600000008000000244803086B
:105150000B000000244803080B00000008000000BA
:10516000304803080500000030480308050000002F
:1051700008000000384803080A0000003848030807
:105180000A00000008000000444803080D00000069
:10519000444803080D0000000000000054480308C4
:1051A0000300000054480308030000000100000051
:1051B000584803080C000000684803080800000075
:1051C00002000000000000000000000000000000DD
:1051D0000000000000000000744803080400000004
:1051E0007448030804000000030000007C48030822
:1051F0000D0000007C4803080D00000004000000C2
:105200008C480308080000008C48030808000000D0
:1052100000000000984803081100000098480308A7
:10522000110000000000000000000000000000006D
:10523000000000000000000000000000000000006E
:10524000000000000000000000000000000000005E
:10525000000000000000000000000000000000004E
:1052600000000000AC48030805000000AC4803083B
:105270000500000000000000B44803080E00000014
:10528000B44803080E000000000000000000000009
:10529000000000000000000000000000000000000E
:1052A000C448030804000000C448030804000000C8
:1052B00009000000CC480308070000000C48030860
:1052C0000400000000000000D448030809000000AA
:1052D000744803080400000005000000E0480308CB
:1052E00012000000E0480308120000000600000061
:1052F000E842030803000000E8420308030000003E
:1053000000000000F448030809000000F448030806
:105310000900000000000000004903080900000027
:105320000049030809000000000000000C490308C0
:105330000A0000000C4903080A00000000000000F9
:10534000184903080400000018490308040000007D
:105350000800000020490308070000002049030856
:1053600007000000000000002849030808000000B2
:105370002849030808000000000000003449030821
:105380000800000034490308080000000000000085
:10539000BC40030811000000BC40030811000000DD
:1053A00000000000404903080600000040490308CF
:1053B0000600000008000000484903080F00000034
:1053C000484903080F0000000800000000000080AA
:1053D000DB0F4940DB0F49C0DB0F49BFE4CB164070
:1053E000E4CB16C0000FC93F000F494000CB9640E8
:1053F000000FC9400053FB4000CB164100ED2F4188
:10540000000F49410031624100537B41003A8A411B
:1054100000CB9641005CA34100EDAF41007EBC4152
:10542000000FC94100A0D5410031E24100C2EE4168
:105430000053FB4100F20342003A0A42008310424B
:1054400000CB164200141D42005C234200A52942F5
:1054500000ED2F4200363642007E3C4200C74242F9
:10546000000F4942A2000000F90000008300000084
:105470006E0000004E000000440000001500000017
:1054800029000000FC000000270000005700000079
:10549000D1000000F500000034000000DD00000035
:1054A000C0000000DB00000062000000950000006A
:1054B000990000003C000000430000009000000044
:1054C00041000000FE0000005100000063000000E9
:1054D000AB000000DE000000BB000000C5000000C3
:1054E00061000000B7000000240000006E00000012
:1054F0003A000000420000004D000000D200000011
:10550000E000000006000000490000002E0000003E
:10551000EA00000009000000D10000009200000035
:105520001C000000FE0000001D000000EB00000059
:105530001C000000B100000029000000A7000000CE
:105540003E000000E800000082000000350000007E
:10555000F50000002E000000BB0000004400000029
:1055600084000000E90000009C00000070000000C2
:1055700026000000B40000005F0000007E00000074
:10558000410000003900000091000000D60000003A
:1055900039000000830000005300000039000000C3
:1055A000F40000009C000000840000005F00000088
:1055B0008B000000BD000000F90000002800000082
:1055C0003B0000001F000000F800000097000000F2
:1055D000FF000000DE000000050000009800000051
:1055E0000F000000EF0000002F000000110000007D
:1055F0008B0000005A0000000A0000006D0000004F
:105600001F0000006D000000360000007E0000005A
:10561000CF00000027000000CB00000009000000C0
:10562000B70000004F000000460000003F000000EF
:10563000660000009E0000005F000000EA0000001D
:105640002D0000007500000027000000BA000000D7
:10565000C7000000EB000000E5000000F1000000C2
:105660007B0000003D000000070000003900000042
:10567000F70000008A0000005200000092000000C5
:10568000EA0000006B000000FB0000005F0000006B
:10569000B10000001F0000008D0000005D00000050
:1056A0000800000056000000030000003000000069
:1056B00046000000FC0000007B0000006B000000C2
:1056C000AB000000F0000000CF000000BC000000B4
:1056D000200000009A000000F400000036000000E6
:1056E0001D000000A9000000E30000009100000080
:1056F000610000005E000000E60000001B000000EA
:10570000080000006500000099000000850000000E
:105710005F00000014000000A0000000680000000E
:10572000400000008D000000FF000000D8000000D5
:10573000800000004D000000730000002700000002
:105740003100000006000000060000001500000007
:1057500056000000CA00000073000000A80000000E
:10576000C900000060000000E20000007B000000B3
:10577000C00000008C0000006B0000006937AC31F5
:1057800068212233B40F14336821A2333863ED3E0D
:10579000DA0F493F5E987B3FDA0FC93F0000C93FEF
:1057A0000000F0390000DA370000A2330000842E38
:1057B0000000502B0000C2270000D0220000C41FB0
:1057C0000000C61B00004417040000000700000092
:1057D0000900000000202020202020202020282850
:1057E00028282820202020202020202020202020A1
:1057F00020202020208810101010101010101010E1
:105800001010101010040404040404040404041010
:10581000101010101010414141414141010101019E
:105820000101010101010101010101010101010168
:105830001010101010104242424242420202020274
:105840000202020202020202020202020202020238
:1058500010101010200000000000000000000000E8
:105860000000000000000000000000000000000038
:105870000000000000000000000000000000000028
:105880000000000000000000000000000000000018
:105890000000000000000000000000000000000008
:1058A00000000000000000000000000000000000F8
:1058B00000000000000000000000000000000000E8
:1058C00000000000000000000000000000000000D8
:1058D0000000000000000000303030303030303048
:1058E0003030303030303030202020202020202038
:1058F0002020202020202020303030303030303028
:105900003030303030303030202020202020202017
:105910002020202020202020050000001900000069
:105920007D000000000000000080E03779C34143A3
:10593000176E05B5B5B89346F5F93FE9034F384DF5
:10594000321D30F94877825A3CBF737FDD4F1575A1
:10595000000000000000F03F0000000000002440B4
:1059600000000000000059400000000000408F408F
:10597000000000000088C34000000000006AF840FA
:105980000000000080842E4100000000D01263411E
:105990000000000084D797410000000065CDCD4194
:1059A000000000205FA00242000000E87648374275
:1059B000000000A2941A6D42000040E59C30A24213
:1059C0000000901EC4BCD64200003426F56B0C4388
:1059D0000080E03779C3414300A0D885573476432F
:1059E00000C84E676DC1AB43003D9160E458E14390
:1059F000408CB5781DAF154450EFE2D6E41A4B4405
:105A000092D54D06CFF08044F64AE1C7022DB54449
:085A1000B49DD9794378EA4402
:105A180000105377570200000083FCFFFFFFDF17D9
:105A28000000FDFFFFFFFFFFDF0200FDFFFFEFFFAC
:105A3800FFFF2E00FD9E150041FAFFBF006B00001E
:105A4800000060FFFF02000000000000FBFF0700ED
:105A58000000000000F7FF08000000000000F6FF4B
:105A680009000000000000F7FF0700000000000028
:105A7800FBFF04000000000030FFEF000000000002
:105A880000C1FF7F000000000010FCFF0C000000B8
:105A98000000D3FFDF020000000081FFFF2C0000A0
:105AA800000060FEFF9F0000000000D0FFDF040040
:105AB80000000000D0FF0B000000000000D0FF092C
:105AC800000000000000D0FF09000000000000D026
:105AD800FF09000000000000D0FF090000000000DE
:105AE80000000000000000000000000000000000AE
:105AF8000000000000000000000000004044030017
:105B08000000000000F1FF0E000000000000F1FF9F
:105B18000E000000000000F1FF0E00000000000071
:105B2800F1FF0E000000000093ECDE2900F7ADDA6B
:105B3800EF02330000F90A000000F30C000000F542
:105B48000A000010FD030000D56F0000B0CF03006D
:105B580000E00C000000E00C000000400300000022
:105B68000000000000F00E000000F00E0000000031
:105B7800000000003F0005080800050000000000C4
:105B8800D2CE0321500C00300C00C105004D00009E
:105B98000C00000200000F00000000003F00111F71
:105BA8001F03160000000000000000003F00090E5F
:065BB8000E010B000000CD
:105BC00000000000885B03080000000000000000E7
:085BD000185A0308305B0308BA
:105BD800C52AFF7F8408B101B0B0B000FF100D01E5
:105BE80004020608010100000000000008B101815C
:105BF800B0B000840000000008B10181B0B000849A
:105C080000000000912AFF7FB0AA0100FF102901BF
:105C180018323000006C04A40103762E0000C00185
:105C280018E80100E2010E00000200017D000000FA
:105C380000000000D0EEFFFF5D2AFF7FA908B10039
:105C4800FFFF010008B10181B0B00084000000002E
:105C5800452AFF7FB0AF1400FF1019011020B007CC
:105C68000000AE0804B20801BA08040000010000F0
:105C780000000000212AFF7FB0AF0200FF101901C9
:105C88000E320A3C017A3CBC0100C4010400000148
:105C9800000000000000000008B10181B0B00084DD
:105CA8000000000008B10181B0B0008400000000CD
:105CB80008A6FC7F0100000088B8FE7FB0B0A8806D
:105CC800B8B8FE7F01000000E4B9FE7FB0B0AC8038
:105CD80008BAFE7F0100000034BAFE7FB0AA038034
:105CE80060BAFE7F0100000074BDFE7FE4FEFF7F06
:105CF8007CBDFE7F0100000088BDFE7FF0FEFF7FB7
:105D080088BDFE7FF4FEFF7F94BDFE7F010000008A
:105D1800ACBDFE7FB0B0A880E8BDFE7F01000000EA
:105D280024BEFE7FB0B0AA8050BEFE7FB0B0A8806F
:105D3800B8BEFE7FD0FEFF7FBCBFFE7F0100000023
:105D48002425FF7FB0AB0280CC25FF7F0100000037
:105D58009826FF7FE4FEFF7F0C27FF7F01000000ED
:105D6800A027FF7FB0B0AA805828FF7FD8FEFF7F0A
:105D78009428FF7FAB08B1801C29FF7FD4FEFF7FEA
:105D88005C2DFF7F01000000CC2DFF7FE8FEFF7F28
:105D9800982EFF7F01000000ECA5FF7FB0A90280CC
:105DA8007CA6FF7FB0B0A880CCA6FF7F01000000D2
:105DB800D4A6FF7FB0B0AA8008A7FF7FAE75B280D7
:105DC800D8A7FF7FAB3F3A8038A8FF7F01000000CB
:105DD80040A8FF7FB0B0AA807CA8FF7F0100000028
:105DE80034A9FF7FAA0FB280B0A9FF7FB0AF0880A7
:105DF8004CACFF7F010000005CACFF7FAC3F038030
:105E080044AFFF7F0100000074AFFF7F008404806F
:105E180088AFFF7F0100000084AFFF7FB0AD048032
:105E280078B2FF7FB0A803809CB2FF7F6CFEFF7F33
:105E3800A0B2FF7F70FEFF7FACB2FF7F01000000C1
:105E4800CDC7020895130008DD1D00089926000833
:105E5800292F0008FD3D0008652B0108A94201080B
:045E68003D190208D6
:085E6C006D1300087D2F0008F2
:105E7400000000005A000000E82F030800000000A2
:105E8400C0520024000000000000000000000000D8
:105E9400C007002400000000000000000190031F60
:105EA4000000018F0100000028B40024AAAAAAAAB5
:105EB4008B6F00087B6E0008AD6E0008FB6E000857
:105EC400136F0008B96F0008756F0008636E00084F
:105ED4007B6F0008836F0008B56F00088D6E0008A3
:105EE40001000000100000000090D0030090D003D7
:105EF400E8030000AC3D0308943D0308583D030843
:105F0400443D0308803D03086C3D0308083D030835
:105F1400F43C0308303D03081C3D0308B83C030867
:105F2400A43C0308E03C0308CC3C0308683C030899
:105F3400543C0308903C03087C3C0308183C0308C9
:105F4400043C0308403C03082C3C0308751A02086F
:105F5400F11B0208FFFFFFFF000002000000000029
:105F64000000000000000000F0000024F000002405
:105F7400F8000024F800002400010024000100249B
:105F84000801002408010024100100241001002449
:105F940018010024180100242001002420010024F9
:105FA40028010024280100243001002430010024A9
:105FB4003801002438010024400100244001002459
:105FC4004801002448010024500100245001002409
:105FD40058010024580100246001002460010024B9
:105FE4006801002468010024700100247001002469
:105FF4007801002478010024800100248001002419
:1060040088010024880100249001002490010024C8
:106014009801002498010024A0010024A001002478
:10602400A8010024A8010024B0010024B001002428
:10603400B8010024B8010024C0010024C0010024D8
:10604400C8010024C8010024D0010024D001002488
:10605400D8010024D8010024E0010024E001002438
:10606400E8010024E8010024F0010024F0010024E8
:10607400F8010024F8010024000200240002002496
:106084000802002408020024100200241002002444
:1060940018020024180200242002002420020024F4
:1060A40028020024280200243002002430020024A4
:1060B4003802002438020024400200244002002454
:1060C4004802002448020024500200245002002404
:1060D40058020024580200246002002460020024B4
:1060E4006802002468020024700200247002002464
:1060F4007802002478020024800200248002002414
:1061040088020024880200249002002490020024C3
:106114009802002498020024A0020024A002002473
:10612400A8020024A8020024B0020024B002002423
:10613400B8020024B8020024C0020024C0020024D3
:10614400C8020024C8020024D0020024D002002483
:10615400D8020024D8020024E0020024E002002433
:10616400E8020024E8020024F0020024F0020024E3
:10617400F8020024F8020024000300240003002491
:10618400080300240803002410030024100300243F
:1061940018030024180300242003002420030024EF
:1061A400280300242803002430030024300300249F
:1061B400380300243803002440030024400300244F
:1061C40048030024480300245003002450030024FF
:1061D40058030024580300246003002460030024AF
:1061E400680300246803002470030024700300245F
:1061F400780300247803002480030024800300240F
:1062040088030024880300249003002490030024BE
:106214009803002498030024A0030024A00300246E
:10622400A8030024A8030024B0030024B00300241E
:10623400B8030024B8030024C0030024C0030024CE
:10624400C8030024C8030024D0030024D00300247E
:10625400D8030024D8030024E0030024E00300242E
:10626400E8030024E8030024F0030024F0030024DE
:10627400F8030024F803002400040024000400248C
:10628400080400240804002410040024100400243A
:1062940018040024180400242004002420040024EA
:1062A400280400242804002430040024300400249A
:1062B400380400243804002440040024400400244A
:1062C40048040024480400245004002450040024FA
:1062D40058040024580400246004002460040024AA
:1062E400680400246804002470040024700400245A
:1062F400780400247804002480040024800400240A
:1063040088040024880400249004002490040024B9
:106314009804002498040024A0040024A004002469
:10632400A8040024A8040024B0040024B004002419
:10633400B8040024B8040024C0040024C0040024C9
:10634400C8040024C8040024D0040024D004002479
:10635400D8040024D8040024E0040024E004002429
:10636400E8040024E8040024000000000300000006
:1063740054640224430000000000000000000000F8
:106384000000000000000000000000000000000009
:1063940000000000430000000000000000000000B6
:1063A40000000000000000000000000000000000E9
:1063B4000000000043000000000000000000000096
:1063C40000000000000000000000000000000000C9
:1063D4000000000043000000000000000000000076
:1063E40000000000000000000000000000000000A9
:1063F4000000000043000000000000000000000056
:106404000000000000000000000000000000000088
:106414000000000043000000000000000000000035
:106424000000000000000000000000000000000068
:106434000000000043000000000000000000000015
:106444000000000000000000000000000000000048
:1064540000000000D5CA0208A9CA02080000000012
:10646400D4570308B0470308644903086449030880
:106474006449030864490308644903086449030838
:10648400644903086449030864490308FFFFFFFFE4
:10649400FFFFFFFFFFFFFFFFFFFF0000010041536D
:1064A4004349490000000000000000000000000013
:1064B4000000000000000000000000000000415344
:1064C40043494900000000000000000000000000F3
:1064D40000000000000000000000000000000000B8
:1064E4007806002400000000000000005464022428
:1064F400BC640224246502240000000000000000A3
:106504000000000000000000000000000000000087
:106514000000000000000000000000000000000077
:106524000000000000000000000000000000000067
:106534000000000000000000000000000000000057
:106544000000000000000000000000000000000047
:106554000000000000000000000000000000000037
:106564000000000000000000000000000000000027
:106574000000000000000000000000000000000017
:1065840001000000000000000E33CDAB34126DE6B4
:10659400ECDE05000B00000000000000000000001D
:1065A40000000000000000000000000000000000E7
:1065B40000000000000000000000000000000000D7
:1065C40000000000000000000000000000000000C7
:1065D40000000000000000000000000000000000B7
:1065E40000000000000000000000000000000000A7
:1065F4000000000000000000000000000000000097
:106604000000000000000000000000000000000086
:106614000000000000000000000000000000000076
:0C66240000000000000000009C65022443
:10663000000000000000000000000000000000005A
:10664000000000000000000000000000000000004A
:10665000000000000000000000000000000000003A
:10666000000000000000000000000000000000002A
:10667000000000000000000000000000000000001A
:10668000000000000000000000000000000000000A
:1066900000000000000000000000000000000000FA
:1066A00000000000000000000000000000000000EA
:1066B00000000000000000000000000000000000DA
:1066C00000000000000000000000000000000000CA
:1066D00000000000000000000000000000000000BA
:1066E00000000000000000000000000000000000AA
:1066F000000000000000000000000000000000009A
:106700000000000000000000000000000000000089
:106710000000000000000000000000000000000079
:106720000000000000000000000000000000000069
:106730000000000000000000000000000000000059
:106740000000000000000000000000000000000049
:106750000000000000000000000000000000000039
:106760000000000000000000000000000000000029
:106770000000000000000000000000000000000019
:106780000000000000000000000000000000000009
:1067900000000000000000000000000000000000F9
:1067A00000000000000000000000000000000000E9
:1067B00000000000000000000000000000000000D9
:1067C00000000000000000000000000000000000C9
:1067D00000000000000000000000000000000000B9
:1067E00000000000000000000000000000000000A9
:1067F0000000000000000000000000000000000099
:106800000000000000000000000000000000000088
:106810000000000000000000000000000000000078
:106820000000000000000000000000000000000068
:106830000000000000000000000000000000000058
:106840000000000000000000000000000000000048
:106850000000000000000000000000000000000038
:106860000000000000000000000000000000000028
:106870000000000000000000000000000000000018
:106880000000000000000000000000000000000008
:1068900000000000000000000000000000000000F8
:1068A00000000000000000000000000000000000E8
:1068B00000000000000000000000000000000000D8
:1068C00000000000000000000000000000000000C8
:1068D00000000000000000000000000000000000B8
:1068E00000000000000000000000000000000000A8
:1068F0000000000000000000000000000000000098
:106900000000000000000000000000000000000087
:106910000000000000000000000000000000000077
:106920000000000000000000000000000000000067
:106930000000000000000000000000000000000057
:106940000000000000000000000000000000000047
:106950000000000000000000000000000000000037
:106960000000000000000000000000000000000027
:106970000000000000000000000000000000000017
:106980000000000000000000000000000000000007
:1069900000000000000000000000000000000000F7
:1069A00000000000000000000000000000000000E7
:1069B00000000000000000000000000000000000D7
:1069C00000000000000000000000000000000000C7
:1069D00000000000000000000000000000000000B7
:1069E00000000000000000000000000000000000A7
:1069F0000000000000000000000000000000000097
:106A00000000000000000000000000000000000086
:106A10000000000000000000000000000000000076
:106A20000000000000000000000000000000000066
:106A30000000000000000000000000000000000056
:106A40000000000000000000000000000000000046
:106A50000000000000000000000000000000000036
:106A60000000000000000000000000000000000026
:106A70000000000000000000000000000000000016
:106A80000000000000000000000000000000000006
:106A900000000000000000000000000000000000F6
:106AA00000000000000000000000000000000000E6
:106AB00000000000000000000000000000000000D6
:106AC00000000000000000000000000000000000C6
:106AD00000000000000000000000000000000000B6
:106AE00000000000000000000000000000000000A6
:106AF0000000000000000000000000000000000096
:106B00000000000000000000000000000000000085
:106B10000000000000000000000000000000000075
:106B20000000000000000000000000000000000065
:106B30000000000000000000000000000000000055
:106B40000000000000000000000000000000000045
:106B50000000000000000000000000000000000035
:106B60000000000000000000000000000000000025
:106B70000000000000000000000000000000000015
:106B80000000000000000000000000000000000005
:106B900000000000000000000000000000000000F5
:106BA00000000000000000000000000000000000E5
:106BB00000000000000000000000000000000000D5
:106BC00000000000000000000000000000000000C5
:106BD00000000000000000000000000000000000B5
:106BE00000000000000000000000000000000000A5
:106BF0000000000000000000000000000000000095
:106C00000000000000000000000000000000000084
:106C10000000000000000000000000000000000074
:106C20000000000000000000000000000000000064
:106C30000000000000000000000000000000000054
:106C40000000000000000000000000000000000044
:106C50000000000000000000000000000000000034
:106C60000000000000000000000000000000000024
:106C70000000000000000000000000000000000014
:106C80000000000000000000000000000000000004
:106C900000000000000000000000000000000000F4
:106CA00000000000000000000000000000000000E4
:106CB00000000000000000000000000000000000D4
:106CC00000000000000000000000000000000000C4
:106CD00000000000000000000000000000000000B4
:106CE00000000000000000000000000000000000A4
:106CF0000000000000000000000000000000000094
:106D00000000000000000000000000000000000083
:106D10000000000000000000000000000000000073
:106D20000000000000000000000000000000000063
:106D30000000000000000000000000000000000053
:106D40000000000000000000000000000000000043
:106D50000000000000000000000000000000000033
:106D60000000000000000000000000000000000023
:106D70000000000000000000000000000000000013
:106D80000000000000000000000000000000000003
:106D900000000000000000000000000000000000F3
:106DA00000000000000000000000000000000000E3
:106DB00000000000000000000000000000000000D3
:106DC00000000000000000000000000000000000C3
:106DD00000000000000000000000000000000000B3
:106DE00000000000000000000000000000000000A3
:106DF0000000000000000000000000000000000093
:106E00000000000000000000000000000000000082
:106E10000000000000000000000000000000000072
:106E20000000000000000000000000000000000062
:106E30000000000000000000000000000000000052
:106E40000000000000000000000000000000000042
:106E50000000000000000000000000000000000032
:106E60000000000000000000000000000000000022
:106E70000000000000000000000000000000000012
:106E80000000000000000000000000000000000002
:106E900000000000000000000000000000000000F2
:106EA00000000000000000000000000000000000E2
:106EB00000000000000000000000000000000000D2
:106EC00000000000000000000000000000000000C2
:106ED00000000000000000000000000000000000B2
:106EE00000000000000000000000000000000000A2
:106EF0000000000000000000000000000000000092
:106F00000000000000000000000000000000000081
:106F10000000000000000000000000000000000071
:106F20000000000000000000000000000000000061
:106F30000000000000000000000000000000000051
:106F40000000000000000000000000000000000041
:106F50000000000000000000000000000000000031
:106F60000000000000000000000000000000000021
:106F70000000000000000000000000000000000011
:106F80000000000000000000000000000000000001
:106F900000000000000000000000000000000000F1
:106FA00000000000000000000000000000000000E1
:106FB00000000000000000000000000000000000D1
:106FC00000000000000000000000000000000000C1
:106FD00000000000000000000000000000000000B1
:106FE00000000000000000000000000000000000A1
:106FF0000000000000000000000000000000000091
:107000000000000000000000000000000000000080
:107010000000000000000000000000000000000070
:107020000000000000000000000000000000000060
:107030000000000000000000000000000000000050
:107040000000000000000000000000000000000040
:107050000000000000000000000000000000000030
:107060000000000000000000000000000000000020
:107070000000000000000000000000000000000010
:107080000000000000000000000000000000000000
:1070900000000000000000000000000000000000F0
:1070A00000000000000000000000000000000000E0
:1070B00000000000000000000000000000000000D0
:1070C00000000000000000000000000000000000C0
:1070D00000000000000000000000000000000000B0
:1070E00000000000000000000000000000000000A0
:1070F0000000000000000000000000000000000090
:10710000000000000000000000000000000000007F
:10711000000000000000000000000000000000006F
:10712000000000000000000000000000000000005F
:10713000000000000000000000000000000000004F
:10714000000000000000000000000000000000003F
:10715000000000000000000000000000000000002F
:10716000000000000000000000000000000000001F
:10717000000000000000000000000000000000000F
:1071800000000000000000000000000000000000FF
:1071900000000000000000000000000000000000EF
:1071A00000000000000000000000000000000000DF
:1071B00000000000000000000000000000000000CF
:1071C00000000000000000000000000000000000BF
:1071D00000000000000000000000000000000000AF
:1071E000000000000000000000000000000000009F
:1071F000000000000000000000000000000000008F
:10720000000000000000000000000000000000007E
:10721000000000000000000000000000000000006E
:10722000000000000000000000000000000000005E
:10723000000000000000000000000000000000004E
:10724000000000000000000000000000000000003E
:10725000000000000000000000000000000000002E
:10726000000000000000000000000000000000001E
:10727000000000000000000000000000000000000E
:1072800000000000000000000000000000000000FE
:1072900000000000000000000000000000000000EE
:1072A00000000000000000000000000000000000DE
:1072B00000000000000000000000000000000000CE
:1072C00000000000000000000000000000000000BE
:1072D00000000000000000000000000000000000AE
:1072E000000000000000000000000000000000009E
:1072F000000000000000000000000000000000008E
:10730000000000000000000000000000000000007D
:10731000000000000000000000000000000000006D
:10732000000000000000000000000000000000005D
:10733000000000000000000000000000000000004D
:10734000000000000000000000000000000000003D
:10735000000000000000000000000000000000002D
:10736000000000000000000000000000000000001D
:10737000000000000000000000000000000000000D
:1073800000000000000000000000000000000000FD
:1073900000000000000000000000000000000000ED
:1073A00000000000000000000000000000000000DD
:1073B00000000000000000000000000000000000CD
:1073C00000000000000000000000000000000000BD
:1073D00000000000000000000000000000000000AD
:1073E000000000000000000000000000000000009D
:1073F000000000000000000000000000000000008D
:10740000000000000000000000000000000000007C
:10741000000000000000000000000000000000006C
:10742000000000000000000000000000000000005C
:10743000000000000000000000000000000000004C
:10744000000000000000000000000000000000003C
:10745000000000000000000000000000000000002C
:10746000000000000000000000000000000000001C
:10747000000000000000000000000000000000000C
:1074800000000000000000000000000000000000FC
:1074900000000000000000000000000000000000EC
:1074A00000000000000000000000000000000000DC
:1074B00000000000000000000000000000000000CC
:1074C00000000000000000000000000000000000BC
:1074D00000000000000000000000000000000000AC
:1074E000000000000000000000000000000000009C
:1074F000000000000000000000000000000000008C
:10750000000000000000000000000000000000007B
:10751000000000000000000000000000000000006B
:10752000000000000000000000000000000000005B
:10753000000000000000000000000000000000004B
:10754000000000000000000000000000000000003B
:10755000000000000000000000000000000000002B
:10756000000000000000000000000000000000001B
:10757000000000000000000000000000000000000B
:1075800000000000000000000000000000000000FB
:1075900000000000000000000000000000000000EB
:1075A00000000000000000000000000000000000DB
:1075B00000000000000000000000000000000000CB
:1075C00000000000000000000000000000000000BB
:1075D00000000000000000000000000000000000AB
:1075E000000000000000000000000000000000009B
:1075F000000000000000000000000000000000008B
:10760000000000000000000000000000000000007A
:10761000000000000000000000000000000000006A
:10762000000000000000000000000000000000005A
:10763000000000000000000000000000000000004A
:10764000000000000000000000000000000000003A
:10765000000000000000000000000000000000002A
:10766000000000000000000000000000000000001A
:10767000000000000000000000000000000000000A
:1076800000000000000000000000000000000000FA
:1076900000000000000000000000000000000000EA
:1076A00000000000000000000000000000000000DA
:1076B00000000000000000000000000000000000CA
:1076C00000000000000000000000000000000000BA
:1076D00000000000000000000000000000000000AA
:1076E000000000000000000000000000000000009A
:1076F000000000000000000000000000000000008A
:107700000000000000000000000000000000000079
:107710000000000000000000000000000000000069
:107720000000000000000000000000000000000059
:107730000000000000000000000000000000000049
:107740000000000000000000000000000000000039
:107750000000000000000000000000000000000029
:107760000000000000000000000000000000000019
:107770000000000000000000000000000000000009
:1077800000000000000000000000000000000000F9
:1077900000000000000000000000000000000000E9
:1077A00000000000000000000000000000000000D9
:1077B00000000000000000000000000000000000C9
:1077C00000000000000000000000000000000000B9
:1077D00000000000000000000000000000000000A9
:1077E0000000000000000000000000000000000099
:1077F0000000000000000000000000000000000089
:107800000000000000000000000000000000000078
:107810000000000000000000000000000000000068
:107820000000000000000000000000000000000058
:107830000000000000000000000000000000000048
:107840000000000000000000000000000000000038
:107850000000000000000000000000000000000028
:107860000000000000000000000000000000000018
:107870000000000000000000000000000000000008
:1078800000000000000000000000000000000000F8
:1078900000000000000000000000000000000000E8
:1078A00000000000000000000000000000000000D8
:1078B00000000000000000000000000000000000C8
:1078C00000000000000000000000000000000000B8
:1078D00000000000000000000000000000000000A8
:1078E0000000000000000000000000000000000098
:1078F0000000000000000000000000000000000088
:107900000000000000000000000000000000000077
:107910000000000000000000000000000000000067
:107920000000000000000000000000000000000057
:107930000000000000000000000000000000000047
:107940000000000000000000000000000000000037
:107950000000000000000000000000000000000027
:107960000000000000000000000000000000000017
:107970000000000000000000000000000000000007
:1079800000000000000000000000000000000000F7
:1079900000000000000000000000000000000000E7
:1079A00000000000000000000000000000000000D7
:1079B00000000000000000000000000000000000C7
:1079C00000000000000000000000000000000000B7
:1079D00000000000000000000000000000000000A7
:1079E0000000000000000000000000000000000097
:1079F0000000000000000000000000000000000087
:107A00000000000000000000000000000000000076
:107A10000000000000000000000000000000000066
:107A20000000000000000000000000000000000056
:107A30000000000000000000000000000000000046
:107A40000000000000000000000000000000000036
:107A50000000000000000000000000000000000026
:107A60000000000000000000000000000000000016
:107A70000000000000000000000000000000000006
:107A800000000000000000000000000000000000F6
:107A900000000000000000000000000000000000E6
:107AA00000000000000000000000000000000000D6
:107AB00000000000000000000000000000000000C6
:107AC00000000000000000000000000000000000B6
:107AD00000000000000000000000000000000000A6
:107AE0000000000000000000000000000000000096
:107AF0000000000000000000000000000000000086
:107B00000000000000000000000000000000000075
:107B10000000000000000000000000000000000065
:107B20000000000000000000000000000000000055
:107B30000000000000000000000000000000000045
:107B40000000000000000000000000000000000035
:107B50000000000000000000000000000000000025
:107B60000000000000000000000000000000000015
:107B70000000000000000000000000000000000005
:107B800000000000000000000000000000000000F5
:107B900000000000000000000000000000000000E5
:107BA00000000000000000000000000000000000D5
:107BB00000000000000000000000000000000000C5
:107BC00000000000000000000000000000000000B5
:107BD00000000000000000000000000000000000A5
:107BE0000000000000000000000000000000000095
:107BF0000000000000000000000000000000000085
:107C00000000000000000000000000000000000074
:107C10000000000000000000000000000000000064
:107C20000000000000000000000000000000000054
:107C30000000000000000000000000000000000044
:107C40000000000000000000000000000000000034
:107C50000000000000000000000000000000000024
:107C60000000000000000000000000000000000014
:107C70000000000000000000000000000000000004
:107C800000000000000000000000000000000000F4
:107C900000000000000000000000000000000000E4
:107CA00000000000000000000000000000000000D4
:107CB00000000000000000000000000000000000C4
:107CC00000000000000000000000000000000000B4
:107CD00000000000000000000000000000000000A4
:107CE0000000000000000000000000000000000094
:107CF0000000000000000000000000000000000084
:107D00000000000000000000000000000000000073
:107D10000000000000000000000000000000000063
:107D20000000000000000000000000000000000053
:107D30000000000000000000000000000000000043
:107D40000000000000000000000000000000000033
:107D50000000000000000000000000000000000023
:107D60000000000000000000000000000000000013
:107D70000000000000000000000000000000000003
:107D800000000000000000000000000000000000F3
:107D900000000000000000000000000000000000E3
:107DA00000000000000000000000000000000000D3
:107DB00000000000000000000000000000000000C3
:107DC00000000000000000000000000000000000B3
:107DD00000000000000000000000000000000000A3
:107DE0000000000000000000000000000000000093
:107DF0000000000000000000000000000000000083
:107E00000000000000000000000000000000000072
:107E10000000000000000000000000000000000062
:107E20000000000000000000000000000000000052
:107E30000000000000000000000000000000000042
:107E40000000000000000000000000000000000032
:107E50000000000000000000000000000000000022
:107E60000000000000000000000000000000000012
:107E70000000000000000000000000000000000002
:107E800000000000000000000000000000000000F2
:107E900000000000000000000000000000000000E2
:107EA00000000000000000000000000000000000D2
:107EB00000000000000000000000000000000000C2
:107EC00000000000000000000000000000000000B2
:107ED00000000000000000000000000000000000A2
:107EE0000000000000000000000000000000000092
:107EF0000000000000000000000000000000000082
:107F00000000000000000000000000000000000071
:107F10000000000000000000000000000000000061
:107F20000000000000000000000000000000000051
:107F30000000000000000000000000000000000041
:107F40000000000000000000000000000000000031
:107F50000000000000000000000000000000000021
:107F60000000000000000000000000000000000011
:107F70000000000000000000000000000000000001
:107F800000000000000000000000000000000000F1
:107F900000000000000000000000000000000000E1
:107FA00000000000000000000000000000000000D1
:107FB00000000000000000000000000000000000C1
:107FC00000000000000000000000000000000000B1
:107FD00000000000000000000000000000000000A1
:107FE0000000000000000000000000000000000091
:107FF0000000000000000000000000000000000081
:108000000000000000000000000000000000000070
:108010000000000000000000000000000000000060
:108020000000000000000000000000000000000050
:108030000000000000000000000000000000000040
:108040000000000000000000000000000000000030
:108050000000000000000000000000000000000020
:108060000000000000000000000000000000000010
:108070000000000000000000000000000000000000
:1080800000000000000000000000000000000000F0
:1080900000000000000000000000000000000000E0
:1080A00000000000000000000000000000000000D0
:1080B00000000000000000000000000000000000C0
:1080C00000000000000000000000000000000000B0
:1080D00000000000000000000000000000000000A0
:1080E0000000000000000000000000000000000090
:1080F0000000000000000000000000000000000080
:10810000000000000000000000000000000000006F
:10811000000000000000000000000000000000005F
:10812000000000000000000000000000000000004F
:10813000000000000000000000000000000000003F
:10814000000000000000000000000000000000002F
:10815000000000000000000000000000000000001F
:10816000000000000000000000000000000000000F
:1081700000000000000000000000000000000000FF
:1081800000000000000000000000000000000000EF
:1081900000000000000000000000000000000000DF
:1081A00000000000000000000000000000000000CF
:1081B00000000000000000000000000000000000BF
:1081C00000000000000000000000000000000000AF
:1081D000000000000000000000000000000000009F
:1081E000000000000000000000000000000000008F
:1081F000000000000000000000000000000000007F
:10820000000000000000000000000000000000006E
:10821000000000000000000000000000000000005E
:10822000000000000000000000000000000000004E
:10823000000000000000000000000000000000003E
:10824000000000000000000000000000000000002E
:10825000000000000000000000000000000000001E
:10826000000000000000000000000000000000000E
:1082700000000000000000000000000000000000FE
:1082800000000000000000000000000000000000EE
:1082900000000000000000000000000000000000DE
:1082A00000000000000000000000000000000000CE
:1082B00000000000000000000000000000000000BE
:1082C00000000000000000000000000000000000AE
:1082D000000000000000000000000000000000009E
:1082E000000000000000000000000000000000008E
:1082F000000000000000000000000000000000007E
:10830000000000000000000000000000000000006D
:10831000000000000000000000000000000000005D
:10832000000000000000000000000000000000004D
:10833000000000000000000000000000000000003D
:10834000000000000000000000000000000000002D
:10835000000000000000000000000000000000001D
:10836000000000000000000000000000000000000D
:1083700000000000000000000000000000000000FD
:1083800000000000000000000000000000000000ED
:1083900000000000000000000000000000000000DD
:1083A00000000000000000000000000000000000CD
:1083B00000000000000000000000000000000000BD
:1083C00000000000000000000000000000000000AD
:1083D000000000000000000000000000000000009D
:1083E000000000000000000000000000000000008D
:1083F000000000000000000000000000000000007D
:10840000000000000000000000000000000000006C
:10841000000000000000000000000000000000005C
:10842000000000000000000000000000000000004C
:10843000000000000000000000000000000000003C
:10844000000000000000000000000000000000002C
:10845000000000000000000000000000000000001C
:10846000000000000000000000000000000000000C
:1084700000000000000000000000000000000000FC
:1084800000000000000000000000000000000000EC
:1084900000000000000000000000000000000000DC
:1084A00000000000000000000000000000000000CC
:1084B00000000000000000000000000000000000BC
:1084C00000000000000000000000000000000000AC
:1084D000000000000000000000000000000000009C
:1084E000000000000000000000000000000000008C
:1084F000000000000000000000000000000000007C
:10850000000000000000000000000000000000006B
:10851000000000000000000000000000000000005B
:10852000000000000000000000000000000000004B
:10853000000000000000000000000000000000003B
:10854000000000000000000000000000000000002B
:10855000000000000000000000000000000000001B
:10856000000000000000000000000000000000000B
:1085700000000000000000000000000000000000FB
:1085800000000000000000000000000000000000EB
:1085900000000000000000000000000000000000DB
:1085A00000000000000000000000000000000000CB
:1085B00000000000000000000000000000000000BB
:1085C00000000000000000000000000000000000AB
:1085D000000000000000000000000000000000009B
:1085E000000000000000000000000000000000008B
:1085F000000000000000000000000000000000007B
:10860000000000000000000000000000000000006A
:10861000000000000000000000000000000000005A
:10862000000000000000000000000000000000004A
:10863000000000000000000000000000000000003A
:10864000000000000000000000000000000000002A
:10865000000000000000000000000000000000001A
:10866000000000000000000000000000000000000A
:1086700000000000000000000000000000000000FA
:1086800000000000000000000000000000000000EA
:1086900000000000000000000000000000000000DA
:1086A00000000000000000000000000000000000CA
:1086B00000000000000000000000000000000000BA
:1086C00000000000000000000000000000000000AA
:1086D000000000000000000000000000000000009A
:1086E000000000000000000000000000000000008A
:1086F000000000000000000000000000000000007A
:108700000000000000000000000000000000000069
:108710000000000000000000000000000000000059
:108720000000000000000000000000000000000049
:108730000000000000000000000000000000000039
:108740000000000000000000000000000000000029
:108750000000000000000000000000000000000019
:108760000000000000000000000000000000000009
:1087700000000000000000000000000000000000F9
:1087800000000000000000000000000000000000E9
:1087900000000000000000000000000000000000D9
:1087A00000000000000000000000000000000000C9
:1087B00000000000000000000000000000000000B9
:1087C00000000000000000000000000000000000A9
:1087D0000000000000000000000000000000000099
:1087E0000000000000000000000000000000000089
:1087F0000000000000000000000000000000000079
:108800000000000000000000000000000000000068
:108810000000000000000000000000000000000058
:108820000000000000000000000000000000000048
:108830000000000000000000000000000000000038
:108840000000000000000000000000000000000028
:108850000000000000000000000000000000000018
:108860000000000000000000000000000000000008
:1088700000000000000000000000000000000000F8
:1088800000000000000000000000000000000000E8
:1088900000000000000000000000000000000000D8
:1088A00000000000000000000000000000000000C8
:1088B00000000000000000000000000000000000B8
:1088C00000000000000000000000000000000000A8
:1088D0000000000000000000000000000000000098
:1088E0000000000000000000000000000000000088
:1088F0000000000000000000000000000000000078
:108900000000000000000000000000000000000067
:108910000000000000000000000000000000000057
:108920000000000000000000000000000000000047
:108930000000000000000000000000000000000037
:108940000000000000000000000000000000000027
:108950000000000000000000000000000000000017
:108960000000000000000000000000000000000007
:1089700000000000000000000000000000000000F7
:1089800000000000000000000000000000000000E7
:1089900000000000000000000000000000000000D7
:1089A00000000000000000000000000000000000C7
:1089B00000000000000000000000000000000000B7
:1089C00000000000000000000000000000000000A7
:1089D0000000000000000000000000000000000097
:1089E0000000000000000000000000000000000087
:1089F0000000000000000000000000000000000077
:108A00000000000000000000000000000000000066
:108A10000000000000000000000000000000000056
:108A20000000000000000000000000000000000046
:108A30000000000000000000000000000000000036
:108A40000000000000000000000000000000000026
:108A50000000000000000000000000000000000016
:108A60000000000000000000000000000000000006
:108A700000000000000000000000000000000000F6
:108A800000000000000000000000000000000000E6
:108A900000000000000000000000000000000000D6
:108AA00000000000000000000000000000000000C6
:108AB00000000000000000000000000000000000B6
:108AC00000000000000000000000000000000000A6
:108AD0000000000000000000000000000000000096
:108AE0000000000000000000000000000000000086
:108AF0000000000000000000000000000000000076
:108B00000000000000000000000000000000000065
:108B10000000000000000000000000000000000055
:108B20000000000000000000000000000000000045
:108B30000000000000000000000000000000000035
:108B40000000000000000000000000000000000025
:108B50000000000000000000000000000000000015
:108B60000000000000000000000000000000000005
:108B700000000000000000000000000000000000F5
:108B800000000000000000000000000000000000E5
:108B900000000000000000000000000000000000D5
:108BA00000000000000000000000000000000000C5
:108BB00000000000000000000000000000000000B5
:108BC00000000000000000000000000000000000A5
:108BD0000000000000000000000000000000000095
:108BE0000000000000000000000000000000000085
:108BF0000000000000000000000000000000000075
:108C00000000000000000000000000000000000064
:108C10000000000000000000000000000000000054
:108C20000000000000000000000000000000000044
:108C30000000000000000000000000000000000034
:108C40000000000000000000000000000000000024
:108C50000000000000000000000000000000000014
:108C60000000000000000000000000000000000004
:108C700000000000000000000000000000000000F4
:108C800000000000000000000000000000000000E4
:108C900000000000000000000000000000000000D4
:108CA00000000000000000000000000000000000C4
:108CB00000000000000000000000000000000000B4
:108CC00000000000000000000000000000000000A4
:108CD0000000000000000000000000000000000094
:108CE0000000000000000000000000000000000084
:108CF0000000000000000000000000000000000074
:108D00000000000000000000000000000000000063
:108D10000000000000000000000000000000000053
:108D20000000000000000000000000000000000043
:108D30000000000000000000000000000000000033
:108D40000000000000000000000000000000000023
:108D50000000000000000000000000000000000013
:108D60000000000000000000000000000000000003
:108D700000000000000000000000000000000000F3
:108D800000000000000000000000000000000000E3
:108D900000000000000000000000000000000000D3
:108DA00000000000000000000000000000000000C3
:108DB00000000000000000000000000000000000B3
:108DC00000000000000000000000000000000000A3
:108DD0000000000000000000000000000000000093
:108DE0000000000000000000000000000000000083
:108DF0000000000000000000000000000000000073
:108E00000000000000000000000000000000000062
:108E10000000000000000000000000000000000052
:108E20000000000000000000000000000000000042
:108E30000000000000000000000000000000000032
:108E40000000000000000000000000000000000022
:108E50000000000000000000000000000000000012
:108E60000000000000000000000000000000000002
:108E700000000000000000000000000000000000F2
:108E800000000000000000000000000000000000E2
:108E900000000000000000000000000000000000D2
:108EA00000000000000000000000000000000000C2
:108EB00000000000000000000000000000000000B2
:108EC00000000000000000000000000000000000A2
:108ED0000000000000000000000000000000000092
:108EE0000000000000000000000000000000000082
:108EF0000000000000000000000000000000000072
:108F00000000000000000000000000000000000061
:108F10000000000000000000000000000000000051
:108F20000000000000000000000000000000000041
:108F30000000000000000000000000000000000031
:108F40000000000000000000000000000000000021
:108F50000000000000000000000000000000000011
:108F60000000000000000000000000000000000001
:108F700000000000000000000000000000000000F1
:108F800000000000000000000000000000000000E1
:108F900000000000000000000000000000000000D1
:108FA00000000000000000000000000000000000C1
:108FB00000000000000000000000000000000000B1
:108FC00000000000000000000000000000000000A1
:108FD0000000000000000000000000000000000091
:108FE0000000000000000000000000000000000081
:108FF0000000000000000000000000000000000071
:109000000000000000000000000000000000000060
:109010000000000000000000000000000000000050
:109020000000000000000000000000000000000040
:109030000000000000000000000000000000000030
:109040000000000000000000000000000000000020
:109050000000000000000000000000000000000010
:109060000000000000000000000000000000000000
:1090700000000000000000000000000000000000F0
:1090800000000000000000000000000000000000E0
:1090900000000000000000000000000000000000D0
:1090A00000000000000000000000000000000000C0
:1090B00000000000000000000000000000000000B0
:1090C00000000000000000000000000000000000A0
:1090D0000000000000000000000000000000000090
:1090E0000000000000000000000000000000000080
:1090F0000000000000000000000000000000000070
:10910000000000000000000000000000000000005F
:10911000000000000000000000000000000000004F
:10912000000000000000000000000000000000003F
:10913000000000000000000000000000000000002F
:10914000000000000000000000000000000000001F
:10915000000000000000000000000000000000000F
:1091600000000000000000000000000000000000FF
:1091700000000000000000000000000000000000EF
:1091800000000000000000000000000000000000DF
:1091900000000000000000000000000000000000CF
:1091A00000000000000000000000000000000000BF
:1091B00000000000000000000000000000000000AF
:1091C000000000000000000000000000000000009F
:1091D000000000000000000000000000000000008F
:1091E000000000000000000000000000000000007F
:1091F000000000000000000000000000000000006F
:10920000000000000000000000000000000000005E
:10921000000000000000000000000000000000004E
:10922000000000000000000000000000000000003E
:10923000000000000000000000000000000000002E
:10924000000000000000000000000000000000001E
:10925000000000000000000000000000000000000E
:1092600000000000000000000000000000000000FE
:1092700000000000000000000000000000000000EE
:1092800000000000000000000000000000000000DE
:1092900000000000000000000000000000000000CE
:1092A00000000000000000000000000000000000BE
:1092B00000000000000000000000000000000000AE
:1092C000000000000000000000000000000000009E
:1092D000000000000000000000000000000000008E
:1092E000000000000000000000000000000000007E
:1092F000000000000000000000000000000000006E
:10930000000000000000000000000000000000005D
:10931000000000000000000000000000000000004D
:10932000000000000000000000000000000000003D
:10933000000000000000000000000000000000002D
:10934000000000000000000000000000000000001D
:10935000000000000000000000000000000000000D
:1093600000000000000000000000000000000000FD
:1093700000000000000000000000000000000000ED
:1093800000000000000000000000000000000000DD
:1093900000000000000000000000000000000000CD
:1093A00000000000000000000000000000000000BD
:1093B00000000000000000000000000000000000AD
:1093C000000000000000000000000000000000009D
:1093D000000000000000000000000000000000008D
:1093E000000000000000000000000000000000007D
:1093F000000000000000000000000000000000006D
:10940000000000000000000000000000000000005C
:10941000000000000000000000000000000000004C
:10942000000000000000000000000000000000003C
:10943000000000000000000000000000000000002C
:10944000000000000000000000000000000000001C
:10945000000000000000000000000000000000000C
:1094600000000000000000000000000000000000FC
:1094700000000000000000000000000000000000EC
:1094800000000000000000000000000000000000DC
:1094900000000000000000000000000000000000CC
:1094A00000000000000000000000000000000000BC
:1094B00000000000000000000000000000000000AC
:1094C000000000000000000000000000000000009C
:1094D000000000000000000000000000000000008C
:1094E000000000000000000000000000000000007C
:1094F000000000000000000000000000000000006C
:10950000000000000000000000000000000000005B
:10951000000000000000000000000000000000004B
:10952000000000000000000000000000000000003B
:10953000000000000000000000000000000000002B
:10954000000000000000000000000000000000001B
:10955000000000000000000000000000000000000B
:1095600000000000000000000000000000000000FB
:1095700000000000000000000000000000000000EB
:1095800000000000000000000000000000000000DB
:1095900000000000000000000000000000000000CB
:1095A00000000000000000000000000000000000BB
:1095B00000000000000000000000000000000000AB
:1095C000000000000000000000000000000000009B
:1095D000000000000000000000000000000000008B
:1095E000000000000000000000000000000000007B
:1095F000000000000000000000000000000000006B
:10960000000000000000000000000000000000005A
:10961000000000000000000000000000000000004A
:10962000000000000000000000000000000000003A
:10963000000000000000000000000000000000002A
:10964000000000000000000000000000000000001A
:10965000000000000000000000000000000000000A
:1096600000000000000000000000000000000000FA
:1096700000000000000000000000000000000000EA
:1096800000000000000000000000000000000000DA
:1096900000000000000000000000000000000000CA
:1096A00000000000000000000000000000000000BA
:1096B00000000000000000000000000000000000AA
:1096C000000000000000000000000000000000009A
:1096D000000000000000000000000000000000008A
:1096E000000000000000000000000000000000007A
:1096F000000000000000000000000000000000006A
:109700000000000000000000000000000000000059
:109710000000000000000000000000000000000049
:109720000000000000000000000000000000000039
:109730000000000000000000000000000000000029
:109740000000000000000000000000000000000019
:109750000000000000000000000000000000000009
:1097600000000000000000000000000000000000F9
:1097700000000000000000000000000000000000E9
:1097800000000000000000000000000000000000D9
:1097900000000000000000000000000000000000C9
:1097A00000000000000000000000000000000000B9
:1097B00000000000000000000000000000000000A9
:1097C0000000000000000000000000000000000099
:1097D0000000000000000000000000000000000089
:1097E0000000000000000000000000000000000079
:1097F0000000000000000000000000000000000069
:109800000000000000000000000000000000000058
:109810000000000000000000000000000000000048
:109820000000000000000000000000000000000038
:109830000000000000000000000000000000000028
:109840000000000000000000000000000000000018
:109850000000000000000000000000000000000008
:1098600000000000000000000000000000000000F8
:1098700000000000000000000000000000000000E8
:1098800000000000000000000000000000000000D8
:1098900000000000000000000000000000000000C8
:1098A00000000000000000000000000000000000B8
:1098B00000000000000000000000000000000000A8
:1098C0000000000000000000000000000000000098
:1098D0000000000000000000000000000000000088
:1098E0000000000000000000000000000000000078
:1098F0000000000000000000000000000000000068
:109900000000000000000000000000000000000057
:109910000000000000000000000000000000000047
:109920000000000000000000000000000000000037
:109930000000000000000000000000000000000027
:109940000000000000000000000000000000000017
:109950000000000000000000000000000000000007
:1099600000000000000000000000000000000000F7
:1099700000000000000000000000000000000000E7
:1099800000000000000000000000000000000000D7
:1099900000000000000000000000000000000000C7
:1099A00000000000000000000000000000000000B7
:1099B00000000000000000000000000000000000A7
:1099C0000000000000000000000000000000000097
:1099D0000000000000000000000000000000000087
:1099E0000000000000000000000000000000000077
:1099F0000000000000000000000000000000000067
:109A00000000000000000000000000000000000056
:109A10000000000000000000000000000000000046
:109A20000000000000000000000000000000000036
:109A30000000000000000000000000000000000026
:109A40000000000000000000000000000000000016
:109A50000000000000000000000000000000000006
:109A600000000000000000000000000000000000F6
:109A700000000000000000000000000000000000E6
:109A800000000000000000000000000000000000D6
:109A900000000000000000000000000000000000C6
:109AA00000000000000000000000000000000000B6
:109AB00000000000000000000000000000000000A6
:109AC0000000000000000000000000000000000096
:109AD0000000000000000000000000000000000086
:109AE0000000000000000000000000000000000076
:109AF0000000000000000000000000000000000066
:109B00000000000000000000000000000000000055
:109B10000000000000000000000000000000000045
:109B20000000000000000000000000000000000035
:109B30000000000000000000000000000000000025
:109B40000000000000000000000000000000000015
:109B50000000000000000000000000000000000005
:109B600000000000000000000000000000000000F5
:109B700000000000000000000000000000000000E5
:109B800000000000000000000000000000000000D5
:109B900000000000000000000000000000000000C5
:109BA00000000000000000000000000000000000B5
:109BB00000000000000000000000000000000000A5
:109BC0000000000000000000000000000000000095
:109BD0000000000000000000000000000000000085
:109BE0000000000000000000000000000000000075
:109BF0000000000000000000000000000000000065
:109C00000000000000000000000000000000000054
:109C10000000000000000000000000000000000044
:109C20000000000000000000000000000000000034
:109C30000000000000000000000000000000000024
:109C40000000000000000000000000000000000014
:109C50000000000000000000000000000000000004
:109C600000000000000000000000000000000000F4
:109C700000000000000000000000000000000000E4
:109C800000000000000000000000000000000000D4
:109C900000000000000000000000000000000000C4
:109CA00000000000000000000000000000000000B4
:109CB00000000000000000000000000000000000A4
:109CC0000000000000000000000000000000000094
:109CD0000000000000000000000000000000000084
:109CE0000000000000000000000000000000000074
:109CF0000000000000000000000000000000000064
:109D00000000000000000000000000000000000053
:109D10000000000000000000000000000000000043
:109D20000000000000000000000000000000000033
:109D30000000000000000000000000000000000023
:109D40000000000000000000000000000000000013
:109D50000000000000000000000000000000000003
:109D600000000000000000000000000000000000F3
:109D700000000000000000000000000000000000E3
:109D800000000000000000000000000000000000D3
:109D900000000000000000000000000000000000C3
:109DA00000000000000000000000000000000000B3
:109DB00000000000000000000000000000000000A3
:109DC0000000000000000000000000000000000093
:109DD0000000000000000000000000000000000083
:109DE0000000000000000000000000000000000073
:109DF0000000000000000000000000000000000063
:109E00000000000000000000000000000000000052
:109E10000000000000000000000000000000000042
:109E20000000000000000000000000000000000032
:109E30000000000000000000000000000000000022
:109E40000000000000000000000000000000000012
:109E50000000000000000000000000000000000002
:109E600000000000000000000000000000000000F2
:109E700000000000000000000000000000000000E2
:109E800000000000000000000000000000000000D2
:109E900000000000000000000000000000000000C2
:109EA00000000000000000000000000000000000B2
:109EB00000000000000000000000000000000000A2
:109EC0000000000000000000000000000000000092
:109ED0000000000000000000000000000000000082
:109EE0000000000000000000000000000000000072
:109EF0000000000000000000000000000000000062
:109F00000000000000000000000000000000000051
:109F10000000000000000000000000000000000041
:109F20000000000000000000000000000000000031
:109F30000000000000000000000000000000000021
:109F40000000000000000000000000000000000011
:109F50000000000000000000000000000000000001
:109F600000000000000000000000000000000000F1
:109F700000000000000000000000000000000000E1
:109F800000000000000000000000000000000000D1
:109F900000000000000000000000000000000000C1
:109FA00000000000000000000000000000000000B1
:109FB00000000000000000000000000000000000A1
:109FC0000000000000000000000000000000000091
:109FD0000000000000000000000000000000000081
:109FE0000000000000000000000000000000000071
:109FF0000000000000000000000000000000000061
:10A000000000000000000000000000000000000050
:10A010000000000000000000000000000000000040
:10A020000000000000000000000000000000000030
:10A030000000000000000000000000000000000020
:10A040000000000000000000000000000000000010
:10A050000000000000000000000000000000000000
:10A0600000000000000000000000000000000000F0
:10A0700000000000000000000000000000000000E0
:10A0800000000000000000000000000000000000D0
:10A0900000000000000000000000000000000000C0
:10A0A00000000000000000000000000000000000B0
:10A0B00000000000000000000000000000000000A0
:10A0C0000000000000000000000000000000000090
:10A0D0000000000000000000000000000000000080
:10A0E0000000000000000000000000000000000070
:10A0F0000000000000000000000000000000000060
:10A10000000000000000000000000000000000004F
:10A11000000000000000000000000000000000003F
:10A12000000000000000000000000000000000002F
:10A13000000000000000000000000000000000001F
:10A14000000000000000000000000000000000000F
:10A1500000000000000000000000000000000000FF
:10A1600000000000000000000000000000000000EF
:10A1700000000000000000000000000000000000DF
:10A1800000000000000000000000000000000000CF
:10A1900000000000000000000000000000000000BF
:10A1A00000000000000000000000000000000000AF
:10A1B000000000000000000000000000000000009F
:10A1C000000000000000000000000000000000008F
:10A1D000000000000000000000000000000000007F
:10A1E000000000000000000000000000000000006F
:10A1F000000000000000000000000000000000005F
:10A20000000000000000000000000000000000004E
:10A21000000000000000000000000000000000003E
:10A22000000000000000000000000000000000002E
:10A23000000000000000000000000000000000001E
:10A24000000000000000000000000000000000000E
:10A2500000000000000000000000000000000000FE
:10A2600000000000000000000000000000000000EE
:10A2700000000000000000000000000000000000DE
:10A2800000000000000000000000000000000000CE
:10A2900000000000000000000000000000000000BE
:10A2A00000000000000000000000000000000000AE
:10A2B000000000000000000000000000000000009E
:10A2C000000000000000000000000000000000008E
:10A2D000000000000000000000000000000000007E
:10A2E000000000000000000000000000000000006E
:10A2F000000000000000000000000000000000005E
:10A30000000000000000000000000000000000004D
:10A31000000000000000000000000000000000003D
:10A32000000000000000000000000000000000002D
:10A33000000000000000000000000000000000001D
:10A34000000000000000000000000000000000000D
:10A3500000000000000000000000000000000000FD
:10A3600000000000000000000000000000000000ED
:10A3700000000000000000000000000000000000DD
:10A3800000000000000000000000000000000000CD
:10A3900000000000000000000000000000000000BD
:10A3A00000000000000000000000000000000000AD
:10A3B000000000000000000000000000000000009D
:10A3C000000000000000000000000000000000008D
:10A3D000000000000000000000000000000000007D
:10A3E000000000000000000000000000000000006D
:10A3F000000000000000000000000000000000005D
:10A40000000000000000000000000000000000004C
:10A41000000000000000000000000000000000003C
:10A42000000000000000000000000000000000002C
:10A43000000000000000000000000000000000001C
:10A44000000000000000000000000000000000000C
:10A4500000000000000000000000000000000000FC
:10A4600000000000000000000000000000000000EC
:10A4700000000000000000000000000000000000DC
:10A4800000000000000000000000000000000000CC
:10A4900000000000000000000000000000000000BC
:10A4A00000000000000000000000000000000000AC
:10A4B000000000000000000000000000000000009C
:10A4C000000000000000000000000000000000008C
:10A4D000000000000000000000000000000000007C
:10A4E000000000000000000000000000000000006C
:10A4F000000000000000000000000000000000005C
:10A50000000000000000000000000000000000004B
:10A51000000000000000000000000000000000003B
:10A52000000000000000000000000000000000002B
:10A53000000000000000000000000000000000001B
:10A54000000000000000000000000000000000000B
:10A5500000000000000000000000000000000000FB
:10A5600000000000000000000000000000000000EB
:10A5700000000000000000000000000000000000DB
:10A5800000000000000000000000000000000000CB
:10A5900000000000000000000000000000000000BB
:10A5A00000000000000000000000000000000000AB
:10A5B000000000000000000000000000000000009B
:10A5C000000000000000000000000000000000008B
:10A5D000000000000000000000000000000000007B
:10A5E000000000000000000000000000000000006B
:10A5F000000000000000000000000000000000005B
:10A60000000000000000000000000000000000004A
:10A61000000000000000000000000000000000003A
:10A62000000000000000000000000000000000002A
:10A63000000000000000000000000000000000001A
:10A64000000000000000000000000000000000000A
:10A6500000000000000000000000000000000000FA
:10A6600000000000000000000000000000000000EA
:10A6700000000000000000000000000000000000DA
:10A6800000000000000000000000000000000000CA
:10A6900000000000000000000000000000000000BA
:10A6A00000000000000000000000000000000000AA
:10A6B000000000000000000000000000000000009A
:10A6C000000000000000000000000000000000008A
:10A6D000000000000000000000000000000000007A
:10A6E000000000000000000000000000000000006A
:10A6F000000000000000000000000000000000005A
:10A700000000000000000000000000000000000049
:10A710000000000000000000000000000000000039
:10A720000000000000000000000000000000000029
:10A730000000000000000000000000000000000019
:10A740000000000000000000000000000000000009
:10A7500000000000000000000000000000000000F9
:10A7600000000000000000000000000000000000E9
:10A7700000000000000000000000000000000000D9
:10A7800000000000000000000000000000000000C9
:10A7900000000000000000000000000000000000B9
:10A7A00000000000000000000000000000000000A9
:10A7B0000000000000000000000000000000000099
:10A7C0000000000000000000000000000000000089
:10A7D0000000000000000000000000000000000079
:10A7E0000000000000000000000000000000000069
:10A7F0000000000000000000000000000000000059
:10A800000000000000000000000000000000000048
:10A810000000000000000000000000000000000038
:10A820000000000000000000000000000000000028
:10A830000000000000000000000000000000000018
:10A840000000000000000000000000000000000008
:10A8500000000000000000000000000000000000F8
:10A8600000000000000000000000000000000000E8
:10A8700000000000000000000000000000000000D8
:10A8800000000000000000000000000000000000C8
:10A8900000000000000000000000000000000000B8
:10A8A00000000000000000000000000000000000A8
:10A8B0000000000000000000000000000000000098
:10A8C0000000000000000000000000000000000088
:10A8D0000000000000000000000000000000000078
:10A8E0000000000000000000000000000000000068
:10A8F0000000000000000000000000000000000058
:10A900000000000000000000000000000000000047
:10A910000000000000000000000000000000000037
:10A920000000000000000000000000000000000027
:10A930000000000000000000000000000000000017
:10A940000000000000000000000000000000000007
:10A9500000000000000000000000000000000000F7
:10A9600000000000000000000000000000000000E7
:10A9700000000000000000000000000000000000D7
:10A9800000000000000000000000000000000000C7
:10A9900000000000000000000000000000000000B7
:10A9A00000000000000000000000000000000000A7
:10A9B0000000000000000000000000000000000097
:10A9C0000000000000000000000000000000000087
:10A9D0000000000000000000000000000000000077
:10A9E0000000000000000000000000000000000067
:10A9F0000000000000000000000000000000000057
:10AA00000000000000000000000000000000000046
:10AA10000000000000000000000000000000000036
:10AA20000000000000000000000000000000000026
:10AA30000000000000000000000000000000000016
:10AA40000000000000000000000000000000000006
:10AA500000000000000000000000000000000000F6
:10AA600000000000000000000000000000000000E6
:10AA700000000000000000000000000000000000D6
:10AA800000000000000000000000000000000000C6
:10AA900000000000000000000000000000000000B6
:10AAA00000000000000000000000000000000000A6
:10AAB0000000000000000000000000000000000096
:10AAC0000000000000000000000000000000000086
:10AAD0000000000000000000000000000000000076
:10AAE0000000000000000000000000000000000066
:10AAF0000000000000000000000000000000000056
:10AB00000000000000000000000000000000000045
:10AB10000000000000000000000000000000000035
:10AB20000000000000000000000000000000000025
:10AB30000000000000000000000000000000000015
:10AB40000000000000000000000000000000000005
:10AB500000000000000000000000000000000000F5
:10AB600000000000000000000000000000000000E5
:10AB700000000000000000000000000000000000D5
:10AB800000000000000000000000000000000000C5
:10AB900000000000000000000000000000000000B5
:10ABA00000000000000000000000000000000000A5
:10ABB0000000000000000000000000000000000095
:10ABC0000000000000000000000000000000000085
:10ABD0000000000000000000000000000000000075
:10ABE0000000000000000000000000000000000065
:10ABF0000000000000000000000000000000000055
:10AC00000000000000000000000000000000000044
:10AC10000000000000000000000000000000000034
:10AC20000000000000000000000000000000000024
:10AC30000000000000000000000000000000000014
:10AC40000000000000000000000000000000000004
:10AC500000000000000000000000000000000000F4
:10AC600000000000000000000000000000000000E4
:10AC700000000000000000000000000000000000D4
:10AC800000000000000000000000000000000000C4
:10AC900000000000000000000000000000000000B4
:10ACA00000000000000000000000000000000000A4
:10ACB0000000000000000000000000000000000094
:10ACC0000000000000000000000000000000000084
:10ACD0000000000000000000000000000000000074
:10ACE0000000000000000000000000000000000064
:10ACF0000000000000000000000000000000000054
:10AD00000000000000000000000000000000000043
:10AD10000000000000000000000000000000000033
:10AD20000000000000000000000000000000000023
:10AD30000000000000000000000000000000000013
:10AD40000000000000000000000000000000000003
:10AD500000000000000000000000000000000000F3
:10AD600000000000000000000000000000000000E3
:10AD700000000000000000000000000000000000D3
:10AD800000000000000000000000000000000000C3
:10AD900000000000000000000000000000000000B3
:10ADA00000000000000000000000000000000000A3
:10ADB0000000000000000000000000000000000093
:10ADC0000000000000000000000000000000000083
:10ADD0000000000000000000000000000000000073
:10ADE0000000000000000000000000000000000063
:10ADF0000000000000000000000000000000000053
:10AE00000000000000000000000000000000000042
:10AE10000000000000000000000000000000000032
:10AE20000000000000000000000000000000000022
:10AE30000000000000000000000000000000000012
:10AE40000000000000000000000000000000000002
:10AE500000000000000000000000000000000000F2
:10AE600000000000000000000000000000000000E2
:10AE700000000000000000000000000000000000D2
:10AE800000000000000000000000000000000000C2
:10AE900000000000000000000000000000000000B2
:10AEA00000000000000000000000000000000000A2
:10AEB0000000000000000000000000000000000092
:10AEC0000000000000000000000000000000000082
:10AED0000000000000000000000000000000000072
:10AEE0000000000000000000000000000000000062
:10AEF0000000000000000000000000000000000052
:10AF00000000000000000000000000000000000041
:10AF10000000000000000000000000000000000031
:10AF20000000000000000000000000000000000021
:10AF30000000000000000000000000000000000011
:10AF40000000000000000000000000000000000001
:10AF500000000000000000000000000000000000F1
:10AF600000000000000000000000000000000000E1
:10AF700000000000000000000000000000000000D1
:10AF800000000000000000000000000000000000C1
:10AF900000000000000000000000000000000000B1
:10AFA00000000000000000000000000000000000A1
:10AFB0000000000000000000000000000000000091
:10AFC0000000000000000000000000000000000081
:10AFD0000000000000000000000000000000000071
:10AFE0000000000000000000000000000000000061
:10AFF0000000000000000000000000000000000051
:10B000000000000000000000000000000000000040
:10B010000000000000000000000000000000000030
:10B020000000000000000000000000000000000020
:10B030000000000000000000000000000000000010
:10B040000000000000000000000000000000000000
:10B0500000000000000000000000000000000000F0
:10B0600000000000000000000000000000000000E0
:10B0700000000000000000000000000000000000D0
:10B0800000000000000000000000000000000000C0
:10B0900000000000000000000000000000000000B0
:10B0A00000000000000000000000000000000000A0
:10B0B0000000000000000000000000000000000090
:10B0C0000000000000000000000000000000000080
:10B0D0000000000000000000000000000000000070
:10B0E0000000000000000000000000000000000060
:10B0F0000000000000000000000000000000000050
:10B10000000000000000000000000000000000003F
:10B11000000000000000000000000000000000002F
:10B12000000000000000000000000000000000001F
:10B13000000000000000000000000000000000000F
:10B1400000000000000000000000000000000000FF
:10B1500000000000000000000000000000000000EF
:10B1600000000000000000000000000000000000DF
:10B1700000000000000000000000000000000000CF
:10B1800000000000000000000000000000000000BF
:10B1900000000000000000000000000000000000AF
:10B1A000000000000000000000000000000000009F
:10B1B000000000000000000000000000000000008F
:10B1C000000000000000000000000000000000007F
:10B1D000000000000000000000000000000000006F
:10B1E000000000000000000000000000000000005F
:10B1F000000000000000000000000000000000004F
:10B20000000000000000000000000000000000003E
:10B21000000000000000000000000000000000002E
:10B22000000000000000000000000000000000001E
:10B23000000000000000000000000000000000000E
:10B2400000000000000000000000000000000000FE
:10B2500000000000000000000000000000000000EE
:10B2600000000000000000000000000000000000DE
:10B2700000000000000000000000000000000000CE
:10B2800000000000000000000000000000000000BE
:10B2900000000000000000000000000000000000AE
:10B2A000000000000000000000000000000000009E
:10B2B000000000000000000000000000000000008E
:10B2C000000000000000000000000000000000007E
:10B2D000000000000000000000000000000000006E
:10B2E000000000000000000000000000000000005E
:10B2F000000000000000000000000000000000004E
:10B30000000000000000000000000000000000003D
:10B31000000000000000000000000000000000002D
:10B32000000000000000000000000000000000001D
:10B33000000000000000000000000000000000000D
:10B3400000000000000000000000000000000000FD
:10B3500000000000000000000000000000000000ED
:10B3600000000000000000000000000000000000DD
:10B3700000000000000000000000000000000000CD
:10B3800000000000000000000000000000000000BD
:10B3900000000000000000000000000000000000AD
:10B3A000000000000000000000000000000000009D
:10B3B000000000000000000000000000000000008D
:10B3C000000000000000000000000000000000007D
:10B3D000000000000000000000000000000000006D
:10B3E000000000000000000000000000000000005D
:10B3F000000000000000000000000000000000004D
:10B40000000000000000000000000000000000003C
:10B41000000000000000000000000000000000002C
:10B42000000000000000000000000000000000001C
:10B43000000000000000000000000000000000000C
:10B4400000000000000000000000000000000000FC
:10B4500000000000000000000000000000000000EC
:10B4600000000000000000000000000000000000DC
:10B4700000000000000000000000000000000000CC
:10B4800000000000000000000000000000000000BC
:10B4900000000000000000000000000000000000AC
:10B4A000000000000000000000000000000000009C
:10B4B000000000000000000000000000000000008C
:10B4C000000000000000000000000000000000007C
:10B4D000000000000000000000000000000000006C
:10B4E000000000000000000000000000000000005C
:10B4F000000000000000000000000000000000004C
:10B50000000000000000000000000000000000003B
:10B51000000000000000000000000000000000002B
:10B52000000000000000000000000000000000001B
:10B53000000000000000000000000000000000000B
:10B5400000000000000000000000000000000000FB
:10B5500000000000000000000000000000000000EB
:10B5600000000000000000000000000000000000DB
:10B5700000000000000000000000000000000000CB
:10B5800000000000000000000000000000000000BB
:10B5900000000000000000000000000000000000AB
:10B5A000000000000000000000000000000000009B
:10B5B000000000000000000000000000000000008B
:10B5C000000000000000000000000000000000007B
:10B5D000000000000000000000000000000000006B
:10B5E000000000000000000000000000000000005B
:10B5F000000000000000000000000000000000004B
:10B60000000000000000000000000000000000003A
:10B61000000000000000000000000000000000002A
:10B62000000000000000000000000000000000001A
:10B63000000000000000000000000000000000000A
:10B6400000000000000000000000000000000000FA
:10B6500000000000000000000000000000000000EA
:10B6600000000000000000000000000000000000DA
:10B6700000000000000000000000000000000000CA
:10B6800000000000000000000000000000000000BA
:10B6900000000000000000000000000000000000AA
:10B6A000000000000000000000000000000000009A
:10B6B000000000000000000000000000000000008A
:10B6C000000000000000000000000000000000007A
:10B6D000000000000000000000000000000000006A
:10B6E000000000000000000000000000000000005A
:10B6F000000000000000000000000000000000004A
:10B700000000000000000000000000000000000039
:10B710000000000000000000000000000000000029
:10B720000000000000000000000000000000000019
:10B730000000000000000000000000000000000009
:10B7400000000000000000000000000000000000F9
:10B7500000000000000000000000000000000000E9
:10B7600000000000000000000000000000000000D9
:10B7700000000000000000000000000000000000C9
:10B7800000000000000000000000000000000000B9
:10B7900000000000000000000000000000000000A9
:10B7A0000000000000000000000000000000000099
:10B7B0000000000000000000000000000000000089
:10B7C0000000000000000000000000000000000079
:10B7D0000000000000000000000000000000000069
:10B7E0000000000000000000000000000000000059
:10B7F0000000000000000000000000000000000049
:10B800000000000000000000000000000000000038
:10B810000000000000000000000000000000000028
:10B820000000000000000000000000000000000018
:10B830000000000000000000000000000000000008
:10B8400000000000000000000000000000000000F8
:10B8500000000000000000000000000000000000E8
:10B8600000000000000000000000000000000000D8
:10B8700000000000000000000000000000000000C8
:10B8800000000000000000000000000000000000B8
:10B8900000000000000000000000000000000000A8
:10B8A0000000000000000000000000000000000098
:10B8B0000000000000000000000000000000000088
:10B8C0000000000000000000000000000000000078
:10B8D0000000000000000000000000000000000068
:10B8E0000000000000000000000000000000000058
:10B8F0000000000000000000000000000000000048
:10B900000000000000000000000000000000000037
:10B910000000000000000000000000000000000027
:10B920000000000000000000000000000000000017
:10B930000000000000000000000000000000000007
:10B9400000000000000000000000000000000000F7
:10B9500000000000000000000000000000000000E7
:10B9600000000000000000000000000000000000D7
:10B9700000000000000000000000000000000000C7
:10B9800000000000000000000000000000000000B7
:10B9900000000000000000000000000000000000A7
:10B9A0000000000000000000000000000000000097
:10B9B0000000000000000000000000000000000087
:10B9C0000000000000000000000000000000000077
:10B9D0000000000000000000000000000000000067
:10B9E0000000000000000000000000000000000057
:10B9F0000000000000000000000000000000000047
:10BA00000000000000000000000000000000000036
:10BA10000000000000000000000000000000000026
:10BA20000000000000000000000000000000000016
:10BA30000000000000000000000000000000000006
:10BA400000000000000000000000000000000000F6
:10BA500000000000000000000000000000000000E6
:10BA600000000000000000000000000000000000D6
:10BA700000000000000000000000000000000000C6
:10BA800000000000000000000000000000000000B6
:10BA900000000000000000000000000000000000A6
:10BAA0000000000000000000000000000000000096
:10BAB0000000000000000000000000000000000086
:10BAC0000000000000000000000000000000000076
:10BAD0000000000000000000000000000000000066
:10BAE0000000000000000000000000000000000056
:10BAF0000000000000000000000000000000000046
:10BB00000000000000000000000000000000000035
:10BB10000000000000000000000000000000000025
:10BB20000000000000000000000000000000000015
:10BB30000000000000000000000000000000000005
:10BB400000000000000000000000000000000000F5
:10BB500000000000000000000000000000000000E5
:10BB600000000000000000000000000000000000D5
:10BB700000000000000000000000000000000000C5
:10BB800000000000000000000000000000000000B5
:10BB900000000000000000000000000000000000A5
:10BBA0000000000000000000000000000000000095
:10BBB0000000000000000000000000000000000085
:10BBC0000000000000000000000000000000000075
:10BBD0000000000000000000000000000000000065
:10BBE0000000000000000000000000000000000055
:10BBF0000000000000000000000000000000000045
:10BC00000000000000000000000000000000000034
:10BC10000000000000000000000000000000000024
:10BC20000000000000000000000000000000000014
:10BC30000000000000000000000000000000000004
:10BC400000000000000000000000000000000000F4
:10BC500000000000000000000000000000000000E4
:10BC600000000000000000000000000000000000D4
:10BC700000000000000000000000000000000000C4
:10BC800000000000000000000000000000000000B4
:10BC900000000000000000000000000000000000A4
:10BCA0000000000000000000000000000000000094
:10BCB0000000000000000000000000000000000084
:10BCC0000000000000000000000000000000000074
:10BCD0000000000000000000000000000000000064
:10BCE0000000000000000000000000000000000054
:10BCF0000000000000000000000000000000000044
:10BD00000000000000000000000000000000000033
:10BD10000000000000000000000000000000000023
:10BD20000000000000000000000000000000000013
:10BD30000000000000000000000000000000000003
:10BD400000000000000000000000000000000000F3
:10BD500000000000000000000000000000000000E3
:10BD600000000000000000000000000000000000D3
:10BD700000000000000000000000000000000000C3
:10BD800000000000000000000000000000000000B3
:10BD900000000000000000000000000000000000A3
:10BDA0000000000000000000000000000000000093
:10BDB0000000000000000000000000000000000083
:10BDC0000000000000000000000000000000000073
:10BDD0000000000000000000000000000000000063
:10BDE0000000000000000000000000000000000053
:10BDF0000000000000000000000000000000000043
:10BE00000000000000000000000000000000000032
:10BE10000000000000000000000000000000000022
:10BE20000000000000000000000000000000000012
:10BE30000000000000000000000000000000000002
:10BE400000000000000000000000000000000000F2
:10BE500000000000000000000000000000000000E2
:10BE600000000000000000000000000000000000D2
:10BE700000000000000000000000000000000000C2
:10BE800000000000000000000000000000000000B2
:10BE900000000000000000000000000000000000A2
:10BEA0000000000000000000000000000000000092
:10BEB0000000000000000000000000000000000082
:10BEC0000000000000000000000000000000000072
:10BED0000000000000000000000000000000000062
:10BEE0000000000000000000000000000000000052
:10BEF0000000000000000000000000000000000042
:10BF00000000000000000000000000000000000031
:10BF10000000000000000000000000000000000021
:10BF20000000000000000000000000000000000011
:10BF30000000000000000000000000000000000001
:10BF400000000000000000000000000000000000F1
:10BF500000000000000000000000000000000000E1
:10BF600000000000000000000000000000000000D1
:10BF700000000000000000000000000000000000C1
:10BF800000000000000000000000000000000000B1
:10BF900000000000000000000000000000000000A1
:10BFA0000000000000000000000000000000000091
:10BFB0000000000000000000000000000000000081
:10BFC0000000000000000000000000000000000071
:10BFD0000000000000000000000000000000000061
:10BFE0000000000000000000000000000000000051
:10BFF0000000000000000000000000000000000041
:10C000000000000000000000000000000000000030
:10C010000000000000000000000000000000000020
:10C020000000000000000000000000000000000010
:10C030000000000000000000000000000000000000
:10C0400000000000000000000000000000000000F0
:10C0500000000000000000000000000000000000E0
:10C0600000000000000000000000000000000000D0
:10C0700000000000000000000000000000000000C0
:10C0800000000000000000000000000000000000B0
:10C0900000000000000000000000000000000000A0
:10C0A0000000000000000000000000000000000090
:10C0B0000000000000000000000000000000000080
:10C0C0000000000000000000000000000000000070
:10C0D0000000000000000000000000000000000060
:10C0E0000000000000000000000000000000000050
:10C0F0000000000000000000000000000000000040
:10C10000000000000000000000000000000000002F
:10C11000000000000000000000000000000000001F
:10C12000000000000000000000000000000000000F
:10C1300000000000000000000000000000000000FF
:10C1400000000000000000000000000000000000EF
:10C1500000000000000000000000000000000000DF
:10C1600000000000000000000000000000000000CF
:10C1700000000000000000000000000000000000BF
:10C1800000000000000000000000000000000000AF
:10C19000000000000000000000000000000000009F
:10C1A000000000000000000000000000000000008F
:10C1B000000000000000000000000000000000007F
:10C1C000000000000000000000000000000000006F
:10C1D000000000000000000000000000000000005F
:10C1E000000000000000000000000000000000004F
:10C1F000000000000000000000000000000000003F
:10C20000000000000000000000000000000000002E
:10C21000000000000000000000000000000000001E
:10C22000000000000000000000000000000000000E
:10C2300000000000000000000000000000000000FE
:10C2400000000000000000000000000000000000EE
:10C2500000000000000000000000000000000000DE
:10C2600000000000000000000000000000000000CE
:10C2700000000000000000000000000000000000BE
:10C2800000000000000000000000000000000000AE
:10C29000000000000000000000000000000000009E
:10C2A000000000000000000000000000000000008E
:10C2B000000000000000000000000000000000007E
:10C2C000000000000000000000000000000000006E
:10C2D000000000000000000000000000000000005E
:10C2E000000000000000000000000000000000004E
:10C2F000000000000000000000000000000000003E
:10C30000000000000000000000000000000000002D
:10C31000000000000000000000000000000000001D
:10C32000000000000000000000000000000000000D
:10C3300000000000000000000000000000000000FD
:10C3400000000000000000000000000000000000ED
:10C3500000000000000000000000000000000000DD
:10C3600000000000000000000000000000000000CD
:10C3700000000000000000000000000000000000BD
:10C3800000000000000000000000000000000000AD
:10C39000000000000000000000000000000000009D
:10C3A000000000000000000000000000000000008D
:10C3B000000000000000000000000000000000007D
:10C3C000000000000000000000000000000000006D
:10C3D000000000000000000000000000000000005D
:10C3E000000000000000000000000000000000004D
:10C3F000000000000000000000000000000000003D
:10C40000000000000000000000000000000000002C
:10C41000000000000000000000000000000000001C
:10C42000000000000000000000000000000000000C
:10C4300000000000000000000000000000000000FC
:10C4400000000000000000000000000000000000EC
:10C4500000000000000000000000000000000000DC
:10C4600000000000000000000000000000000000CC
:10C4700000000000000000000000000000000000BC
:10C4800000000000000000000000000000000000AC
:10C49000000000000000000000000000000000009C
:10C4A000000000000000000000000000000000008C
:10C4B000000000000000000000000000000000007C
:10C4C000000000000000000000000000000000006C
:10C4D000000000000000000000000000000000005C
:10C4E000000000000000000000000000000000004C
:10C4F000000000000000000000000000000000003C
:10C50000000000000000000000000000000000002B
:10C51000000000000000000000000000000000001B
:10C52000000000000000000000000000000000000B
:10C5300000000000000000000000000000000000FB
:10C5400000000000000000000000000000000000EB
:10C5500000000000000000000000000000000000DB
:10C5600000000000000000000000000000000000CB
:10C5700000000000000000000000000000000000BB
:10C5800000000000000000000000000000000000AB
:10C59000000000000000000000000000000000009B
:10C5A000000000000000000000000000000000008B
:10C5B000000000000000000000000000000000007B
:10C5C000000000000000000000000000000000006B
:10C5D000000000000000000000000000000000005B
:10C5E000000000000000000000000000000000004B
:10C5F000000000000000000000000000000000003B
:10C60000000000000000000000000000000000002A
:10C61000000000000000000000000000000000001A
:10C62000000000000000000000000000000000000A
:10C6300000000000000000000000000000000000FA
:10C6400000000000000000000000000000000000EA
:10C6500000000000000000000000000000000000DA
:10C6600000000000000000000000000000000000CA
:10C6700000000000000000000000000000000000BA
:10C6800000000000000000000000000000000000AA
:10C69000000000000000000000000000000000009A
:10C6A000000000000000000000000000000000008A
:10C6B000000000000000000000000000000000007A
:10C6C000000000000000000000000000000000006A
:10C6D000000000000000000000000000000000005A
:10C6E000000000000000000000000000000000004A
:10C6F000000000000000000000000000000000003A
:10C700000000000000000000000000000000000029
:10C710000000000000000000000000000000000019
:10C720000000000000000000000000000000000009
:10C7300000000000000000000000000000000000F9
:10C7400000000000000000000000000000000000E9
:10C7500000000000000000000000000000000000D9
:10C7600000000000000000000000000000000000C9
:10C7700000000000000000000000000000000000B9
:10C7800000000000000000000000000000000000A9
:10C790000000000000000000000000000000000099
:10C7A0000000000000000000000000000000000089
:10C7B0000000000000000000000000000000000079
:10C7C0000000000000000000000000000000000069
:10C7D0000000000000000000000000000000000059
:10C7E0000000000000000000000000000000000049
:10C7F0000000000000000000000000000000000039
:10C800000000000000000000000000000000000028
:10C810000000000000000000000000000000000018
:10C820000000000000000000000000000000000008
:10C8300000000000000000000000000000000000F8
:10C8400000000000000000000000000000000000E8
:10C8500000000000000000000000000000000000D8
:10C8600000000000000000000000000000000000C8
:10C8700000000000000000000000000000000000B8
:10C8800000000000000000000000000000000000A8
:10C890000000000000000000000000000000000098
:10C8A0000000000000000000000000000000000088
:10C8B0000000000000000000000000000000000078
:10C8C0000000000000000000000000000000000068
:10C8D0000000000000000000000000000000000058
:10C8E0000000000000000000000000000000000048
:10C8F0000000000000000000000000000000000038
:10C900000000000000000000000000000000000027
:10C910000000000000000000000000000000000017
:10C920000000000000000000000000000000000007
:10C9300000000000000000000000000000000000F7
:10C9400000000000000000000000000000000000E7
:10C9500000000000000000000000000000000000D7
:10C9600000000000000000000000000000000000C7
:10C9700000000000000000000000000000000000B7
:10C9800000000000000000000000000000000000A7
:10C990000000000000000000000000000000000097
:10C9A0000000000000000000000000000000000087
:10C9B0000000000000000000000000000000000077
:10C9C0000000000000000000000000000000000067
:10C9D0000000000000000000000000000000000057
:10C9E0000000000000000000000000000000000047
:10C9F0000000000000000000000000000000000037
:10CA00000000000000000000000000000000000026
:10CA10000000000000000000000000000000000016
:10CA20000000000000000000000000000000000006
:10CA300000000000000000000000000000000000F6
:10CA400000000000000000000000000000000000E6
:10CA500000000000000000000000000000000000D6
:10CA600000000000000000000000000000000000C6
:10CA700000000000000000000000000000000000B6
:10CA800000000000000000000000000000000000A6
:10CA90000000000000000000000000000000000096
:10CAA0000000000000000000000000000000000086
:10CAB0000000000000000000000000000000000076
:10CAC0000000000000000000000000000000000066
:10CAD0000000000000000000000000000000000056
:10CAE0000000000000000000000000000000000046
:10CAF0000000000000000000000000000000000036
:10CB00000000000000000000000000000000000025
:10CB10000000000000000000000000000000000015
:10CB20000000000000000000000000000000000005
:10CB300000000000000000000000000000000000F5
:10CB400000000000000000000000000000000000E5
:10CB500000000000000000000000000000000000D5
:10CB600000000000000000000000000000000000C5
:10CB700000000000000000000000000000000000B5
:10CB800000000000000000000000000000000000A5
:10CB90000000000000000000000000000000000095
:10CBA0000000000000000000000000000000000085
:10CBB0000000000000000000000000000000000075
:10CBC0000000000000000000000000000000000065
:10CBD0000000000000000000000000000000000055
:10CBE0000000000000000000000000000000000045
:10CBF0000000000000000000000000000000000035
:10CC00000000000000000000000000000000000024
:10CC10000000000000000000000000000000000014
:10CC20000000000000000000000000000000000004
:10CC300000000000000000000000000000000000F4
:10CC400000000000000000000000000000000000E4
:10CC500000000000000000000000000000000000D4
:10CC600000000000000000000000000000000000C4
:10CC700000000000000000000000000000000000B4
:10CC800000000000000000000000000000000000A4
:10CC90000000000000000000000000000000000094
:10CCA0000000000000000000000000000000000084
:10CCB0000000000000000000000000000000000074
:10CCC0000000000000000000000000000000000064
:10CCD0000000000000000000000000000000000054
:10CCE0000000000000000000000000000000000044
:10CCF0000000000000000000000000000000000034
:10CD00000000000000000000000000000000000023
:10CD10000000000000000000000000000000000013
:10CD20000000000000000000000000000000000003
:10CD300000000000000000000000000000000000F3
:10CD400000000000000000000000000000000000E3
:10CD500000000000000000000000000000000000D3
:10CD600000000000000000000000000000000000C3
:10CD700000000000000000000000000000000000B3
:10CD800000000000000000000000000000000000A3
:10CD90000000000000000000000000000000000093
:10CDA0000000000000000000000000000000000083
:10CDB0000000000000000000000000000000000073
:10CDC0000000000000000000000000000000000063
:10CDD0000000000000000000000000000000000053
:10CDE0000000000000000000000000000000000043
:10CDF0000000000000000000000000000000000033
:10CE00000000000000000000000000000000000022
:10CE10000000000000000000000000000000000012
:10CE20000000000000000000000000000000000002
:10CE300000000000000000000000000000000000F2
:10CE400000000000000000000000000000000000E2
:10CE500000000000000000000000000000000000D2
:10CE600000000000000000000000000000000000C2
:10CE700000000000000000000000000000000000B2
:10CE800000000000000000000000000000000000A2
:10CE90000000000000000000000000000000000092
:10CEA0000000000000000000000000000000000082
:10CEB0000000000000000000000000000000000072
:10CEC0000000000000000000000000000000000062
:10CED0000000000000000000000000000000000052
:10CEE0000000000000000000000000000000000042
:10CEF0000000000000000000000000000000000032
:10CF00000000000000000000000000000000000021
:10CF10000000000000000000000000000000000011
:10CF20000000000000000000000000000000000001
:10CF300000000000000000000000000000000000F1
:10CF400000000000000000000000000000000000E1
:10CF500000000000000000000000000000000000D1
:10CF600000000000000000000000000000000000C1
:10CF700000000000000000000000000000000000B1
:10CF800000000000000000000000000000000000A1
:10CF90000000000000000000000000000000000091
:10CFA0000000000000000000000000000000000081
:10CFB0000000000000000000000000000000000071
:10CFC0000000000000000000000000000000000061
:10CFD0000000000000000000000000000000000051
:10CFE0000000000000000000000000000000000041
:10CFF0000000000000000000000000000000000031
:10D000000000000000000000000000000000000020
:10D010000000000000000000000000000000000010
:10D020000000000000000000000000000000000000
:10D0300000000000000000000000000000000000F0
:10D0400000000000000000000000000000000000E0
:10D0500000000000000000000000000000000000D0
:10D0600000000000000000000000000000000000C0
:10D0700000000000000000000000000000000000B0
:10D0800000000000000000000000000000000000A0
:10D090000000000000000000000000000000000090
:10D0A0000000000000000000000000000000000080
:10D0B0000000000000000000000000000000000070
:10D0C0000000000000000000000000000000000060
:10D0D0000000000000000000000000000000000050
:10D0E0000000000000000000000000000000000040
:10D0F0000000000000000000000000000000000030
:10D10000000000000000000000000000000000001F
:10D11000000000000000000000000000000000000F
:10D1200000000000000000000000000000000000FF
:10D1300000000000000000000000000000000000EF
:10D1400000000000000000000000000000000000DF
:10D1500000000000000000000000000000000000CF
:10D1600000000000000000000000000000000000BF
:10D1700000000000000000000000000000000000AF
:10D18000000000000000000000000000000000009F
:10D19000000000000000000000000000000000008F
:10D1A000000000000000000000000000000000007F
:10D1B000000000000000000000000000000000006F
:10D1C000000000000000000000000000000000005F
:10D1D000000000000000000000000000000000004F
:10D1E000000000000000000000000000000000003F
:10D1F000000000000000000000000000000000002F
:10D20000000000000000000000000000000000001E
:10D21000000000000000000000000000000000000E
:10D2200000000000000000000000000000000000FE
:10D2300000000000000000000000000000000000EE
:10D2400000000000000000000000000000000000DE
:10D2500000000000000000000000000000000000CE
:10D2600000000000000000000000000000000000BE
:10D2700000000000000000000000000000000000AE
:10D28000000000000000000000000000000000009E
:10D29000000000000000000000000000000000008E
:10D2A000000000000000000000000000000000007E
:10D2B000000000000000000000000000000000006E
:10D2C000000000000000000000000000000000005E
:10D2D000000000000000000000000000000000004E
:10D2E000000000000000000000000000000000003E
:10D2F000000000000000000000000000000000002E
:10D30000000000000000000000000000000000001D
:10D31000000000000000000000000000000000000D
:10D3200000000000000000000000000000000000FD
:10D3300000000000000000000000000000000000ED
:10D3400000000000000000000000000000000000DD
:10D3500000000000000000000000000000000000CD
:10D3600000000000000000000000000000000000BD
:10D3700000000000000000000000000000000000AD
:10D38000000000000000000000000000000000009D
:10D39000000000000000000000000000000000008D
:10D3A000000000000000000000000000000000007D
:10D3B000000000000000000000000000000000006D
:10D3C000000000000000000000000000000000005D
:10D3D000000000000000000000000000000000004D
:10D3E000000000000000000000000000000000003D
:10D3F000000000000000000000000000000000002D
:10D40000000000000000000000000000000000001C
:10D41000000000000000000000000000000000000C
:10D4200000000000000000000000000000000000FC
:10D4300000000000000000000000000000000000EC
:10D4400000000000000000000000000000000000DC
:10D4500000000000000000000000000000000000CC
:10D4600000000000000000000000000000000000BC
:10D4700000000000000000000000000000000000AC
:10D48000000000000000000000000000000000009C
:10D49000000000000000000000000000000000008C
:10D4A000000000000000000000000000000000007C
:10D4B000000000000000000000000000000000006C
:10D4C000000000000000000000000000000000005C
:10D4D000000000000000000000000000000000004C
:10D4E000000000000000000000000000000000003C
:10D4F000000000000000000000000000000000002C
:10D50000000000000000000000000000000000001B
:10D51000000000000000000000000000000000000B
:10D5200000000000000000000000000000000000FB
:10D5300000000000000000000000000000000000EB
:10D5400000000000000000000000000000000000DB
:10D5500000000000000000000000000000000000CB
:10D5600000000000000000000000000000000000BB
:10D5700000000000000000000000000000000000AB
:10D58000000000000000000000000000000000009B
:10D59000000000000000000000000000000000008B
:10D5A000000000000000000000000000000000007B
:10D5B000000000000000000000000000000000006B
:10D5C000000000000000000000000000000000005B
:10D5D000000000000000000000000000000000004B
:10D5E000000000000000000000000000000000003B
:10D5F000000000000000000000000000000000002B
:10D60000000000000000000000000000000000001A
:10D61000000000000000000000000000000000000A
:10D6200000000000000000000000000000000000FA
:10D6300000000000000000000000000000000000EA
:10D6400000000000000000000000000000000000DA
:10D6500000000000000000000000000000000000CA
:10D6600000000000000000000000000000000000BA
:10D6700000000000000000000000000000000000AA
:10D68000000000000000000000000000000000009A
:10D69000000000000000000000000000000000008A
:10D6A000000000000000000000000000000000007A
:10D6B000000000000000000000000000000000006A
:10D6C000000000000000000000000000000000005A
:10D6D000000000000000000000000000000000004A
:10D6E000000000000000000000000000000000003A
:10D6F000000000000000000000000000000000002A
:10D700000000000000000000000000000000000019
:10D710000000000000000000000000000000000009
:10D7200000000000000000000000000000000000F9
:10D7300000000000000000000000000000000000E9
:10D7400000000000000000000000000000000000D9
:10D7500000000000000000000000000000000000C9
:10D7600000000000000000000000000000000000B9
:10D7700000000000000000000000000000000000A9
:10D780000000000000000000000000000000000099
:10D790000000000000000000000000000000000089
:10D7A0000000000000000000000000000000000079
:10D7B0000000000000000000000000000000000069
:10D7C0000000000000000000000000000000000059
:10D7D0000000000000000000000000000000000049
:10D7E0000000000000000000000000000000000039
:10D7F0000000000000000000000000000000000029
:10D800000000000000000000000000000000000018
:10D810000000000000000000000000000000000008
:10D8200000000000000000000000000000000000F8
:10D8300000000000000000000000000000000000E8
:10D8400000000000000000000000000000000000D8
:10D8500000000000000000000000000000000000C8
:10D8600000000000000000000000000000000000B8
:10D8700000000000000000000000000000000000A8
:10D880000000000000000000000000000000000098
:10D890000000000000000000000000000000000088
:10D8A0000000000000000000000000000000000078
:10D8B0000000000000000000000000000000000068
:10D8C0000000000000000000000000000000000058
:10D8D0000000000000000000000000000000000048
:10D8E0000000000000000000000000000000000038
:10D8F0000000000000000000000000000000000028
:10D900000000000000000000000000000000000017
:10D910000000000000000000000000000000000007
:10D9200000000000000000000000000000000000F7
:10D9300000000000000000000000000000000000E7
:10D9400000000000000000000000000000000000D7
:10D9500000000000000000000000000000000000C7
:10D9600000000000000000000000000000000000B7
:10D9700000000000000000000000000000000000A7
:10D980000000000000000000000000000000000097
:10D990000000000000000000000000000000000087
:10D9A0000000000000000000000000000000000077
:10D9B0000000000000000000000000000000000067
:10D9C0000000000000000000000000000000000057
:10D9D0000000000000000000000000000000000047
:10D9E0000000000000000000000000000000000037
:10D9F0000000000000000000000000000000000027
:10DA00000000000000000000000000000000000016
:10DA10000000000000000000000000000000000006
:10DA200000000000000000000000000000000000F6
:10DA300000000000000000000000000000000000E6
:10DA400000000000000000000000000000000000D6
:10DA500000000000000000000000000000000000C6
:10DA600000000000000000000000000000000000B6
:10DA700000000000000000000000000000000000A6
:10DA80000000000000000000000000000000000096
:10DA90000000000000000000000000000000000086
:10DAA0000000000000000000000000000000000076
:10DAB0000000000000000000000000000000000066
:10DAC0000000000000000000000000000000000056
:10DAD0000000000000000000000000000000000046
:10DAE0000000000000000000000000000000000036
:10DAF0000000000000000000000000000000000026
:10DB00000000000000000000000000000000000015
:10DB10000000000000000000000000000000000005
:10DB200000000000000000000000000000000000F5
:10DB300000000000000000000000000000000000E5
:10DB400000000000000000000000000000000000D5
:10DB500000000000000000000000000000000000C5
:10DB600000000000000000000000000000000000B5
:10DB700000000000000000000000000000000000A5
:10DB80000000000000000000000000000000000095
:10DB90000000000000000000000000000000000085
:10DBA0000000000000000000000000000000000075
:10DBB0000000000000000000000000000000000065
:10DBC0000000000000000000000000000000000055
:10DBD0000000000000000000000000000000000045
:10DBE0000000000000000000000000000000000035
:10DBF0000000000000000000000000000000000025
:10DC00000000000000000000000000000000000014
:10DC10000000000000000000000000000000000004
:10DC200000000000000000000000000000000000F4
:10DC300000000000000000000000000000000000E4
:10DC400000000000000000000000000000000000D4
:10DC500000000000000000000000000000000000C4
:10DC600000000000000000000000000000000000B4
:10DC700000000000000000000000000000000000A4
:10DC80000000000000000000000000000000000094
:10DC90000000000000000000000000000000000084
:10DCA0000000000000000000000000000000000074
:10DCB0000000000000000000000000000000000064
:10DCC0000000000000000000000000000000000054
:10DCD0000000000000000000000000000000000044
:10DCE0000000000000000000000000000000000034
:10DCF0000000000000000000000000000000000024
:10DD00000000000000000000000000000000000013
:10DD10000000000000000000000000000000000003
:10DD200000000000000000000000000000000000F3
:10DD300000000000000000000000000000000000E3
:10DD400000000000000000000000000000000000D3
:10DD500000000000000000000000000000000000C3
:10DD600000000000000000000000000000000000B3
:10DD700000000000000000000000000000000000A3
:10DD80000000000000000000000000000000000093
:10DD90000000000000000000000000000000000083
:10DDA0000000000000000000000000000000000073
:10DDB0000000000000000000000000000000000063
:10DDC0000000000000000000000000000000000053
:10DDD0000000000000000000000000000000000043
:10DDE0000000000000000000000000000000000033
:10DDF0000000000000000000000000000000000023
:10DE00000000000000000000000000000000000012
:10DE10000000000000000000000000000000000002
:10DE200000000000000000000000000000000000F2
:10DE300000000000000000000000000000000000E2
:10DE400000000000000000000000000000000000D2
:10DE500000000000000000000000000000000000C2
:10DE600000000000000000000000000000000000B2
:10DE700000000000000000000000000000000000A2
:10DE80000000000000000000000000000000000092
:10DE90000000000000000000000000000000000082
:10DEA0000000000000000000000000000000000072
:10DEB0000000000000000000000000000000000062
:10DEC0000000000000000000000000000000000052
:10DED0000000000000000000000000000000000042
:10DEE0000000000000000000000000000000000032
:10DEF0000000000000000000000000000000000022
:10DF00000000000000000000000000000000000011
:10DF10000000000000000000000000000000000001
:10DF200000000000000000000000000000000000F1
:10DF300000000000000000000000000000000000E1
:10DF400000000000000000000000000000000000D1
:10DF500000000000000000000000000000000000C1
:10DF600000000000000000000000000000000000B1
:10DF700000000000000000000000000000000000A1
:10DF80000000000000000000000000000000000091
:10DF90000000000000000000000000000000000081
:10DFA0000000000000000000000000000000000071
:10DFB0000000000000000000000000000000000061
:10DFC0000000000000000000000000000000000051
:10DFD0000000000000000000000000000000000041
:10DFE0000000000000000000000000000000000031
:10DFF0000000000000000000000000000000000021
:10E000000000000000000000000000000000000010
:10E010000000000000000000000000000000000000
:10E0200000000000000000000000000000000000F0
:10E0300000000000000000000000000000000000E0
:10E0400000000000000000000000000000000000D0
:10E0500000000000000000000000000000000000C0
:10E0600000000000000000000000000000000000B0
:10E0700000000000000000000000000000000000A0
:10E080000000000000000000000000000000000090
:10E090000000000000000000000000000000000080
:10E0A0000000000000000000000000000000000070
:10E0B0000000000000000000000000000000000060
:10E0C0000000000000000000000000000000000050
:10E0D0000000000000000000000000000000000040
:10E0E0000000000000000000000000000000000030
:10E0F0000000000000000000000000000000000020
:10E10000000000000000000000000000000000000F
:10E1100000000000000000000000000000000000FF
:10E1200000000000000000000000000000000000EF
:10E1300000000000000000000000000000000000DF
:10E1400000000000000000000000000000000000CF
:10E1500000000000000000000000000000000000BF
:10E1600000000000000000000000000000000000AF
:10E17000000000000000000000000000000000009F
:10E18000000000000000000000000000000000008F
:10E19000000000000000000000000000000000007F
:10E1A000000000000000000000000000000000006F
:10E1B000000000000000000000000000000000005F
:10E1C000000000000000000000000000000000004F
:10E1D000000000000000000000000000000000003F
:10E1E000000000000000000000000000000000002F
:10E1F000000000000000000000000000000000001F
:10E20000000000000000000000000000000000000E
:10E2100000000000000000000000000000000000FE
:10E2200000000000000000000000000000000000EE
:10E2300000000000000000000000000000000000DE
:10E2400000000000000000000000000000000000CE
:10E2500000000000000000000000000000000000BE
:10E2600000000000000000000000000000000000AE
:10E27000000000000000000000000000000000009E
:10E28000000000000000000000000000000000008E
:10E29000000000000000000000000000000000007E
:10E2A000000000000000000000000000000000006E
:10E2B000000000000000000000000000000000005E
:10E2C000000000000000000000000000000000004E
:10E2D000000000000000000000000000000000003E
:10E2E000000000000000000000000000000000002E
:10E2F000000000000000000000000000000000001E
:10E30000000000000000000000000000000000000D
:10E3100000000000000000000000000000000000FD
:10E3200000000000000000000000000000000000ED
:10E3300000000000000000000000000000000000DD
:10E3400000000000000000000000000000000000CD
:10E3500000000000000000000000000000000000BD
:10E3600000000000000000000000000000000000AD
:10E37000000000000000000000000000000000009D
:10E38000000000000000000000000000000000008D
:10E39000000000000000000000000000000000007D
:10E3A000000000000000000000000000000000006D
:10E3B000000000000000000000000000000000005D
:10E3C000000000000000000000000000000000004D
:10E3D000000000000000000000000000000000003D
:10E3E000000000000000000000000000000000002D
:10E3F000000000000000000000000000000000001D
:10E40000000000000000000000000000000000000C
:10E4100000000000000000000000000000000000FC
:10E4200000000000000000000000000000000000EC
:10E4300000000000000000000000000000000000DC
:10E4400000000000000000000000000000000000CC
:10E4500000000000000000000000000000000000BC
:10E4600000000000000000000000000000000000AC
:10E47000000000000000000000000000000000009C
:10E48000000000000000000000000000000000008C
:10E49000000000000000000000000000000000007C
:10E4A000000000000000000000000000000000006C
:10E4B000000000000000000000000000000000005C
:10E4C000000000000000000000000000000000004C
:10E4D000000000000000000000000000000000003C
:10E4E000000000000000000000000000000000002C
:10E4F000000000000000000000000000000000001C
:10E50000000000000000000000000000000000000B
:10E5100000000000000000000000000000000000FB
:10E5200000000000000000000000000000000000EB
:10E5300000000000000000000000000000000000DB
:10E5400000000000000000000000000000000000CB
:10E5500000000000000000000000000000000000BB
:10E5600000000000000000000000000000000000AB
:10E57000000000000000000000000000000000009B
:10E58000000000000000000000000000000000008B
:10E59000000000000000000000000000000000007B
:10E5A000000000000000000000000000000000006B
:10E5B000000000000000000000000000000000005B
:10E5C000000000000000000000000000000000004B
:10E5D000000000000000000000000000000000003B
:10E5E000000000000000000000000000000000002B
:10E5F000000000000000000000000000000000001B
:10E60000000000000000000000000000000000000A
:10E6100000000000000000000000000000000000FA
:10E6200000000000000000000000000000000000EA
:10E6300000000000000000000000000000000000DA
:10E6400000000000000000000000000000000000CA
:10E6500000000000000000000000000000000000BA
:10E6600000000000000000000000000000000000AA
:10E67000000000000000000000000000000000009A
:10E68000000000000000000000000000000000008A
:10E69000000000000000000000000000000000007A
:10E6A000000000000000000000000000000000006A
:10E6B000000000000000000000000000000000005A
:10E6C000000000000000000000000000000000004A
:10E6D000000000000000000000000000000000003A
:10E6E000000000000000000000000000000000002A
:10E6F000000000000000000000000000000000001A
:10E700000000000000000000000000000000000009
:10E7100000000000000000000000000000000000F9
:10E7200000000000000000000000000000000000E9
:10E7300000000000000000000000000000000000D9
:10E7400000000000000000000000000000000000C9
:10E7500000000000000000000000000000000000B9
:10E7600000000000000000000000000000000000A9
:10E770000000000000000000000000000000000099
:10E780000000000000000000000000000000000089
:10E790000000000000000000000000000000000079
:10E7A0000000000000000000000000000000000069
:10E7B0000000000000000000000000000000000059
:10E7C0000000000000000000000000000000000049
:10E7D0000000000000000000000000000000000039
:10E7E0000000000000000000000000000000000029
:10E7F0000000000000000000000000000000000019
:10E800000000000000000000000000000000000008
:10E8100000000000000000000000000000000000F8
:10E8200000000000000000000000000000000000E8
:10E8300000000000000000000000000000000000D8
:10E8400000000000000000000000000000000000C8
:10E8500000000000000000000000000000000000B8
:10E8600000000000000000000000000000000000A8
:10E870000000000000000000000000000000000098
:10E880000000000000000000000000000000000088
:10E890000000000000000000000000000000000078
:10E8A0000000000000000000000000000000000068
:10E8B0000000000000000000000000000000000058
:10E8C0000000000000000000000000000000000048
:10E8D0000000000000000000000000000000000038
:10E8E0000000000000000000000000000000000028
:10E8F0000000000000000000000000000000000018
:10E900000000000000000000000000000000000007
:10E9100000000000000000000000000000000000F7
:10E9200000000000000000000000000000000000E7
:10E9300000000000000000000000000000000000D7
:10E9400000000000000000000000000000000000C7
:10E9500000000000000000000000000000000000B7
:10E9600000000000000000000000000000000000A7
:10E970000000000000000000000000000000000097
:10E980000000000000000000000000000000000087
:10E990000000000000000000000000000000000077
:10E9A0000000000000000000000000000000000067
:10E9B0000000000000000000000000000000000057
:10E9C0000000000000000000000000000000000047
:10E9D0000000000000000000000000000000000037
:10E9E0000000000000000000000000000000000027
:10E9F0000000000000000000000000000000000017
:10EA00000000000000000000000000000000000006
:10EA100000000000000000000000000000000000F6
:10EA200000000000000000000000000000000000E6
:10EA300000000000000000000000000000000000D6
:10EA400000000000000000000000000000000000C6
:10EA500000000000000000000000000000000000B6
:10EA600000000000000000000000000000000000A6
:10EA70000000000000000000000000000000000096
:10EA80000000000000000000000000000000000086
:10EA90000000000000000000000000000000000076
:10EAA0000000000000000000000000000000000066
:10EAB0000000000000000000000000000000000056
:10EAC0000000000000000000000000000000000046
:10EAD0000000000000000000000000000000000036
:10EAE0000000000000000000000000000000000026
:10EAF0000000000000000000000000000000000016
:10EB00000000000000000000000000000000000005
:10EB100000000000000000000000000000000000F5
:10EB200000000000000000000000000000000000E5
:10EB300000000000000000000000000000000000D5
:10EB400000000000000000000000000000000000C5
:10EB500000000000000000000000000000000000B5
:10EB600000000000000000000000000000000000A5
:10EB70000000000000000000000000000000000095
:10EB80000000000000000000000000000000000085
:10EB90000000000000000000000000000000000075
:10EBA0000000000000000000000000000000000065
:10EBB0000000000000000000000000000000000055
:10EBC0000000000000000000000000000000000045
:10EBD0000000000000000000000000000000000035
:10EBE0000000000000000000000000000000000025
:10EBF0000000000000000000000000000000000015
:10EC00000000000000000000000000000000000004
:10EC100000000000000000000000000000000000F4
:10EC200000000000000000000000000000000000E4
:10EC300000000000000000000000000000000000D4
:10EC400000000000000000000000000000000000C4
:10EC500000000000000000000000000000000000B4
:10EC600000000000000000000000000000000000A4
:10EC70000000000000000000000000000000000094
:10EC80000000000000000000000000000000000084
:10EC90000000000000000000000000000000000074
:10ECA0000000000000000000000000000000000064
:10ECB0000000000000000000000000000000000054
:10ECC0000000000000000000000000000000000044
:10ECD0000000000000000000000000000000000034
:10ECE0000000000000000000000000000000000024
:10ECF0000000000000000000000000000000000014
:10ED00000000000000000000000000000000000003
:10ED100000000000000000000000000000000000F3
:10ED200000000000000000000000000000000000E3
:10ED300000000000000000000000000000000000D3
:10ED400000000000000000000000000000000000C3
:10ED500000000000000000000000000000000000B3
:10ED600000000000000000000000000000000000A3
:10ED70000000000000000000000000000000000093
:10ED80000000000000000000000000000000000083
:10ED90000000000000000000000000000000000073
:10EDA0000000000000000000000000000000000063
:10EDB0000000000000000000000000000000000053
:10EDC0000000000000000000000000000000000043
:10EDD0000000000000000000000000000000000033
:10EDE0000000000000000000000000000000000023
:10EDF0000000000000000000000000000000000013
:10EE00000000000000000000000000000000000002
:10EE100000000000000000000000000000000000F2
:10EE200000000000000000000000000000000000E2
:10EE300000000000000000000000000000000000D2
:10EE400000000000000000000000000000000000C2
:10EE500000000000000000000000000000000000B2
:10EE600000000000000000000000000000000000A2
:10EE70000000000000000000000000000000000092
:10EE80000000000000000000000000000000000082
:10EE90000000000000000000000000000000000072
:10EEA0000000000000000000000000000000000062
:10EEB0000000000000000000000000000000000052
:10EEC0000000000000000000000000000000000042
:10EED0000000000000000000000000000000000032
:10EEE0000000000000000000000000000000000022
:10EEF0000000000000000000000000000000000012
:10EF00000000000000000000000000000000000001
:10EF100000000000000000000000000000000000F1
:10EF200000000000000000000000000000000000E1
:10EF300000000000000000000000000000000000D1
:10EF400000000000000000000000000000000000C1
:10EF500000000000000000000000000000000000B1
:10EF600000000000000000000000000000000000A1
:10EF70000000000000000000000000000000000091
:10EF80000000000000000000000000000000000081
:10EF90000000000000000000000000000000000071
:10EFA0000000000000000000000000000000000061
:10EFB0000000000000000000000000000000000051
:10EFC0000000000000000000000000000000000041
:10EFD0000000000000000000000000000000000031
:10EFE0000000000000000000000000000000000021
:10EFF0000000000000000000000000000000000011
:10F000000000000000000000000000000000000000
:10F0100000000000000000000000000000000000F0
:10F0200000000000000000000000000000000000E0
:10F0300000000000000000000000000000000000D0
:10F0400000000000000000000000000000000000C0
:10F0500000000000000000000000000000000000B0
:10F0600000000000000000000000000000000000A0
:10F070000000000000000000000000000000000090
:10F080000000000000000000000000000000000080
:10F090000000000000000000000000000000000070
:10F0A0000000000000000000000000000000000060
:10F0B0000000000000000000000000000000000050
:10F0C0000000000000000000000000000000000040
:10F0D0000000000000000000000000000000000030
:10F0E0000000000000000000000000000000000020
:10F0F0000000000000000000000000000000000010
:10F1000000000000000000000000000000000000FF
:10F1100000000000000000000000000000000000EF
:10F1200000000000000000000000000000000000DF
:10F1300000000000000000000000000000000000CF
:10F1400000000000000000000000000000000000BF
:10F1500000000000000000000000000000000000AF
:10F16000000000000000000000000000000000009F
:10F17000000000000000000000000000000000008F
:10F18000000000000000000000000000000000007F
:10F19000000000000000000000000000000000006F
:10F1A000000000000000000000000000000000005F
:10F1B000000000000000000000000000000000004F
:10F1C000000000000000000000000000000000003F
:10F1D000000000000000000000000000000000002F
:10F1E000000000000000000000000000000000001F
:10F1F000000000000000000000000000000000000F
:10F2000000000000000000000000000000000000FE
:10F2100000000000000000000000000000000000EE
:10F2200000000000000000000000000000000000DE
:10F2300000000000000000000000000000000000CE
:10F2400000000000000000000000000000000000BE
:10F2500000000000000000000000000000000000AE
:10F26000000000000000000000000000000000009E
:10F27000000000000000000000000000000000008E
:10F28000000000000000000000000000000000007E
:10F29000000000000000000000000000000000006E
:10F2A000000000000000000000000000000000005E
:10F2B000000000000000000000000000000000004E
:10F2C000000000000000000000000000000000003E
:10F2D000000000000000000000000000000000002E
:10F2E000000000000000000000000000000000001E
:10F2F000000000000000000000000000000000000E
:10F3000000000000000000000000000000000000FD
:10F3100000000000000000000000000000000000ED
:10F3200000000000000000000000000000000000DD
:10F3300000000000000000000000000000000000CD
:10F3400000000000000000000000000000000000BD
:10F3500000000000000000000000000000000000AD
:10F36000000000000000000000000000000000009D
:10F37000000000000000000000000000000000008D
:10F38000000000000000000000000000000000007D
:10F39000000000000000000000000000000000006D
:10F3A000000000000000000000000000000000005D
:10F3B000000000000000000000000000000000004D
:10F3C000000000000000000000000000000000003D
:10F3D000000000000000000000000000000000002D
:10F3E000000000000000000000000000000000001D
:10F3F000000000000000000000000000000000000D
:10F4000000000000000000000000000000000000FC
:10F4100000000000000000000000000000000000EC
:10F4200000000000000000000000000000000000DC
:10F4300000000000000000000000000000000000CC
:10F4400000000000000000000000000000000000BC
:10F4500000000000000000000000000000000000AC
:10F46000000000000000000000000000000000009C
:10F47000000000000000000000000000000000008C
:10F48000000000000000000000000000000000007C
:10F49000000000000000000000000000000000006C
:10F4A000000000000000000000000000000000005C
:10F4B000000000000000000000000000000000004C
:10F4C000000000000000000000000000000000003C
:10F4D000000000000000000000000000000000002C
:10F4E000000000000000000000000000000000001C
:10F4F000000000000000000000000000000000000C
:10F5000000000000000000000000000000000000FB
:10F5100000000000000000000000000000000000EB
:10F5200000000000000000000000000000000000DB
:10F5300000000000000000000000000000000000CB
:10F5400000000000000000000000000000000000BB
:10F5500000000000000000000000000000000000AB
:10F56000000000000000000000000000000000009B
:10F57000000000000000000000000000000000008B
:10F58000000000000000000000000000000000007B
:10F59000000000000000000000000000000000006B
:10F5A000000000000000000000000000000000005B
:10F5B000000000000000000000000000000000004B
:10F5C000000000000000000000000000000000003B
:10F5D000000000000000000000000000000000002B
:10F5E000000000000000000000000000000000001B
:10F5F000000000000000000000000000000000000B
:10F6000000000000000000000000000000000000FA
:10F6100000000000000000000000000000000000EA
:10F6200000000000000000000000000000000000DA
:10F6300000000000000000000000000000000000CA
:10F6400000000000000000000000000000000000BA
:10F6500000000000000000000000000000000000AA
:10F66000000000000000000000000000000000009A
:10F67000000000000000000000000000000000008A
:10F68000000000000000000000000000000000007A
:10F69000000000000000000000000000000000006A
:10F6A000000000000000000000000000000000005A
:10F6B000000000000000000000000000000000004A
:10F6C000000000000000000000000000000000003A
:10F6D000000000000000000000000000000000002A
:10F6E000000000000000000000000000000000001A
:10F6F000000000000000000000000000000000000A
:10F7000000000000000000000000000000000000F9
:10F7100000000000000000000000000000000000E9
:10F7200000000000000000000000000000000000D9
:10F7300000000000000000000000000000000000C9
:10F7400000000000000000000000000000000000B9
:10F7500000000000000000000000000000000000A9
:10F760000000000000000000000000000000000099
:10F770000000000000000000000000000000000089
:10F780000000000000000000000000000000000079
:10F790000000000000000000000000000000000069
:10F7A0000000000000000000000000000000000059
:10F7B0000000000000000000000000000000000049
:10F7C0000000000000000000000000000000000039
:10F7D0000000000000000000000000000000000029
:10F7E0000000000000000000000000000000000019
:10F7F0000000000000000000000000000000000009
:10F8000000000000000000000000000000000000F8
:10F8100000000000000000000000000000000000E8
:10F8200000000000000000000000000000000000D8
:10F8300000000000000000000000000000000000C8
:10F8400000000000000000000000000000000000B8
:10F8500000000000000000000000000000000000A8
:10F860000000000000000000000000000000000098
:10F870000000000000000000000000000000000088
:10F880000000000000000000000000000000000078
:10F890000000000000000000000000000000000068
:10F8A0000000000000000000000000000000000058
:10F8B0000000000000000000000000000000000048
:10F8C0000000000000000000000000000000000038
:10F8D0000000000000000000000000000000000028
:10F8E0000000000000000000000000000000000018
:10F8F0000000000000000000000000000000000008
:10F9000000000000000000000000000000000000F7
:10F9100000000000000000000000000000000000E7
:10F9200000000000000000000000000000000000D7
:10F9300000000000000000000000000000000000C7
:10F9400000000000000000000000000000000000B7
:10F9500000000000000000000000000000000000A7
:10F960000000000000000000000000000000000097
:10F970000000000000000000000000000000000087
:10F980000000000000000000000000000000000077
:10F990000000000000000000000000000000000067
:10F9A0000000000000000000000000000000000057
:10F9B0000000000000000000000000000000000047
:10F9C0000000000000000000000000000000000037
:10F9D0000000000000000000000000000000000027
:10F9E0000000000000000000000000000000000017
:10F9F0000000000000000000000000000000000007
:10FA000000000000000000000000000000000000F6
:10FA100000000000000000000000000000000000E6
:10FA200000000000000000000000000000000000D6
:10FA300000000000000000000000000000000000C6
:10FA400000000000000000000000000000000000B6
:10FA500000000000000000000000000000000000A6
:10FA60000000000000000000000000000000000096
:10FA70000000000000000000000000000000000086
:10FA80000000000000000000000000000000000076
:10FA90000000000000000000000000000000000066
:10FAA0000000000000000000000000000000000056
:10FAB0000000000000000000000000000000000046
:10FAC0000000000000000000000000000000000036
:10FAD0000000000000000000000000000000000026
:10FAE0000000000000000000000000000000000016
:10FAF0000000000000000000000000000000000006
:10FB000000000000000000000000000000000000F5
:10FB100000000000000000000000000000000000E5
:10FB200000000000000000000000000000000000D5
:10FB300000000000000000000000000000000000C5
:10FB400000000000000000000000000000000000B5
:10FB500000000000000000000000000000000000A5
:10FB60000000000000000000000000000000000095
:10FB70000000000000000000000000000000000085
:10FB80000000000000000000000000000000000075
:10FB90000000000000000000000000000000000065
:10FBA0000000000000000000000000000000000055
:10FBB0000000000000000000000000000000000045
:10FBC0000000000000000000000000000000000035
:10FBD0000000000000000000000000000000000025
:10FBE0000000000000000000000000000000000015
:10FBF0000000000000000000000000000000000005
:10FC000000000000000000000000000000000000F4
:10FC100000000000000000000000000000000000E4
:10FC200000000000000000000000000000000000D4
:10FC300000000000000000000000000000000000C4
:10FC400000000000000000000000000000000000B4
:10FC500000000000000000000000000000000000A4
:10FC60000000000000000000000000000000000094
:10FC70000000000000000000000000000000000084
:10FC80000000000000000000000000000000000074
:10FC90000000000000000000000000000000000064
:10FCA0000000000000000000000000000000000054
:10FCB0000000000000000000000000000000000044
:10FCC0000000000000000000000000000000000034
:10FCD0000000000000000000000000000000000024
:10FCE0000000000000000000000000000000000014
:10FCF0000000000000000000000000000000000004
:10FD000000000000000000000000000000000000F3
:10FD100000000000000000000000000000000000E3
:10FD200000000000000000000000000000000000D3
:10FD300000000000000000000000000000000000C3
:10FD400000000000000000000000000000000000B3
:10FD500000000000000000000000000000000000A3
:10FD60000000000000000000000000000000000093
:10FD70000000000000000000000000000000000083
:10FD80000000000000000000000000000000000073
:10FD90000000000000000000000000000000000063
:10FDA0000000000000000000000000000000000053
:10FDB0000000000000000000000000000000000043
:10FDC0000000000000000000000000000000000033
:10FDD0000000000000000000000000000000000023
:10FDE0000000000000000000000000000000000013
:10FDF0000000000000000000000000000000000003
:10FE000000000000000000000000000000000000F2
:10FE100000000000000000000000000000000000E2
:10FE200000000000000000000000000000000000D2
:0200000490006A
:10000000B57423B57423B57423B57423B57423B5BF
:100010007423B57423B57423B57423B57423B574F0
:1000200023B57423B57423B57423B57423B5742331
:10003000B57423B57423B57423B57423B57423B58F
:100040007423B57423B57423B57423B57423B574C0
:1000500023B57423B57423B57423B57423B5742301
:10006000B57423B57423B57423B57423B57423B55F
:100070007423B57423B57423B57423B57423B57490
:1000800023B57423B57423B57423B57423B57423D1
:10009000B57423B57423B57423B57423B57423B52F
:1000A0007423B57423B57423B57423B57423B57460
:1000B00023B57423B57423B57423B57423B57423A1
:1000C000B57423B57423B57423B57423B57423B5FF
:1000D0007423B57423B57423B57423B67524B6752B
:1000E00024B67524B67524B67524B67524B6752461
:1000F000B67524B67423B67423B67423B67423B6C7
:100100007423B67423B67423B67423B67423B674FA
:1001100023B67423B67423B67423B67423B674233B
:10012000B67423B67423B67423B67423B67423B698
:100130007423B67423B67423B67423B67423B573CC
:1001400022B57322B57322B57322B57322B573221B
:10015000B57322B57322B57322B57322B57322B578
:100160007322B57322B57322B57322B57322B573AA
:1001700022B67423B67423B67423B67423B67423DC
:10018000B67423B67423B67423B67422B67421B63B
:100190007421B67421B67421B67421B67421B67474
:1001A00021B67421B77522B77522B77522B77522AB
:1001B000B77522B77522B77522B77522B57320B50A
:1001C0007320B57320B57320B57320B57320B57354
:1001D00020B57320B57320B57320B57320B5732097
:1001E000B57320B57320B57320B57320B57320B5F2
:1001F0007320B57320B57320B57320B57320B57324
:1002000020B57320B57320B57320B57320B5732066
:10021000B57320B57320B57320B57320B57320B6C0
:100220007421B67421B67421B67421B67421B674E3
:1002300021B67421B67421B67421B57320B573202C
:10024000B57320B57320B57320B57320B57320B591
:100250007320B4721FB4721FB4721FB4721FB472D1
:100260001FB4721FB4721FB4721FB57320B5732010
:10027000B57320B57320B57320B57320B57320B561
:100280007320B57320B4721FB4721FB4721FB4729E
:100290001FB4721FB4721FB4721FB4721FB4721FE6
:1002A000B4721FB4721FB4721FB4721FB4721FB441
:1002B000721FB4721FB4721FB4721FB4721FB47273
:1002C0001FB4721FB4721FB4721FB4721FB4721FB6
:1002D000B3711EB3711EB3711EB3711EB3711EB321
:1002E000711EB3711EB3711EB4711CB4711CB47154
:1002F0001CB4711CB4711CB4711CB4711CB4711C9D
:10030000B3701BFFFFFFFFFFFFFFFFFFFFFFFFB506
:100310007423B57423B57423B57423B57423B574ED
:1003200023B57423B57423B57423B57423B574232E
:10033000B57423B57423B57423B57423B57423B58C
:100340007423B57423B57423B57423B57423B574BD
:1003500023B57423B57423B57423B57423B57423FE
:10036000B57423B57423B57423B57423B57423B55C
:100370007423B57423B57423B57423B57423B5748D
:1003800023B57423B57423B57423B57423B57423CE
:10039000B57423B57423B57423B57423B57423B52C
:1003A0007423B57423B57423B57423B57423B5745D
:1003B00023B57423B57423B57423B57423B574239E
:1003C000B57423B57423B57423B57423B57423B5FC
:1003D0007423B57423B57423B57423B57423B5742D
:1003E00023B57423B57423B57423B67524B6752468
:1003F000B67524B67524B67524B67524B67524B6BC
:100400007524B67423B67423B67423B67423B674F5
:1004100023B67423B67423B67423B67423B6742338
:10042000B67423B67423B67423B67423B67423B695
:100430007423B67423B67423B67423B67423B674C7
:1004400023B67423B67423B67423B67423B573220B
:10045000B57322B57322B57322B57322B57322B575
:100460007322B57322B57322B57322B57322B573A7
:1004700022B57322B57322B57322B57322B57322E8
:10048000B67423B67423B67423B67423B67423B635
:100490007423B67423B67423B67421B67421B6746B
:1004A00021B67421B67421B67421B67421B67421B4
:1004B000B67421B77522B77522B77522B77522B702
:1004C0007522B77522B77522B77522B57320B5733B
:1004D00020B57320B57320B57320B57320B5732094
:1004E000B57320B57320B57320B57320B57320B5EF
:1004F0007320B57320B57320B57320B57320B57321
:1005000020B57320B57320B57320B57320B5732063
:10051000B57320B57320B57320B57320B57320B5BE
:100520007320B57320B57320B57320B57320B674EE
:1005300021B67421B67421B67421B67421B6742123
:10054000B67421B67421B67421B57320B57320B585
:100550007320B57320B57320B57320B57320B573C0
:1005600020B4721FB4721FB4721FB4721FB4721F12
:10057000B4721FB4721FB4721FB57320B57320B567
:100580007320B57320B57320B57320B57320B57390
:1005900020B57320B4721FB4721FB4721FB4721FDF
:1005A000B4721FB4721FB4721FB4721FB4721FB43E
:1005B000721FB4721FB4721FB4721FB4721FB47270
:1005C0001FB4721FB4721FB4721FB4721FB4721FB3
:1005D000B4721FB4721FB4721FB4721FB4721FB30F
:1005E000711EB3711EB3711EB3711EB3711EB37150
:1005F0001EB3711EB3711EB4711CB4711CB4711C96
:10060000B4711CB4711CB4711CB4711CB4711CB3F2
:10061000701BFFFFFFFFFFFFFFFFFFFFFFFFB57432
:1006200023B57423B57423B57423B57423B574232B
:10063000B57423B57423B57423B57423B57423B589
:100640007423B57423B57423B57423B57423B574BA
:1006500023B57423B57423B57423B57423B57423FB
:10066000B57423B57423B57423B57423B57423B559
:100670007423B57423B57423B57423B57423B5748A
:1006800023B57423B57423B57423B57423B57423CB
:10069000B57423B57423B57423B57423B57423B529
:1006A0007423B57423B57423B57423B57423B5745A
:1006B00023B57423B57423B57423B57423B574239B
:1006C000B57423B57423B57423B57423B57423B5F9
:1006D0007423B57423B57423B57423B57423B5742A
:1006E00023B57423B57423B57423B57423B574236B
:1006F000B57423B57423B57423B67524B67524B6C2
:100700007524B67524B67524B67524B67524B675E9
:1007100024B67423B67423B67423B67423B6742334
:10072000B67423B67423B67423B67423B67423B692
:100730007423B67423B67423B67423B67423B674C4
:1007400023B67423B67423B67423B67423B6742305
:10075000B67423B67423B67423B67423B67423B662
:100760007423B67423B67423B67423B67423B67494
:1007700023B67423B67423B67423B67423B67423D5
:10078000B67423B67423B67423B67423B67423B632
:100790007423B67423B67423B67423B67423B67464
:1007A00023B67423B67423B67422B67421B67421AA
:1007B000B67421B67421B67421B67421B67421B70B
:1007C0007522B77522B77522B77522B77522B7752E
:1007D00022B77522B77522B77522B67421B6742177
:1007E000B67421B67421B67421B67421B67421B6DC
:1007F0007421B57320B57320B57320B57320B5731C
:1008000020B57320B57320B57320B57320B5732060
:10081000B57320B57320B57320B57320B57320B5BB
:100820007320B57320B57320B57320B57320B573ED
:1008300020B57320B57320B57320B57320B674212D
:10084000B67421B67421B67421B67421B67421B67B
:100850007421B67421B67421B57320B57320B573B5
:1008600020B57320B57320B57320B57320B5732000
:10087000B4721FB4721FB4721FB4721FB4721FB46B
:10088000721FB4721FB4721FB57320B57320B57395
:1008900020B57320B57320B57320B57320B57320D0
:1008A000B57320B4721FB4721FB4721FB4721FB438
:1008B000721FB4721FB4721FB4721FB4721FB4726D
:1008C0001FB4721FB4721FB4721FB4721FB4721FB0
:1008D000B4721FB4721FB4721FB4721FB4721FB40B
:1008E000721FB4721FB4721FB4721FB4721FB3713F
:1008F0001EB3711EB3711EB3711EB3711EB3711E90
:10090000B3711EB3711EB4711CB4711CB4711CB4EC
:10091000711CB4711CB4711CB4711CB4711CB47121
:100920001CFFFFFFFFFFFFFFFFFFFFFFFFB6752468
:10093000B67524B67524B67524B67524B67524B676
:100940007524B67524B67524B67524B67524B675A7
:1009500024B67524B67524B67524B67524B67524E8
:10096000B67524B67524B67524B67524B67524B646
:100970007524B67524B67524B67524B67524B67577
:1009800024B67524B67524B67524B67524B67524B8
:10099000B67524B67524B67524B67524B67524B616
:1009A0007524B67524B67524B67524B67524B67547
:1009B00024B67524B67524B67524B67524B6752488
:1009C000B67524B67524B67524B67524B67524B6E6
:1009D0007524B67524B67524B67524B67524B67517
:1009E00024B67524B67524B67524B67524B6752458
:1009F000B57423B57423B57423B57423B57423B5C6
:100A00007423B57423B57423B57423B57423B574F6
:100A100023B57423B57423B57423B57423B5742337
:100A2000B77524B77524B77524B77524B77524B77F
:100A30007524B77524B77524B77524B77524B775B1
:100A400024B77524B77524B77524B77524B77524F2
:100A5000B77524B77524B77524B77524B77524B74F
:100A60007524B77524B77524B77524B77524B77581
:100A700024B77524B77524B77524B77524B77524C2
:100A8000B77524B77524B77524B77524B77524B71F
:100A90007524B77524B77524B77524B77524B77551
:100AA00024B77524B77524B77524B77524B7752492
:100AB000B77524B77524B77523B77522B77522B7F4
:100AC0007522B77522B77522B77522B77522B7752B
:100AD00022B77522B77522B77522B77522B775226E
:100AE000B77522B77522B77522B77522B77522B7C9
:100AF0007522B77522B77522B77522B77522B775FB
:100B000022B67421B67421B67421B67421B674214C
:100B1000B67421B67421B67421B67421B67421B6A8
:100B20007421B67421B67421B67421B67421B674DA
:100B300021B67421B67421B67421B67421B674211D
:100B4000B67421B67421B67421B67421B67421B678
:100B50007421B67421B67421B67421B67421B674AA
:100B600021B67421B57320B4721FB4721FB4721F02
:100B7000B4721FB4721FB4721FB4721FB4721FB567
:100B80007320B57320B57320B57320B57320B5738A
:100B900020B57320B57320B67421B57320B57320CA
:100BA000B4721FB4721FB4721FB57320B67421B62D
:100BB0007421B57320B57320B57320B57320B57358
:100BC00020B57320B57320B57320B57320B573209D
:100BD000B57320B57320B57320B57320B57320B5F8
:100BE0007320B57320B57320B57320B57320B5732A
:100BF00020B57320B57320B57320B4721FB3711E76
:100C0000B3711EB3711EB3711EB3711EB3711EB3E7
:100C1000711EB3711EB5721DB5721DB5721DB57210
:100C20001DB5721DB5721DB5721DB5721DB5721D53
:100C3000FFFFFFFFFFFFFFFFFFFFFFFFB67524B6BB
:100C40007524B67524B67524B67524B67524B675A4
:100C500024B67524B67524B67524B67524B67524E5
:100C6000B67524B67524B67524B67524B67524B643
:100C70007524B67524B67524B67524B67524B67574
:100C800024B67524B67524B67524B67524B67524B5
:100C9000B67524B67524B67524B67524B67524B613
:100CA0007524B67524B67524B67524B67524B67544
:100CB00024B67524B67524B67524B67524B6752485
:100CC000B67524B67524B67524B67524B67524B6E3
:100CD0007524B67524B67524B67524B67524B67514
:100CE00024B67524B67524B67524B67524B6752455
:100CF000B67524B67524B67524B67524B67524B5B4
:100D00007423B57423B57423B57423B57423B574F3
:100D100023B57423B57423B57423B57423B5742334
:100D2000B57423B57423B57423B57423B57423B691
:100D30007524B77524B77524B77524B77524B775AE
:100D400024B77524B77524B77524B77524B77524EF
:100D5000B77524B77524B77524B77524B77524B74C
:100D60007524B77524B77524B77524B77524B7757E
:100D700024B77524B77524B77524B77524B77524BF
:100D8000B77524B77524B77524B77524B77524B71C
:100D90007524B77524B77524B77524B77524B7754E
:100DA00024B77524B77524B77524B77524B775248F
:100DB000B77524B77524B77524B77524B77524B7EC
:100DC0007524B77524B77523B77522B77522B77523
:100DD00022B77522B77522B77522B77522B775226B
:100DE000B77522B77522B77522B77522B77522B7C6
:100DF0007522B77522B77522B77522B77522B775F8
:100E000022B77522B77522B77522B77522B775223A
:100E1000B67421B67421B67421B67421B67421B6A5
:100E20007421B67421B67421B67421B67421B674D7
:100E300021B67421B67421B67421B67421B674211A
:100E4000B67421B67421B67421B67421B67421B675
:100E50007421B67421B67421B67421B67421B674A7
:100E600021B67421B67421B67421B67421B67421EA
:100E7000B67421B57320B4721FB4721FB4721FB45C
:100E8000721FB4721FB4721FB4721FB4721FB57395
:100E900020B57320B57320B57320B57320B57320CA
:100EA000B57320B57320B67421B57320B57320B423
:100EB000721FB4721FB57320B57320B57320B6745A
:100EC00021B57320B57320B57320B57320B5732099
:100ED000B57320B57320B57320B57320B57320B5F5
:100EE0007320B57320B57320B57320B57320B57327
:100EF00020B57320B57320B57320B57320B573206A
:100F0000B57320B57320B57320B4721FB3711EB3CF
:100F1000711EB3711EB3711EB3711EB3711EB37116
:100F20001EB3711EB5721DB5721DB5721DB5721D51
:100F3000B5721DB5721DB5721DB5721DB5721DFF5E
:100F4000FFFFFFFFFFFFFFFFFFFFFFB67524B67532
:100F500024B67524B67524B67524B67524B67524E2
:100F6000B67524B67524B67524B67524B67524B640
:100F70007524B67524B67524B67524B67524B67571
:100F800024B67524B67524B67524B67524B67524B2
:100F9000B67524B67524B67524B67524B67524B610
:100FA0007524B67524B67524B67524B67524B67541
:100FB00024B67524B67524B67524B67524B6752482
:100FC000B67524B67524B67524B67524B67524B6E0
:100FD0007524B67524B67524B67524B67524B67511
:100FE00024B67524B67524B67524B67524B6752452
:100FF000B67524B67524B67524B67524B67524B6B0
:101000007524B67524B67524B67524B67524B574E2
:1010100023B57423B57423B57423B57423B5742331
:10102000B57423B57423B57423B57423B57423B58F
:101030007423B57423B57423B57423B57423B775BD
:1010400024B77524B77524B77524B77524B77524EC
:10105000B77524B77524B77524B77524B77524B749
:101060007524B77524B77524B77524B77524B7757B
:1010700024B77524B77524B77524B77524B77524BC
:10108000B77524B77524B77524B77524B77524B719
:101090007524B77524B77524B77524B77524B7754B
:1010A00024B77524B77524B77524B77524B775248C
:1010B000B77524B77524B77524B77524B77524B7E9
:1010C0007524B77524B77524B77524B77524B7751B
:1010D00024B77524B77523B77522B77522B7752263
:1010E000B77522B77522B77522B77522B77522B7C3
:1010F0007522B77522B77522B77522B77522B775F5
:1011000022B77522B77522B77522B77522B7752237
:10111000B77522B77522B77522B77522B77522B693
:101120007421B67421B67421B67421B67421B674D4
:1011300021B67421B67421B67421B67421B6742117
:10114000B67421B67421B67421B67421B67421B672
:101150007421B67421B67421B67421B67421B674A4
:1011600021B67421B67421B67421B67421B67421E7
:10117000B67421B67421B67421B67421B67421B642
:101180007421B57320B4721FB4721FB4721FB4728D
:101190001FB4721FB4721FB4721FB4721FB57320D4
:1011A000B57320B57320B57320B57320B57320B522
:1011B0007320B57320B67421B57320B57320B47253
:1011C0001FB4721FB57320B57320B57320B6742198
:1011D000B57320B57320B57320B57320B57320B5F2
:1011E0007320B57320B57320B57320B57320B57324
:1011F00020B57320B57320B57320B57320B5732067
:10120000B57320B57320B57320B57320B57320B5C1
:101210007320B57320B57320B4721FB3711EB37100
:101220001EB3711EB3711EB3711EB3711EB3711E56
:10123000B3711EB5721DB5721DB5721DB5721DB5A7
:10124000721DB5721DB5721DB5721DB5721DFFFF01
:10125000FFFFFFFFFFFFFFFFFFFFB67524B67524FA
:10126000B67524B67524B67524B67524B67524B63D
:101270007524B67524B67524B67524B67524B6756E
:1012800024B67524B67524B67524B67524B67524AF
:10129000B67524B67524B67524B67524B67524B60D
:1012A0007524B67524B67524B67524B67524B6753E
:1012B00024B67524B67524B67524B67524B675247F
:1012C000B67524B67524B67524B67524B67524B6DD
:1012D0007524B67524B67524B67524B67524B6750E
:1012E00024B67524B67524B67524B67524B675244F
:1012F000B67524B67524B67524B67524B67524B6AD
:101300007524B67524B67524B67524B67524B675DD
:1013100024B67524B67524B67524B67524B675241E
:10132000B67524B67524B67524B67524B67524B67C
:101330007524B67524B67524B67524B67524B675AD
:1013400024B67524B67524B67524B67524B77524ED
:10135000B77524B77524B77524B77524B77524B746
:101360007524B77524B77524B77524B77524B77578
:1013700024B77524B77524B77524B77524B77524B9
:10138000B77524B77524B77524B77524B77524B716
:101390007524B77524B77524B77524B77524B77548
:1013A00024B77524B77524B77524B77524B7752489
:1013B000B77524B77524B77524B77524B77524B7E6
:1013C0007524B77524B77524B77524B77524B77518
:1013D00024B77524B77524B77524B77524B7752459
:1013E000B77524B77523B77522B77522B77522B7BD
:1013F0007522B77522B77522B77522B77522B775F2
:1014000022B77522B77522B77522B77522B7752234
:10141000B77522B77522B77522B77522B77522B78F
:101420007522B77522B77522B77522B77522B674C3
:1014300021B67421B67421B67421B67421B6742114
:10144000B67421B67421B67421B67421B67421B66F
:101450007421B67421B67421B67421B67421B674A1
:1014600021B67421B67421B67421B67421B67421E4
:10147000B67421B67421B67421B67421B67421B63F
:101480007421B67421B67421B67421B67421B67471
:1014900021B67421B57320B57320B57320B57320C0
:1014A000B57320B57320B57320B57320B57320B51F
:1014B0007320B57320B57320B57320B57320B57351
:1014C00020B57320B67421B57320B57320B4721F94
:1014D000B4721FB57320B57320B57320B67421B5EF
:1014E0007320B57320B57320B57320B57320B57321
:1014F00020B57320B57320B57320B57320B5732064
:10150000B57320B57320B57320B57320B57320B5BE
:101510007320B57320B57320B57320B57320B573F0
:1015200020B57320B57320B57320B4721FB4721F39
:10153000B4721FB4721FB4721FB4721FB4721FB49E
:10154000721FB5721DB5721DB5721DB5721DB572D3
:101550001DB5721DB5721DB5721DB5721DFFFFFF61
:10156000FFFFFFFFFFFFFFFFFFB67524B67524B630
:101570007524B67524B67524B67524B67524B6756B
:1015800024B67524B67524B67524B67524B67524AC
:10159000B67524B67524B67524B67524B67524B60A
:1015A0007524B67524B67524B67524B67524B6753B
:1015B00024B67524B67524B67524B67524B675247C
:1015C000B67524B67524B67524B67524B67524B6DA
:1015D0007524B67524B67524B67524B67524B6750B
:1015E00024B67524B67524B67524B67524B675244C
:1015F000B67524B67524B67524B67524B67524B6AA
:101600007524B67524B67524B67524B67524B675DA
:1016100024B67524B67524B67524B67524B675241B
:10162000B67524B67524B67524B67524B67524B679
:101630007524B67524B67524B67524B67524B675AA
:1016400024B67524B67524B67524B67524B67524EB
:10165000B67524B67524B67524B67524B77524B747
:101660007524B77524B77524B77524B77524B77575
:1016700024B77524B77524B77524B77524B77524B6
:10168000B77524B77524B77524B77524B77524B713
:101690007524B77524B77524B77524B77524B77545
:1016A00024B77524B77524B77524B77524B7752486
:1016B000B77524B77524B77524B77524B77524B7E3
:1016C0007524B77524B77524B77524B77524B77515
:1016D00024B77524B77524B77524B77524B7752456
:1016E000B77524B77524B77524B77524B77524B7B3
:1016F0007524B77523B77522B77522B77522B775EC
:1017000022B77522B77522B77522B77522B7752231
:10171000B77522B77522B77522B77522B77522B78C
:101720007522B77522B77522B77522B77522B775BE
:1017300022B77522B77522B77522B77522B6742104
:10174000B67421B67421B67421B67421B67421B66C
:101750007421B67421B67421B67421B67421B6749E
:1017600021B67421B67421B67421B67421B67421E1
:10177000B67421B67421B67421B67421B67421B63C
:101780007421B67421B67421B67421B67421B6746E
:1017900021B67421B67421B67421B67421B67421B1
:1017A000B67421B57320B57320B57320B57320B519
:1017B0007320B57320B57320B57320B57320B5734E
:1017C00020B57320B57320B57320B57320B5732091
:1017D000B57320B67421B57320B57320B4721FB4ED
:1017E000721FB57320B57320B57320B67421B5731D
:1017F00020B57320B57320B57320B57320B5732061
:10180000B57320B57320B57320B57320B57320B5BB
:101810007320B57320B57320B57320B57320B573ED
:1018200020B57320B57320B57320B57320B5732030
:10183000B57320B57320B57320B4721FB4721FB492
:10184000721FB4721FB4721FB4721FB4721FB472CD
:101850001FB5721DB5721DB5721DB5721DB5721D15
:10186000B5721DB5721DB5721DB5721DFFFFFFFF6C
:10187000FFFFFFFFFFFFFFFFB67524B67524B675A7
:1018800024B67524B67524B67524B67524B67524A9
:10189000B67524B67524B67524B67524B67524B607
:1018A0007524B67524B67524B67524B67524B67538
:1018B00024B67524B67524B67524B67524B6752479
:1018C000B67524B67524B67524B67524B67524B6D7
:1018D0007524B67524B67524B67524B67524B67508
:1018E00024B67524B67524B67524B67524B6752449
:1018F000B67524B67524B67524B67524B67524B6A7
:101900007524B67524B67524B67524B67524B675D7
:1019100024B67524B67524B67524B67524B6752418
:10192000B67524B67524B67524B67524B67524B676
:101930007524B67524B67524B67524B77625B776A2
:1019400025B77625B77625B77625B77625B77625D8
:10195000B77625B77625B77625B77625B77625B736
:101960007625B77625B77625B77625B77524B7756A
:1019700024B77524B77524B77524B77524B77524B3
:10198000B77524B77524B77524B77524B77524B710
:101990007524B77524B77524B77524B77524B77542
:1019A00024B77524B77524B77524B77524B7752483
:1019B000B77524B77524B77524B77524B77524B7E0
:1019C0007524B77524B77524B77524B77524B77512
:1019D00024B77524B77524B77524B77524B7752453
:1019E000B77524B77524B77524B77524B77524B7B0
:1019F0007524B77524B77524B77524B77524B775E2
:101A000024B77523B77522B77522B77522B775222B
:101A1000B77522B77522B77522B77522B77522B789
:101A20007522B77522B77522B77522B77522B775BB
:101A300022B77522B77522B77522B77522B77522FE
:101A4000B77522B77522B77522B77522B67421B65D
:101A50007421B67421B67421B67421B67421B6749B
:101A600021B67421B67421B67421B67421B67421DE
:101A7000B67421B67421B67421B67421B67421B639
:101A80007421B67421B67421B67421B67421B6746B
:101A900021B67421B67421B67421B67421B67421AE
:101AA000B67421B67421B67421B67421B67421B609
:101AB0007421B67421B67421B67421B67421B6743B
:101AC00021B67421B67421B67421B57320B5732084
:101AD000B57320B57320B57320B57320B57320B5E9
:101AE0007320B67421B57320B57320B4721FB4721D
:101AF0001FB57320B57320B57320B67421B573205C
:101B0000B57320B57320B57320B57320B57320B5B8
:101B10007320B57320B57320B57320B57320B573EA
:101B200020B57320B57320B57320B57320B573202D
:101B3000B57320B57320B57320B57320B57320B588
:101B40007320B57320B57320B57320B57320B573BA
:101B500020B57320B57320B57320B57320B57320FD
:101B6000B5721DB5721DB5721DB5721DB5721DB56C
:101B7000721DB5721DB5721DB5721DFFFFFFFFFF0F
:101B8000FFFFFFFFFFFFFFB67524B67524B675246F
:101B9000B67524B67524B67524B67524B67524B604
:101BA0007524B67524B67524B67524B67524B67535
:101BB00024B67524B67524B67524B67524B6752476
:101BC000B67524B67524B67524B67524B67524B6D4
:101BD0007524B67524B67524B67524B67524B67505
:101BE00024B67524B67524B67524B67524B6752446
:101BF000B67524B67524B67524B67524B67524B6A4
:101C00007524B67524B67524B67524B67524B675D4
:101C100024B67524B67524B67524B67524B6752415
:101C2000B67524B67524B67524B67524B67524B673
:101C30007524B67524B67524B67524B67524B675A4
:101C400024B67524B67524B67524B77625B77625DF
:101C5000B77625B77625B77625B77625B77625B733
:101C60007625B77625B77625B77625B77625B77664
:101C700025B77625B77625B77625B77524B77524A9
:101C8000B77524B77524B77524B77524B77524B70D
:101C90007524B77524B77524B77524B77524B7753F
:101CA00024B77524B77524B77524B77524B7752480
:101CB000B77524B77524B77524B77524B77524B7DD
:101CC0007524B77524B77524B77524B77524B7750F
:101CD00024B77524B77524B77524B77524B7752450
:101CE000B77524B77524B77524B77524B77524B7AD
:101CF0007524B77524B77524B77524B77524B775DF
:101D000024B77524B77524B77524B77524B775241F
:101D1000B77523B77522B77522B77522B77522B785
:101D20007522B77522B77522B77522B77522B775B8
:101D300022B77522B77522B77522B77522B77522FB
:101D4000B77522B77522B77522B77522B77522B756
:101D50007522B77522B77522B77522B67421B6748D
:101D600021B67421B67421B67421B67421B67421DB
:101D7000B67421B67421B67421B67421B67421B636
:101D80007421B67421B67421B67421B67421B67468
:101D900021B67421B67421B67421B67421B67421AB
:101DA000B67421B67421B67421B67421B67421B606
:101DB0007421B67421B67421B67421B67421B67438
:101DC00021B67421B67421B67421B67421B674217B
:101DD000B67421B67421B67421B57320B57320B5DD
:101DE0007320B57320B57320B57320B57320B57318
:101DF00020B67421B57320B57320B4721FB4721F5E
:101E0000B57320B57320B57320B67421B57320B5B2
:101E10007320B57320B57320B57320B57320B573E7
:101E200020B57320B57320B57320B57320B573202A
:101E3000B57320B57320B57320B57320B57320B585
:101E40007320B57320B57320B57320B57320B573B7
:101E500020B57320B57320B57320B57320B57320FA
:101E6000B57320B57320B57320B57320B57320B555
:101E7000721DB5721DB5721DB5721DB5721DB5729C
:101E80001DB5721DB5721DB5721DFFFFFFFFFFFF6F
:101E9000FFFFFFFFFFFFB67524B67524B67524B6A5
:101EA0007524B67524B67524B67524B67524B67532
:101EB00024B67524B67524B67524B67524B6752473
:101EC000B67524B67524B67524B67524B67524B6D1
:101ED0007524B67524B67524B67524B67524B67502
:101EE00024B67524B67524B67524B67524B6752443
:101EF000B67524B67524B67524B67524B67524B6A1
:101F00007524B67524B67524B67524B67524B675D1
:101F100024B67524B67524B67524B67524B6752412
:101F2000B67524B67524B67524B67524B67524B670
:101F30007524B67524B67524B67524B67524B675A1
:101F400024B67524B67524B67524B67524B67524E2
:101F5000B67524B67524B67524B77625B77625B739
:101F60007625B77625B77625B77625B77625B77661
:101F700025B77625B77625B77625B77625B77625A2
:101F8000B77625B77625B77625B77524B77524B704
:101F90007524B77524B77524B77524B77524B7753C
:101FA00024B77524B77524B77524B77524B775247D
:101FB000B77524B77524B77524B77524B77524B7DA
:101FC0007524B77524B77524B77524B77524B7750C
:101FD00024B77524B77524B77524B77524B775244D
:101FE000B77524B77524B77524B77524B77524B7AA
:101FF0007524B77524B77524B77524B77524B775DC
:1020000024B77524B77524B77524B77524B775241C
:10201000B77524B77524B77524B77524B77524B779
:102020007523B77522B77522B77522B77522B775B4
:1020300022B77522B77522B77522B77522B77522F8
:10204000B77522B77522B77522B77522B77522B753
:102050007522B77522B77522B77522B77522B77585
:1020600022B77522B77522B77522B67421B67421CE
:10207000B67421B67421B67421B67421B67421B633
:102080007421B67421B67421B67421B67421B67465
:1020900021B67421B67421B67421B67421B67421A8
:1020A000B67421B67421B67421B67421B67421B603
:1020B0007421B67421B67421B67421B67421B67435
:1020C00021B67421B67421B67421B67421B6742178
:1020D000B67421B67421B67421B67421B67421B6D3
:1020E0007421B67421B67421B57320B57320B5730D
:1020F00020B57320B57320B57320B57320B5732058
:10210000B67421B57320B57320B4721FB4721FB5B5
:102110007320B57320B57320B67421B57320B573E1
:1021200020B57320B57320B57320B57320B5732027
:10213000B57320B57320B57320B57320B57320B582
:102140007320B57320B57320B57320B57320B573B4
:1021500020B57320B57320B57320B57320B57320F7
:10216000B57320B57320B57320B57320B57320B552
:102170007320B57320B57320B57320B57320B57285
:102180001DB5721DB5721DB5721DB5721DB5721DDE
:10219000B5721DB5721DB5721DFFFFFFFFFFFFFF7A
:1021A000FFFFFFFFFFB67524B67524B67524B6751C
:1021B00024B67524B67524B77625B77625B7762567
:1021C000B77625B77625B77625B77625B77625B7BE
:1021D0007625B77625B77625B77625B77625B776EF
:1021E00025B77625B77625B77625B77625B7762530
:1021F000B77625B77625B77625B77625B77625B78E
:102200007625B67524B67524B67524B67524B675CC
:1022100024B67524B67524B67524B67524B776250C
:10222000B77625B77625B77625B77625B77625B75D
:102230007625B77625B77625B77625B77625B7768E
:1022400025B77625B77625B77625B77625B77625CF
:10225000B77625B77625B77625B77625B77625B72D
:102260007625B77625B77625B77625B77625B7765E
:1022700025B77625B77625B77625B77625B776259F
:10228000B77625B77625B77625B77625B77625B7FD
:102290007625B77625B77625B67524B67524B67536
:1022A00024B67524B67524B67524B67524B675247F
:1022B000B67524B77625B77625B77625B77625B7D0
:1022C0007625B77625B77625B77625B77625B776FE
:1022D00025B77625B77625B77625B77625B776253F
:1022E000B77625B77625B77625B77625B77625B79D
:1022F0007625B77625B77625B77625B77625B876CD
:1023000025B87625B87625B87625B87625B8762509
:10231000B87625B87625B87625B87625B87625B866
:102320007625B87625B87625B87625B87625B7759A
:1023300024B77524B77524B77524B77524B77524E9
:10234000B77524B77524B77524B67423B67423B64D
:102350007423B67423B67423B67423B67423B67488
:1023600023B67423B67423B67423B67423B67423C9
:10237000B67423B67423B67423B77524B87625B81B
:102380007625B87625B87625B87625B87625B87638
:1023900025B87625B77524B77524B77524B7752485
:1023A000B77524B77524B77524B77524B77524B7E6
:1023B0007524B77524B77524B77524B77524B77518
:1023C00024B77524B77524B77524B77524B7752459
:1023D000B77524B77524B77524B77524B77524B7B6
:1023E0007524B77524B77524B77524B77524B775E8
:1023F00024B77524B77524B77522B77522B775222F
:10240000B77522B77522B77522B77522B77522B690
:102410007421B67421B67421B67421B67421B674D1
:1024200021B67421B67421B67421B77522B775220E
:10243000B77522B77522B77522B77522B77522B75F
:102440007522B77522B77522B77522B77522B77591
:1024500022B77522B77522B77522B67421B67421DA
:10246000B67421B67421B67421B67421B67421B63F
:102470007421B67421B57320B57320B57320B5737C
:1024800020B57320B57320B57320B57320B4721FC7
:10249000B4721FB4721FB4721FB4721FB4721FB42F
:1024A000721FB4721FB3711EFFFFFFFFFFFFFFFF1C
:1024B000FFFFFFFFB67524B67524B67524B67524E4
:1024C000B67524B67524B77625B77625B77625B7C1
:1024D0007625B77625B77625B77625B77625B776EC
:1024E00025B77625B77625B77625B77625B776252D
:1024F000B77625B77625B77625B77625B77625B78B
:102500007625B77625B77625B77625B77625B776BB
:1025100025B67524B67524B67524B67524B675240B
:10252000B67524B67524B67524B67524B77625B766
:102530007625B77625B77625B77625B77625B7768B
:1025400025B77625B77625B77625B77625B77625CC
:10255000B77625B77625B77625B77625B77625B72A
:102560007625B77625B77625B77625B77625B7765B
:1025700025B77625B77625B77625B77625B776259C
:10258000B77625B77625B77625B77625B77625B7FA
:102590007625B77625B77625B77625B77625B7762B
:1025A00025B77625B77625B67524B67524B6752475
:1025B000B67524B67524B67524B67524B67524B6DA
:1025C0007524B77625B77625B77625B77625B776FD
:1025D00025B77625B77625B77625B77625B776253C
:1025E000B77625B77625B77625B77625B77625B79A
:1025F0007625B77625B77625B77625B77625B776CB
:1026000025B77625B77625B77625B77625B876250A
:10261000B87625B87625B87625B87625B87625B863
:102620007625B87625B87625B87625B87625B87695
:1026300025B87625B87625B87625B87625B77524D9
:10264000B77524B77524B77524B77524B77524B743
:102650007524B77524B77524B67423B67423B6747D
:1026600023B67423B67423B67423B67423B67423C6
:10267000B67423B67423B67423B67423B67423B623
:102680007423B67423B67423B87625B87625B87645
:1026900025B87625B87625B87625B87625B8762576
:1026A000B87625B77524B77524B77524B77524B7E0
:1026B0007524B77524B77524B77524B77524B77515
:1026C00024B77524B77524B77524B77524B7752456
:1026D000B77524B77524B77524B77524B77524B7B3
:1026E0007524B77524B77524B77524B77524B775E5
:1026F00024B77524B77524B77524B77524B7752426
:10270000B77524B77524B77522B77522B77522B788
:102710007522B77522B77522B77522B77522B674C0
:1027200021B67421B67421B67421B67421B6742111
:10273000B67421B67421B67421B77522B77522B765
:102740007522B77522B77522B77522B77522B7758E
:1027500022B77522B77522B77522B77522B77522D1
:10276000B77522B77522B77522B67421B67421B633
:102770007421B67421B67421B67421B67421B6746E
:1027800021B67421B57320B57320B57320B57320BD
:10279000B57320B57320B57320B57320B4721FB420
:1027A000721FB4721FB4721FB4721FB4721FB4725E
:1027B0001FB4721FB3711EFFFFFFFFFFFFFFFFFF7C
:1027C000FFFFFFB67524B67524B67524B67524B61A
:1027D0007524B67524B77625B77625B77625B776EE
:1027E00025B77625B77625B77625B77625B776252A
:1027F000B77625B77625B77625B77625B77625B788
:102800007625B77625B77625B77625B77625B776B8
:1028100025B87828C79556E0C6A4EDDECBF3EBE1EA
:10282000F9F7F4FFFFFFFFFFFFFCFCFBF7F2EDF110
:10283000E6D9E9D6BFD4B081BC8036B77625B77665
:1028400025B77625B77625B77625B77625B77625C9
:10285000B77625B77625B77625B77625B77625B727
:102860007625B77625B77625B77625B77625B77658
:1028700025B77625B77625B77625B77625B7762599
:10288000B77625B77625B77625B77625B77625B7F7
:102890007625B77625B77625B77625B77625B77628
:1028A00025B77625B77625B77625B77625B7762569
:1028B000B77625B77625B67524B67524B67524B6D1
:1028C0007524B67524B67524B67524B67524B67508
:1028D00024B77625B77625B77625B77625B776253A
:1028E000B77625B77625B77625B77625B77625B797
:1028F0007625B77625B77625B77625B77625B776C8
:1029000025B77625B77625B77625B77625B7762508
:10291000B77625B77625B77625B77625B87625B864
:102920007625BB7B2ECC9F67E4CDAFEFE2D1F5EFF0
:10293000E7FAF8F5FFFFFFFFFFFFFEFDFDF6F1EB05
:10294000F0E3D2E6D0B5D0A56FBB7C2EB77524B727
:102950007524B77524B77524B77524B77524B77572
:1029600024B77524B77524B67423B67423B67423BC
:10297000B67423B67423B67423B67423B67423B620
:102980007423B67423B67423B67423B67423B67452
:1029900023B67423B67423B77524B87625B8762584
:1029A000B87625B87625B87625B87625B87625B8D0
:1029B0007625B77524B77524B77524B87828C693DB
:1029C00054DDBF9AEBD9C4F0E4D5F4ECE2F6EFE7BE
:1029D000F5EEE6F0E6DAECDDCAE7D2B8D3AB7ABDC5
:1029E0008138B77524B77524B77524B77524B775C2
:1029F00024B77524B77524B77524B77524B7752423
:102A0000B77524B77524B77524B77524B77524B77F
:102A10007524B77524B77522B77522B77522B775B7
:102A200022B77522B77522B77522B77522B6742101
:102A3000B67421B67421B67421B67421B67421B669
:102A40007421B67421B67421B77522B77522B77593
:102A500022B77522C0863ED6B285E8D4BAEEE0CE63
:102A6000F3EADEF6EFE6F6EFE6F2E9DEEEE0CEE8D8
:102A7000D4BAD6B182BF853BB67421B67421B67480
:102A800021B67421B67421B67421B67421B67421AE
:102A9000B67421B57320B57320B57320B57320B516
:102AA0007320B57320B57320B57320B4721FB47250
:102AB0001FB4721FB4721FB4721FB4721FB4721F9E
:102AC000B4721FB3711EFFFFFFFFFFFFFFFFFFFF89
:102AD000FFFFB67524B67524B67524B67524B67591
:102AE00024B67524B77625B77625B77625B776252B
:102AF000B77625B77625B77625B77625B77625B785
:102B00007625B77625B77625B77625B77625B776B5
:102B100025B77625B77625B77625C49050EAD9C46F
:102B2000FAF7F4FDFCFAFEFDFCFEFEFDFFFEFEFFE3
:102B3000FFFFFFFFFFFFFFFFFFFFFFFFFEFEFEFDAA
:102B4000FDFDFDFCFEFCFBFEFCFAFAF7F3D8B58AAE
:102B5000BA7C2EB77625B77625B77625B77625B712
:102B60007625B77625B77625B77625B77625B77655
:102B700025B77625BA7B2EDCBE98F7F1EAF6F0E8A9
:102B8000F6F0E8F6F0E8F6F0E8F9F6F2C79557B790
:102B90007625B77625B77625B77625B77625B77625
:102BA00025B77625B77625B77625B77625B7762566
:102BB000B77625B77625B77625B77625B77625B7C4
:102BC0007625B77625B77625B77625B77625B776F5
:102BD00025B77625B77625B77625B77625B7762536
:102BE000B77625B77625B77625B77625CB9C62F0E4
:102BF000E4D4F7F2ECF6F0E8F6F0E8F6F0E8F7F2F5
:102C0000EBEFE3D3B77625B77625B77625B77625EC
:102C1000B77625B77625B77625B77625B77625B763
:102C20007625B77625B77625B77625D1A570F1E557
:102C3000D7FAF8F4FCFBF9FEFDFCFEFEFDFFFEFEFC
:102C4000FFFFFFFFFFFFFFFFFFFFFFFFFFFEFEFE97
:102C5000FEFDFEFDFCFDFCFAFAF8F4F8F3EECA996D
:102C60005DB87625B87625B87625B87625B8762568
:102C7000B87625B87625B77524B77524B77524B707
:102C80007524B77524B77524B77524B77524B7753F
:102C900024B77524B77524B77524B77524B7752480
:102CA000B77524B77524B87625B87625B87625B8D3
:102CB0007625B87625B87625B87625B87625B876FF
:102CC00025B77524CDA068F3EBE0FAF7F3FDFCFA25
:102CD000FEFDFCFEFEFDFEFEFDFFFEFEFFFEFEFF16
:102CE000FEFEFFFEFEFEFEFDFEFDFCFEFCFBFBF914
:102CF000F6F9F5F0E1C6A4BD8035B77524B77524A3
:102D0000B77524B77524B77524B77524B77524B77C
:102D10007524B77524B77524B77524B77524B775AE
:102D200024B77524B77522B77522B77522B77522F7
:102D3000B77522B77522B77522B77522B67421B65A
:102D40007421B67421B67421B67421B67421B67498
:102D500021B67421B67421B77522C0863DE5CEB187
:102D6000FBF7F3FDFBF9FEFCFBFEFDFCFEFEFDFFA9
:102D7000FEFEFFFEFEFFFEFEFFFEFEFEFEFDFEFD72
:102D8000FCFEFCFBFEFCFAFBF7F4E2C9AABF853CA3
:102D9000B67421B67421B67421B67421B67421B606
:102DA0007421B57320B57320B57320B57320B57346
:102DB00020B57320B57320B57320B4721FB4721F91
:102DC000B4721FB4721FB4721FB4721FB4721FB4F6
:102DD000721FB4721FFFFFFFFFFFFFFFFFFFFFFF28
:102DE000FFB67524B67524B67524B67524B6752459
:102DF000B67524B77625B77625B77625B77625B785
:102E00007625B77625B77625B77625B77625B776B2
:102E100025B77625B77625B77625B77625B77625F3
:102E2000B77625CA9B61EEE0CFFDFCFAFEFDFCFF04
:102E3000FFFFFFFFFFFFFFFFFFFFFFFFFFFFFFFFA2
:102E4000FFFFFFFFFFFFFFFFFFFFFFFFFFFFFFFF92
:102E5000FFFFFFFFFFFFFFFFFFFFFFFFFDFBF8FE90
:102E6000FEFDDCBC94BA7B2DB77625B77625B77608
:102E700025B77625B77625B77625B77625B7762593
:102E8000B77625B97B2EE1C7A7FFFFFFFFFFFFFF46
:102E9000FFFFFFFFFFFFFFFFFFFFFFC9985CB77653
:102EA00025B77625B77625B77625B77625B7762563
:102EB000B77625B77625B77625B77625B77625B7C1
:102EC0007625B77625B77625B77625B77625B776F2
:102ED00025B77625B77625B77625B77625B7762533
:102EE000B77625B77625B77625B77625B77625B791
:102EF0007625B77625B77625B77625CDA169F7F182
:102F0000E9FFFFFFFFFFFFFFFFFFFFFFFFFFFFFFE7
:102F1000F7F0E8B77625B77625B77625B77625B7E3
:102F20007625B77625B77625B77625B77625B77691
:102F300025B77625D9B88FF6EEE5FDFBF9FFFEFE45
:102F4000FFFFFFFFFFFFFFFFFFFFFFFFFFFFFFFF91
:102F5000FFFFFFFFFFFFFFFFFFFFFFFFFFFFFFFF81
:102F6000FFFFFFFFFFFFFFFFFFFFFFFFFFFCF9F584
:102F7000FDFCFAD4AD7EB97828B87625B87625B8A8
:102F80007625B87625B77524B77524B77524B77537
:102F900024B77524B77524B77524B77524B775247D
:102FA000B77524B77524B77524B77524B77524B7DA
:102FB0007524B77524B87625B87625B87625B87601
:102FC00025B87625B87625B87625B87625D9B78D73
:102FD000F8F4EFFCFAF7FFFEFEFFFFFFFFFFFFFF35
:102FE000FFFFFFFFFFFFFFFFFFFFFFFFFFFFFFFFF1
:102FF000FFFFFFFFFFFFFFFFFFFFFFFFFFFFFFFFE1
:10300000FFFFFFFDFCFAFDFBF9E9D4BBC38D4AB716
:103010007524B77524B77524B77524B77524B775AB
:1030200024B77524B77524B77524B77524B77524EC
:10303000B77524B77522B77522B77522B77522B751
:103040007522B77522B77522B77522B67421B6748A
:1030500021B67421B67421B67421B67421B67421D8
:10306000B67421C69251ECDCC7FEFCF9FDFCFBFFF7
:10307000FFFFFFFFFFFFFFFFFFFFFFFFFFFFFFFF60
:10308000FFFFFFFFFFFFFFFFFFFFFFFFFFFFFFFF50
:10309000FFFFFFFFFFFFFFFFFFFEFCFBFEFCFBE867
:1030A000D3B8C28C48B67421B67421B67421B674F4
:1030B00021B57320B57320B57320B57320B5732087
:1030C000B57320B57320B57320B4721FB4721FB4EA
:1030D000721FB4721FB4721FB4721FB4721FB47225
:1030E0001FB4721FFFFFFFFFFFFFFFFFFFFFFFFF88
:1030F000B67524B67524B67524B67524B67524B68F
:103100007524B77625B77625B77625B77625B776B1
:1031100025B77625B77625B77625B77625B77625F0
:10312000B77625B77625B77726B77625C08843E5E5
:10313000CEB2FCFAF7FEFEFDFFFFFFFFFFFFFFFF31
:10314000FFFFFFFFFFFFFFFFFFFFFFFFFFFFFFFF8F
:10315000FFFFFFFFFFFFFFFFFFFFFFFFFFFFFFFF7F
:10316000FFFFFFFFFFFFFFFFFFFFFFFFFFFFFFFF6F
:10317000FFFEFCF9F7F1E9D9B78DB97A2BB77625BF
:10318000B77726B77625B77625B77625B77625B7EC
:103190007625BA7B2DDAB88EFFFFFFFFFFFFFFFF1A
:1031A000FFFFFFFFFFFFFFFFFFFFD2A975B97A2BDB
:1031B000B77625B77625B77625B77625B77625B7BE
:1031C0007625B77625B77625B77625B77625B776EF
:1031D00025B77625B77625B77625B77625B7762530
:1031E000B77625B87726B87726B87726B87726B881
:1031F0007726B87726B87726B87726B87726B776B1
:1032000025B77625B77625B77625D1AA78FFFFFFB3
:10321000FFFFFFFFFFFFFFFFFFFFFFFFFFFFFFF6C7
:10322000EEE4B77625B77625B77625B77625B77657
:1032300025B77625B77625B77625B77625CA9B5F5D
:10324000EDDECCFCFBF9FFFFFFFFFFFFFFFFFFFF01
:10325000FFFFFFFFFFFFFFFFFFFFFFFFFFFFFFFF7E
:10326000FFFFFFFFFFFFFFFFFFFFFFFFFFFFFFFF6E
:10327000FFFFFFFFFFFFFFFFFFFFFFFFFFFFFFFF5E
:10328000FFFFFCF9F6F5EFE8D0A571BA7827B9771A
:1032900026B87625B87625B87625B87625B8762569
:1032A000B87625B87625B87625B87625B87625B8C7
:1032B0007625B87625B87625B87625B87625B876F9
:1032C00025B87625B87625B87625B87625B876253A
:1032D000B87625B87625D0A46FEFE2D2FCFBF9FFD3
:1032E000FFFFFFFFFFFFFFFFFFFFFFFFFFFFFFFFEE
:1032F000FFFFFFFFFFFFFFFFFFFFFFFFFFFFFFFFDE
:10330000FFFFFFFFFFFFFFFFFFFFFFFFFFFFFFFFCD
:10331000FFFFFFFFFFFFFFFFFEFDFCFAF8F4E1C631
:10332000A6BE833AB77524B77524B77524B775243C
:10333000B77524B77524B77524B77524B77524B746
:103340007524B77522B77522B77522B77522B77580
:1033500022B77522B77522B77522B67421B67421CB
:10336000B67421B67421B67522B67421BE8339E0D5
:10337000C6A6FBF9F6FFFEFDFFFFFFFFFFFFFFFF05
:10338000FFFFFFFFFFFFFFFFFFFFFFFFFFFFFFFF4D
:10339000FFFFFFFFFFFFFFFFFFFFFFFFFFFFFFFF3D
:1033A000FFFFFFFFFFFFFFFFFFFFFFFFFFFFFEFD30
:1033B000FCFAF7F3E1C8A9BD8238B67421B67522CC
:1033C000B57320B57320B57320B57320B57320B5E0
:1033D0007320B57320B57320B4721FB4721FB4721A
:1033E0001FB4721FB4721FB4721FB4721FB4721F65
:1033F000B57320FFFFFFFFFFFFFFFFFFFFFFFFB6DB
:103400007524B67524B67524B67524B67524B675BC
:1034100024B77625B77625B77625B77625B77625EE
:10342000B77625B77625B77625B77625B77625B74B
:103430007625B77726B77625D0A876F4EADEFEFDA6
:10344000FCFFFFFFFFFFFFFFFFFFFFFFFFFFFFFF8F
:10345000FFFFFFFFFFFFFFFFFFFFFFFFFFFFFFFF7C
:10346000FFFFFFFFFFFFFFFFFFFFFFFFFFFFFFFF6C
:10347000FFFFFFFFFFFFFFFFFFFFFFFFFFFFFFFF5C
:10348000FFFFFFFFFFFFFCFAF7EAD8C2C79658B765
:103490007625B77726B77625B77625B77625B7761A
:1034A00025B87929CFA46FFFFFFFFFFFFFFFFFFFC4
:1034B000FFFFFFFFFFFFFFFFFFDDC09BBC8034B7B6
:1034C0007625B77625B77625B77625B77625B776EC
:1034D00025B77625B77625B77625B77625B776252D
:1034E000B77625B77625B77625B77625B77625B78B
:1034F0007625B87726B87726B87726B87726B877AE
:1035000026B87726B87726B87726B87726B77625EF
:10351000B77625B77625B77625D6B284FFFFFFFFAD
:10352000FFFFFFFFFFFFFFFFFFFFFFFFFFFFF1E6D2
:10353000D8B77625B77625B77625B77625B7762519
:10354000B77625B77625B77625DEC2A0F8F2EAFE73
:10355000FEFEFFFFFFFFFFFFFFFFFFFFFFFFFFFF7D
:10356000FFFFFFFFFFFFFFFFFFFFFFFFFFFFFFFF6B
:10357000FFFFFFFFFFFFFFFFFFFFFFFFFFFFFFFF5B
:10358000FFFFFFFFFFFFFFFFFFFFFFFFFFFFFFFF4B
:10359000FFFFFFFFFFFFFFFBF8F4E1C7A5C0843B7F
:1035A000B97726B87726B87625B87625B87625B8BF
:1035B0007625B87625B87625B87625B87625B876F6
:1035C00025B87625B87625B87625B87625B8762537
:1035D000B87625B87625B87625B87625B87625B993
:1035E0007828DFC3A1FAF6F1FFFFFFFFFFFFFFFF1F
:1035F000FFFFFFFFFFFFFFFFFFFFFFFFFFFFFFFFDB
:10360000FFFFFFFFFFFFFFFFFFFFFFFFFFFFFFFFCA
:10361000FFFFFFFFFFFFFFFFFFFFFFFFFFFFFFFFBA
:10362000FFFFFFFFFFFFFFFFFFFFFFFFFFFDFCFAB4
:10363000F3E8DCCD9F68B77524B77524B77524B758
:103640007524B77524B77524B77524B77524B77575
:1036500024B77522B77522B77522B77522B77522C0
:10366000B77522B77522B77522B67421B67421B624
:103670007421B67522B67421CCA067F2E8DAFEFC9C
:10368000FBFFFFFFFFFFFFFFFFFFFFFFFFFFFFFF4E
:10369000FFFFFFFFFFFFFFFFFFFFFFFFFFFFFFFF3A
:1036A000FFFFFFFFFFFFFFFFFFFFFFFFFFFFFFFF2A
:1036B000FFFFFFFFFFFFFFFFFFFFFFFFFFFFFFFF1A
:1036C000FFFFFFFEFDFCF2E7D9CFA56EB67421B572
:1036D0007421B57320B57320B57320B57320B5730D
:1036E00020B57320B57320B4721FB4721FB4721F5B
:1036F000B4721FB4721FB4721FB4721FB4721FB5BC
:103700007320FFFFFFFFFFFFFFFFFFFFFFFFB67507
:1037100024B67524B67524B67524B67524B67524FA
:10372000B77625B77625B77625B77625B77625B748
:103730007625B77625B77625B77625B77625B77679
:1037400025B77625DCBD97FBF9F5FFFFFFFFFFFFEF
:10375000FFFFFFFFFFFFFFFFFFFFFFFFFFFFFFFF79
:10376000FFFFFFFFFFFFFFFFFFFFFFFFFFFFFFFF69
:10377000FFFFFFFFFFFFFFFFFFFFFFFFFFFFFFFF59
:10378000FFFFFFFFFFFFFFFFFFFFFFFFFFFFFFFF49
:10379000FFFFFFFFFFFFFFFFFFFEFEF4ECE1D2ABF8
:1037A0007AB77625B77726B77625B77625B7762503
:1037B000B87828CB9C61FFFFFFFFFFFFFFFFFFFFF3
:1037C000FFFFFFFFFFFFFFFFE9D6BEBF853DB776D6
:1037D00025B77625B77625B77625B77625B776252A
:1037E000B77625B77625B77625B77625B77625B788
:1037F0007625B77625B77625B77625B77625B776B9
:1038000025B87726B87726B87726B87726B87726EA
:10381000B87726B87726B87726B87726B77625B74B
:103820007625B77625B77625D8B58AFFFFFFFFFF47
:10383000FFFFFFFFFFFFFFFFFFFFFDFDFCEBDBC610
:10384000B77625B77625B77625B77625B77625B727
:103850007625B77625E7D3BBFCFAF8FFFFFFFFFF1D
:10386000FFFFFFFFFFFFFFFFFFFFFFFFFFFFFFFF68
:10387000FFFFFFFFFFFFFFFFFFFFFFFFFFFFFFFF58
:10388000FFFFFFFFFFFFFFFFFFFFFFFFFFFFFFFF48
:10389000FFFFFFFFFFFFFFFFFFFFFFFFFFFFFFFF38
:1038A000FFFFFFFFFFFFFFFFFFFDFCFAEFE0CEC7CA
:1038B0009354B87625B87726B87625B87625B876A5
:1038C00025B87625B87625B87625B87625B8762534
:1038D000B87625B87625B87625B87625B87625B891
:1038E0007625B87625B87726B87625C48D49EAD6E8
:1038F000BDFDFCFBFFFFFFFFFFFFFFFFFFFFFFFF23
:10390000FFFFFFFFFFFFFFFFFFFFFFFFFFFFFFFFC7
:10391000FFFFFFFFFFFFFFFFFFFFFFFFFFFFFFFFB7
:10392000FFFFFFFFFFFFFFFFFFFFFFFFFFFFFFFFA7
:10393000FFFFFFFFFFFFFFFFFFFFFFFFFFFFFFFF97
:10394000FFFFFCFAF6D7B284B77524B77524B775B4
:1039500024B77524B77524B77524B77524B77524B3
:10396000B77522B77522B77522B77522B77522B71A
:103970007522B77522B77522B67421B67421B67454
:1039800021B67421D8B589FBF9F5FFFFFFFFFFFFD2
:10399000FFFFFFFFFFFFFFFFFFFFFFFFFFFFFFFF37
:1039A000FFFFFFFFFFFFFFFFFFFFFFFFFFFFFFFF27
:1039B000FFFFFFFFFFFFFFFFFFFFFFFFFFFFFFFF17
:1039C000FFFFFFFFFFFFFFFFFFFFFFFFFFFFFFFF07
:1039D000FFFFFFFFFFFFFFFFFAF6F3D9B992B573C0
:1039E00020B57320B57320B57320B57320B573204F
:1039F000B57320B57320B4721FB4721FB4721FB4B4
:103A0000721FB4721FB4721FB4721FB4721FB573E9
:103A100020FFFFFFFFFFFFFFFFFFFFFFFFB7762540
:103A2000B77625B77625B77625B77625B77625B745
:103A30007625B87726B87726B87726B87726B87768
:103A400026B87726B87726B87726B87726B87726A7
:103A5000DEC09BFCFAF7FFFFFFFFFFFFFFFFFFFF4A
:103A6000FFFFFFFFFFFFFFFFFFFFFFFFFFFFFFFF66
:103A7000FFFFFFFFFFFFFFFFFFFFFFFFFFFFFFFF56
:103A8000FFFFFFFFFFFFFFFFFFFFFFFFFFFFFFFF46
:103A9000FFFFFFFFFFFFFFFFFFFFFFFFFFFFFFFF36
:103AA000FFFFFFFFFFFFFFFFFFFFFFFFFFF5EDE45D
:103AB000D2AA78B87726B87827B87726B87726B804
:103AC0007827C5904EFFFFFFFFFFFFFFFFFFFFFFBF
:103AD000FFFFFFFFFFFFFFF7F2ECC28B47B877262F
:103AE000B87726B87726B87726B87726B87726B875
:103AF0007726B87726B87726B87726B87726B877A6
:103B000026B87726B87726B87726B87726B87726E6
:103B1000B77625B77625B77625B77625B77625B754
:103B20007625B77625B77625B77625B87726B87780
:103B300026B87726BA7A2BDEC09AFFFFFFFFFFFF79
:103B4000FFFFFFFFFFFFFFFFFFFEFDFCEAD8C2B74C
:103B50007625B77625B77625B77625B87726B9794D
:103B600029ECDAC3FFFFFFFFFFFFFFFFFFFFFFFFAF
:103B7000FFFFFFFFFFFFFFFFFFFFFFFFFFFFFFFF55
:103B8000FFFFFFFFFFFFFFFFFFFFFFFFFFFFFFFF45
:103B9000FFFFFFFFFFFFFFFFFFFFFFFFFFFFFFFF35
:103BA000FFFFFFFFFFFFFFFFFFFFFFFFFFFFFFFF25
:103BB000FFFFFFFFFFFFFFFFFFFFFFFFFFFFF1E53D
:103BC000D7CA995CB97726B97827B97726B9772605
:103BD000B97726B97726B97726B97726B97726B97E
:103BE0007726B97726B97726B97726B97726B977B0
:103BF00026B97726B97726C99657EDDDC9FFFFFFAD
:103C0000FFFFFFFFFFFFFFFFFFFFFFFFFFFFFFFFC4
:103C1000FFFFFFFFFFFFFFFFFFFFFFFFFFFFFFFFB4
:103C2000FFFFFFFFFFFFFFFFFFFFFFFFFFFFFFFFA4
:103C3000FFFFFFFFFFFFFFFFFFFFFFFFFFFFFFFF94
:103C4000FFFFFFFFFFFFFFFFFFFFFFFFFFFFFFFF84
:103C5000FFFFFFFFFBF8F4D8B68CB77524B77524C7
:103C6000B77524B77524B77524B77524B77524B70D
:103C70007522B77522B77522B77522B77522B77549
:103C800022B77522B77522B77522B77522B775228C
:103C9000D9B78CFBF8F4FFFFFFFFFFFFFFFFFFFF2B
:103CA000FFFFFFFFFFFFFFFFFFFFFFFFFFFFFFFF24
:103CB000FFFFFFFFFFFFFFFFFFFFFFFFFFFFFFFF14
:103CC000FFFFFFFFFFFFFFFFFFFFFFFFFFFFFFFF04
:103CD000FFFFFFFFFFFFFFFFFFFFFFFFFFFFFFFFF4
:103CE000FFFFFFFFFFFFFFFFFFFFFBF9F5DBBB94CB
:103CF000B67421B67421B67421B67421B67421B697
:103D00007421B67421B57320B57320B57320B573D3
:103D100020B57320B57320B57320B57320B4721F1E
:103D2000FFFFFFFFFFFFFFFFFFFFFFFFB77625B796
:103D30007625B77625B77625B77625B77625B87771
:103D400026B87726B87726B87726B87726B87726A4
:103D5000B87726B87726B87726B87726DDC09CFBDB
:103D6000FAF8FFFFFFFFFFFFFFFFFFFFFFFFFFFF6F
:103D7000FFFFFFFFFFFFFFFFFFFFFFFFFFFFFFFF53
:103D8000FDFDFDE4CCAFDDBF9AD2AA77CB9B5FCA25
:103D90009A5ECC9D63D7B284DFC29EF0E2D2FFFF71
:103DA000FFFFFFFFFFFFFFFFFFFFFFFFFFFFFFFF23
:103DB000FFFFFFFFFFFFFFFFFFFFFFFFFFFFFFF51D
:103DC000ECE2D1A876B87726B87827B87726B87706
:103DD00026BD8136FBFBFAFFFFFFFFFFFFFFFFFF62
:103DE000FFFFFFFFFFFFFFFFFFCA9A5DB87726B80E
:103DF0007726B87726B87726B87726B87726B877A3
:103E000026B87726B87726B87726B87726B87726E3
:103E1000B87726B87726B87726B87726B87726B742
:103E20007625B77625B77625B77625B77625B77682
:103E300025B77625B77625B77625B87726B87726BD
:103E4000B87726CDA068F4EBE0FFFFFFFFFFFFFF90
:103E5000FFFFFFFFFFFFFFFFFAF5F0D3AC7CB77663
:103E600025B77625B77625B77625B87726E9D6BF64
:103E7000FFFFFFFFFFFFFFFFFFFFFFFFFFFFFFFF52
:103E8000FFFFFFFFFFFFFFFFFFFFFFFFFFFFFFFF42
:103E9000FFF7F2EBE4CBACDDBC95D1A56FCA985B24
:103EA000CB9A5ECEA169D8B488E1C6A5F6EEE4FF50
:103EB000FFFFFFFFFFFFFFFFFFFFFFFFFFFFFFFF12
:103EC000FFFFFFFFFFFFFFFFFFFFFFFFFFFFFFFF02
:103ED000F0E3D3CA985BB97726B97827B97726B9C2
:103EE0007726B97726B97726B97726B97726B977AD
:103EF00026B97726B97726B97726B97726B97726EE
:103F0000B97726C99759EEDFCDFFFFFFFFFFFFFF0F
:103F1000FFFFFFFFFFFFFFFFFFFFFFFFFFFFFFFFB1
:103F2000FFFFFFFFFFFFFFFFFFFFFDFDFDE7D2B932
:103F3000DFC29FDDBD96D7B284DAB88FE0C29EE0C3
:103F4000C5A3F3E9DDFFFFFFFFFFFFFFFFFFFFFF5B
:103F5000FFFFFFFFFFFFFFFFFFFFFFFFFFFFFFFF71
:103F6000FFFFFFFFFFFFFBF8F5D9B78DB77524B74B
:103F70007524B77524B77524B77524B77524B7753C
:103F800022B77522B77522B77522B77522B7752289
:103F9000B77522B77522B77522B77522DAB88EFBCE
:103FA000F8F4FFFFFFFFFFFFFFFFFFFFFFFFFFFF33
:103FB000FFFFFFFFFFFFFFFFFFFFFFFFFFFFFFFF11
:103FC000FFFFFFF1E5D5E0C4A1DEC19CD9B88DD9D2
:103FD000B78CDEC19CDFC29FF0E5D6FFFFFFFFFF7D
:103FE000FFFFFFFFFFFFFFFFFFFFFFFFFFFFFFFFE1
:103FF000FFFFFFFFFFFFFFFFFFFFFFFFFBF8F4DB0B
:10400000BB93B77522B77623B77522B77522B775FC
:1040100022B77522B57320B57320B57320B5732010
:10402000B57320B57320B57320B57320B4721FFF2C
:10403000FFFFFFFFFFFFFFFFFFFFFFB77625B7760C
:1040400025B77625B77625B77625B77625B87726AE
:10405000B87726B87726B87726B87726B87726B8FF
:104060007726B87827B87726D9B890FAF8F4FFFF02
:10407000FFFFFFFFFFFFFFFFFFFFFFFFFFFFFFFF50
:10408000FFFFFFFFFFFFFFFFFFF5EDE3D1A976CABA
:104090009B60C0873FBE8237B97828B87726B8774B
:1040A00026B87726BB7C2EBE8339C4904ECC9F6643
:1040B000D7B385FBF8F4FFFFFFFFFFFFFFFFFFFF14
:1040C000FFFFFFFFFFFFFFFFFFFFFFFFFFFFFFFF00
:1040D000FFF3EADECFA46FB87726B87726B8772645
:1040E000BB7C2FF0E4D6FFFFFFFFFFFFFFFFFFFFCA
:1040F000FFFFFFFFFFFFFFFFDBBA92BC8034B87702
:1041000026B87726B87726B87726B87726B87726E0
:10411000B87726B87726B87726B87726B87726B83E
:104120007726B87726B87726B87726B87726B77671
:1041300025B77625B77625B77625B77625B77625C0
:10414000B77625B77625B77625B87726B87827B815
:104150007726D7B387FFFFFFFFFFFFFFFFFFFFFFBC
:10416000FFFFFFFFFFFFFFF6EDE3BA7C2EB77625DA
:10417000B77625B77625B77625E2C9AAFFFFFFFFF8
:10418000FFFFFFFFFFFFFFFFFFFFFFFFFFFFFFFF3F
:10419000FFFFFFFFFFFFFFFFFFFFEAD7BFD0A570C4
:1041A000C99658C1863FBD8034B97726B87625B800
:1041B0007625B87625BB7C2EBF843BC89556CEA10C
:1041C0006ADEC09BFFFFFFFFFFFFFFFFFFFFFFFF58
:1041D000FFFFFFFFFFFFFFFFFFFFFFFFFFFFFFFFEF
:1041E000FFFFE7D2B9C38B46B97726B97726B977EF
:1041F00026B97726B97726B97726B97726B97726EB
:10420000B97726B97726B97726B97726B97726B947
:104210007827EAD8C2FFFFFFFFFFFFFFFFFFFFFF86
:10422000FFFFFFFFFFFFFFFFFFFFFFFFFFFFFFFF9E
:10423000FFFFFFEFE3D5D1A570CA9A5FC18843BEE7
:104240008239BD8034BB7B2DBC7E32BD8138BE82BD
:1042500039C79252CC9E66D6AF80FAF6F2FFFFFFC6
:10426000FFFFFFFFFFFFFFFFFFFFFFFFFFFFFFFF5E
:10427000FFFFFFFFFFFFFFFFF9F5F1D4B083B77534
:1042800024B77625B77524B77524B77524B775227A
:10429000B77522B77522B77522B77522B77522B7E1
:1042A0007522B77623B77522D6B285FAF6F1FFFFED
:1042B000FFFFFFFFFFFFFFFFFFFFFFFFFFFFFFFF0E
:1042C000FFFFFFFFFFFFFFFFFFF9F4EED4AC7ACB57
:1042D0009D63C48F4CBE8237BD8135BB7D2FBA7CB8
:1042E0002EBD8135BD8136C4904DCB9D62D4AC7A54
:1042F000F7F1E9FFFFFFFFFFFFFFFFFFFFFFFFFFFA
:10430000FFFFFFFFFFFFFFFFFFFFFFFFFFFFFAF6CB
:10431000F1D8B68BB77522B77623B77522B7752259
:10432000B77522B57320B57320B57320B57320B56A
:104330007320B57320B57320B57320B4721FFFFFCF
:10434000FFFFFFFFFFFFFFFFFFFFB77625B77625D3
:10435000B77625B77625B77625B77625B87726B808
:104360007726B87726B87726B87726B87726B8772D
:1043700026B87726CFA46DF7F2EBFFFFFFFFFFFF14
:10438000FFFFFFFFFFFFFFFFFFFFFFFFFFFFFFFF3D
:10439000FFFFF5ECE2D7B387C89759B87726B8770F
:1043A00026B87726B87726B87726B87726B877263E
:1043B000B87726B87726B87726B87726B87726BA9A
:1043C0007A2BCA9A5DE4CCAFFCFAF8FFFFFFFFFF3F
:1043D000FFFFFFFFFFFFFFFFFFFFFFFFFFFFFFFFED
:1043E000FFFFFFEEE0CDBF853CB87726B87726BA51
:1043F0007A2BDCBB93FFFFFFFFFFFFFFFFFFFFFFF9
:10440000FFFFFFFFFFFFFFF7F2ECC38D4AB87726EF
:10441000B87726B87726B87726B87726B87726B83B
:104420007726B87726B87726B87726B87726B8776C
:1044300026B87726B87726B87726B87726B87726AD
:10444000B87726B87726B87726B87726B87726B80B
:104450007726B87726B87726B87726B87726C28A1F
:1044600045E9D5BCFFFFFFFFFFFFFFFFFFFFFFFF99
:10447000FFFFFFFFFFFFF3EBE2B87726B87726B820
:104480007726B87726D3AC7BFDFDFCFFFFFFFFFF4F
:10449000FFFFFFFFFFFFFFFFFFFFFFFFFFFFFFFF2C
:1044A000FFFFFFECDAC5D2A977C38B47B97726B9EE
:1044B0007726B97726B97726B97726B87625B876DC
:1044C00025B87625B87625B87625B87625B8762528
:1044D000BE8136CFA26AF0E1CFFFFFFFFFFFFFFFF3
:1044E000FFFFFFFFFFFFFFFFFFFFFFFFFFFFFFFFDC
:1044F000FFFDFCFBDDBD95B97726B97726B9772698
:10450000B97726B97726B97726B97726B97726B944
:104510007726B97726B97726B97726B97726E2C7FD
:10452000A6FDFCFBFFFFFFFFFFFFFFFFFFFFFFFFFD
:10453000FFFFFFFFFEFEFFFFFFFFFFFFECDCC8D029
:10454000A56FC69353B87625B87625B87625B87684
:1045500025B87625B87625B87625B87625B8762597
:10456000B87625B87625B97828CB9C61D7B387F87B
:10457000F2EBFFFFFFFFFFFFFFFFFFFFFFFFFFFF6C
:10458000FFFFFFFFFFFFFFFFFFFFF7F1E9D1A87675
:10459000B77524B77524B77524B77524B77522B7D6
:1045A0007522B77522B77522B77522B77522B77510
:1045B00022B77522CDA169F5EEE5FFFFFFFFFFFFF2
:1045C000FFFFFFFFFFFFFFFFFFFFFFFFFFFFFFFFFB
:1045D000FFFFF7F0E8D7B386C9995CB87623B775C3
:1045E00022B77522B77522B77522B77522B7752223
:1045F000B77522B77522B77522B77522B77522C96C
:104600009759DAB88DF6EFE6FFFFFFFFFFFFFFFFD8
:10461000FFFFFFFFFFFFFFFFFFFFFFFFFFFFFFFFAA
:10462000F7F0E7CB9C60B77522B77522B77522B754
:104630007522B67421B67421B67421B67421B6748D
:1046400021B67421B67421B67421B57320FFFFFF23
:10465000FFFFFFFFFFFFFFFFFFB77625B77625B708
:104660007625B77625B77625B77625B87726B87735
:1046700026B87726B87726B87726B87726B877266B
:10468000BB7D2FEEE1D0FFFFFFFFFFFFFFFFFFFF2E
:10469000FFFFFFFFFFFFFFFFFFFFFFFFFFFFEBDA63
:1046A000C6C9995CB87827B87726B87726B8772630
:1046B000B87726B87726B87726B87726B87726B899
:1046C0007726B87726B87726B87726B87726B877CA
:1046D00026B87726BE843BD2AC7CF5EDE3FFFFFF26
:1046E000FFFFFFFFFFFFFFFFFFFFFFFFFFFFFFFFDA
:1046F000FFFFFDFBF9E1C7A5B87726B87726B878A4
:1047000027C38B46FDFDFDFFFFFFFFFFFFFFFFFF00
:10471000FFFFFFFFFFFFFFFFFFDCBD96BC8034B84B
:104720007726B87726B87726B87726B87726B87769
:1047300026B87726B87726B87726B87726B87726AA
:10474000B87726B87726B87726B87726B87726B808
:104750007726B87726B87726B87726B87726B87739
:1047600026B87726B87726B87726B87726D6B285C2
:10477000FCFAF8FFFFFFFFFFFFFFFFFFFFFFFFFF58
:10478000FFFFFCF9F6DEC3A1B87726B87726B87725
:1047900026BE833AF7F0E7FFFFFFFFFFFFFFFFFFB3
:1047A000FFFFFFFFFFFFFFFFFFFFFFFFFDFDFCE13E
:1047B000C7A6C48C48B97726B97726B97726B977C2
:1047C00026B97726B97726B97726B87625B876251B
:1047D000B87625B87625B87625B87625B87625B882
:1047E0007625B97726C79252DBBA91FBF8F5FFFF21
:1047F000FFFFFFFFFFFFFFFFFFFFFFFFFFFFFFFFC9
:10480000FFFFFFF9F4EDD4AC7AB97726B97827B970
:104810007726B97726B97726B97726B97726B97773
:1048200026B97726B97726B97726D3AA78FCFAF87D
:10483000FFFFFFFFFFFFFFFFFFFFFFFFFFFFFFFF88
:10484000FEFEFFFFFFFBF7F2E1C6A4C38D4AB87678
:1048500025B87625B87625B87625B87625B8762594
:10486000B87625B87625B87625B87625B87625B8F1
:104870007625B87625B87625B87625B97727CB9CE6
:1048800062EEDFCCFFFFFFFFFFFFFFFFFFFFFFFF39
:10489000FFFFFFFFFFFFFFFFFFFFFFFFEEE0D0BCCA
:1048A0008037B77524B77524B77524B77522B775E7
:1048B00022B77522B77522B77522B77522B7752250
:1048C000BA7B2CEDDDC9FFFFFFFFFFFFFFFFFFFFFE
:1048D000FFFFFFFFFFFFFFFFFFFFFFFFFFFFEDDE1B
:1048E000CBCB9B60B87624B77522B77522B77522FB
:1048F000B77522B77522B77522B77522B77522B77B
:104900007522B77522B77522B77522B77522B775AC
:1049100022B97827CA9A5FEDDECAFFFFFFFFFFFFCB
:10492000FFFFFFFFFFFFFFFFFFFFFFFFFFFFFFFE98
:10493000FEFEEBDBC7B77725B77522B77522B775D3
:1049400022B67421B67421B67421B67421B67421CE
:10495000B67421B67421B67421B57320FFFFFFFF32
:10496000FFFFFFFFFFFFFFFFB77625B77625B7767E
:1049700025B77625B77625B77625B87726B8772672
:10498000B87726B87726B87726B87726B87726DBA3
:10499000BC95FBF9F6FFFFFFFFFFFFFFFFFFFFFFE7
:1049A000FFFFFFFFFFFFFFFFFFFFE7D3B9C28B470A
:1049B000B87726B87726B87726B87726B87726B896
:1049C0007726B87726B87726B87726B87726B877C7
:1049D00026B87726B87726B87726B87726B8772608
:1049E000B87827B77625B77625CB9D64F1E5D7FF54
:1049F000FFFFFFFFFFFFFFFFFFFFFFFFFFFFFFFFC7
:104A0000FFFFFFFFF8F3EDCD9E65B87726B8772658
:104A1000B97929F6EFE7FFFFFFFFFFFFFFFFFFFF79
:104A2000FFFFFFFFFFFFFFFFFBF7F2CA995CB877BC
:104A300026B87726B87726B87726B87726B87726A7
:104A4000B87726B87726B87726B87726B87726B805
:104A50007726B87726B87726B87726B87726B87736
:104A600026B87726B87726B87726B87726B8772677
:104A7000B87726B87726B87726C69353EEDFCDFFF2
:104A8000FFFFFFFFFFFFFFFFFFFFFFFFFFFFFFFF36
:104A9000FFF4EBE1C08740B87726B87726B87726D1
:104AA000E6D0B6FFFFFFFFFFFFFFFFFFFFFFFFFFA7
:104AB000FFFFFFFFFFFFFFFFFBF9F6DDBF9ABC80A2
:104AC00034B97726B97726B97726B97726B9772604
:104AD000B97726B97726B97726B87625B87625B876
:104AE0007625B87625B87625B87625B87625B876B1
:104AF00025B97726B97726BB7B2CD4AC7BFAF7F2A5
:104B0000FFFFFFFFFFFFFFFFFFFFFFFFFFFFFFFFB5
:104B1000FEFEFFFFFFF2E5D6C58F4DB97726B977C8
:104B200026B97726B97726B97726B97726B97726B1
:104B3000B97726B97726BB7C2EF4EADFFFFFFFFFAB
:104B4000FFFFFFFFFFFFFFFFFFFFFFFFFEFEFFFF77
:104B5000FFF4EBE0D7B284BD8034B87625B8762573
:104B6000B87625B87625B87625B87625B87625B8EE
:104B70007625B87625B87625B87625B87625B87620
:104B800025B87625B87625B87625B87625B8762561
:104B9000C48E4CE9D5BCFFFEFEFFFFFFFFFFFFFF09
:104BA000FFFFFFFFFFFFFFFFFFFFFFFBF8F4DCBE8F
:104BB00099B77524B77524B77524B77522B77522D0
:104BC000B77522B77522B77522B77522B77522D887
:104BD000B78EFAF7F3FFFFFFFFFFFFFFFFFFFFFFB7
:104BE000FFFFFFFFFFFFFFFEFEFEE9D5BCC38D49BF
:104BF000B77522B77522B77522B77522B77522B778
:104C00007522B77522B77522B77522B77522B775A9
:104C100022B77522B77522B77522B77522B77522EC
:104C2000B77522B77522C28C47E7D3B9FFFFFFFFE4
:104C3000FFFFFFFFFFFFFFFFFFFFFFFFFFFFFFFF84
:104C4000FFFBF9F5D7B58AB77522B77522B775227C
:104C5000B67421B67421B67421B67421B67421B627
:104C60007421B67421B77522B67421FFFFFFFFFFD0
:104C7000FFFFFFFFFFFFFFB77625B77625B7762545
:104C8000B77625B77625B77625B87726B87726B8CC
:104C90007726B87726B87726B87726BA7A2BF6F033
:104CA000E7FFFFFFFFFFFFFFFFFFFFFFFFFFFFFF2C
:104CB000FFFFFFFFFFFFE7D3BBC18943B87726B8EB
:104CC0007726B87726B87726B87726B87726B877C4
:104CD00026B87726B87726B87726B87726B8772605
:104CE000B87726B87726B87726B87726B87726B863
:104CF0007726B77625B77625B77625C9995DF1E68B
:104D0000D8FFFFFFFFFFFFFFFFFFFFFFFFFFFFFFDA
:104D1000FFFFFFFFFEFEEBDBC7B87726B87726B9AB
:104D20007828D1A976FFFFFFFFFFFFFFFFFFFFFFFE
:104D3000FFFFFFFFFFFFFFFFFFFFECDAC3C188416A
:104D4000B87726B87827B87726B87726B87726B800
:104D50007726B87726B87726B87726B87726B87733
:104D600026B87726B87726B87726B97827B978276E
:104D7000B97827B97827B97827B97827B97827B9C2
:104D80007827B97827BA7A2AE2C8A7FFFFFFFFFF82
:104D9000FFFFFFFFFFFFFFFFFFFFFFFFFFFEFEFD27
:104DA000E7D3BAB97827B97827BA7A2ACC9C61FFB9
:104DB000FFFFFFFFFFFFFFFFFFFFFFFFFFFFFFFF03
:104DC000FFFFFFFFFFFFFFDDC09ABC7E31B87726F3
:104DD000B97827B97726B97726B97726B97726B96A
:104DE0007726B97726B97726B87625B87625B876A6
:104DF00025B87625B87625B87625B87625B87625EF
:104E0000B97726B97726B97726B97726D2A874FA62
:104E1000F4EEFFFFFFFFFEFEFFFFFFFFFFFFFFFFC0
:104E2000FFFFFFFFFDFDFCE1C7A5B97726B9772697
:104E3000B97726B97726B97726B97726B97726B90B
:104E40007726B97726E0C4A1FEFDFCFFFFFFFFFF38
:104E5000FFFFFFFFFFFFFFFFFFFFFFFFFFF7F1EA8D
:104E6000D5AE7EBA7828B87625B87726B87625B834
:104E70007625B87625B87625B87625B87625B8761D
:104E800025B87625B87625B87625B87625B876255E
:104E9000B87625B87625B87625B87625B87625B8BB
:104EA0007625C38B47E8D3B9FEFDFCFFFFFFFFFF6C
:104EB000FFFFFFFFFFFFFFFFFFFFFFFFFFF4ECE13E
:104EC000C48D49B77524B77524B77522B77522B755
:104ED0007522B77522B77522B77522BA7A2BF3E817
:104EE000DBFFFFFFFFFFFFFFFFFFFFFFFFFFFFFFF6
:104EF000FFFFFFFFFFFFEAD7C0C18943B77522B7A5
:104F00007522B77522B77522B77522B77522B775A6
:104F100022B77522B77522B77522B77522B77522E9
:104F2000B77522B77522B77522B77522B77522B744
:104F30007522B77522B77522C0873FE8D4BAFFFF44
:104F4000FFFFFFFFFFFFFFFFFFFFFFFFFFFFFFFF71
:104F5000FFFFFFF4ECE2B97928B77522B77522B7E5
:104F60007522B77522B77522B77522B77522B77546
:104F700022B77522B77522B67421FFFFFFFFFFFF2E
:104F8000FFFFFFFFFFFFB77625B77625B77625B77A
:104F90007625B77625B77625B87726B87726B877F9
:104FA00026B87726B87726B87726DEC09AFEFCF9B1
:104FB000FFFFFFFFFFFFFFFFFFFFFFFFFFFFFFFF01
:104FC000FFFFEBDBC7C38D4AB87726B87827B877E1
:104FD00026B87726B87726B87726B87726B8772602
:104FE000B87726B87726B87726B87726B87726B860
:104FF0007726B87726B87726B87726B87726B87791
:1050000026B77625B77625B77625B77625D0A5704D
:10501000F7F0E7FFFFFFFFFFFFFFFFFFFFFFFFFFCF
:10502000FFFFFFFFFFF9F7F4C48F4CB87726B8777E
:1050300026B87726F8F2EBFFFFFFFFFFFFFFFFFF29
:10504000FFFFFFFFFFFFFFFFFFFFFFFFE3CAABBE56
:105050008238B87726B87827B87726B87726B87711
:1050600026B87726B87726B87726B87726B8772671
:10507000B87726B87726B87726B97827B97827B9C8
:105080007827B97827B97827B97827B97827B978F0
:1050900027B97827D6B080F8F2EAFFFFFFFFFFFFBD
:1050A000FFFFFFFFFFFFFFFFFFFFFFFFF6EFE5CD75
:1050B0009F66B97827B97827BB7D2FEDDECAFFFF41
:1050C000FFFFFFFFFFFFFFFFFFFFFFFFFFFFFEFEF2
:1050D000FFFFFFE3CBAEBD8034B87726B87726B9A3
:1050E0007726B97726B97726B97726B97726B9779B
:1050F00026B97726B97726B87625B87625B87625E5
:10510000B87625B87625B87625B87625B87625B947
:105110007726B97726B97726B97726B97726D9B50C
:1051200089FBF6F1FFFFFFFFFFFFFFFFFFFFFFFF20
:10513000FFFFFFFFFFFFEFE1D1BF8339B97726B94A
:105140007726B97726B97726B97726B97726B9773A
:1051500026BC7C2FFFFFFFFFFFFFFFFFFFFFFFFFCE
:10516000FFFFFFFFFFFFFFFFFFFDFBF9DAB88FBC7A
:105170007D2FB97726B87625B87625B87625B87606
:1051800025B87625B87625B87625B87625B876255B
:10519000B87625B87625B87625B87625B87625B8B8
:1051A0007625B87625B87625B87625B87625B877E9
:1051B00026B87625C38B47ECDBC6FFFFFFFFFFFF5A
:1051C000FFFFFFFFFFFFFFFFFFFFFFFFFEFDFDDE15
:1051D000C09CB77524B77524B77522B77522B7750B
:1051E00022B77522B77522B77522DBBA92FCF9F5A2
:1051F000FFFFFFFFFFFFFFFFFFFFFFFFFFFFFFFFBF
:10520000FFFFEDDDC9C58F4CB77522B77623B775A3
:1052100022B77522B77522B77522B77522B77522E6
:10522000B77522B77522B77522B77522B77522B741
:105230007522B77522B77522B77522B77522B77573
:1052400022B77522B77623B77522C38C47EBDBC62E
:10525000FFFFFFFFFFFFFFFFFFFFFFFFFFFFFFFF5E
:10526000FFFFFDFBF9DCBD95B77522B77522B77559
:1052700022B77522B77522B77522B77522B7752286
:10528000B77522B77522B67421FFFFFFFFFFFFFF3E
:10529000FFFFFFFFFFB77625B77625B77625B776F0
:1052A00025B77625B77625B87726B87726B8772636
:1052B000B87726B87726B87726FEFDFCFFFFFFFFFC
:1052C000FFFFFFFFFFFFFFFFFFFFFFFFFFFFF4EC0C
:1052D000E2CA9A5FB87726B87827B87726B87726D3
:1052E000B87726B87726B87726B87726B87726B85D
:1052F0007726B87726B87726B87726B87726B8778E
:1053000026B87726B87726B87726B87726B87726CE
:10531000B77625B77625B77625B77625B97A2ADC0C
:10532000BC95FFFFFFFFFFFFFFFFFFFFFFFFFFFF3A
:10533000FFEFE1CFDDC09BCA9B61B87726B8772627
:10534000B87726D6B286FEFEFEFFFFFFFFFFFFFF07
:10535000FFFFFFFFFFFFFFFFFFFFFFFFFFFFE2C8B1
:10536000A8BE8239B97726B97726B97726B97726C4
:10537000B97726B97726B97726B97726B97726B9C6
:105380007726B97726B97726B97827BA7827BA78F1
:1053900027BA7827BA7827BA7928BA7827BE7F3211
:1053A000D3AB79F7F0E7FFFFFFFFFEFEFFFFFFFF44
:1053B000FFFFFFFFFFFFFFFFFEFDFCE5CEB2B97868
:1053C00027B97827B97928C69150FFFFFFFFFFFF63
:1053D000FFFFFFFFFFFFFFFFFFFFFFFFFFFFFFEDEF
:1053E000DECBBF8238B97726B97827B97726B97767
:1053F00026B97726B97726B97726B97726B97726D9
:10540000B97726B97726B87625B87625B87625B83F
:105410007625B87625B87625B87625B87625B97775
:1054200026B97726B97726B97726B97726BA7828A4
:10543000E6D0B4FFFFFFFFFFFFFFFFFFFFFFFFFD11
:10544000FBF9ECDAC5D8B387C28841B97726B977BA
:1054500026B97726B97726B97726B97726B8772679
:10546000D8B68CFEFCFBFFFFFFFFFFFFFFFFFFFF37
:10547000FFFFFFFEFEFFFFFFE4CBACBF8339B97730
:1054800026B97827B87625B87625B87625B8762552
:10549000B87625B87625B87625B87625B87625B8B5
:1054A0007625B87625B87625B87625B87625B876E7
:1054B00025B87625B87625B87625B87625B8762528
:1054C000B87726B87625CC9D63F3EADEFFFFFFFFB1
:1054D000FFFFFFFFFFFFFFFFF2E7DAE1C7A6D2A958
:1054E00077B87625B87625B77523B77523B77523B2
:1054F000B77523B77523B77523F6F0E8FFFFFFFFF5
:10550000FFFFFFFFFFFFFFFFFFFFFFFFFFFFF2E8CF
:10551000DCC9995EB77523B77624B77522B77522B3
:10552000B77522B77522B77522B77522B77522B73E
:105530007522B77522B77522B77522B77522B77570
:1055400022B77522B77522B77522B77522B77522B3
:10555000B77522B77522B77623B77522CA995BF45F
:10556000EBE0FFFFFFFFFFFFFFFFFFFFFFFFFFFF7E
:10557000FFFFFFFFFCFAF8B77523B77522B7752256
:10558000B77522B77522B77522B77522B77522B7DE
:105590007522B77522B77522FFFFFFFFFFFFFFFFE0
:1055A000FFFFFFFFB87726B87726B87726B87726AB
:1055B000B87726B87726B87726B87726B87726B88A
:1055C0007726B87726D1A976FCFAF6FFFFFFFFFF12
:1055D000FFFFFFFFFFFFFFFFFFFFFFFFFFD9B88FB8
:1055E000B97929B87726B87726B87726B87726B854
:1055F0007726B87726B87726B87726B87726B8778B
:1056000026B87726B87726B87726B87726B87726CB
:10561000B87726B87726B87726B87726B87726B829
:105620007726B87726B87726B87726B87726C48E37
:105630004BEBDAC5FFFFFFFFFFFFF2E5D5E0C5A3A7
:10564000C79455B97827B97827B97827B97827B991
:105650007827B97827ECDDCAFFFFFFFFFFFFFFFFC8
:10566000FFFFFFFFFFFFFFFFFFFFFFFFFFFFFFFF4A
:10567000E3CBADC38B46BA7827BA7827BA7827BA76
:105680007827BA7827BA7827BA7827BA7827BA78E5
:1056900027BA7827BA7827BB7928BB7928BB79281D
:1056A000BB7928BB7928BB7928C48B45DCBB92F930
:1056B000F6F1FFFFFFFFFEFEFFFFFFFFFFFFFFFF13
:1056C000FFFFFFFFFFFFFFF4EBE0C99657BA782713
:1056D000BA7827BE7F32E0C4A2FFFFFFFFFFFFFFC3
:1056E000FFFFFFFFFFFFFFFFFFFFFFFDFDFCC89275
:1056F00051BA7827BA7827BA7827B97827B87726A1
:10570000B87726B87726B87726B87726B87726B838
:105710007726B87726B87726B87726B87726B87769
:1057200026B87726B87726B87726B87726BA7827A6
:10573000BA7827BA7827BA7827BA7827BA7827CDDF
:105740009F66F4EADDFFFFFFFBF9F6EFE0CEDCBC7D
:1057500095C38A44BA7827BA7827BA7827BA7827BF
:10576000BA7827BA7827BA7827BA7827BA7827FA82
:10577000F7F4FFFFFFFFFFFFFFFFFFFFFFFFFFFF4C
:10578000FFFFFFFFF2E7D9C58F4DBA7827BA792816
:10579000BA7827B97726B97726B97726B97726B99F
:1057A0007726B97726B97726B97726B97726B977D4
:1057B00026B97726B97726B97726B97726B9772615
:1057C000B97726B97726B97726B97726B97726B972
:1057D0007726B97726B97726D9B78EFFFFFFFFFF67
:1057E000FFF6EEE4E4CAAACD9E65B97726B977261E
:1057F000B97827B97726B87625B87625B87625B84A
:105800007625B87625D1A673FAF6F0FFFFFFFFFFE5
:10581000FFFFFFFFFFFFFFFFFFFFFFFFFFDAB88E75
:10582000B87625B87625B87624B87623B87623B826
:105830007623B87623B87623B87623B87623B8765D
:1058400023B87623B87623B87623B87623B87623A0
:10585000B87623B87623B87623B77522B77522B702
:105860007522B77522B77522B77522B77623D8B5DA
:105870008AFFFFFFFFFFFFFFFFFFFFFFFFFFFFFFAD
:10588000FFFFFFFDFAF6CEA169B77522B77522B703
:105890007522B77522B77522B77522B77522B7750D
:1058A00022B77522B87623FFFFFFFFFFFFFFFFFF40
:1058B000FFFFFFB87726B87726B87726B87726B8DF
:1058C0007726B87726B87726B87726B87726B877B8
:1058D00026B87726F8F4EFFFFFFFFFFFFFFFFFFF7B
:1058E000FFFFFFFFFFFFFFFFFFF1E6D9C69455B8AA
:1058F0007726B87726B87726B87726B87726B87788
:1059000026B87726B87726B87726B87726B87726C8
:10591000B87726B87726B87726B87726B87726B826
:105920007726B87726B87726B87726B87726B87757
:1059300026B87726B87726B87726B87827B8772696
:10594000CFA36DF5EEE4E1C7A6C89556B97827B99F
:105950007827B97827B97827B97827B97827B97817
:1059600027B97827C99657F9F3ECFFFFFFFFFFFF30
:10597000FFFFFFFFFFFFFFFFFFFFFFFFFFFFFFFF37
:10598000FFFFEDDDCAD0A26BC0843ABA7827BA789F
:1059900027BA7827BA7827BA7827BA7827BA782723
:1059A000BA7827BA7827BB7928BB7928BB7928BB76
:1059B0007928BC7B2BCB985AEBD7BFFFFFFFFFFFAB
:1059C000FFFFFFFFFFFFFFFFFFFFFFFFFFFFFFFFE7
:1059D000FFFFFFFAF7F3D9B58ABA7827BA7928BA60
:1059E0007827C0853DF9F5F0FFFFFFFFFFFFFFFFC0
:1059F000FFFFFFFFFFFFFFFFFFFFE5CDB0BE8237D8
:105A0000BA7827BA7827BA7827B97827B87726B826
:105A10007726B87726B87726B87726B87726B87766
:105A200026B87726B87726B87726B87726B87726A7
:105A3000B87726B87726B87726B87726B97827BA00
:105A40007827BA7827BA7827BA7827BA7827BA7821
:105A500027E0C39FF3E8DADCBC95C38943BA782713
:105A6000BA7827BA7827BA7827BA7827BA7827BABF
:105A70007827BA7827BA7827BA7928C89352FDFCD4
:105A8000FBFFFFFFFFFFFFFFFFFFFFFFFFFFFFFF2A
:105A9000FFFFFFD0A36CBA7827BA7827BA7827BA65
:105AA0007827B97726B97726B97726B97726B977CF
:105AB00026B97726B97726B97726B97726B9772612
:105AC000B97726B97726B97726B97726B97726B96F
:105AD0007726B97726B97726B97726B97726B977A1
:105AE00026B97726B97726C89557E5CDB1E8D3B959
:105AF000D0A570B97726B97726B97726B97726B9B0
:105B00007726B97726B87625B87625B87625B8767B
:105B100025B87625FAF6F2FFFFFFFFFFFFFFFFFF34
:105B2000FFFFFFFFFFFFFFFFFFEEDECCC69353B882
:105B30007625B87625B87624B87623B87623B87655
:105B400023B87623B87623B87623B87623B876239D
:105B5000B87623B87623B87623B87623B87623B8F8
:105B60007623B87623B87623B77522B77522B77532
:105B700022B77522B77522B77522B77522C6925221
:105B8000F1E5D6FFFFFFFFFFFFFFFFFFFFFFFFFF76
:105B9000FFFFFFFFFFF6F1EBB77522B77522B77570
:105BA00022B77522B77522B77522B77522B775224D
:105BB000B77522B87623FFFFFFFFFFFFFFFFFFFF50
:105BC000FFFFB87726B87726B87726B87726B87754
:105BD00026B87726B87726B87726B87726B87726F6
:105BE000BA7B2CFAF7F4FFFFFFFFFFFFFFFFFFFF79
:105BF000FFFFFFFFFFFFFFFFCEA26AB87726B8774F
:105C000026B87726B87726B87726B87726B87726C5
:105C1000B87726B87726B87726B87726B87726B823
:105C20007726B87726B87726B87726B87726B87754
:105C300026B87726B87726B87726B87726B8772695
:105C4000B87726B87726B87726B87726B87726C1EA
:105C50008944C5904FB97827B97827B97827B9789A
:105C600027B97827B97827B97827B97827B9782755
:105C7000B97827B97827DBBB92FCFAF8FFFFFFFF62
:105C8000FFFFFFFFFFFFFFFFFFFFFFFFFFFFFFFF24
:105C9000FFFFFFFFFEFDFCE2C8A8C99656C48C4674
:105CA000BC7D2FBA7827BA7827BA7827BA7827BA6E
:105CB0007827BA7827BB7928BC7B2BC1853BCA984B
:105CC0005AD4AB79FDFBF9FFFFFFFFFFFFFFFFFF9A
:105CD000FFFFFFFFFFFFFFFFFFFFFFFFFFFFFFFDD6
:105CE000FCFBDEC09ABA7827BA7827BA7827BA7848
:105CF00027C6904EFFFFFFFFFFFFFFFFFFFFFFFFE5
:105D0000FFFFFFFFFFFFFFFFFFC89454BA7827BAD9
:105D10007827BA7827BA7827B97827B87726B87756
:105D200026B87726B87726B87726B87726B87726A4
:105D3000B87726B87726B87726B87726B87726B802
:105D40007726B87726B87726B87726B97827BA782D
:105D500027BA7827BA7827BA7827BA7827BA78275F
:105D6000CB995CC38942BA7827BA7827BA7827BA20
:105D70007827BA7827BA7827BA7827BA7827BA78EE
:105D800027BA7827BA7827BB7B2BE8D3B9FFFEFE6A
:105D9000FFFFFFFFFFFFFFFFFFFFFFFFFFFFFFF31F
:105DA000EBE1C79251BA7827BA7827BA7827BA7840
:105DB00027B97726B97726B97726B97726B977260E
:105DC000B97726B97726B97726B97726B97726B96C
:105DD0007726B97726B97726B97726B97726B9779E
:105DE00026B97726B97726B97726B97726B97726DF
:105DF000B97726B97827B97726B97726B97726B93A
:105E00007726B97726B97726B97726B97726B9776D
:105E100026B97726B87625B87625B87625B87625BA
:105E2000B87726FAF5EEFFFFFFFFFFFFFFFFFFFF4A
:105E3000FFFFFFFFFFFFFFFFD1A773B87625B877FD
:105E400026B87625B87624B87623B87623B8762394
:105E5000B87623B87623B87623B87623B87623B8F5
:105E60007623B87623B87623B87623B87623B87627
:105E700023B87623B87623B77522B77522B7752273
:105E8000B77522B77522B77522B67522B77522CCC1
:105E90009E64FFFFFFFFFFFFFFFFFFFFFFFFFFFF0E
:105EA000FFFFFFFFFAF7F3B97927B77522B775221D
:105EB000B77522B77522B77522B77522B77522B7A5
:105EC0007522B87623FFFFFFFFFFFFFFFFFFFFFFF5
:105ED000FFB87726B87726B87726B87726B877261A
:105EE000B87726B87726B87726B87726B87726CC3D
:105EF0009D62FEFCFAFFFFFFFFFFFFFFFFFFFFFFBA
:105F0000FFFFFFFFFBF8F5CB9B60B87726B877263D
:105F1000B87726B87726B87726B87726B87726B820
:105F20007726B87726B87726B87726B87726B87751
:105F300026B87726B87726B87726B87726B8772692
:105F4000B87726B87726B87726B87726B87726B8F0
:105F50007726B87726B87726B87726B87726B87721
:105F600026B97827B97928B97827B97827B9782751
:105F7000B97827B97827B97827B97827B97827B9B0
:105F80007827B97827B97827E5CEB1FDFDFCFFFF6A
:105F9000FFFFFFFFFFFFFFFFFFFFFFFFFFFFFFFF11
:105FA000FFFFFFFFFFFFFFFFFFFFFFFFEDDCC8D696
:105FB000AF80C99555C89352C68F4BC48C47C68FC6
:105FC0004BC79150C99555D3A873E2C6A3FFFFFFF5
:105FD000FFFFFFFFFFFFFFFFFFFFFFFFFFFFFFFFD1
:105FE000FFFFFFFFFFFFFFFFFFFFFFFFFFFFE6CF0A
:105FF000B3C0843ABA7827BA7827BA7827BC7C2D00
:10600000D2A874FFFFFFFFFFFFFFFFFFFFFFFFFFAF
:10601000FFFFFFFFFFF1E6D8BF8339BA7827BA78D0
:1060200027BA7827BA7827B97827B87726B8772695
:10603000B87726B87726B87726B87726B87726B8FF
:106040007726B87726B87726B87726B87726B87730
:1060500026B87726B87726B87726B97827BA78276A
:10606000BA7827BA7827BA7827BA7827BA7928BAB7
:106070007827BA7827BA7928BA7827BA7827BA78E9
:1060800027BA7827BA7827BA7827BA7827BA78272C
:10609000BA7827BA7827BC7C2DF6EFE6FFFFFFFF22
:1060A000FFFFFFFFFFFFFFFFFFFFFFFFFFFFD7B275
:1060B00083BC7D2FBA7827BA7827BA7827BA782791
:1060C000B97726B97726B97726B97726B97726B969
:1060D0007726B97726B97726B97726B97726B9779B
:1060E00026B97726B97726B97726B97726B97726DC
:1060F000B97726B97726B97726B97726B97726B939
:106100007726B97726B97726B97726B97726B9776A
:1061100026B97726B97726B97726B97726B97726AB
:10612000B97726B87625B87625B87625B87625CC01
:106130009D63FBF7F3FFFFFFFFFFFFFFFFFFFFFF85
:10614000FFFFFFFFF4ECE2CA9A60B87625B8762527
:10615000B87625B87624B87623B87623B87623B8EF
:106160007623B87623B87623B87623B87623B87624
:1061700023B87623B87623B87623B87623B8762367
:10618000B87623B87623B77522B77522B77522B7CC
:106190007522B77522B77522B77522B77522C897D1
:1061A00059F8F3EDFFFFFFFFFFFFFFFFFFFFFFFFCA
:1061B000FFFFFFFDFBF9C89657B77522B77522B7E9
:1061C0007522B77522B77522B77522B77522B775D4
:1061D00022B87623FFFFFFFFFFFFFFFFFFFFFFFF58
:1061E000B87726B87726B87726B87726B87726B84E
:1061F0007726B87726B87726B87726B87726E2CA02
:10620000ABFEFDFCFFFFFFFFFFFFFFFFFFFFFFFFF8
:10621000FFFFFFDCBD95BC7E32B87726B87726B885
:106220007726B87726B87726B87726B87726B8774E
:1062300026B87726B87726B87726B87726B877268F
:10624000B87726B87726B87726B87726B87726B8ED
:106250007726B87726B87726B87726B87726B8771E
:1062600026B87726B87726B87726B87726B877265F
:10627000B97827B97827B97827B97827B97827B9AD
:106280007827B97827B97827B97827B97827B978DE
:1062900027B97827B97827B97827E5D1B7FEFEFD69
:1062A000FFFFFFFFFFFFFFFFFFFFFFFFFFFFFFFFFE
:1062B000FFFFFFFFFFFFFFFFFFFFFFFFFFFFFFFFEE
:1062C000FFFFFFFFFFFFFFF6EFE7F2E7D9F6F0E889
:1062D000FCFCFBFFFFFFFFFFFFFFFFFFFFFFFFFFD8
:1062E000FFFFFFFFFFFFFFFFFFFFFFFFFFFFFFFFBE
:1062F000FFFFFFFFFFFFFFFFFFFFEDDCC6C9965862
:10630000BA7827BA7827BA7827BA7827BF8339EAC4
:10631000D7BFFFFFFFFFFFFFFFFFFFFFFFFFFFFFF5
:10632000FFFFFFFFD7B283BB7B2BBA7827BA782752
:10633000BA7827BA7827B97827B87726B87726B8F1
:106340007726B87726B87726B87726B87726B8772D
:1063500026B87726B87726B87726B87726B877266E
:10636000B87726B87726B87726B97827BA7827BAC3
:106370007827BA7827BA7827BA7827BA7827BA78E8
:1063800027BA7827BA7827BA7827BA7827BA782729
:10639000BA7827BA7827BA7827BA7827BA7827BA86
:1063A0007827BA7827BE8035FFFFFFFFFFFFFFFF8A
:1063B000FFFFFFFFFFFFFFFFFFFFFFFFFFCB985B2C
:1063C000BA7827BA7827BA7827BA7827BA7827B957
:1063D0007726B97726B97726B97726B97726B97798
:1063E00026B97726B97726B97726B97726B97726D9
:1063F000B97726B97726B97726B97726B97726B936
:106400007726B97726B97726B97726B97726B97767
:1064100026B97726B97726B97726B97726B97726A8
:10642000B97726B97726B97726B97726B97726B905
:106430007726B87625B87625B87625B87625E7D2BA
:10644000B9FEFCFBFFFFFFFFFFFFFFFFFFFFFFFFAA
:10645000FFFFFFDBBA91BB7B2DB87625B87625B858
:106460007625B87624B87623B87623B87623B8761E
:1064700023B87623B87623B87623B87623B8762364
:10648000B87623B87623B87623B87623B87623B8BF
:106490007623B87623B77522B77522B77522B775FC
:1064A00022B77522B77522B77522B77522BB7C2D2E
:1064B000D8B68BFFFFFFFFFFFFFFFFFFFFFFFFFFD0
:1064C000FFFFFEFDFCDFC39FB77522B77522B775CE
:1064D00022B77522B77522B77522B77522B7752214
:1064E000B87623FFFFFFFFFFFFFFFFFFFFFFFFB8AF
:1064F0007726B87726B87726B87726B87726B8777C
:1065000026B87726B87726B87726B87726EEDFCC78
:10651000FEFEFDFFFFFFFFFFFFFFFFFFFFFFFFFF8F
:10652000FFFFDBBA90C38C47C18841C18943C18951
:1065300043C18943C18943C18943C18943C1894357
:10654000C18943C18943C18943C18943C18943C1C9
:106550008943C18943C18943C18943C18943C189F1
:1065600043C18943C18943C18943C18943C1894327
:10657000C18943C18943C18943C18943C18943C298
:106580008A44C28A44C28A44C28A44C28A44C28AB1
:1065900044C28A44C28943BD7F33B97827B978277A
:1065A000B97827B97827B97827B97827E5CEB2FC2A
:1065B000FBF9FFFFFFFFFFFFFFFFFFFFFFFFFFFFF5
:1065C000FFFFFFFFFFFFFFFFFFFFFFFFFFFFFFFFDB
:1065D000FFFFFFFFFFFFFFFFFFFFFFFFFFFFFFFFCB
:1065E000FFFFFFFFFFFFFFFFFFFFFFFFFFFFFFFFBB
:1065F000FFFFFFFFFFFFFFFFFFFFFFFFFFFFFFFFAB
:10660000FFFFFFFEFEFDEAD6BEC79150BA7827BA5B
:106610007928BA7827BA7827BA7827C38A44FEFE41
:10662000FEFFFFFFFFFFFFFFFFFFFFFFFFFFFFFF7B
:10663000FFFFFFC99556C28841C38A44C38A44C339
:106640008A44C38A44C28A44C18943C18943C189F7
:1066500043C18943C18943C18943C18943C1894336
:10666000C18943C18943C18943C18943C18943C1A8
:106670008943C18943C18943C28A44C38A44C38AC6
:1066800044C38A44C38A44C38A44C38A44C38A44F1
:10669000C38A44C38A44C38A44C38A44C38A44C362
:1066A0008A44C38B45C28840BD7D2FBA7827BA780B
:1066B00027BB7929C99555FFFFFFFFFFFFFFFFFFAC
:1066C000FFFFFFFFFFFFFFFFFFF2E7D9C48D4ABACC
:1066D0007827BA7827BA7827BA7827BA7827B97787
:1066E00026B97726B97726B97726B97726B97726D6
:1066F000B97726B97726BA7828BF8339C28943C2C9
:106700008943C28943C28943C28943C28943C2893A
:1067100043C28943C28943C28943C28943C2894370
:10672000C28943C28943C28943C28943C28943C2E1
:106730008943C28943C28943C28943C28943C2880B
:1067400041B97828B87625B87625B87625EDDDCB21
:10675000FEFDFCFFFFFFFFFFFFFFFFFFFFFFFFFF4F
:10676000FFFFD1A875B87625B87625B87625B87616
:1067700025B87624B87623B87623B87623B876235E
:10678000B87623B87623B87623B87623B87623B8BC
:106790007623B87623B87623B87623B87623B876EE
:1067A00023B87623B77522B77522B77522B775223D
:1067B000B77522B77522B77522B77522B77522D083
:1067C000A670FFFFFFFFFFFFFFFFFFFFFFFFFFFFC1
:1067D000FFFEFEFDECDCC8B77522B77522B7752247
:1067E000B77522B77522B77522B77522B77522B86B
:1067F0007623FFFFFFFFFFFFFFFFFFFFFFFFB877DD
:1068000026B87726B87726B87726B87726B87726B9
:10681000B87726B87726B87726B87726F4EBE1FF65
:10682000FEFEFFFFFFFFFFFFFFFFFFFFFFFFFFFE7B
:10683000FEFFFFFFFFFFFFFFFFFFFFFFFFFFFFFF69
:10684000FFFFFFFFFFFFFFFFFFFFFFFFFFFFFFFF58
:10685000FFFFFFFFFFFFFFFFFFFFFFFFFFFFFFFF48
:10686000FFFFFFFFFFFFFFFFFFFFFFFFFFFFFFFF38
:10687000FFFFFFFFFFFFFFFFFFFFFFFFFFFFFFFF28
:10688000FFFFFFFFFFFFFFFFFFFFFFFFFFFFFFFF18
:10689000FFFFFFFFFFFFFFFFFFFFFFFFFFFFFFFF08
:1068A000FFFFFFFFFFFFDAB78CB97827B97827B968
:1068B0007827B97827B97827B97827B97827DEC13A
:1068C0009DF9F5F0FFFFFFFFFFFFFFFFFFFFFFFF59
:1068D000FFFFFFFFFFFFFFFFFFFFFFFFFFFFFFFFC8
:1068E000FFFFFFFFFFFFFFFFFFFFFFFFFFFFFFFFB8
:1068F000FFFFFFFFFFFFFFFFFFFFFFFFFFFFFFFFA8
:10690000FFFFFFFFFFFFFFFFFFFFFFFFFFFFFFFC9A
:10691000FBFAE1C6A4C0843ABA7827B97827BA78D6
:1069200027BA7827BA7827BA7827C48C46FFFFFFA2
:10693000FFFFFFFFFFFFFFFFFFFFFFFFFFFFFFFF67
:10694000FEFEFFFFFFFFFFFFFFFFFFFFFFFFFFFF59
:10695000FFFFFFFFFFFFFFFFFFFFFFFFFFFFFFFF47
:10696000FFFFFFFFFFFFFFFFFFFFFFFFFFFFFFFF37
:10697000FFFFFFFFFFFFFFFFFFFFFFFFFFFFFFFF27
:10698000FFFFFFFFFFFFFFFFFFFFFFFFFFFFFFFF17
:10699000FFFFFFFFFFFFFFFFFFFFFFFFFFFFFFFF07
:1069A000FFFFFFFFFFFFFFFFFFFFFFFFFFFFFFFFF7
:1069B000FFFFFFFFFAF5F0D0A36DBA7827BA78276A
:1069C000BB7B2BD3AA77FFFFFFFFFFFFFFFFFFFF7C
:1069D000FFFFFFFFFFFFFFFFEAD6BEC28842BA7883
:1069E00027BA7827BA7827BA7827BA7827B97726C6
:1069F000B97726B97726B97726B97726B97726B930
:106A00007726B97726BD7E31E7D2B8FFFFFFFFFFBB
:106A1000FFFFFFFFFFFFFFFFFFFFFFFFFFFFFFFF86
:106A2000FFFFFFFFFFFFFFFFFFFFFFFFFFFFFFFF76
:106A3000FFFFFFFFFFFFFFFFFFFFFFFFFFFFFFFF66
:106A4000FFFFFFFFFFFFFFFFFFFFFFFFFFFEFDFC5C
:106A5000C38A45B87625B87625B87625F5EDE3FFE7
:106A6000FFFFFFFFFFFFFFFFFFFFFFFFFFFFFFFF36
:106A7000FFCFA36EB87625B87625B87625B87625EB
:106A8000B87624B87623B87623B87623B87623B8B8
:106A90007623B87623B87623B87623B87623B876EB
:106AA00023B87623B87623B87623B87623B876232E
:106AB000B87623B77522B77522B77522B77522B796
:106AC0007522B77522B77522B77522B77522C89798
:106AD00059FFFFFFFFFFFFFFFFFFFFFFFFFFFFFF6C
:106AE000FFFEFEF3EADEB77522B77522B77522B74F
:106AF0007522B77522B77522B77522B77522B87699
:106B000023FFFFFFFFFFFFFFFFFFFFFFFFB8772619
:106B1000B87726B87726B87726B87726B87726B814
:106B20007726B87726B87726B87726F9F6F2FEFEEC
:106B3000FEFFFFFFFFFFFFFFFFFFFFFFFFFFFFFF66
:106B4000FFFFFFFFFFFFFFFFFFFFFFFFFFFFFFFF55
:106B5000FFFFFFFFFFFFFFFFFFFFFFFFFFFFFFFF45
:106B6000FFFFFFFFFFFFFFFFFFFFFFFFFFFFFFFF35
:106B7000FFFFFFFFFFFFFFFFFFFFFFFFFFFFFFFF25
:106B8000FFFFFFFFFFFFFFFFFFFFFFFFFFFFFFFF15
:106B9000FFFFFFFFFFFFFFFFFFFFFFFFFFFFFFFF05
:106BA000FFFFFFFFFFFFFFFFFFFFFFFFFFFFFFFFF5
:106BB000FFFFFEFCFBE0C4A1B97827B97827B978BC
:106BC00027B97827B97827B97827B97928B97827E4
:106BD000CEA068EFE3D3FEFDFDFFFFFFFFFFFFFF49
:106BE000FFFFFFFFFFFFFFFFFFFFFFFFFFFFFFFFB5
:106BF000FFFFFFFFFFFFFFFFFFFFFFFFFFFFFFFFA5
:106C0000FFFFFFFFFFFFFFFFFFFFFFFFFFFFFFFF94
:106C1000FFFFFFFFFFFFFFFFFEFDFCF8F3ECD5AE2B
:106C20007DBA7928BA7827BA7827BA7827BA782728
:106C3000BA7827BA7827BA7827C48C47FFFFFFFFB6
:106C4000FFFFFFFFFFFFFFFFFFFFFFFFFFFFFFFF54
:106C5000FFFFFFFFFFFFFFFFFFFFFFFFFFFFFFFF44
:106C6000FFFFFFFFFFFFFFFFFFFFFFFFFFFFFFFF34
:106C7000FFFFFFFFFFFFFFFFFFFFFFFFFFFFFFFF24
:106C8000FFFFFFFFFFFFFFFFFFFFFFFFFFFFFFFF14
:106C9000FFFFFFFFFFFFFFFFFFFFFFFFFFFFFFFF04
:106CA000FFFFFFFFFFFFFFFFFFFFFFFFFFFFFFFFF4
:106CB000FFFFFFFFFFFFFFFFFFFFFFFFFFFFFFFFE4
:106CC000FFFFFFFDFBF9E5CCAEBA7827BA7827BB0A
:106CD0007B2BD6B081FFFFFFFFFFFFFFFFFFFFFF12
:106CE000FFFFFFFFFFFFFFD9B488BD7E31BA7827D1
:106CF000BA7827BA7827BA7827BA7827B97726B921
:106D00007726B97726B97726B97726B97726B9775E
:106D100026B97726BD7E31E5CDB1FFFFFFFFFFFF2E
:106D2000FFFFFFFFFFFFFFFFFFFFFFFFFFFFFFFF73
:106D3000FFFFFFFFFFFFFFFFFFFFFFFFFFFFFFFF63
:106D4000FFFFFFFFFFFFFFFFFFFFFFFFFFFFFFFF53
:106D5000FFFFFFFFFFFFFFFFFFFFFFFFFBF8F3CB8E
:106D60009B5FB87625B87625B87625FBF8F4FFFF4B
:106D7000FFFFFFFFFFFFFFFFFFFFFFFFFFF4EADE64
:106D8000C99759B87625B87625B87625B87625B846
:106D90007624B87623B87623B87623B87623B876E7
:106DA00023B87623B87623B87623B87623B876232B
:106DB000B87623B87623B87623B87623B87623B886
:106DC0007623B77522B77522B77522B77522B775C6
:106DD00022B77522B77522B77522B77522C69353AD
:106DE000F9F6F2FFFFFFFFFFFFFFFFFFFFFFFFFFCF
:106DF000FEFEF8F4EFB77523B77522B77522B775A5
:106E000022B77522B77522B77522B77522B87623D7
:106E1000FFFFFFFFFFFFFFFFFFFFFFFFB97827B96D
:106E20007827B97827B97827B97827B97827B97832
:106E300027B97827B97827B97827FFFFFFFFFFFF29
:106E4000FFFFFFFFFFFFFFFFFFFFFFFFFFFFFFFF52
:106E5000FFFFFFFFFFFFFFFFFFFFFFFFFFFFFFFF42
:106E6000FFFFFFFFFFFFFFFFFFFFFFFFFFFFFFFF32
:106E7000FFFFFFFFFFFFFFFFFFFFFFFFFFFFFFFF22
:106E8000FFFFFFFFFFFFFFFFFFFFFFFFFFFFFFFF12
:106E9000FFFFFFFFFFFFFFFFFFFFFFFFFFFFFFFF02
:106EA000FFFFFFFFFFFFFFFFFFFFFFFFFFFFFFFFF2
:106EB000FFFFFFFFFFFFFFFFFFFFFFFFFFFFFFFFE2
:106EC000FFFEFDFCE4CCAEB97827B97827B9782766
:106ED000B97827B97827B97827B97827BA7827BB3E
:106EE0007928BB7A2ADEC29EFAF8F5FEFEFDFFFF86
:106EF000FFFFFFFFFFFFFFFFFFFFFFFFFFFFFFFFA2
:106F0000FFFFFFFFFFFFFFFFFFFFFFFFFFFFFFFF91
:106F1000FFFFFFFFFFFFFFFFFFFFFFFFFFFFFFFF81
:106F2000FFFEFEFDFFFFFFDEBF99C08236BB792862
:106F3000BB7928BB7928BB7928BB7928BB7928BBCA
:106F40007928BB7928BB7928C58D48FFFFFFFFFF53
:106F5000FFFFFFFFFFFFFFFFFFFFFFFFFFFFFFFF41
:106F6000FFFFFFFFFFFFFFFFFFFFFFFFFFFFFFFF31
:106F7000FFFFFFFFFFFFFFFFFFFFFFFFFFFFFFFF21
:106F8000FFFFFFFFFFFFFFFFFFFFFFFFFFFFFFFF11
:106F9000FFFFFFFFFFFFFFFFFFFFFFFFFFFFFFFF01
:106FA000FFFFFFFFFFFFFFFFFFFFFFFFFFFFFFFFF1
:106FB000FFFFFFFFFFFFFFFFFFFFFFFFFFFFFFFFE1
:106FC000FFFFFFFFFFFFFFFFFFFFFFFFFFFFFFFFD1
:106FD000FFFFFDFDFCE9D5BDBA7827BA7827BC7B59
:106FE0002CDAB68AFFFFFFFFFFFFFFFFFFFFFFFF67
:106FF000FFFFFFFFFFFFCFA168BB7A29BB7928BB4A
:107000007928BB7928BB7928BB7928BA7827BA7840
:1070100027BA7827BA7827BA7827BA7827BA78278C
:10702000BA7827BE7F32E5CEB1FFFFFFFFFFFFFF3B
:10703000FFFFFFFFFFFFFFFFFFFFFFFFFFFFFFFF60
:10704000FFFFFFFFFFFFFFFFFFFFFFFFFFFFFFFF50
:10705000FFFFFFFFFFFFFFFFFFFFFFFFFFFFFFFF40
:10706000FFFFFFFFFFFFFFFFFFFFFFFBF8F3CC9ADF
:107070005EBA7827BA7827BC7C2EFBF8F4FFFFFFB6
:10708000FFFFFFFFFFFFFFFFFFFFFFFFEAD7BFC5C7
:107090008D4AB97726B97726B97726B97726B97791
:1070A00025B87623B87623B87623B87623B8762326
:1070B000B87623B87623B87623B87623B87623B883
:1070C0007623B87623B87623B87623B87623B876B5
:1070D00023B87623B87623B87623B87623B87623F8
:1070E000B87623B87623B87623B87623C58E4AF1CE
:1070F000E4D4FFFFFFFFFFFFFFFFFFFFFFFFFFFFE6
:10710000FFFDFCFCB87624B87623B87623B8762346
:10711000B87623B87623B87623B87623B77522FFDE
:10712000FFFFFFFFFFFFFFFFFFFFFFB97827B978E1
:1071300027B97827B97827B97827B97827B9782770
:10714000B97827B97827B97827FFFFFFFFFFFFFF3E
:10715000FFFFFFFFFFFFFFFFFFFFFFFFFFFFFFFF3F
:10716000FFFFFFFFFFFFFFFFFFFFFFFFFFFFFFFF2F
:10717000FFFFFFFFFFFFFFFFFFFFFFFFFFFFFFFF1F
:10718000FFFFFFFFFFFFFFFFFFFFFFFFFFFFFFFF0F
:10719000FFFFFFFFFFFFFFFFFFFFFFFFFFFFFFFFFF
:1071A000FFFFFFFFFFFFFFFFFFFFFFFFFFFFFFFFEF
:1071B000FFFFFFFFFFFFFFFFFFFFFFFFFFFFFFFFDF
:1071C000FFFFFFFFFFFFFFFFFFFFFFFFFFFFFFFFCF
:1071D000FEFDFCE9D5BDB97827B97827B97827B97C
:1071E0007827B97827B97827B97827BA7827BB796B
:1071F00028BB7928BB7928BB7928DCBB94FFFFFF2B
:10720000FDFDFCFFFEFEFFFFFFFFFFFFFFFFFFFF97
:10721000FFFFFFFFFFFFFFFFFFFFFFFFFFFFFFFF7E
:10722000FFFFFFFFFFFFFFFFFEFEFEFEFDFEFEFE77
:10723000E9D6BEC48A44BB7928BB7928BB7928BB70
:107240007928BB7928BB7928BB7928BB7928BB79F9
:1072500028BB7928BB7928C58D48FFFFFFFFFFFFBA
:10726000FFFFFFFFFFFFFFFFFFFFFFFFFFFFFFFF2E
:10727000FFFFFFFFFFFFFFFFFFFFFFFFFFFFFFFF1E
:10728000FFFFFFFFFFFFFFFFFFFFFFFFFFFFFFFF0E
:10729000FFFFFFFFFFFFFFFFFFFFFFFFFFFFFFFFFE
:1072A000FFFFFFFFFFFFFFFFFFFFFFFFFFFFFFFFEE
:1072B000FFFFFFFFFFFFFFFFFFFFFFFFFFFFFFFFDE
:1072C000FFFFFFFFFFFFFFFFFFFFFFFFFFFFFFFFCE
:1072D000FFFFFFFFFFFFFFFFFFFFFFFFFFFFFFFFBE
:1072E000FFFEFEFDE9D5BDBA7827BA7827BC7B2C16
:1072F000DAB78CFFFFFFFFFFFFFFFFFFFFFFFFFF7E
:10730000FFFFFFFFFFCE9F65BB7928BB7928BB79C4
:1073100028BB7928BB7928BB7928BA7827BA78277F
:10732000BA7827BA7827BA7827BA7827BA7827BAE6
:107330007827BE7F32E5CEB1FFFFFFFFFFFFFFFFE3
:10734000FFFFFFFFFFFFFFFFFFFFFFFFFFFFFFFF4D
:10735000FFFFFFFFFFFFFFFFFFFFFFFFFFFFFFFF3D
:10736000FFFFFFFFFFFFFFFFFFFFFFFFFFFFFFFF2D
:10737000FFFFFFFFFFFFFFFFFFFFFBF7F1C58E4A97
:10738000BA7827BA7827BF8135FCF9F5FFFFFFFFF0
:10739000FFFFFFFFFFFFFFFFFFFFFFE9D4BCC48C2F
:1073A00048B97726B97726B97726B97726B97725E8
:1073B000B87623B87623B87623B87623B87623B880
:1073C0007623B87623B87623B87623B87623B876B2
:1073D00023B87623B87623B87623B87623B87623F5
:1073E000B87623B87623B87623B87623B87623B850
:1073F0007623B87623B87623B87623C48E49EFE295
:10740000D0FFFFFFFFFFFFFFFFFFFFFFFFFFFFFFBB
:10741000FFFFFFB87624B87623B87623B87623B872
:107420007623B87623B87623B87623B77522FFFF84
:10743000FFFFFFFFFFFFFFFFFFFFB97827B97827A6
:10744000B97827B97827B97827B97827B97827B9CB
:107450007827B97827B97827FFFFFFFFFFFFFFFFE5
:10746000FFFFFFFFFFFFFFFFFFFFFFFFFFFFFFFF2C
:10747000FFFFFFFFFFFFFFFFFFFFFFFFFFFFFFFF1C
:10748000FFFFFFFFFFFFFFFFFFFFFFFFFFFFFFFF0C
:10749000FFFFFFFFFFFFFFFFFFFFFFFFFFFFFFFFFC
:1074A000FFFFFFFFFFFFFFFFFFFFFFFFFFFFFFFFEC
:1074B000FFFFFFFFFFFFFFFFFFFFFFFFFFFFFFFFDC
:1074C000FFFFFFFFFFFFFFFFFFFFFFFFFFFFFFFFCC
:1074D000FFFFFFFFFFFFFFFFFFFFFFFFFFFFFFFEBD
:1074E000FDFCE6CFB3B97827B97827B97827B97802
:1074F00027B97827B97827B97827BA7827BB7928A8
:10750000BB7928BB7928BB7928BB7A29BC7A2ACDDC
:107510009C60E8D3BAF4ECE2FFFFFFFFFFFFFFFF40
:10752000FFFFFFFFFFFFFFFFFFFFFFFFFFFFFFFF6B
:10753000FFFFFFF6F0E9EFE0CDD0A26ABE7E30BBE0
:107540007A29BB7928BB7928BB7928BB7928BB79F4
:1075500028BB7928BB7928BB7928BB7928BB792837
:10756000BB7928BB7928C58D48FFFFFFFFFFFFFFD0
:10757000FFFFFFFFFFFFFFFFFFFFFFFFFFFFFFFF1B
:10758000FFFFFFFFFFFFFFFFFFFFFFFFFFFFFFFF0B
:10759000FFFFFFFFFFFFFFFFFFFFFFFFFFFFFFFFFB
:1075A000FFFFFFFFFFFFFFFFFFFFFFFFFFFFFFFFEB
:1075B000FFFFFFFFFFFFFFFFFFFFFFFFFFFFFFFFDB
:1075C000FFFFFFFFFFFFFFFFFFFFFFFFFFFFFFFFCB
:1075D000FFFFFFFFFFFFFFFFFFFFFFFFFFFFFFFFBB
:1075E000FFFFFFFFFFFFFFFFFFFFFFFFFFFFFFFFAB
:1075F000FDFDFCE8D5BCBA7827BA7827BC7B2CDA2D
:10760000B78CFFFFFFFFFFFFFFFFFFFFFFFFFFFF45
:10761000FFFFFFFFCE9E64BB7928BB7928BB79288A
:10762000BB7928BB7928BB7928BA7827BA7827BADA
:107630007827BA7827BA7827BA7827BA7827BA7815
:1076400027BE7F32E5CEB1FFFFFFFFFFFFFFFFFF49
:10765000FFFFFFFFFFFFFFFFFFFFFFFFFFFFFFFF3A
:10766000FFFFFFFFFFFFFFFFFFFFFFFFFFFFFFFF2A
:10767000FFFFFFFFFFFFFFFFFFFFFFFFFFFFFFFF1A
:10768000FFFFFFFFFFFFFFFFFFFBF7F1C58E4BBAC8
:107690007827BA7827BE8034FCF9F5FFFFFFFFFF9B
:1076A000FFFFFFFFFFFFFFFFFFFFE9D4BCC48C48D3
:1076B000B97726B97726B97726B97726B97725B865
:1076C0007623B87623B87623B87623B87623B876AF
:1076D00023B87623B87623B87623B87623B87623F2
:1076E000B87623B87623B87623B87623B87623B84D
:1076F0007623B87623B87623B87623B87623B8767F
:1077000023B87623B87623B87623C48E49EFE2D027
:10771000FFFFFFFFFFFFFFFFFFFFFFFFFFFFFFFF79
:10772000FFFFB87624B87623B87623B87623B876E8
:1077300023B87623B87623B87623B77522FFFFFFE8
:10774000FFFFFFFFFFFFFFFFFFB97827B97827B9D9
:107750007827B97827B97827B97827B97827B978F9
:1077600027B97827B97827FAF8F5FFFFFFFFFFFF61
:10777000FFFFFFFFFFFFFFFFFFFFFFFFFFFFFFFF19
:10778000FFFFFFFFFFFFFFFFFFFFFFFFFFFFFFFF09
:10779000FFFFFFFFFFFFFFFFFFFFFFFFFFFFFFFFF9
:1077A000FFFFFFFFFFFFFFFFFFFFFFFFFFFFFFFFE9
:1077B000FFFFFFFFFFFFFFFFFFFFFFFFFFFFFFFFD9
:1077C000FFFFFFFFFFFFFFFFFFFFFFFFFFFFFFFFC9
:1077D000FFFFFFFFFFFFFFFFFFFFFFFFFFFFFFFFB9
:1077E000FFFFFFFFFFFFFFFFFFFFFFFFFFFFFEFCAD
:1077F000FBE1C6A5B97827B97827B97827B97827E2
:10780000B97827B97827B97827BA7827BB7928BB00
:107810007928BB7928BB7928BB7928BB7928BC7A21
:107820002ABD7C2DBD7D2EC08236C7914FCFA0676B
:10783000D3AA77D4AB7AD4AB79CFA26ACA9656C210
:10784000863DBC7D2FBC7C2DBC7A2ABB7928BB79B8
:1078500028BB7928BB7928BB7928BB7928BB792834
:10786000BB7928BB7928BB7928BB7928BB7928BB91
:107870007928BB7928C58D48FFFFFFFFFFFFFFFF79
:10788000FFFFFFFFFFFFFFFFFFFFFFFFFFFFFFFF08
:10789000FFFFFFFFFFFFFFFFFFFFFFFFFFFFFFFFF8
:1078A000FFFFFFFFFFFFFFFFFFFFFFFFFFFFFFFFE8
:1078B000FFFFFFFFFFFFFFFFFFFFFFFFFFFFFFFFD8
:1078C000FFFFFFFFFFFFFFFFFFFFFFFFFFFFFFFFC8
:1078D000FFFFFFFFFFFFFFFFFFFFFFFFFFFFFFFFB8
:1078E000FFFFFFFFFFFFFFFFFFFFFFFFFFFFFFFFA8
:1078F000FFFFFFFFFFFFFFFFFFFFFFFFFFFFFFFE99
:10790000FCFBE6D0B4BA7827BA7827BC7B2CD9B474
:1079100087FFFFFFFFFFFFFFFFFFFFFFFFFFFFFFEF
:10792000FFFFFFD2A771BC7B2BBB7928BB7928BB9B
:107930007928BB7928BB7928BA7827BA7827BA780A
:1079400027BA7827BA7827BA7827BA7827BA782753
:10795000BE7F32E6CEB2FFFFFFFFFFFFFFFFFFFF5C
:10796000FFFFFFFFFFFFFFFFFFFFFFFFFFFFFFFF27
:10797000FFFFFFFFFFFFFFFFFFFFFFFFFFFFFFFF17
:10798000FFFFFFFFFFFFFFFFFFFFFFFFFFFFFFFF07
:10799000FFFFFFFFFFFFFFFFFAF5F0BF8338BA7864
:1079A00027BA7827BB7A2AFBF8F4FFFFFFFFFFFF17
:1079B000FFFFFFFFFFFFFFFFFFECDCC8C5904EB9E4
:1079C0007726B97726B97726B97726B97725B87695
:1079D00023B87623B87623B87623B87623B87623EF
:1079E000B87623B87623B87623B87623B87623B84A
:1079F0007623B87623B87623B87623B87623B8767C
:107A000023B87623B87623B87623B87623B87623BE
:107A1000B87623B87623B87623C5904DF4EBDFFF14
:107A2000FFFFFFFFFFFFFFFFFFFFFFFFFFFFFBF970
:107A3000F8B87624B87623B87623B87623B87623B8
:107A4000B87623B87623B87623B77522FFFFFFFFF9
:107A5000FFFFFFFFFFFFFFFFB97827B97827B9784D
:107A600027B97827B97827B97827B97827B9782737
:107A7000B97827B97827ECDBC5F1E6D8F1E6D9F17A
:107A8000E6D9F1E6D9F1E6D9F1E6D9F1E6D9F1E6A0
:107A9000D9F1E6D9F1E6D9F1E6D9F1E6D9F1E6D99D
:107AA000F1E6D9F1E6D9F1E6D9F1E6D9F1E6D9F175
:107AB000E6D9F1E6D9F1E6D9F1E6D9F1E6D9F1E670
:107AC000D9F1E6D9F1E6D9F1E6D9F1E6D9F1E6D96D
:107AD000F1E6D9F1E6D9F1E6D9F1E6D9F1E6D9F145
:107AE000E6D9F1E6D9F1E6D8F3E9DDF9F5F0FFFFE3
:107AF000FFFFFFFFFFFFFFFFFFFFFFFFFFFDFCFAA0
:107B0000DAB88DB97827B97827B97827B97827B93D
:107B10007827B97827B97827BA7827BB7928BB792D
:107B200028BB7928BB7928BB7928BB7928BB792861
:107B3000BB7928BB7928BB7928BB7A29BC7B2BBCB5
:107B40007C2CBC7C2CBC7C2CBC7B2BBC7A2ABB79CF
:107B500028BB7928BB7928BB7928BB7928BB792831
:107B6000BB7928BB7928BB7928BB7928BB7928BB8E
:107B70007928BB7928BB7928BB7928BB7928BB79C0
:107B800028BB7928C38942F4ECE2F2E6D9F2E6D9BF
:107B9000F2E6D9F2E6D9F2E6D9F2E6D9F2E6D9F27E
:107BA000E6D9F2E6D9F2E6D9F2E6D9F2E6D9F2E67A
:107BB000D9F1E6D9F1E6D9F1E6D9F1E6D9F1E6D97C
:107BC000F1E6D9F1E6D9F1E6D9F1E6D9F1E6D9F154
:107BD000E6D9F1E6D9F1E6D9F1E6D9F1E6D9F1E64F
:107BE000D9F1E6D9F2E6D9F2E6D9F2E6D9F2E6D948
:107BF000F2E6D9F2E6D9F1E5D7F4EDE4FCFAF9FFC3
:107C0000FFFFFFFFFFFFFFFFFFFFFFFFFFFFF8F298
:107C1000EAD4AA78BA7827BA7827BB7B2BD6AE7D70
:107C2000FFFFFFFFFFFFFFFFFFFFFFFFFFFFFFFF64
:107C3000FFFFE0C39FC1843ABB7928BB7928BB7999
:107C400028BB7928BB7928BA7827BA7827BA782749
:107C5000BA7827BA7827BA7827BA7827BA7827BDAA
:107C60007D2FDFBF99F2E7D9F1E6D9F1E6D9F1E648
:107C7000D9F1E6D9F1E6D9F1E6D9F2E7D9EEDFCDCF
:107C8000EEDECAEDDDC9EDDDC9EDDDC9EDDDC9EC26
:107C9000DCC7F1E6D9FCFAF9FFFFFFFFFFFFFFFFAA
:107CA000FFFFFFFFFFFFFFF7F1EABA7827BA782757
:107CB000BA7827BA7827F6F0E9FFFFFFFFFFFFFF4A
:107CC000FFFFFFFFFFFFFFFFF9F6F2CC9D64B977DE
:107CD00026B97726B97726B97726B97725B87623D6
:107CE000B87623B87623B87623B87623B87623B847
:107CF0007623B87623B87623B87623B87623B87679
:107D000023B87623B87623B87623B87623B87623BB
:107D1000B87623B87623B87623B87623B87623B816
:107D20007623B87623B87623C99758FDFDFDFFFF6B
:107D3000FFFFFFFFFFFFFFFFFFFFFFFEFEF6F0E983
:107D4000B87623B87623B87623B87623B87623B8E6
:107D50007623B87623B87623B77522FFFFFFFFFF9F
:107D6000FFFFFFFFFFFFFFB97827B97827B9782712
:107D7000B97827B97827B97827B97827B97827B992
:107D80007827B97827BD8035BE8236BD8136BD8162
:107D900036BD8136BD8136BD8136BD8136BD813669
:107DA000BD8136BD8136BD8136BD8136BD8136BDD2
:107DB0008136BD8136BD8136BD8136BD8136BD81FE
:107DC00036BD8136BE8237BE8237BE8237BE82372D
:107DD000BE8237BE8237BE8237BE8237BE8237BD93
:107DE0008136BD8136BD8136BD8136BD8136BD81CE
:107DF00036BD8136BB7D2FCFA36CF8F2EBFFFFFFC2
:107E0000FFFFFFFFFFFFFFFFFFFFFFFFFDFAF7CFC1
:107E1000A36CB97827B97827B97827B97827B978C2
:107E200027B97827B97827BA7827BB7928BB79286A
:107E3000BB7928BB7928BB7928BB7928BB7928BBBB
:107E40007928BB7928BB7928BB7928BB7928BB79ED
:107E500028BB7928BB7928BB7928BB7928BB79282E
:107E6000BB7928BB7928BB7928BB7928BB7928BB8B
:107E70007928BB7928BB7928BB7928BB7928BB79BD
:107E800028BB7928BB7928BB7928BB7928BB7928FE
:107E9000BB7928BC7B2BBF8338BF8237BF8237BFFB
:107EA0008237BF8237BF8237BF8237BF8237BF82F8
:107EB00037BF8237BF8237BF8237BF8237BF823733
:107EC000BE8237BE8237BE8237BE8237BE8237BEA1
:107ED0008237BE8237BE8237BD8136BD8136BD81D5
:107EE00036BD8136BD8136BD8136BD8136BD813618
:107EF000BE8237BF8237BF8237BF8237BF8237BF6C
:107F00008237BF8237BB7929E3C8A8FFFFFFFFFF95
:107F1000FFFFFFFFFFFFFFFFFFFFFFFFFFF0E3D2C9
:107F2000BB7928BA7827BA7827BB7A2AD0A46EFF03
:107F3000FFFFFFFFFFFFFFFFFFFFFFFFFFFFFFFF51
:107F4000FFEEDECBC58C47BB7928BB7928BB7928EF
:107F5000BB7928BB7928BA7827BA7827BA7827BAA4
:107F60007827BA7827BA7827BA7827BA7827BA79DB
:107F700028BD7E31BF8237BE8136BE8136BE813696
:107F8000BE8136BE8136BE8136BE8136BF8135BEEA
:107F90008034BE8034BE8034BE8034BF8135BB7A2D
:107FA0002AD6B081FFFFFFFFFFFFFFFFFFFFFFFFAC
:107FB000FFFFFFFFFFFFF5EEE5BA7827BA7827BA93
:107FC0007827BA7827F0E5D7FFFEFEFFFFFFFFFF17
:107FD000FFFFFFFFFFFFFFFFFFFFCFA470B9772672
:107FE000B97726B97726B97726B97725B87623B831
:107FF0007623B87623B87623B87623B87623B87676
:1080000023B87623B87623B87623B87623B87623B8
:10801000B87623B87623B87623B87623B87623B813
:108020007623B87623B87623B87623B87623B87645
:1080300023B87623B87623CA995CFFFFFFFFFFFFC2
:10804000FFFFFFFFFFFFFFFFFFFEFEFDEFE2D3B8E4
:108050007623B87623B87623B87623B87623B87615
:1080600023B87623B87623B77522FFFFFFFFFFFF03
:10807000FFFFFFFFFFFFB97827B97827B97827B945
:108080007827B97827B97827B97827B97827B978C0
:1080900027B97827B97827B97827B97827B9782701
:1080A000B97827B97827B97827B97827B97827B95F
:1080B0007827B97827B97827B97827B97827B97890
:1080C00027B97827B97827B97827B97827B97827D1
:1080D000B97827BA7928BA7928BA7928BA7928BA22
:1080E0007928BA7928BA7928BA7928BA7928B97852
:1080F00027B97827B97827B97827B97827B97827A1
:10810000B97827B97827D0A570FFFFFFFFFFFFFFE1
:10811000FFFFFFFFFFFFFFFFFFFFFFFCFAF7C48D2C
:1081200048B97827B97827B97827B97827B978274F
:10813000B97827B97827BA7827BB7928BB7928BBC3
:108140007928BB7928BB7928BB7928BB7928BB79EA
:1081500028BB7928BB7928BB7928BB7928BB79282B
:10816000BB7928BB7928BB7928BB7928BB7928BB88
:108170007928BB7928BB7928BB7928BB7928BB79BA
:1081800028BB7928BB7928BB7928BB7928BB7928FB
:10819000BB7928BB7928BB7928BB7928BB7928BB58
:1081A0007928BB7928BB7928BB7928BB7928BB798A
:1081B00028BB7928BB7928BB7928BB7928BB7928CB
:1081C000BB7928BB7928BB7928BB7928BB7928BA29
:1081D0007928BA7928BA7928BA7928BA7928BA795F
:1081E00028BA7928BA7928B97827B97827B97827A9
:1081F000B97827B97827B97827B97827B97827BA0D
:108200007928BB7928BB7928BB7928BB7928BB7929
:1082100028BB7928BB7928E1C4A0FFFFFFFFFFFF3F
:10822000FFFFFFFFFFFFFFFFFFFFFFFFF0E2D0BBFD
:108230007928BA7827BA7827BA7928C38943FFFF03
:10824000FFFFFFFFFFFFFFFFFFFFFFFFFFFFFFFF3E
:10825000F9F6F1C89351BB7928BB7928BB7928BBC3
:108260007928BB7928BA7827BA7827BA7827BA78D4
:1082700027BA7827BA7827BA7827BA7827BA78271A
:10828000BA7827BA7827BA7827BA7827BA7827BA77
:108290007827BA7827BA7827BA7827BA7827BA78A9
:1082A00027BA7827BA7827BA7827BA7827BA7827EA
:1082B000D8B386FFFFFFFFFFFFFFFFFFFFFFFFFFBA
:1082C000FFFFFFFEFEEFE3D4BA7827BA7827BA782B
:1082D00027BA7827EBDAC5FEFDFCFFFFFFFFFFFFA3
:1082E000FFFFFFFFFFFFFFFFFFD7B284B97726B97B
:1082F0007726B97726B97726B97725B87623B87661
:1083000023B87623B87623B87623B87623B87623B5
:10831000B87623B87623B87623B87623B87623B810
:108320007623B87623B87623B87623B87623B87642
:1083300023B87623B87623B87623B87623B8762385
:10834000B87623BB7A29D6AF7FFFFFFFFFFFFFFF81
:10835000FFFFFFFFFFFFFFFFFEFDFCE9D6BEB87683
:1083600023B87623B87623B87623B87623B8762355
:10837000B87623B87623B77522FFFFFFFFFFFFFF14
:10838000FFFFFFFFFFB97827B97827B97827B978B9
:1083900027B97827B97827B97827B97827B97827FE
:1083A000B97827B97827B97827B97827B97827B95C
:1083B0007827B97827B97827B97827B97827B9798C
:1083C00028B97827B97827B97827B97827B97827CD
:1083D000B97827B97827B97827B97827B97827B92C
:1083E0007827BA7928BA7928BA7928BA7928BA794F
:1083F00028BA7928BA7928BA7928BA7928B9782791
:10840000B97827B97827B97827B97827B97827B9FB
:108410007827BA7A2ADAB78BFFFFFFFFFFFFFFFF4B
:10842000FFFFFFFFFFFFFFFFFFFFF7F2ECBA792925
:10843000B97827B97827B97827B97827B97827B9CB
:108440007827B97827BA7827BB7928BB7928BB79F0
:1084500028BB7928BB7928BB7928BB7928BB792828
:10846000BB7928BB7928BB7928BB7928BB7928BB85
:108470007928BB7928BB7928BB7928BB7928BB79B7
:1084800028BB7928BB7928BB7928BB7928BB7928F8
:10849000BB7928BB7928BB7928BB7928BB7928BB55
:1084A0007928BB7928BB7928BB7928BB7928BB7987
:1084B00028BB7928BB7928BB7928BB7928BB7928C8
:1084C000BB7928BB7928BB7928BB7928BB7928BB25
:1084D0007928BB7928BB7928BB7928BB7928BA7958
:1084E00028BA7928BA7928BA7928BA7928BA79289D
:1084F000BA7928BA7928B97827B97827B97827B905
:108500007827B97827B97827B97827B97827BA7939
:1085100028BB7928BB7928BB7928BB7928BB792867
:10852000BB7928C28840EAD7BEFFFFFFFFFFFFFFED
:10853000FFFFFFFFFFFFFFFFFFFFFFF1E3D2BB796C
:1085400028BA7827BA7827BA7827BD7D2FFFFFFF92
:10855000FFFFFFFFFFFFFFFFFFFFFFFFFFFFFFFF2B
:10856000FFFFD0A169BB7928BB7928BB7928BB79EB
:1085700028BB7928BA7827BA7827BA7827BA782713
:10858000BA7827BA7827BA7827BA7827BA7827BA74
:108590007827BA7827BA7827BA7827BA7827BA78A6
:1085A00027BA7827BA7827BA7827BA7827BA7827E7
:1085B000BA7827BA7827BA7827BA7827C48C46E7DA
:1085C000D1B5FFFFFFFFFFFFFFFFFFFFFFFFFFFF33
:1085D000FFFDFCFAE5CFB3BA7827BA7827BA782737
:1085E000BA7827DEC09AFDFBF8FFFFFFFFFFFFFF11
:1085F000FFFFFFFFFFFFFFFFE3C9A9C0853DB9777C
:1086000026B97726B97726B97725B87623B87623A1
:10861000B87623B87623B87623B87623B87623B80D
:108620007623B87623B87623B87623B87623B8763F
:1086300023B87623B87623B87623B87623B8762382
:10864000B87623B87623B87623B87623B87623B8DD
:108650007623C18840E7D0B4FFFFFFFFFFFFFFFF95
:10866000FFFFFFFFFFFFFFFDFBFAD7B182B87623C4
:10867000B87623B87623B87623B87623B87623B8AD
:108680007623B87623B77522FFFFFFFFFFFFFFFFBA
:10869000FFFFFFFFBA7928BA7928BA7928BA792872
:1086A000BA7928BA7928BA7928BA7928BA7928BA49
:1086B0007928BA7928BA7928BA7928BA7928BA797A
:1086C00027BA7926BA7926DFC29EC89453BA79268A
:1086D000BA7A27BA7926BA7926BA7926BA7926BA21
:1086E0007926BA7926BA7926BA7926BA7926BA7954
:1086F00026BB7927BB7927BB7927BB7927BB79278D
:10870000BB7927BB7927BB7927BA7926BA7826BAED
:108710007826BA7826BA7826BA7826BA7826BA7829
:1087200026CC9D61F5EDE4FFFFFFFFFFFFFFFFFF9C
:10873000FFFFFFFFFFFFFEFEFDEEE1D0BB7928BB90
:108740007928BB7928BB7928BB7928BB7928BB79E4
:1087500028BB7928BB7928BB7926BB7927BB792729
:10876000BB7927BB7927BB7927BB7927BB7927BB87
:108770007927BB7927BB7927BB7927BB7927BB79B9
:1087800027BB7927BB7927BC7A27BC7A27BC7A27F5
:10879000BC7A27BC7A27BC7A27BC7A27BC7A27BC4C
:1087A0007A27BC7A27BC7A27BC7A27BC7A27BC7A7E
:1087B00027BC7A27BC7A27BC7A27BC7A27BC7A27C1
:1087C000BC7A27BC7A27BC7A27BC7A27BC7A27BC1C
:1087D0007A27BC7A27BC7A27E7D2B8C58C45BC7A01
:1087E00027BC7A27BC7A27BC7A27BB7927BB792795
:1087F000BB7927BB7927BB7927BB7927BB7927BBF7
:108800007927BB7927BA7926BA7926BA7926BA792F
:1088100026BA7926BA7926BA7926BA7926BB792773
:10882000BB7927BB7927BB7927BB7927BB7927BBC6
:108830007927D8B386F9F5F0FFFFFFFFFFFFFFFFB1
:10884000FFFFFFFFFFFFFFFFFFFFE9D6BDBB79275B
:10885000BB7926BB7926BB7926BC7C2AECDBC6FF1C
:10886000FEFEFFFFFFFFFFFFFFFFFFFFFFFFFFFF1A
:10887000FFE3C8A6C3873CBC7A27BC7A27BC7A270B
:10888000BB7927BB7926BB7926BB7926BB7926BB6A
:108890007926BB7926BB7926BB7926BB7926BB799D
:1088A00026BB7926BB7926BB7926BB7926BB7926E0
:1088B000BB7926BB7926BB7926BB7926BB7926BB3B
:1088C0007926BB7926BB7926BB7926D3AA77FCFB10
:1088D000FBFFFFFFFFFFFFFFFFFFFFFFFFFFFFFFAC
:1088E000FAF6F1D0A36CBA7826BA7826BA7826BA06
:1088F0007826C38B44FAF5F0FFFFFFFFFFFFFFFF71
:10890000FFFFFFFFFFFFFFFDFCFBD1A66FBA78253D
:10891000BA7825BA7825B97725B97724B97724B9F3
:108920007724B97724B97724B97724B97724B9772C
:1089300024B97724B97724B97724B97724B977246F
:10894000B97724B97724B97724B97724B97724B9CA
:108950007724B97724B97724B97724B97724B977FC
:1089600024CB9C60FFFFFFFFFFFFFFFFFFFFFFFF28
:10897000FFFFFFFFFFFFFDFBF8C0853AB97724B981
:108980007724B97724B97724B97724B97724B977CC
:1089900024B97724B97724FFFFFFFFFFFFFFFFFF14
:1089A000FFFFFFBA7928BA7928BA7928BA7928BAA4
:1089B0007928BA7928BA7928BA7928BA7928BA7977
:1089C00028BA7928BA7928BA7928BA7928BB7C2BB1
:1089D000DCBD95ECDBC5FDFBF8F0E3D3C89453BBDD
:1089E0007926BB7926BB7926BB7926BB7926BB794C
:1089F00026BB7926BB7926BB7926BB7926BB79268F
:108A0000BB7926BB7926BB7926BB7926BB7926BBE9
:108A10007926BB7926BB7926BB7926BA7825BA7820
:108A200025BA7825BA7825BA7825BA7825BA78256E
:108A3000D4AB78FFFFFFFFFFFFFFFFFFFFFFFFFF4C
:108A4000FFFFFFFFFFFCFAF7D8B588BC7A29BC7A94
:108A500029BC7A29BC7A29BC7A29BC7A29BC7A2912
:108A6000BC7A29BC7A28BB7926BB7926BB7926BB80
:108A70007926BB7926BB7926BB7926BB7926BB79BB
:108A800026BB7926C48B44D2A872DEBE97DEC19B7A
:108A9000D8B283CA9655BD7C2ABC7A27BC7A27BC3B
:108AA0007A27BC7A27BC7A27BC7A27BC7A27BC7A7B
:108AB00027BC7A27BC7A27BC7A27BC7A27BC7A27BE
:108AC000BC7A27BC7A27BC7A27BC7A27BC7A27BC19
:108AD0007A27BC7A27BC7A27BC7A27BC7A27C28738
:108AE0003DE2C9A9EEDEC9FFFFFFE0C39DC08235AC
:108AF000BC7A27BC7A27BC7A27BC7A27BB7926BBED
:108B00007926BB7926BB7926BB7926BB7926BB792A
:108B100026BB7926BB7926BB7926BB7926BB79266D
:108B2000BB7926BB7926BB7926BB7926BB7926BBC8
:108B30007926BB7926BB7926BB7926BB7926BB79FA
:108B400026E7D0B2FFFFFFFFFFFFFFFFFFFFFFFFA2
:108B5000FFFFFFFFFFFFF4E8DAC7924FBB7926BBA8
:108B60007926BB7926BB7926BC7B29DCBB90FFFF2D
:108B7000FEFFFFFFFFFFFFFFFFFFFFFFFFFFFFFF06
:108B8000FEFDFCCB9857BC7A27BC7A27BC7A27BC61
:108B90007A27BB7926BB7926BB7926BB7926BB7998
:108BA00026BB7926BB7926BB7926BB7926BB7926DD
:108BB000BB7926BB7926BB7926BB7926BB7926BB38
:108BC0007926BB7926BB7926BB7926BB7926BB796A
:108BD00026BB7926BB7926BC7C2ADFC19BFFFFFF21
:108BE000FFFFFFFFFFFFFFFFFFFFFFFFFFFFFFF89C
:108BF000F2EABB7A28BA7825BA7825BA7825BA7805
:108C000025BA7825FBF7F1FFFFFFFFFFFFFFFFFF0E
:108C1000FFFFFFFFFFFFFFFFFFDBBA90BA7926BA25
:108C20007825BA7825BA7825B97724B97724B97721
:108C300024B97724B97724B97724B97724B977246C
:108C4000B97724B97724B97724B97724B97724B9C7
:108C50007724B97724B97724B97724B97724B977F9
:108C600024B97724B97724B97724B97724BA792835
:108C7000D8B487FFFFFFFFFFFFFFFFFFFFFFFFFFEE
:108C8000FFFFFFFFFFFBF8F5B97725B97724B97728
:108C900024B97724B97724B97724B97724B977240C
:108CA000B97724B97724FFFFFFFFFFFFFFFFFFFF26
:108CB000FFFFBA7928BA7928BA7928BA7928BA7917
:108CC00028BA7928BA7928BA7928BA7928BA7928B5
:108CD000BA7928BA7928BC7E30DAB88DECD9C2FCD2
:108CE000F8F4FFFFFFFFFFFFFFFFFFD7B181BB7964
:108CF00026BB7926BB7926BB7926BB7926BB79268C
:108D0000BB7926BB7926BB7926BB7926BB7926BBE6
:108D10007926BB7926BB7926BB7926BB7926BB7918
:108D200026BB7926BB7926BB7926BA7825BA782561
:108D3000BA7825BA7825BA7825BA7825C99656F131
:108D4000E5D4FFFFFFFFFFFFFFFFFFFFFFFFFFFF78
:108D5000FFFFFFFFFBF7F2BF8236BC7A29BC7A29FE
:108D6000BC7A29BC7A29BC7A29BC7A29BC7A29BC6C
:108D70007A29BC7A28BB7926BB7926BB7926BB79B0
:108D800026BB7926BB7A27BB7926BD7D2CD5AD7B4A
:108D9000EAD7BFF1E3D1F6EEE4FBF7F3FBF8F5F821
:108DA000F2EAF2E6D7EDDCC5DFBF98BF8132BC7ACC
:108DB00027BC7A27BC7A27BC7A27BC7A27BC7A27BB
:108DC000BC7A27BC7A27BC7A27BC7A27BC7A27BC16
:108DD0007A27BC7A27BC7A27BC7A27BC7A27BC7A48
:108DE00027BC7A27BD7C29C78F4AE0C4A1EFE0CD1C
:108DF000FDFCFBFFFFFFFFFFFFFCFAF7C68E48BC40
:108E00007A27BC7A27BC7A27BC7A27BB7926BB791C
:108E100026BB7926BB7926BB7926BB7926BB79266A
:108E2000BB7926BB7926BB7926BB7926BB7926BBC5
:108E30007926BB7926BB7926BB7926BB7926BB79F7
:108E400026BB7926BB7926BB7926BB7926D4AA779F
:108E5000F7EFE6FFFFFFFFFFFFFFFFFFFFFFFFFF53
:108E6000FFFFFFFFFFECDCC7BB7926BB7926BB7990
:108E700026BB7926BB7926BB7A27C38940FDFCFB3C
:108E8000FFFFFFFFFFFFFFFFFFFFFFFFFFFFFFFFF2
:108E9000FFFFE3C9A8C3873CBC7A27BC7A27BC7A0A
:108EA00027BB7926BB7926BB7926BB7926BB7926D9
:108EB000BB7926BB7926BB7926BB7926BB7926BB35
:108EC0007926BB7926BB7926BB7926BB7926BB7967
:108ED00026BB7926BB7926BB7926BB7926BB7926AA
:108EE000BB7A27BB7926D0A46CF8F2EAFFFFFFFF1C
:108EF000FFFFFFFFFFFFFFFFFFFFFFFFFFFFF1E5AA
:108F0000D6BA7825BA7825BA7825BA7825BA7825D8
:108F1000BA7825ECDBC6FEFDFCFFFFFFFFFFFFFF7D
:108F2000FFFFFFFFFFFFFFFFF7F1E9CFA167BA786F
:108F300025BA7926BA7825B97724B97724B9772460
:108F4000B97724B97724B97724B97724B97724B9C4
:108F50007724B97724B97724B97724B97724B977F6
:108F600024B97724B97724B97724B97724B9772439
:108F7000B97724B97724B97825B97724CB9A5DF9E4
:108F8000F4EEFFFFFFFFFFFFFFFFFFFFFFFFFFFF0D
:108F9000FFFEFCFBE4CCAEB97724B97724B9772483
:108FA000B97724B97724B97724B97724B97724B964
:108FB0007724B87623FFFFFFFFFFFFFFFFFFFFFFD0
:108FC000FFBA7928BA7928BA7928BA7928BA7928DB
:108FD000BA7928BA7928BA7928BA7928BA7928BA10
:108FE0007928BA7928EAD5BCFAF7F2FFFFFFFFFF2C
:108FF000FFFFFFFFFFFFFFFFFFFFF3E8DAC9965611
:10900000BB7926BB7A27BB7926BB7926BB7926BBE1
:109010007926BB7926BB7926BB7926BB7926BB7915
:1090200026BB7926BB7926BB7926BB7926BB792658
:10903000BB7926BB7926BB7926BB7926BB7926BBB3
:109040007926BB7926BB7926BF8030E0C4A0FFFF1C
:10905000FFFFFFFFFFFFFFFFFFFFFFFFFFFFFFFF20
:10906000FFFFFFF3EADEBC7A29BC7A29BC7A29BC6F
:109070007A29BC7A29BC7A29BC7A29BC7A29BC7A9B
:1090800029BC7A28BB7926BB7926BB7926BB7926F1
:10909000BB7A27BB7926C48C46E6D0B5F8F1E9FF48
:1090A000FFFFFFFFFFFFFFFFFFFFFFFFFFFFFFFFD0
:1090B000FFFFFFFFFFFFFFFCF9F5EAD8C1CD9C5F82
:1090C000BC7A27BC7A27BC7A27BC7A27BC7A27BC13
:1090D0007A27BC7A27BC7A27BC7A27BC7A27BC7A45
:1090E00027BC7A27BC7A27BC7A27BC7A27BC7A2788
:1090F000BC7A27C18438EFE2D1FDFBFAFFFFFFFF06
:10910000FFFFFFFFFFFFFFFFFFFFFFEBDAC5C1849B
:1091100038BC7A27BC7B28BC7A27BB7926BB79264A
:10912000BB7926BB7926BB7926BB7926BB7926BBC2
:109130007926BB7926BB7926BB7926BB7926BB79F4
:1091400026BB7926BB7926BB7926BB7926BB792637
:10915000BB7926BB7926BB7926BF7F30EAD7BDFF16
:10916000FFFFFFFFFFFFFFFFFFFFFFFFFFFFFFFF0F
:10917000FFFBF8F3DCBD95BB7926BB7926BB7926CE
:10918000BB7926BB7926BB7926BB7926F5EEE4FFB1
:10919000FEFEFFFFFFFFFFFFFFFFFFFFFFFFFFFFE1
:1091A000FFFEFDFCCFA065BC7A27BC7A27BC7A27DE
:1091B000BB7926BB7926BB7926BB7926BB7926BB32
:1091C0007926BB7926BB7926BB7926BB7926BB7964
:1091D00026BB7926BB7926BB7926BB7926BB7926A7
:1091E000BB7926BB7926BB7926BB7926BB7926BB02
:1091F0007926C48A42E9D6BCFFFFFFFFFFFFFFFFCD
:10920000FFFFFFFFFFFFFFFFFFFFF9F3EBCB9C60CA
:10921000BA7825BA7825BA7825BA7825BA7825BAE1
:109220007825C68F4AFAF4EDFFFFFFFFFFFFFFFF2F
:10923000FFFFFFFFFFFFFFFFFFFFE6D0B4C1863C4B
:10924000BA7825BA7825B97724B97724B97724B9BB
:109250007724B97724B97724B97724B97724B977F3
:1092600024B97724B97724B97724B97724B9772436
:10927000B97724B97724B97724B97724B97724B991
:109280007724B97724B97724C1873EE8D2B7FFFFA6
:10929000FFFFFEFEFFFFFFFFFFFFFFFFFFFFFFFFE0
:1092A000FCFAF6C28940B97724B97724B97724B992
:1092B0007724B97724B97724B97724B97724B97793
:1092C00024B87623FFFFFFFFFFFFFFFFFFFFFFFF35
:1092D000BA7928BA7928BA7928BA7928BA7928BA0D
:1092E0007928BA7928BA7928BA7928BA7928BA793E
:1092F00028BA7928EEDECAFFFFFFFFFFFFFFFFFF5E
:10930000FFFFFFFFFFFFFFFFFFFFFFFFE8D3B9C332
:109310008A42BB7926BB7A27BB7926BB7926BB79E3
:1093200026BB7926BB7926BB7926BB7926BB792655
:10933000BB7926BB7926BB7926BB7926BB7926BBB0
:109340007926BB7926BB7926BB7926BB7926BB79E2
:1093500026BB7926BB7926D4AA77F8F2ECFFFFFF6B
:10936000FFFFFFFFFFFFFFFFFFFFFFFFFFFFFFFA12
:10937000F6F1CC9B5FBC7A29BC7A29BC7A29BC7AED
:1093800029BC7A29BC7A29BC7A29BC7A29BC7A29D9
:10939000BC7A28BB7926BB7926BB7926BB7A27BB4A
:1093A0007926C7914DEAD9C4FFFFFFFFFFFFFFFFFA
:1093B000FFFFFFFFFFFFFFFFFFFFFFFFFFFFFFFFBD
:1093C000FFFFFFFFFFFFFFFFFFFFFFFFF4E9DBCD24
:1093D0009B5CBD7B29BC7A27BC7A27BC7A27BC7AE8
:1093E00027BC7A27BC7A27BC7A27BC7A27BC7A2785
:1093F000BC7A27BC7A27BC7A27BC7A27BC7A27BCE0
:109400007A27C18439FAF7F4FFFFFFFFFFFFFFFF60
:10941000FFFFFFFFFFFFFFFFFFFFFFFFFFE1C6A40E
:10942000C08235BC7A27BC7A27BB7926BB7926BB9C
:109430007926BB7926BB7926BB7926BB7926BB79F1
:1094400026BB7926BB7926BB7926BB7926BB792634
:10945000BB7926BB7926BB7926BB7926BB7926BB8F
:109460007926BB7926BB7926DDBD94FCF9F5FFFF93
:10947000FFFFFFFFFFFFFFFFFFFFFFFFFFFFFFFFFC
:10948000F0E2D1C48A42BB7926BB7926BB7926BBE0
:109490007926BB7926BB7926BB7A27CE9F63FEFE51
:1094A000FDFFFFFFFFFFFFFFFFFFFFFFFFFFFFFFCE
:1094B000FFFFFFF0E2D0C7914DBC7A27BC7A27BBF3
:1094C0007926BB7926BB7926BB7926BB7926BB7961
:1094D00026BB7926BB7926BB7926BB7926BB7926A4
:1094E000BB7926BB7926BB7926BB7926BB7926BBFF
:1094F0007926BB7926BB7926BB7926BB7926BB7931
:1095000026DEBE95FDFCFAFFFFFFFFFFFFFFFFFF1A
:10951000FFFFFFFFFFFFFFFFFFF1E7DBBA7825BA90
:109520007825BA7825BA7825BA7825BA7825BA7810
:1095300025BA7825F2E7D9FFFFFFFFFFFFFFFFFF06
:10954000FFFFFFFFFFFFFFFFFFFDFBF8DAB78BBA5E
:109550007825BA7825B97724B97724B97724B977EB
:1095600024B97724B97724B97724B97724B9772433
:10957000B97724B97724B97724B97724B97724B98E
:109580007724B97724B97724B97724B97724B977C0
:1095900024B97724BA7826D8B588FDFDFCFFFFFFF3
:1095A000FFFFFFFFFFFFFFFFFFFFFFFFFFFFFFF3D7
:1095B000E8DBB97724B97724B97724B97724B97768
:1095C00024B97724B97724B97724B97724B97724D3
:1095D000B87623FFFFFFFFFFFFFFFFFFFFFFFFBA8C
:1095E0007928BA7928BA7928BA7928BA7928BA793B
:1095F00028BA7928BA7928BA7928BA7928BA79287C
:10960000BA7928C99657FAF7F3FFFFFFFFFFFFFF6C
:10961000FFFFFFFFFFFFFFFFFFFFFFFDFDFCE1C6B8
:10962000A3BF8134BB7926BB7A27BB7926BB7926B9
:10963000BB7926BB7926BB7926BB7926BB7926BBAD
:109640007926BB7926BB7926BB7926BB7926BB79DF
:1096500026BB7926BB7926BB7926BB7926BB792622
:10966000BB7926CD9D61F3E9DCFFFFFFFFFFFFFF24
:10967000FFFFFFFFFFFFFFFFFFFFFFFEFDFDEBDA38
:10968000C4BC7A29BC7A29BC7A29BC7A29BC7A293B
:10969000BC7A29BC7A29BC7A29BC7A29BC7A29BC33
:1096A0007A28BB7926BB7926BB7926BB7926C48A62
:1096B00041E7D0B4FFFFFFFFFFFFFFFFFFFFFFFF0A
:1096C000FFFFFFFFFFFFFFFFFFFFFFFFFFFFFFFFAA
:1096D000FFFFFFFFFFFFFFFFFFFFFFFFFFFFF2E5C1
:1096E000D5C68D46BC7A27BC7A27BC7A27BC7A2798
:1096F000BC7A27BC7A27BC7A27BC7A27BC7A27BCDD
:109700007A27BC7A27BC7A27BC7A27BC7A27BC7A0E
:1097100027BD7C2BD6AE7CFFFFFFFFFFFFFFFFFFC7
:10972000FFFFFFFFFFFFFFFFFFFFFFFFFEFDFCDA74
:10973000B78ABD7D2CBC7A27BB7A27BB7926BB793B
:1097400026BB7926BB7926BB7926BB7926BB792631
:10975000BB7926BB7926BB7926BB7926BB7926BB8C
:109760007926BB7926BB7926BB7926BB7926BB79BE
:1097700026BB7926D4AD7CF9F5F0FFFFFFFFFFFF94
:10978000FFFFFFFFFFFFFFFFFFFFFFFFFEFCFBE010
:10979000C4A0BB7926BB7926BB7926BB7926BB79C9
:1097A00026BB7926BB7926BB7926BB7926F3E8DB75
:1097B000FFFEFEFFFFFFFFFFFFFFFFFFFFFFFFFFBB
:1097C000FFFFFFFFFFE9D5BCC58B43BC7A27BB7AFF
:1097D00027BB7926BB7926BB7926BB7926BB7926A0
:1097E000BB7926BB7926BB7926BB7926BB7926BBFC
:1097F0007926BB7926BB7926BB7926BB7926BB792E
:1098000026BB7926BB7926BB7926BB7926D6AF7DC8
:10981000F9F2EBFFFFFFFFFFFFFFFFFFFFFFFFFF7F
:10982000FFFFFFFFFFFBF7F2D8B487BA7825BA78BD
:1098300025BA7825BA7825BA7825BA7825BA782550
:10984000BA7825D3AB79F9F5EFFFFFFFFFFFFFFFF4
:10985000FFFFFFFFFFFFFFFFFFFFFFF5EEE4D0A4D8
:109860006DBA7825B97724B97724B97724B97724E4
:10987000B97724B97724B97724B97724B97724B98B
:109880007724B97724B97724B97724B97724B977BD
:1098900024B97724B97724B97724B97724B9772400
:1098A000B97724D0A46CF6EEE4FFFFFFFFFFFFFFC3
:1098B000FFFFFFFFFFFFFFFFFFFFFFFBF8F5D0A556
:1098C0006FB97724B97724B97724B97724B9772485
:1098D000B97724B97724B97724B97724B97724B82C
:1098E0007623FFFFFFFFFFFFFFFFFFFFFFFFBA79B8
:1098F00028BA7928BA7928BA7928BA7928BA792879
:10990000BA7928BA7928BA7928BA7928BA7928BAD6
:109910007928BA7928E6D0B5FEFDFCFFFFFFFFFFEE
:10992000FFFFFFFFFFFFFFFFFFFFFFFFFFFAF6F163
:10993000E1C5A1C38940BB7926BB7926BB7926BB8B
:109940007926BB7926BB7926BB7926BB7926BB79DC
:1099500026BB7926BB7926BB7926BB7926BB79261F
:10996000BB7926BB7926BC7A27BC7A27BC7A27CE5E
:109970009F64F2E7D9FFFFFFFFFFFFFFFFFFFFFF3D
:10998000FFFFFFFFFFFFFFFFFFFFF7F2EBCE9D6141
:10999000BC7A29BC7A29BC7A29BC7A29BC7A29BC30
:1099A0007A29BC7A29BC7A29BC7A29BC7A29BC7A62
:1099B00028BB7926BB7926BB7926BB7926D8B2820B
:1099C000FEFDFCFFFFFFFFFFFFFFFFFFFFFFFFFFAD
:1099D000FFFFFFFFFFFFFFFFFFFFFFFFFFFFFFFF97
:1099E000FFFFFFFFFFFFFFFFFFFFFFFEFEFFFFFF89
:1099F000E8D2B6C18539BC7A27BC7A27BC7A27BCA5
:109A00007A27BC7A27BC7A27BC7A27BC7A27BC7A0B
:109A100027BC7A27BC7A27BC7A27BC7A27BC7A274E
:109A2000BC7A27BD7C2AF0E3D2FFFFFFFFFFFFFFD8
:109A3000FFFFFFFFFFFFFFFFFFFFFFFFFFFFF8F14B
:109A4000E9DBB78ABE7F2FBB7926BB7A27BB792695
:109A5000BB7926BB7926BB7926BB7926BB7926BB89
:109A60007926BB7926BB7926BB7926BB7926BB79BB
:109A700026BB7926BB7926BB7926BB7926BB7926FE
:109A8000D5AE7DFAF6F1FFFFFFFFFFFFFFFFFFFFFF
:109A9000FFFFFFFFFFFFFEFEFFFFFFF1E4D4C68ED6
:109AA00048BB7926BB7926BB7926BB7926BB7926AC
:109AB000BB7926BB7926BB7926BB7926D1A56EFD5D
:109AC000FBFAFFFFFFFFFFFFFFFFFFFFFFFFFFFFAF
:109AD000FFFFFFFFFFFFFFE7D2B8C48C44BB79262E
:109AE000BB7926BB7926BB7926BB7926BB7926BBF9
:109AF0007926BB7926BB7926BB7926BB7926BB792B
:109B000026BB7926BB7926BB7926BB7926BB79266D
:109B1000BB7A27BB7926BB7B29D6AE7BF8F1E8FF61
:109B2000FFFFFFFEFEFFFFFFFFFFFFFFFFFFFFFF47
:109B3000FFFFFFFFEEDFCCBC7B2ABA7825BA782581
:109B4000BA7825BA7825BA7825BA7825BA7825BAA8
:109B50007825BA7825ECDAC4FFFEFEFFFFFFFFFF91
:109B6000FFFFFFFFFFFFFFFFFEFEFFFFFFF3E9DD4B
:109B7000CFA168B97724B97724B97724B97724B904
:109B80007724B97724B97724B97724B97724B977BA
:109B900024B97724B97724B97724B97724B97724FD
:109BA000B97724B97724B97825B97724B97724CE41
:109BB000A169F2E7DAFFFFFFFFFEFEFFFFFFFFFFF5
:109BC000FFFFFFFFFFFFFFFDFDFCEBD9C3B97724CB
:109BD000B97724B97724B97724B97724B97724B928
:109BE0007724B97724B97724B97724B97724B8765C
:109BF00023FFFFFFFFFFFFFFFFFFFFFFFFBA7928F3
:109C0000BA7928BA7928BA7928BA7928BA7928BAD3
:109C10007928BA7928BA7928BA7928BA7928BA7904
:109C200028BA7928C58F4BF6EFE7FFFFFFFFFFFF4C
:109C3000FFFFFFFFFFFFFFFFFFFFFEFEFFFFFFFD38
:109C4000FCFAE8D3B8C99554BB7926BB7926BB7911
:109C500026BB7926BB7926BB7926BB7926BB79261C
:109C6000BB7926BB7926BB7926BB7926BB7926BB77
:109C70007926BB7926BC7A27BF8031D3A974F4EC4E
:109C8000E1FFFFFFFFFFFFFFFFFFFFFFFFFFFFFF02
:109C9000FFFFFFFFFFFFFDFBF9E2C7A7BC7A29BC6E
:109CA0007A29BC7A29BC7A29BC7A29BC7A29BC7A5F
:109CB00029BC7A29BC7A29BC7A29BC7A29BC7A28A1
:109CC000BB7926BB7926BB7926CA9858F1E3D1FF28
:109CD000FFFFFFFFFFFFFFFFFFFFFFFFFFFFFFFF94
:109CE000FFFFFFFFFFFFFFFFFFFFFFFFFFFFFFFF84
:109CF000FFFFFFFFFFFFFFFFFFFFFFFFFFFFFFFF74
:109D0000FFFFCFA066BC7A27BC7A27BC7A27BC7A33
:109D100027BC7A27BC7A27BC7A27BC7A27BC7A274B
:109D2000BC7A27BC7A27BC7A27BC7A27BC7A27BCA6
:109D30007A27BC7B28CD9C5FFFFFFFFFFFFFFFFF63
:109D4000FFFFFFFFFFFFFFFFFFFFFFFEFEFFFFFF25
:109D5000F9F4EDE2C6A3C2883FBB7926BB7926BBE6
:109D60007926BB7926BB7926BB7926BB7926BB79B8
:109D700026BB7926BB7926BB7926BB7926BB7926FB
:109D8000BB7926BB7926BB7926C38940D9B78BFA24
:109D9000F6F2FFFFFFFFFFFFFFFFFFFFFFFFFFFFE9
:109DA000FFFFFFFFFFFFFFF8F1E9D4AA75BB79269B
:109DB000BB7A27BB7926BB7926BB7926BB7926BB24
:109DC0007926BB7926BB7926BB7926BB7926E9D5CE
:109DD000BCFEFEFDFFFFFFFFFFFFFFFFFFFFFFFFDA
:109DE000FFFFFFFFFFFFFFFFFFEBD8C0C99452BB8F
:109DF0007926BB7926BB7926BB7926BB7926BB7928
:109E000026BB7926BB7926BB7926BB7926BB79266A
:109E1000BB7926BB7926BB7926BB7926BB7926BBC5
:109E20007926C1863AD9B689FAF5EFFFFFFFFFFE22
:109E3000FEFFFFFFFFFFFFFFFFFFFFFFFFFFFFFF33
:109E4000F7F1E9CDA067BA7825BA7825BA7825BAAE
:109E50007825BA7825BA7825BA7825BA7825BA78D7
:109E600025BA7825CC9B5EF7F1E9FFFFFFFFFFFFE6
:109E7000FFFFFFFFFFFFFFFFFFFFFFFFFFFFFFF5FC
:109E8000EDE3D3AA76BD7E2FB97724B97724B977CD
:109E900024B97724B97724B97724B97724B97724FA
:109EA000B97724B97724B97724B97724B97724B955
:109EB0007724B97724B97724BE8133D4AC7AF3EA16
:109EC000DEFFFFFFFFFEFEFFFFFFFFFFFFFFFFFFC5
:109ED000FFFFFFFFFFFFF9F4EEC99757B97724B9E9
:109EE0007724B97724B97724B97724B97724B97757
:109EF00024B97724B97724B97724B97724B876239D
:109F0000FFFFFFFFFFFFFFFFFFFFFFFFBA7928BA48
:109F10007928BA7928BA7928BA7928BA7928BA7901
:109F200028BA7928BA7928BA7928BA7928BA792842
:109F3000BA7928BA7928D5AF7FFBF9F5FFFFFFFF83
:109F4000FFFFFFFFFFFFFFFFFFFFFFFFFFFFFFFF21
:109F5000FFFFFFFFF1E5D6D2A66FC48C46BB792682
:109F6000BB7926BB7926BB7926BB7926BB7926BB74
:109F70007926BB7926BB7926BB7926BB7926BB79A6
:109F800026BC7A27CE9E62E1C49EFAF5F0FFFFFF61
:109F9000FFFFFFFFFFFFFFFFFFFFFFFFFFFFFFFFD1
:109FA000FFFFFFFFFFF0E3D2C58B43BC7A29BC7AE9
:109FB00029BC7A29BC7A29BC7A29BC7A29BC7A299D
:109FC000BC7A29BC7A29BC7A29BC7A29BC7A28BBFC
:109FD0007926BB7926BB7926E1C4A0FFFFFFFFFFEE
:109FE000FFFFFFFFFFFFFFFFFFFFFFFFFFFFFFFF81
:109FF000FFFFFFFFFFFFFFFFFFFFFFFFFFFFFFFF71
:10A00000FFFFFFFFFFFFFFFFFFFFFFFFFFFFFFFF60
:10A01000FFE2C7A4C2873BBC7A27BC7A27BC7A2759
:10A02000BC7A27BC7A27BC7A27BC7A27BC7A27BCA3
:10A030007A27BC7A27BC7A27BC7A27BC7A27BC7AD5
:10A0400027BC7A27BC7A27E4CCADFFFFFFFFFFFFD8
:10A05000FFFFFFFFFFFFFFFFFFFFFFFFFFFEFEFF12
:10A06000FFFFFFFFFFE9D4BACC9C60BF8134BB790E
:10A0700026BB7926BB7926BB7926BB7926BB7926F8
:10A08000BB7926BB7926BB7926BB7926BB7926BB53
:10A090007926BD7C2AD2A66FE6CFB1FFFFFFFFFF76
:10A0A000FFFFFFFFFFFFFFFFFFFFFFFFFFFFFFFFC0
:10A0B000FFFFFFFFFFFFDFC09ABB7926BB7926BBFE
:10A0C0007926BB7926BB7926BB7926BB7926BB7955
:10A0D00026BB7926BB7926BB7926BB7926C7914D4D
:10A0E000F6EEE4FFFFFFFFFFFFFFFFFFFFFFFFFFB5
:10A0F000FFFFFFFFFFFFFFFFFFFFFFF1E4D3D2A74A
:10A1000072C38940BB7926BB7926BB7926BB7926E9
:10A11000BB7926BB7926BB7926BB7926BB7926BBC2
:10A120007926BB7926BB7926BB7926BB7926D0A1B7
:10A1300068E6CEAFFBF9F6FFFFFFFFFEFEFFFFFF75
:10A14000FFFFFFFFFFFFFFFFFFFFFFFFFEFCFBDF47
:10A15000C29EBA7825BA7825BA7825BA7825BA7811
:10A1600025BA7825BA7825BA7825BA7825BA782517
:10A17000BB7926BA7825DCBC95FCF9F6FFFFFFFF1A
:10A18000FFFFFFFFFFFFFFFFFFFFFFFFFFFFFFFFDF
:10A19000FFFAF5F0E0C39ECA9A5DB97724B9772437
:10A1A000B97724B97724B97724B97724B97724B952
:10A1B0007724B97724B97724B97724B97724B97784
:10A1C00024B97724C99758E1C7A5FAF5F0FFFFFF36
:10A1D000FFFEFEFFFFFFFFFFFFFFFFFFFFFFFFFF91
:10A1E000FFFFFDFBF9DCBD96B97724B97724B97779
:10A1F00024B97724B97724B97724B97724B9772497
:10A20000B97724B97724B97724B97724B87623FFAE
:10A21000FFFFFFFFFFFFFFFFFFFFFFBB7A29BB7AB6
:10A2200029BB7A29BB7A29BB7A29BB7A29BB7A292F
:10A23000BB7A29BB7A29BB7A29BB7A29BB7A29BB8D
:10A240007A29BB7B2ABB7A28E2C5A1FEFDFCFFFF71
:10A25000FFFFFFFFFFFFFFFFFFFFFFFFFFFFFFFF0E
:10A26000FFFFFFFFFFFFFFFFFFE9D4B9D2A771CACD
:10A270009757C18539BC7A27BC7A27BC7A27BC7A24
:10A2800027BC7A27BC7A27BE7F2FC48A41CE9F6421
:10A29000D7B07EF8F2EBFFFFFFFFFFFFFFFFFFFFEE
:10A2A000FFFFFFFFFFFFFFFFFFFFFFFFFFFFFFFFBE
:10A2B000FFF6EDE3D1A671BC7A29BC7A29BC7A29D4
:10A2C000BC7A29BC7A29BC7A29BC7A29BC7A29BCF7
:10A2D0007A29BC7A29BC7A29BC7A29BC7A28BC7A2A
:10A2E00027BC7A27BC7A27E2C5A1FFFFFFFFFFFF4B
:10A2F000FFFFFFFFFFFFFFFFFFFFFFFFFFFFFFFF6E
:10A30000FFFFFFFFFFFFFFFFFFFFFFFFFFFFFFFF5D
:10A31000FFFFFFFFFFFFFFFFFFFFFFFFFFFFFFFF4D
:10A32000F4ECE1C99350BC7A27BC7A27BC7A27BCED
:10A330007A27BC7A27BC7A27BC7A27BC7A27BC7AD2
:10A3400027BC7A27BC7A27BC7A27BC7A27BC7A2715
:10A35000BC7A27BC7A27BE7E2EEBDAC3FFFFFFFF55
:10A36000FFFFFFFFFFFFFFFFFFFFFFFFFFFFFFFFFD
:10A37000FFFFFFFFFFFFFFF9F3ECE1C29DD1A46BEC
:10A38000C89350BF8134BC7A27BC7A27BC7A27BCDB
:10A390007A27BC7A27BC7A27C08234C68D46D1A5DD
:10A3A0006DDBB88BFEFDFDFFFFFFFFFFFFFFFFFF33
:10A3B000FFFFFFFFFFFFFFFFFFFFFFFFFFFFFFFFAD
:10A3C000FFFFEBD8C2C8924FBC7A27BC7A27BC7A71
:10A3D00027BC7A27BC7A27BC7A27BC7A27BC7A2785
:10A3E000BC7A27BC7A27BC7A27BC7A27BC7A27D6C6
:10A3F000AF7EFBF9F6FFFFFFFFFFFFFFFFFFFFFF51
:10A40000FFFFFFFFFFFFFFFFFFFFFFFFFFFDFBFA67
:10A41000E6CEB0D2A56CC8924EBF8030BC7A27BCC5
:10A420007A27BC7A27BC7A27BC7A27BC7A27BC7AE1
:10A4300027BC7A27C3883DCD9E61D7B07FFCFAF751
:10A44000FFFFFFFFFFFFFFFFFFFFFFFFFFFFFFFF1C
:10A45000FFFFFFFFFFFFFFFFFFFFFFE9D5BCC38941
:10A4600040BB7926BB7926BB7926BB7926BB7926EA
:10A47000BB7926BB7926BB7926BB7926BB7926BB5F
:10A480007926BB7926BD7E2EE8D2B7FFFFFFFFFFFE
:10A49000FFFFFFFFFFFFFFFFFFFFFFFFFFFFFFFFCC
:10A4A000FFFFFFFFFFFFF5EEE4D4AB78CB995BC075
:10A4B0008337BA7825BA7825BA7825BA7825BA7854
:10A4C00025BA7825BA7825BA7825BF8235CA985A30
:10A4D000D3AA77F3EADFFFFFFFFFFFFFFFFFFFFFD6
:10A4E000FFFFFFFFFFFFFFFFFFFFFFFFFFFFFFFE7D
:10A4F000FEE8D3B8BA7826B97724B97724B9772497
:10A50000B97724B97724B97724B97724B97724B9EE
:10A510007724B97724B97724B97724B97724FFFF52
:10A52000FFFFFFFFFFFFFFFFFFFFBB7A29BB7A2979
:10A53000BB7A29BB7A29BB7A29BB7A29BB7A29BB8A
:10A540007A29BB7A29BB7A29BB7A29BB7A29BB7ABB
:10A5500029BB7A29BB7A28BE7E2DE7CEB0FEFEFD50
:10A56000FFFFFFFFFFFFFFFFFFFFFFFFFFFFFFFFFB
:10A57000FFFFFFFFFFFFFFFFFFFFFFFFFFFFF3E80E
:10A58000DAE1C4A0D5AC77CEA065CE9F63CE9E6243
:10A59000CE9F64CFA066DAB78AE6CDAEFAF8F5FFB3
:10A5A000FFFFFFFFFFFFFFFFFFFFFFFFFFFFFFFFBB
:10A5B000FFFFFFFFFFFFFFFFFFFFFFFFFFF8F2EBD3
:10A5C000D5AD7DBC7A29BC7B2ABC7A29BC7A29BC52
:10A5D0007A29BC7A29BC7A29BC7A29BC7A29BC7A26
:10A5E00029BC7A29BC7A29BC7A29BC7A28BC7A276A
:10A5F000BC7A27BD7B29E5CBABFFFFFFFFFFFFFF49
:10A60000FFFFFFFFFFFFFFFFFFFFFFFFFFFFFFFF5A
:10A61000FFFFFFFFFFFFFFFFFFFFFFFFFFFFFFFF4A
:10A62000FFFFFFFFFFFFFFFFFFFFFFFFFFFFFFFC3D
:10A63000FBFACB9858BC7A27BC7A27BC7A27BC7A1D
:10A6400027BC7A27BC7A27BC7A27BC7A27BC7A2712
:10A65000BC7A27BC7A27BC7A27BC7A27BC7A27BC6D
:10A660007A27BC7A27BC7A27C68F4AEDDDC9FFFF5F
:10A67000FFFFFFFFFFFFFFFFFFFFFFFFFFFFFFFFEA
:10A68000FFFFFFFFFEFEFFFFFFFFFFFFFFFFFFEEED
:10A69000DFCCDEBE95D3A770CE9F63CE9F63CE9EE8
:10A6A00062CE9F64D0A36BDEBE95E9D4B9FFFFFFF5
:10A6B000FFFFFFFFFFFFFFFFFFFFFFFFFFFFFFFFAA
:10A6C000FFFFFFFFFFFFFFFFFFFFFFFFFFFFF0E4C4
:10A6D000D4CB995ABC7A27BC7B28BC7A27BC7A2772
:10A6E000BC7A27BC7A27BC7A27BC7A27BC7A27BCDD
:10A6F0007A27BC7A27BC7A27BC7A27BC7B28BC7A0D
:10A7000027E0C4A0FDFBFAFFFFFFFFFFFFFFFFFFF5
:10A71000FFFFFFFFFFFFFFFFFFFFFFFFFFFFFFFF49
:10A72000FFFFFFFFFFEDDDC8DCB98DCF9F63CD9C40
:10A7300060CB995ACA9756CC9959CC9A5CCE9F63F4
:10A74000D2A771E3C8A6F9F5EFFFFFFFFFFFFFFFF8
:10A75000FFFFFFFFFFFFFFFFFFFFFFFFFFFFFFFF09
:10A76000FFFFFFFFFFFFFFEFE0CDCA9757BB792642
:10A77000BB7A27BB7926BB7926BB7926BB7926BB5A
:10A780007926BB7926BB7926BB7926BB7926BB798E
:10A7900026BB7926BB7926CA9757EEDFCCFFFFFF91
:10A7A000FFFFFFFFFFFFFFFFFFFFFFFFFFFFFFFFB9
:10A7B000FFFFFFFFFFFFFFFFFFFFFFF5EEE4E0C33A
:10A7C0009ECEA066CD9D61CB995BCA9757C9965620
:10A7D000CA985ACD9D61CFA167DEC09AF5EDE3FF1F
:10A7E000FFFFFFFFFFFFFFFFFFFFFFFFFFFFFFFF79
:10A7F000FFFFFFFFFFFFFFFFFFFFFFFFFFEEDECBCF
:10A80000C48E4AB97724B97724B97724B97724B9A3
:10A810007724B97724B97724B97724B97724B9771D
:10A8200024B97724B97724B97724B97724FFFFFFB7
:10A83000FFFFFFFFFFFFFFFFFFBB7A29BB7A29BBAA
:10A840007A29BB7A29BB7A29BB7A29BB7A29BB7AB8
:10A8500029BB7A29BB7A29BB7A29BB7A29BB7A29F9
:10A86000BB7A29BB7A28BC7A27C2873DE7D0B3FDE3
:10A87000FDFCFFFFFFFFFFFFFFFFFFFFFFFFFFFFED
:10A88000FFFFFFFFFFFFFFFFFFFFFFFFFFFFFFFFD8
:10A89000FFFFFFFFFFFFFFFFFFFFFFFFFFFFFFFFC8
:10A8A000FFFFFFFFFFFFFFFFFFFFFFFFFFFFFFFFB8
:10A8B000FFFFFFFFFFFFFFFFFFFFFFFFFFFFFFFFA8
:10A8C000FFFFFFFFFFFFFFFFFFF8F3ECD8B385BCEE
:10A8D0007A29BC7B2ABC7A29BC7A29BC7A29BC7A21
:10A8E00029BC7A29BC7A29BC7A29BC7A29BC7A2964
:10A8F000BC7A29BC7A29BC7A29BC7A28BC7A27BCC4
:10A900007A27C08234E7D0B3FFFFFFFFFFFFFFFFCE
:10A91000FFFFFFFFFFFFFFFFFFFFFFFFFFFFFFFF47
:10A92000FFFFFFFFFFFFFFFFFFFFFFFFFFFFFFFF37
:10A93000FFFFFFFFFFFFFFFFFFFFFFFFFFFFFFFF27
:10A94000FFCB995BBC7A27BC7A27BC7A27BC7A27D5
:10A95000BC7A27BC7A27BC7A27BC7A27BC7A27BC6A
:10A960007A27BC7A27BC7A27BC7A27BC7A27BC7A9C
:10A9700027BC7A27BC7A27BC7A27C68E48EEDFCC64
:10A98000FFFFFFFFFFFFFFFFFFFFFFFFFFFFFFFFD7
:10A99000FFFFFFFFFFFFFFFFFFFFFFFFFFFFFFFFC7
:10A9A000FFFFFFFFFFFFFFFFFFFFFFFFFFFFFFFFB7
:10A9B000FFFFFFFFFFFFFFFFFFFFFFFFFFFFFFFFA7
:10A9C000FFFFFFFFFFFFFFFFFFFFFFFFFFFFFFFF97
:10A9D000FFFFFFFFFFFFFFFFFFFFF3EADFCE9F63F5
:10A9E000BC7A27BC7B28BC7A27BC7A27BC7A27BCD8
:10A9F0007A27BC7A27BC7A27BC7A27BC7A27BC7A0C
:10AA000027BC7A27BC7A27BC7A27BC7A27BC7A274E
:10AA1000BC7A27E0C4A1FBFAF8FFFFFFFFFFFFFFAE
:10AA2000FFFFFFFFFFFFFFFFFFFFFFFFFFFFFFFF36
:10AA3000FFFFFFFFFFFFFFFFFFFFFFFFFFFCFBFA32
:10AA4000F7F2EAF5EDE3F6F0E8FAF7F2FFFFFFFFC1
:10AA5000FFFFFFFFFFFFFFFFFFFFFFFFFFFFFFFF06
:10AA6000FFFFFFFFFFFFFFFFFFFFFFFFFFFFFFFFF6
:10AA7000FFFFFFF2E6D7CD9F65BB7926BB7A27BBE8
:10AA80007926BB7926BB7926BB7926BB7926BB798B
:10AA900026BB7926BB7926BB7926BB7926BB7926CE
:10AAA000BB7926BB7A27BB7926CE9F64F1E5D5FF1B
:10AAB000FFFFFFFFFFFFFFFFFFFFFFFFFFFFFFFFA6
:10AAC000FFFFFFFFFFFFFFFFFFFFFFFFFFFFFFFF96
:10AAD000FFFFFFFFFFFFF9F5EFF6F0E8F7F0E8F909
:10AAE000F5EFFFFFFFFFFFFFFFFFFFFFFFFFFFFF90
:10AAF000FFFFFFFFFFFFFFFFFFFFFFFFFFFFFFFF66
:10AB0000FFFFFFFFFFFFFFFFFFF1E4D5CC9C61B922
:10AB10007724B97825B97724B97724B97724B97718
:10AB200024B97724B97724B97724B97724B977245D
:10AB3000B97724B97724B97724B97724FFFFFFFFC9
:10AB4000FFFFFFFFFFFFFFFFBB7A29BB7A29BB7A1C
:10AB500029BB7A29BB7A29BB7A29BB7A29BB7A29F6
:10AB6000BB7A29BB7A29BB7A29BB7A29BB7A29BB54
:10AB70007A29BB7A28BC7A27BC7A27C2863AE2C8EF
:10AB8000A7FCF9F6FFFFFFFFFFFFFFFFFFFFFFFF3F
:10AB9000FFFFFFFFFFFFFFFFFFFFFFFFFFFFFFFFC5
:10ABA000FFFFFFFFFFFFFFFFFFFFFFFFFFFFFFFFB5
:10ABB000FFFFFFFFFFFFFFFFFFFFFFFFFFFFFFFFA5
:10ABC000FFFFFFFFFFFFFFFFFFFFFFFFFFFFFFFF95
:10ABD000FFFFFFFFFFF6EFE6D5AE7EBC7A29BC7B18
:10ABE0002ABC7A29BC7A29BC7A29BC7A29BC7A2960
:10ABF000BC7A29BC7A29BC7A29BC7A29BC7A29BCBE
:10AC00007A29BC7A29BC7A29BC7A28BC7A27BC7AF2
:10AC100027BE7F2FE6CEAFFFFFFFFFFFFFFFFFFF47
:10AC2000FFFFFFFFFFFFFFFFFFFFFFFFFFFFFFFF34
:10AC3000FFFFFFFFFFFFFFFFFFFFFFFFFFFFFFFF24
:10AC4000FFFFFFFFFFFFFFFFFFFFFFFFFFFDFDFD1A
:10AC5000CB9859BC7A27BC7A27BC7A27BC7A27BC08
:10AC60007A27BC7A27BC7A27BC7A27BC7A27BC7A99
:10AC700027BC7A27BC7A27BC7A27BC7A27BC7A27DC
:10AC8000BC7A27BC7A27BC7A27BC7A27C58D47ECCB
:10AC9000DCC8FEFEFEFFFFFFFFFFFFFFFFFFFFFF21
:10ACA000FFFFFFFFFFFFFFFFFFFFFFFFFFFFFFFFB4
:10ACB000FFFFFFFFFFFFFFFFFFFFFFFFFFFFFFFFA4
:10ACC000FFFFFFFFFFFFFFFFFFFFFFFFFFFFFFFF94
:10ACD000FFFFFFFFFFFFFFFFFFFFFFFFFFFFFFFF84
:10ACE000FFFFFFFEFDFCF3E9DCCC9A5BBC7A27BCDE
:10ACF0007B28BC7A27BC7A27BC7A27BC7A27BC7A07
:10AD000027BC7A27BC7A27BC7A27BC7A27BC7A274B
:10AD1000BC7A27BC7A27BC7A27BC7A27BC7A27BCA6
:10AD20007A27BC7A27E0C39EFBF8F4FFFFFFFFFF02
:10AD3000FFFFFFFFFFFFFFFFFFFFFFFFFFFFFFFF23
:10AD4000FFFFFFFFFFFFFFFFFFFFFFFFFFFFFFFF13
:10AD5000FFFFFFFFFFFFFFFFFFFFFFFFFFFFFFFF03
:10AD6000FFFFFFFFFFFFFFFFFFFFFFFFFFFFFFFFF3
:10AD7000FFFFFFFFFFFFFFFFFFFFFFFFFFFEFEF2F2
:10AD8000E7D8D0A36BBB7926BB7A27BB7926BB79E2
:10AD900026BB7926BB7926BB7926BB7926BB7926CB
:10ADA000BB7926BB7926BB7926BB7926BB7926BB26
:10ADB0007926BB7926BB7A27BB7926D0A46CF1E52E
:10ADC000D6FEFEFEFFFFFFFFFFFFFFFFFFFFFFFFBF
:10ADD000FFFFFFFFFFFFFFFFFFFFFFFFFFFFFFFF83
:10ADE000FFFFFFFFFFFFFFFFFFFFFFFFFFFFFFFF73
:10ADF000FFFFFFFFFFFFFFFFFFFFFFFFFFFFFFFF63
:10AE0000FFFFFFFFFFFFFFFFFFFFFFFFFFFFFFFF52
:10AE1000FFFFFEFEFEF0E4D3D1A56EB97724B9782A
:10AE200025B97724B97724B97724B97724B9772459
:10AE3000B97724B97724B97724B97724B97724B9B5
:10AE40007724B97724B97724B97724FFFFFFFFFF70
:10AE5000FFFFFFFFFFFFFFBB7A29BB7A29BB7A29DF
:10AE6000BB7A29BB7A29BB7A29BB7A29BB7A29BB51
:10AE70007A29BB7A29BB7A29BB7A29BB7A29BB7A82
:10AE800029BB7A28BC7A27BC7A27BC7A27BC7A27C8
:10AE9000DEBD93FAF5EFFFFFFFFFFFFFFFFFFFFFB0
:10AEA000FFFFFFFFFFFFFFFFFFFFFFFFFFFFFFFFB2
:10AEB000FFFFFFFFFFFFFFFFFFFFFFFFFFFFFFFFA2
:10AEC000FFFFFFFFFFFFFFFFFFFFFFFFFFFFFFFF92
:10AED000FFFFFFFFFFFFFFFFFFFFFFFFFFFFFDFC87
:10AEE000FAEFE1CFCFA066BC7A29BC7B2ABC7A29D5
:10AEF000BC7A29BC7A29BC7A29BC7A29BC7A29BCBB
:10AF00007A29BC7A29BC7A29BC7A29BC7A29BC7AEC
:10AF100029BC7A29BC7A29BC7A28BC7A27BC7A2732
:10AF2000BC7A27E3C8A5FFFFFFFFFFFFFFFFFFFF7E
:10AF3000FFFFFFFFFFFFFFFFFFFFFFFFFFFFFFFF21
:10AF4000FFFFFFFFFFFFFFFFFFFFFFFFFFFFFFFF11
:10AF5000FFFFFFFFFFFFFFFFFFFFFFFFF8F3ECC95D
:10AF60009553BC7A27BC7A27BC7A27BC7A27BC7A4F
:10AF700027BC7A27BC7A27BC7A27BC7A27BC7A27D9
:10AF8000BC7A27BC7A27BC7A27BC7A27BC7A27BC34
:10AF90007A27BC7A27BC7A27BC7A27BC7A27C28852
:10AFA0003EE7D2B8FAF7F2FFFFFFFFFFFFFFFFFF18
:10AFB000FFFFFFFFFFFFFFFFFFFFFFFFFFFFFFFFA1
:10AFC000FFFFFFFFFFFFFFFFFFFFFFFFFFFFFFFF91
:10AFD000FFFFFFFFFFFFFFFFFFFFFFFFFFFFFFFF81
:10AFE000FFFFFFFFFFFFFFFFFFFFFFFFFFFFFFFA76
:10AFF000F6F2E8D4BAC68D46BC7A27BC7B28BC7A68
:10B0000027BC7A27BC7A27BC7A27BC7A27BC7A2748
:10B01000BC7A27BC7A27BC7A27BC7A27BC7A27BCA3
:10B020007A27BC7A27BC7A27BC7A27BC7A27BC7AD5
:10B0300027BC7A27BC7A27DBB98EF6EFE5FEFDFD4B
:10B04000FFFFFFFFFFFFFFFFFFFFFFFFFFFFFFFF10
:10B05000FFFFFFFFFFFFFFFFFFFFFFFFFFFFFFFF00
:10B06000FFFFFFFFFFFFFFFFFFFFFFFFFFFFFFFFF0
:10B07000FFFFFFFFFFFFFFFFFFFFFFFFFFFFFFFFE0
:10B08000FFFFFFFFFFFFFFFFFCF9F6EBD7BFCB97FA
:10B0900056BB7926BB7A27BB7926BB7926BB792696
:10B0A000BB7926BB7926BB7926BB7926BB7926BB23
:10B0B0007926BB7926BB7926BB7926BB7926BB7955
:10B0C00026BB7926BB7926BB7A27BB7926CA975738
:10B0D000EBD8C0FCFAF8FFFFFFFFFFFFFFFFFFFF09
:10B0E000FFFFFFFFFFFFFFFFFFFFFFFFFFFFFFFF70
:10B0F000FFFFFFFFFFFFFFFFFFFFFFFFFFFFFFFF60
:10B10000FFFFFFFFFFFFFFFFFFFFFFFFFFFFFFFF4F
:10B11000FFFFFFFFFFFFFFFFFFFFFFFFFFFFFBFA48
:10B12000F8E8D5BEC99757B97724B97825B97724F7
:10B13000B97724B97724B97724B97724B97724B9B2
:10B140007724B97724B97724B97724B97724B977E4
:10B1500024B97724B97724B97724FFFFFFFFFFFFD5
:10B16000FFFFFFFFFFFFBB7A29BB7A29BB7A29BB10
:10B170007A29BB7A29BB7A29BB7A29BB7A29BB7A7F
:10B1800029BB7A29BB7A29BB7A29BB7A29BB7A29C0
:10B19000BB7A28BC7A27BC7A27BC7A27BC7A27BC22
:10B1A0007A27D1A56DEFE0CEFCF9F6FFFFFFFFFF98
:10B1B000FFFFFFFFFFFFFFFFFFFFFFFFFFFFFFFF9F
:10B1C000FFFFFFFFFFFFFFFFFFFFFFFFFFFFFFFF8F
:10B1D000FFFFFFFFFFFFFFFFFFFFFFFFFFFFFFFF7F
:10B1E000FFFFFFFFFFFFFFFFFFFFFBF8F4E2C6A337
:10B1F000C3873BBC7A27BC7B2ABC7A29BC7A29BC92
:10B200007A29BC7A29BC7A29BC7A29BC7A29BC7AE9
:10B2100029BC7A29BC7A29BC7A29BC7A29BC7A292A
:10B22000BC7A29BC7A29BC7A28BC7A27BC7A27BC8C
:10B230007A27E1C39EFFFFFFFFFFFFFFFFFFFFFF36
:10B24000FFFFFFFFFFFFFFFFFFFFFFFFFFFFFFFF0E
:10B25000FFFFFFFFFFFFFFFFFFFFFFFFFFFFFFFFFE
:10B26000FFFFFFFFFFFFFFFFFFFFFFEDDAC4C58D0C
:10B2700045BC7A27BC7A27BC7A27BC7A27BC7A27B8
:10B28000BC7A27BC7A27BC7A27BC7A27BC7A27BC31
:10B290007A27BC7A27BC7A27BC7A27BC7A27BC7A63
:10B2A00027BC7A27BC7A27BC7A27BC7A27BC7A27A6
:10B2B000BC7A27D9B688F4E9DBFEFDFCFFFFFFFF6F
:10B2C000FFFFFFFFFFFFFFFFFFFFFFFFFFFFFFFF8E
:10B2D000FFFFFFFFFFFFFFFFFFFFFFFFFFFFFFFF7E
:10B2E000FFFFFFFFFFFFFFFFFFFFFFFFFFFFFFFF6E
:10B2F000FFFFFFFFFFFFFFFFFDFBF9F8F4EED7B103
:10B3000081BD7D2BBC7A27BC7B28BC7A27BC7A27E1
:10B31000BC7A27BC7A27BC7A27BC7A27BC7A27BCA0
:10B320007A27BC7A27BC7A27BC7A27BC7A27BC7AD2
:10B3300027BC7A27BC7A27BC7A27BC7A27BC7A2715
:10B34000BC7A27BC7B28BC7A27CC9A5BEBD9C3FBA1
:10B35000FAF8FFFFFFFFFFFFFFFFFFFFFFFFFFFF09
:10B36000FFFFFFFFFFFFFFFFFFFFFFFFFFFFFFFFED
:10B37000FFFFFFFFFFFFFFFFFFFFFFFFFFFFFFFFDD
:10B38000FFFFFFFFFFFFFFFFFFFFFFFFFFFFFFFFCD
:10B39000FFFFFEFEF9F6F1DBBA91BE7F2FBC7A27E4
:10B3A000BB7A27BB7926BB7926BB7926BB7926BB1E
:10B3B0007926BB7926BB7926BB7926BB7926BB7952
:10B3C00026BB7926BB7926BB7926BB7926BB792695
:10B3D000BB7926BB7926BB7926BB7A27BB7926BFEA
:10B3E0008031DEBF99FAF7F4FFFFFFFFFFFFFFFF99
:10B3F000FFFFFFFFFFFFFFFFFFFFFFFFFFFFFFFF5D
:10B40000FFFFFFFFFFFFFFFFFFFFFFFFFFFFFFFF4C
:10B41000FFFFFFFFFFFFFFFFFFFFFFFFFFFFFFFF3C
:10B42000FFFFFFFFFFFFFFFFFEFEF9F5F0DEC09A12
:10B43000BC7D2DBA7825B97825B97724B97724B998
:10B440007724B97724B97724B97724B97724B977E1
:10B4500024B97724B97724B97724B97724B9772424
:10B46000B97724B97724B97724FFFFFFFFFFFFFFE7
:10B47000FFFFFFFFFFBB7A29BB7A29BB7A29BB7A82
:10B4800029BB7A29BB7A29BB7A29BB7A29BB7A29BD
:10B49000BB7A29BB7A29BB7A29BB7A29BB7A29BB1B
:10B4A0007A28BC7A27BC7A27BC7A27BC7A27BC7A50
:10B4B00027BC7A27BC7A27DCBA8FFAF7F4FCF9F5B7
:10B4C000FFFFFFFFFFFFFFFFFFFFFFFFFFFFFFFF8C
:10B4D000FFFFFFFFFFFFFFFFFFFFFFFFFFFFFFFF7C
:10B4E000FFFFFFFFFFFFFFFFFFFFFFFFFFFFFFFF6C
:10B4F000FEFDFCFCF8F4F1E4D4CE9E62BC7A27BCDD
:10B500007A27BC7A27BC7A29BC7A29BC7A29BC7AEA
:10B5100029BC7A29BC7A29BC7A29BC7A29BC7A2927
:10B52000BC7A29BC7A29BC7A29BC7A29BC7A29BC84
:10B530007A29BC7A29BC7A28BC7A27BC7A27BC7ABB
:10B5400027D7B486FBF9F7FFFFFFFFFFFFFFFFFFE1
:10B55000FFFFFFFFFFFFFFFFFFFFFFFFFFFFFFFFFB
:10B56000FFFFFFFFFFFFFFFFFFFFFFFFFFFFFFFFEB
:10B57000FFFFFFFFFFFFFFFFFFFFD6AE7BBE7E2D6D
:10B58000BC7A27BC7A27BC7A27BC7A27BC7A27BC2E
:10B590007A27BC7A27BC7A27BC7A27BC7A27BC7A60
:10B5A00027BC7A27BC7A27BC7A27BC7A27BC7A27A3
:10B5B000BC7A27BC7A27BC7A27BC7A27BC7A27BCFE
:10B5C0007A27BC7A27BE7F30E5CEB1FAF6F0FDFBD4
:10B5D000F9FFFFFFFFFFFFFFFFFFFFFFFFFFFFFF81
:10B5E000FFFFFFFFFFFFFFFFFFFFFFFFFFFFFFFF6B
:10B5F000FFFFFFFFFFFFFFFFFFFFFFFFFFFFFFFF5B
:10B60000FFFEFCFBFCF8F2E6CFB2C2863ABC7A271A
:10B61000BC7A27BC7A27BC7A27BC7A27BC7A27BC9D
:10B620007A27BC7A27BC7A27BC7A27BC7A27BC7ACF
:10B6300027BC7A27BC7A27BC7A27BC7A27BC7A2712
:10B64000BC7A27BC7A27BC7A27BC7A27BC7A27BC6D
:10B650007A27BC7A27BC7B28BC7A27BC7A27DDBD39
:10B6600095FAF6F0FDFAF7FFFFFFFFFFFFFFFFFF80
:10B67000FFFFFFFFFFFFFFFFFFFFFFFFFFFFFFFFDA
:10B68000FFFFFFFFFFFFFFFFFFFFFFFFFFFFFFFFCA
:10B69000FFFFFFFFFFFFFFFFFFFFFEFDFDFCF9F5D2
:10B6A000EFE0CECB9859BC7A27BC7A27BC7A27BB6F
:10B6B0007926BB7926BB7926BB7926BB7926BB794F
:10B6C00026BB7926BB7926BB7926BB7926BB792692
:10B6D000BB7926BB7926BB7926BB7926BB7926BBED
:10B6E0007926BB7926BB7926BB7926BB7926BB791F
:10B6F00026BB7926CE9F64F2E6D8FCF9F5FEFEFE65
:10B70000FFFFFFFFFFFFFFFFFFFFFFFFFFFFFFFF49
:10B71000FFFFFFFFFFFFFFFFFFFFFFFFFFFFFFFF39
:10B72000FFFFFFFFFFFFFFFFFFFFFFFFFFFFFFFF29
:10B73000FFFEFEFCFAF6EFE0CDCD9E62BA7825BAA8
:10B740007825BA7825B97724B97724B97724B977D9
:10B7500024B97724B97724B97724B97724B9772421
:10B76000B97724B97724B97724B97724B97724B97C
:10B770007724B97724B97724FFFFFFFFFFFFFFFF8E
:10B78000FFFFFFFFBB7A29BB7A29BB7A29BB7A2945
:10B79000BB7A29BB7A29BB7A29BB7A29BB7A29BB18
:10B7A0007A29BB7A29BB7A29BB7A29BB7A29BB7A49
:10B7B00028BC7A27BC7A27BC7A27BC7A27BC7A2790
:10B7C000BC7A27BC7A27BC7A27BD7C2AD7B080F404
:10B7D000EDE4F9F6F1FEFCF9FEFDFCFFFFFFFFFFD3
:10B7E000FFFFFFFFFFFFFFFFFFFFFFFFFFFFFFFF69
:10B7F000FFFFFFFFFEFEFEFCFBFDFAF7F8F3EDEDA9
:10B80000DDC8C99451BC7A27BC7A27BC7A27BC7A98
:10B8100027BC7A27BC7A29BC7A29BC7A29BC7A2928
:10B82000BC7A29BC7A29BC7A29BC7A29BC7A29BC81
:10B830007A29BC7A29BC7A29BC7A29BC7A29BC7AB3
:10B8400029BC7A29BC7A28BC7A27BC7A27BC7A27FB
:10B85000BC7A27DDBE97FFFFFFFFFFFFFFFFFFFF63
:10B86000FFFFFFFFFFFFFFFFFFFFFFFFFFFFFFFFE8
:10B87000FFFFFFFFFFFFFFFFFFFFFFFFFFFFFFFFD8
:10B88000FFFFFFFFFFFFFAF7F3C7904BBC7A27BC1F
:10B890007A27BC7A27BC7A27BC7A27BC7A27BC7A5D
:10B8A00027BC7A27BC7A27BC7A27BC7A27BC7A27A0
:10B8B000BC7A27BC7A27BC7A27BC7A27BC7A27BCFB
:10B8C0007A27BC7A27BC7A27BC7A27BC7A27BC7A2D
:10B8D00027BC7A27BC7A27BC7A27BF8132E1C5A171
:10B8E000F8F3ECFAF7F3FDFCFAFEFEFDFFFFFFFFB5
:10B8F000FFFFFFFFFFFFFFFFFFFFFFFFFFFFFFFF58
:10B90000FFFFFFFFFEFEFDFDFCFAFCF9F6F6F0E896
:10B91000E8D3B9C08235BC7A27BC7A27BC7A27BC69
:10B920007A27BC7A27BC7A27BC7A27BC7A27BC7ACC
:10B9300027BC7A27BC7A27BC7A27BC7A27BC7A270F
:10B94000BC7A27BC7A27BC7A27BC7A27BC7A27BC6A
:10B950007A27BC7A27BC7A27BC7A27BC7A27BC7A9C
:10B9600027BC7A27BC7A27BC7A27BC7A27BC7A27DF
:10B97000BE7E2EDCBA90F8F3EDFBF8F5FEFCFBFE84
:10B98000FEFEFFFFFFFFFFFFFFFFFFFFFFFFFFFFC9
:10B99000FFFFFFFFFFFFFFFFFFFFFFFFFFFFFFFFB7
:10B9A000FEFEFDFEFCF9F8F5F0EFE2D2C99655BCBB
:10B9B0007A27BC7A27BC7A27BC7A27BC7A27BB793E
:10B9C00026BB7926BB7926BB7926BB7926BB79268F
:10B9D000BB7926BB7926BB7926BB7926BB7926BBEA
:10B9E0007926BB7926BB7926BB7926BB7926BB791C
:10B9F00026BB7926BB7926BB7926BB7926BB79265F
:10BA0000BB7926BB7926BB7926CC9A5DF2E8DBFAB6
:10BA1000F7F2FDFBF9FEFEFDFFFFFFFFFFFFFFFF5B
:10BA2000FFFFFFFFFFFFFFFFFFFFFFFFFFFFFFFF26
:10BA3000FFFFFFFFFFFFFEFEFDFDFBF9FAF7F2F24D
:10BA4000E7D9CC9D61BA7825BA7825BA7825BA7835
:10BA500025BA7825B97724B97724B97724B977241A
:10BA6000B97724B97724B97724B97724B97724B979
:10BA70007724B97724B97724B97724B97724B977AB
:10BA800024B97724B97724FFFFFFFFFFFFFFFFFFF3
:10BA9000FFFFFFBD7B28BD7B28BD7B28BD7B28BD6C
:10BAA0007B28BD7B28BD7B28BD7B28BD7B28BD7B3B
:10BAB00028BD7B28BD7B28BD7B28BD7B28BD7B287E
:10BAC000BD7B28BD7B28BD7B28BD7B28BD7B28BDD9
:10BAD0007B28BD7B28BD7B28BD7B28BD7B28BD7B0B
:10BAE00028C3883DDBB88CEBD9C3F5EEE5FDFBF947
:10BAF000FDFBF8FDFBF9FDFBF9FDFBF9FDFBF8FA99
:10BB0000F7F3F2E7D9E6CEB0D2A66FBE7E2EBC7AAE
:10BB100027BC7A27BC7A27BC7A27BC7A27BC7A272D
:10BB2000BC7A27BD7B28BD7B28BD7B28BD7B28BD7B
:10BB30007B28BD7B28BD7B28BD7B28BD7B28BD7BAA
:10BB400028BD7B28BD7B28BD7B28BD7B28BD7B28ED
:10BB5000BD7B28BD7B28BD7B28BD7B28BD7B28BD48
:10BB60007B28D0A167F4E9DCFFFFFFFFFFFFFFFFA9
:10BB7000FFFFFFFFFFFFFFFFFFFFFFFFFFFFFFFFD5
:10BB8000FFFFFFFFFFFFFFFFFFFFFFFFFFFFFFFFC5
:10BB9000FFFFFFFFFFCF9E61BD7C29BD7B28BD7BE2
:10BBA00028BC7A27BC7A27BC7A27BC7A27BC7A279C
:10BBB000BC7A27BC7A27BC7A27BD7B28BD7B28BDF1
:10BBC0007B28BD7B28BD7B28BD7B28BD7B28BD7B1A
:10BBD00028BD7B28BD7B28BD7B28BD7B28BD7B285D
:10BBE000BD7B28BD7B28BD7B28BD7B28BD7B28BDB8
:10BBF0007B28CA9552E0C19BEFE0CEF7F1EAFBF952
:10BC0000F7FEFCF9FDFBF9FDFBF9FDFBF9FDFBF887
:10BC1000F8F4EFF1E3D2E2C6A2CD9B5BBD7B28BD79
:10BC20007B28BD7B28BD7B28BD7B28BD7B28BD7BB9
:10BC300028BD7B28BD7B28BD7B28BD7B28BD7B28FC
:10BC4000BD7B28BD7B28BD7B28BD7B28BD7B28BD57
:10BC50007B28BD7B28BD7B28BD7B28BD7B28BD7B89
:10BC600028BD7B28BD7B28BD7B28BD7B28BD7B28CC
:10BC7000BD7B28BD7B28BD7B28BD7B28BD7B28BD27
:10BC80007B28BC7A27BC7B28CC9A5BE5CCAEF4EB56
:10BC9000E1FBF9F6FDFBF9FDFCFAFDFCFAFDFCFA0F
:10BCA000FDFCFAFDFCFAFDFBF9FDFBF9F8F5F0ED02
:10BCB000DECBDCB88BC18335BD7B28BD7B28BD7B4B
:10BCC00028BD7B28BD7B28BD7B28BD7B28BD7B286C
:10BCD000BD7B28BD7B28BD7B28BD7B28BD7B28BDC7
:10BCE0007B28BD7B28BC7A27BC7A27BC7A27BC7A04
:10BCF00027BC7A27BC7A27BC7A27BC7A27BB79264F
:10BD0000BB7926BB7926BB7926BB7926BB7926BBB6
:10BD10007926BB7926BB7926BB7926BB7926C286D4
:10BD20003BDCBC93F0E3D2F9F6F2FDFBF9FCFBF946
:10BD3000FDFCFAFDFCFAFDFCFAFDFCFAFCFBF9FD4A
:10BD4000FBF9FAF7F3EFE2D2DDBC94C2873DBB7991
:10BD500026BB7926BB7926BB7926BB7926BB7926FB
:10BD6000BB7926BA7825BA7825BA7825BA7825BA63
:10BD70007825BA7825BA7825BA7825BA7825BA7898
:10BD800025BA7825BA7825BA7825BA7825BA7825DB
:10BD9000BA7825B97724FFFFFFFFFFFFFFFFFFFF02
:10BDA000FFFFBD7B28BD7B28BD7B28BD7B28BD7BDD
:10BDB00028BD7B28BD7B28BD7B28BD7B28BD7B287B
:10BDC000BD7B28BD7B28BD7B28BD7B28BD7B28BDD6
:10BDD0007B28BD7B28BD7B28BD7B28BD7B28BD7B08
:10BDE00028BD7B28BD7B28BD7B28BD7B28BD7B284B
:10BDF000BD7B28BD7B28BD7B28BD7B28BF7E2DC495
:10BE00008A40C58D47C99451C68D46C28539BC7AD2
:10BE100027BC7A27BC7A27BC7A27BC7A27BC7A272A
:10BE2000BC7A27BC7A27BC7A27BC7A27BC7A27BC85
:10BE30007A27BD7B28BD7B28BD7B28BD7B28BD7BA9
:10BE400028BD7B28BD7B28BD7B28BD7B28BD7B28EA
:10BE5000BD7B28BD7B28BD7B28BD7B28BD7B28BD45
:10BE60007B28BD7B28BD7B28BD7B28BD7B28BD7B77
:10BE700028BD7B28D5AB77FAF7F3FFFFFFFFFFFF65
:10BE8000FFFFFFFFFFFFFFFFFFFFFFFFFFFFFFFFC2
:10BE9000FFFFFFFFFFFFFFFFFFFFFFFFFFFFFFFFB2
:10BEA000FFDEBC92C18234BD7B28BD7B28BD7B28D0
:10BEB000BC7A27BC7A27BC7A27BC7A27BC7A27BCF5
:10BEC0007A27BC7A27BC7A27BD7B28BD7B28BD7B1F
:10BED00028BD7B28BD7B28BD7B28BD7B28BD7B285A
:10BEE000BD7B28BD7B28BD7B28BD7B28BD7B28BDB5
:10BEF0007B28BD7B28BD7B28BD7B28BD7B28BD7BE7
:10BF000028BD7B28BD7B28BD7B28BD7B28C0823314
:10BF1000C58B42C8924DCA9451C68D45C28437BD67
:10BF20007B28BD7B28BD7B28BD7B28BD7B28BD7BB6
:10BF300028BD7B28BD7B28BD7B28BD7B28BD7B28F9
:10BF4000BD7B28BD7B28BD7B28BD7B28BD7B28BD54
:10BF50007B28BD7B28BD7B28BD7B28BD7B28BD7B86
:10BF600028BD7B28BD7B28BD7B28BD7B28BD7B28C9
:10BF7000BD7B28BD7B28BD7B28BD7B28BD7B28BD24
:10BF80007B28BD7B28BD7B28BD7B28BD7B28BD7B56
:10BF900028BC7A27BC7A27BC7A27BC7A27BC7A27A8
:10BFA000C08133C99452CD9C5ED0A065D1A268D027
:10BFB000A267CE9E61CC9A5AC78E47BD7B28BD7BB7
:10BFC00028BD7B28BD7B28BD7B28BD7B28BD7B2869
:10BFD000BD7B28BD7B28BD7B28BD7B28BD7B28BDC4
:10BFE0007B28BD7B28BD7B28BD7B28BD7B28BD7BF6
:10BFF00028BD7B28BC7A27BC7A27BC7A27BC7A2745
:10C00000BC7A27BC7A27BC7A27BC7A27BB7926BBA7
:10C010007926BB7926BB7926BB7926BB7926BB79E5
:10C0200026BB7926BB7926BB7926BB7926BB792628
:10C03000BB7926BB7926BC7B29C68F49CB995ACDC3
:10C040009D61CFA066CFA167CE9E62CB995AC58D68
:10C0500047BB7A28BB7926BB7926BB7926BB7926D4
:10C06000BB7926BB7926BB7926BB7926BB7926BB53
:10C070007926BA7825BA7825BA7825BA7825BA7893
:10C0800025BA7825BA7825BA7825BA7825BA7825D8
:10C09000BA7825BA7825BA7825BA7825BA7825BA33
:10C0A0007825B97724FFFFFFFFFFFFFFFFFFFFFFAA
:10C0B000FFBD7B28BD7B28BD7B28BD7B28BD7B28A1
:10C0C000BD7B28BD7B28BD7B28BD7B28BD7B28BDD3
:10C0D0007B28BD7B28BD7B28BD7B28BD7B28BD7B05
:10C0E00028BD7B28BD7B28BD7B28BD7B28BD7B2848
:10C0F000BD7B28BD7B28BD7B28BD7B28BD7B28BDA3
:10C100007B28BD7B28BD7B28BD7B28BD7B28BC7AD6
:10C1100027BC7A27BC7B28BC7A27BC7A27BC7A2725
:10C12000BC7A27BC7A27BC7A27BC7A27BC7A27BC82
:10C130007A27BC7A27BC7A27BC7A27BC7A27BC7AB4
:10C1400027BD7B28BD7B28BD7B28BD7B28BD7B28E8
:10C15000BD7B28BD7B28BD7B28BD7B28BD7B28BD42
:10C160007B28BD7B28BD7B28BD7B28BD7B28BD7B74
:10C1700028BD7B28BD7B28BD7B28BD7B28BD7B28B7
:10C18000BD7B28BD7B28D5AD7AFFFFFFFFFFFFFFFA
:10C19000FFFFFFFFFFFFFFFFFFFFFFFFFFFFFFFFAF
:10C1A000FFFFFFFFFFFFFFFFFFFFFFFFFFDDBB9173
:10C1B000C08233BD7B28BD7B28BD7B28BD7B28BCCE
:10C1C0007A27BC7A27BC7A27BC7A27BC7A27BC7A24
:10C1D00027BC7A27BC7A27BD7B28BD7B28BD7B285E
:10C1E000BD7B28BD7B28BD7B28BD7B28BD7B28BDB2
:10C1F0007B28BD7B28BD7B28BD7B28BD7B28BD7BE4
:10C2000028BD7B28BD7B28BD7B28BD7B28BD7B2826
:10C21000BD7B28BD7B28BD7B28BD7B28BD7B28BD81
:10C220007B28BC7B28BD7C29BD7B28BD7B28BD7BB2
:10C2300028BD7B28BD7B28BD7B28BD7B28BD7B28F6
:10C24000BD7B28BD7B28BD7B28BD7B28BD7B28BD51
:10C250007B28BD7B28BD7B28BD7B28BD7B28BD7B83
:10C2600028BD7B28BD7B28BD7B28BD7B28BD7B28C6
:10C27000BD7B28BD7B28BD7B28BD7B28BD7B28BD21
:10C280007B28BD7B28BD7B28BD7B28BD7B28BD7B53
:10C2900028BD7B28BD7B28BD7B28BD7B28BD7B2896
:10C2A000BC7A27BC7A27BC7A27BC7A27BC7A27BC01
:10C2B0007A27BC7B28BC7B28BD7C29BD7C29BD7C22
:10C2C00029BD7C29BD7C29BD7B28BD7B28BD7B2861
:10C2D000BD7B28BD7B28BD7B28BD7B28BD7B28BDC1
:10C2E0007B28BD7B28BD7B28BD7B28BD7B28BD7BF3
:10C2F00028BD7B28BD7B28BD7B28BD7B28BD7B2836
:10C30000BD7B28BC7A27BC7A27BC7A27BC7A27BC9D
:10C310007A27BC7A27BC7A27BC7A27BB7926BB79D7
:10C3200026BB7926BB7926BB7926BB7926BB792625
:10C33000BB7926BB7926BB7926BB7926BB7926BB80
:10C340007926BB7926BB7926BB7926BB7A27BB7AAF
:10C3500027BB7A27BB7A27BB7A27BB7A27BB7926EC
:10C36000BB7926BB7926BB7926BB7926BB7926BB50
:10C370007926BB7926BB7926BB7926BB7926BB7982
:10C3800026BA7825BA7825BA7825BA7825BA7825D4
:10C39000BA7825BA7825BA7825BA7825BA7825BA30
:10C3A0007825BA7825BA7825BA7825BA7825BA7862
:10C3B00025B97724FFFFFFFFFFFFFFFFFFFFFFFF10
:10C3C000BD7B28BD7B28BD7B28BD7B28BD7B28BDD0
:10C3D0007B28BD7B28BD7B28BD7B28BD7B28BD7B02
:10C3E00028BD7B28BD7B28BD7B28BD7B28BD7B2845
:10C3F000BD7B28BD7B28BD7B28BD7B28BD7B28BDA0
:10C400007B28BD7B28BD7B28BD7B28BD7B28BD7BD1
:10C4100028BD7B28BD7B28BD7B28BD7B28BD7B2814
:10C42000BD7B28BD7B28BD7B28BD7B28BD7B28BD6F
:10C430007B28BD7B28BD7B28BD7B28BD7B28BD7BA1
:10C4400028BD7B28BD7B28BD7B28BD7B28BD7B28E4
:10C45000BD7B28BD7B28BD7B28BD7B28BD7B28BD3F
:10C460007B28BD7B28BD7B28BD7B28BD7B28BD7B71
:10C4700028BD7B28BD7B28BD7B28BD7B28BD7B28B4
:10C48000BD7B28BD7B28BD7B28BD7B28BD7B28BD0F
:10C490007B28BD7B28BD7B28C68D46E4C8A6FFFF50
:10C4A000FFFFFFFFFFFFFFFFFFFFFFFFFFFFFFFF9C
:10C4B000FFFFFFFFFFFFF3EADEC48940BE7D2BBD17
:10C4C0007B28BD7B28BD7B28BD7B28BD7B28BD7B11
:10C4D00028BD7B28BD7B28BD7B28BD7B28BD7B2854
:10C4E000BD7B28BD7B28BD7B28BD7B28BD7B28BDAF
:10C4F0007B28BD7B28BD7B28BD7B28BD7B28BD7BE1
:10C5000028BD7B28BD7B28BD7B28BD7B28BD7B2823
:10C51000BD7B28BD7B28BD7B28BD7B28BD7B28BD7E
:10C520007B28BD7B28BD7B28BD7B28BD7B28BD7BB0
:10C5300028BD7B28BD7B28BD7B28BD7B28BD7B28F3
:10C54000BD7B28BD7B28BD7B28BD7B28BD7B28BD4E
:10C550007B28BD7B28BD7B28BD7B28BD7B28BD7B80
:10C5600028BD7B28BD7B28BD7B28BD7B28BD7B28C3
:10C57000BD7B28BD7B28BD7B28BD7B28BD7B28BD1E
:10C580007B28BD7B28BD7B28BD7B28BD7B28BD7B50
:10C5900028BD7B28BD7B28BD7B28BD7B28BD7B2893
:10C5A000BD7B28BD7B28BD7B28BD7B28BD7B28BDEE
:10C5B0007B28BD7B28BD7B28BD7B28BD7B28BD7B20
:10C5C00028BD7B28BD7B28BD7B28BD7B28BD7B2863
:10C5D000BD7B28BD7B28BD7B28BD7B28BD7B28BDBE
:10C5E0007B28BD7B28BD7B28BD7B28BD7B28BD7BF0
:10C5F00028BD7B28BD7B28BD7B28BD7B28BD7B2833
:10C60000BD7B28BD7B28BD7B28BD7B28BD7B28BD8D
:10C610007B28BC7A27BC7A27BC7A27BC7A27BC7ACD
:10C6200027BC7A27BC7A27BC7A27BC7A27BC7A2712
:10C63000BC7A27BC7A27BC7A27BC7A27BC7A27BC6D
:10C640007A27BC7A27BB7926BB7926BB7926BB79AA
:10C6500026BB7926BB7926BB7926BB7926BB7926F2
:10C66000BB7926BB7926BB7926BB7926BB7926BB4D
:10C670007926BB7926BB7926BB7926BB7926BB797F
:10C6800026BB7926BB7926BB7926BB7926BB7926C2
:10C69000BA7825BA7825BA7825BA7825BA7825BA2D
:10C6A0007825BA7825BA7825BA7825BA7825BA785F
:10C6B00025BA7825BA7825BA7825BA7825BA7825A2
:10C6C000B97724FFFFFFFFFFFFFFFFFFFFFFFFBD65
:10C6D0007B28BD7B28BD7B28BD7B28BD7B28BD7BFF
:10C6E00028BD7B28BD7B28BD7B28BD7B28BD7B2842
:10C6F000BD7B28BD7B28BD7B28BD7B28BD7B28BD9D
:10C700007B28BD7B28BD7B28BD7B28BD7B28BD7BCE
:10C7100028BD7B28BD7B28BD7B28BD7B28BD7B2811
:10C72000BD7B28BD7B28BD7B28BD7B28BD7B28BD6C
:10C730007B28BD7B28BD7B28BD7B28BD7B28BD7B9E
:10C7400028BD7B28BD7B28BD7B28BD7B28BD7B28E1
:10C75000BD7B28BD7B28BD7B28BD7B28BD7B28BD3C
:10C760007B28BD7B28BD7B28BD7B28BD7B28BD7B6E
:10C7700028BD7B28BD7B28BD7B28BD7B28BD7B28B1
:10C78000BD7B28BD7B28BD7B28BD7B28BD7B28BD0C
:10C790007B28BD7B28BD7B28BD7B28BD7B28BD7B3E
:10C7A00028BD7B28BD7B28BD7C29BF7F2EC4893F47
:10C7B000D3A973E4CAAAEAD6BDEBD8C0E7CFB2DCEE
:10C7C000BA8EC78F48C18234BD7B28BD7B28BD7B14
:10C7D00028BD7B28BD7B28BD7B28BD7B28BD7B2851
:10C7E000BD7B28BD7B28BD7B28BD7B28BD7B28BDAC
:10C7F0007B28BD7B28BD7B28BD7B28BD7B28BD7BDE
:10C8000028BD7B28BD7B28BD7B28BD7B28BD7B2820
:10C81000BD7B28BD7B28BD7B28BD7B28BD7B28BD7B
:10C820007B28BD7B28BD7B28BD7B28BD7B28BD7BAD
:10C8300028BD7B28BD7B28BD7B28BD7B28BD7B28F0
:10C84000BD7B28BD7B28BD7B28BD7B28BD7B28BD4B
:10C850007B28BD7B28BD7B28BD7B28BD7B28BD7B7D
:10C8600028BD7B28BD7B28BD7B28BD7B28BD7B28C0
:10C87000BD7B28BD7B28BD7B28BD7B28BD7B28BD1B
:10C880007B28BD7B28BD7B28BD7B28BD7B28BD7B4D
:10C8900028BD7B28BD7B28BD7B28BD7B28BD7B2890
:10C8A000BD7B28BD7B28BD7B28BD7B28BD7B28BDEB
:10C8B0007B28BD7B28BD7B28BD7B28BD7B28BD7B1D
:10C8C00028BD7B28BD7B28BD7B28BD7B28BD7B2860
:10C8D000BD7B28BD7B28BD7B28BD7B28BD7B28BDBB
:10C8E0007B28BD7B28BD7B28BD7B28BD7B28BD7BED
:10C8F00028BD7B28BD7B28BD7B28BD7B28BD7B2830
:10C90000BD7B28BD7B28BD7B28BD7B28BD7B28BD8A
:10C910007B28BD7B28BD7B28BD7B28BD7B28BD7BBC
:10C9200028BC7A27BC7A27BC7A27BC7A27BC7A270E
:10C93000BC7A27BC7A27BC7A27BC7A27BC7A27BC6A
:10C940007A27BC7A27BC7A27BC7A27BC7A27BC7A9C
:10C9500027BC7A27BB7926BB7926BB7926BB7926EB
:10C96000BB7926BB7926BB7926BB7926BB7926BB4A
:10C970007926BB7926BB7926BB7926BB7926BB797C
:10C9800026BB7926BB7926BB7926BB7926BB7926BF
:10C99000BB7926BB7926BB7926BB7926BB7926BA1B
:10C9A0007825BA7825BA7825BA7825BA7825BA785C
:10C9B00025BA7825BA7825BA7825BA7825BA78259F
:10C9C000BA7825BA7825BA7825BA7825BA7825B9FB
:10C9D0007724FFFFFFFFFFFFFFFFFFFFFFFFBD7B90
:10C9E00028BD7B28BD7B28BD7B28BD7B28BD7B283F
:10C9F000BD7B28BD7B28BD7B28BD7B28BD7B28BD9A
:10CA00007B28BD7B28BD7B28BD7B28BD7B28BD7BCB
:10CA100028BD7B28BD7B28BD7B28BD7B28BD7B280E
:10CA2000BD7B28BD7B28BD7B28BD7B28BD7B28BD69
:10CA30007B28BD7B28BD7B28BD7B28BE7C29BE7C96
:10CA400029BE7C29BE7C29BE7C29BE7C29BE7C29CE
:10CA5000BE7C29BE7C29BE7C29BE7C29BE7C29BE29
:10CA60007C29BE7C29BE7C29BE7C29BE7C29BD7B5D
:10CA700028BD7B28BD7B28BD7B28BD7B28BD7B28AE
:10CA8000BD7B28BD7B28BD7B28BD7B28BD7B28BD09
:10CA90007B28BD7B28BD7B28BD7B28BD7B28BD7B3B
:10CAA00028BD7B28BD7B28BD7B28BD7B28BD7B287E
:10CAB000BD7B28BD7B28BD7B28BD7B28BD7B28BFD7
:10CAC0007E2DC08233C18335C18335C18234BF809E
:10CAD00030BD7B28BD7B28BD7B28BD7B28BD7B2846
:10CAE000BD7B28BD7B28BD7B28BD7B28BE7C29BEA5
:10CAF0007C29BE7C29BE7C29BE7C29BE7C29BE7CCB
:10CB000029BE7C29BD7B28BD7B28BD7B28BD7B2819
:10CB1000BD7B28BD7B28BD7B28BD7B28BD7B28BD78
:10CB20007B28BD7B28BD7B28BD7B28BD7B28BD7BAA
:10CB300028BD7B28BD7B28BD7B28BD7B28BD7B28ED
:10CB4000BD7B28BD7B28BD7B28BD7B28BD7B28BD48
:10CB50007B28BD7B28BD7B28BD7B28BD7B28BD7B7A
:10CB600028BD7B28BD7B28BD7B28BD7B28BD7B28BD
:10CB7000BD7B28BD7B28BD7B28BD7B28BD7B28BD18
:10CB80007B28BD7B28BD7B28BD7B28BD7B28BD7B4A
:10CB900028BD7B28BD7B28BD7B28BD7B28BD7B288D
:10CBA000BD7B28BD7B28BD7B28BD7B28BD7B28BDE8
:10CBB0007B28BD7B28BD7B28BD7B28BD7B28BD7B1A
:10CBC00028BD7B28BD7B28BD7B28BD7B28BE7C295A
:10CBD000BE7C29BE7C29BE7C29BE7C29BE7C29BEA8
:10CBE0007C29BE7C29BD7B28BD7B28BD7B28BD7BE5
:10CBF00028BD7B28BD7B28BD7B28BD7B28BD7B282D
:10CC0000BD7B28BD7B28BD7B28BD7B28BD7B28BD87
:10CC10007B28BD7B28BD7B28BD7B28BD7B28BD7BB9
:10CC200028BD7B28BD7B28BD7B28BD7B28BD7B28FC
:10CC3000BC7A27BC7A27BC7A27BC7A27BC7A27BC67
:10CC40007A27BC7A27BC7A27BD7B28BD7B28BD7B91
:10CC500028BD7B28BD7B28BD7B28BD7B28BD7B28CC
:10CC6000BC7A27BB7926BB7926BB7926BB7926BB44
:10CC70007926BB7926BB7926BB7926BB7926BB7979
:10CC800026BB7926BB7926BB7926BB7926BB7926BC
:10CC9000BB7926BB7926BB7926BB7926BB7926BB17
:10CCA0007926BB7926BB7926BB7926BB7926BA784B
:10CCB00025BA7825BA7825BA7825BA7825BA78259C
:10CCC000BA7825BA7825BA7825BA7825BA7825BAF7
:10CCD0007825BA7825BA7825BA7825BA7825B9772B
:10CCE00024FFFFFFFFFFFFFFFFFFFFFFFFBD7B28CC
:10CCF000BD7B28BD7B28BD7B28BD7B28BD7B28BD97
:10CD00007B28BD7B28BD7B28BD7B28BD7B28BD7BC8
:10CD100028BD7B28BD7B28BD7B28BD7B28BD7B280B
:10CD2000BD7B28BD7B28BD7B28BD7B28BD7B28BD66
:10CD30007B28BD7B28BD7B28BD7B28BD7B28BD7B98
:10CD400028BD7B28BD7B28BD7B28BE7C29BE7C29D5
:10CD5000BE7C29BE7C29BE7C29BE7C29BE7C29BE26
:10CD60007C29BE7C29BE7C29BE7C29BE7C29BE7C58
:10CD700029BE7C29BE7C29BE7C29BE7C29BD7B289E
:10CD8000BD7B28BD7B28BD7B28BD7B28BD7B28BD06
:10CD90007B28BD7B28BD7B28BD7B28BD7B28BD7B38
:10CDA00028BD7B28BD7B28BD7B28BD7B28BD7B287B
:10CDB000BD7B28BD7B28BD7B28BD7B28BD7B28BDD6
:10CDC0007B28BD7B28BD7B28BD7B28BD7B28BD7B08
:10CDD00028BD7B28BD7B28BD7B28BD7B28BD7B284B
:10CDE000BD7B28BD7B28BD7B28BD7B28BD7B28BDA6
:10CDF0007B28BD7B28BD7B28BD7B28BE7C29BE7CD3
:10CE000029BE7C29BE7C29BE7C29BE7C29BE7C290A
:10CE1000BE7C29BD7B28BD7B28BD7B28BD7B28BD72
:10CE20007B28BD7B28BD7B28BD7B28BD7B28BD7BA7
:10CE300028BD7B28BD7B28BD7B28BD7B28BD7B28EA
:10CE4000BD7B28BD7B28BD7B28BD7B28BD7B28BD45
:10CE50007B28BD7B28BD7B28BD7B28BD7B28BD7B77
:10CE600028BD7B28BD7B28BD7B28BD7B28BD7B28BA
:10CE7000BD7B28BD7B28BD7B28BD7B28BD7B28BD15
:10CE80007B28BD7B28BD7B28BD7B28BD7B28BD7B47
:10CE900028BD7B28BD7B28BD7B28BD7B28BD7B288A
:10CEA000BD7B28BD7B28BD7B28BD7B28BD7B28BDE5
:10CEB0007B28BD7B28BD7B28BD7B28BD7B28BD7B17
:10CEC00028BD7B28BD7B28BD7B28BD7B28BD7B285A
:10CED000BD7B28BD7B28BD7B28BD7B28BE7C29BEB1
:10CEE0007C29BE7C29BE7C29BE7C29BE7C29BE7CD7
:10CEF00029BE7C29BD7B28BD7B28BD7B28BD7B2826
:10CF0000BD7B28BD7B28BD7B28BD7B28BD7B28BD84
:10CF10007B28BD7B28BD7B28BD7B28BD7B28BD7BB6
:10CF200028BD7B28BD7B28BD7B28BD7B28BD7B28F9
:10CF3000BD7B28BD7B28BD7B28BD7B28BD7B28BC55
:10CF40007A27BC7A27BC7A27BC7A27BC7A27BC7A96
:10CF500027BC7A27BC7A27BD7B28BD7B28BD7B28D0
:10CF6000BD7B28BD7B28BD7B28BD7B28BD7B28BC25
:10CF70007A27BB7926BB7926BB7926BB7926BB7974
:10CF800026BB7926BB7926BB7926BB7926BB7926B9
:10CF9000BB7926BB7926BB7926BB7926BB7926BB14
:10CFA0007926BB7926BB7926BB7926BB7926BB7946
:10CFB00026BB7926BB7926BB7926BB7926BA78258C
:10CFC000BA7825BA7825BA7825BA7825BA7825BAF4
:10CFD0007825BA7825BA7825BA7825BA7825BA7826
:10CFE00025BA7825BA7825BA7825BA7825B977246C
:10CFF000FFFFFFFFFFFFFFFFFFFFFFFFBD7B28BD20
:10D000007B28BD7B28BD7B28BD7B28BD7B28BD7BC5
:10D0100028BD7B28BD7B28BD7B28BD7B28BD7B2808
:10D02000BD7B28BD7B28BD7B28BD7B28BD7B28BD63
:10D030007B28BD7B28BD7B28BD7B28BD7B28BD7B95
:10D0400028BD7B28BD7B28BD7B28BD7B28BD7B28D8
:10D05000BD7B28BD7B28BD7B28BE7C29BE7C29BE2C
:10D060007C29BE7C29BE7C29BE7C29BE7C29BE7C55
:10D0700029BE7C29BE7C29BE7C29BE7C29BE7C2998
:10D08000BE7C29BE7C29BE7C29BE7C29BD7B28BDF7
:10D090007B28BD7B28BD7B28BD7B28BD7B28BD7B35
:10D0A00028BD7B28BD7B28BD7B28BD7B28BD7B2878
:10D0B000BD7B28BD7B28BD7B28BD7B28BD7B28BDD3
:10D0C0007B28BD7B28BD7B28BD7B28BD7B28BD7B05
:10D0D00028BD7B28BD7B28BD7B28BD7B28BD7B2848
:10D0E000BD7B28BD7B28BD7B28BD7B28BD7B28BDA3
:10D0F0007B28BD7B28BD7B28BD7B28BD7B28BD7BD5
:10D1000028BD7B28BD7B28BD7B28BE7C29BE7C2911
:10D11000BE7C29BE7C29BE7C29BE7C29BE7C29BE62
:10D120007C29BD7B28BD7B28BD7B28BD7B28BD7BA2
:10D1300028BD7B28BD7B28BD7B28BD7B28BD7B28E7
:10D14000BD7B28BD7B28BD7B28BD7B28BD7B28BD42
:10D150007B28BD7B28BD7B28BD7B28BD7B28BD7B74
:10D1600028BD7B28BD7B28BD7B28BD7B28BD7B28B7
:10D17000BD7B28BD7B28BD7B28BD7B28BD7B28BD12
:10D180007B28BD7B28BD7B28BD7B28BD7B28BD7B44
:10D1900028BD7B28BD7B28BD7B28BD7B28BD7B2887
:10D1A000BD7B28BD7B28BD7B28BD7B28BD7B28BDE2
:10D1B0007B28BD7B28BD7B28BD7B28BD7B28BD7B14
:10D1C00028BD7B28BD7B28BD7B28BD7B28BD7B2857
:10D1D000BD7B28BD7B28BD7B28BD7B28BD7B28BDB2
:10D1E0007B28BD7B28BD7B28BD7B28BE7C29BE7CDF
:10D1F00029BE7C29BE7C29BE7C29BE7C29BE7C2917
:10D20000BE7C29BD7B28BD7B28BD7B28BD7B28BD7E
:10D210007B28BD7B28BD7B28BD7B28BD7B28BD7BB3
:10D2200028BD7B28BD7B28BD7B28BD7B28BD7B28F6
:10D23000BD7B28BD7B28BD7B28BD7B28BD7B28BD51
:10D240007B28BD7B28BD7B28BD7B28BD7B28BC7A85
:10D2500027BC7A27BC7A27BC7A27BC7A27BC7A27D6
:10D26000BC7A27BC7A27BD7B28BD7B28BD7B28BD27
:10D270007B28BD7B28BD7B28BD7B28BD7B28BC7A55
:10D2800027BB7926BB7926BB7926BB7926BB7926B5
:10D29000BB7926BB7926BB7926BB7926BB7926BB11
:10D2A0007926BB7926BB7926BB7926BB7926BB7943
:10D2B00026BB7926BB7926BB7926BB7926BB792686
:10D2C000BB7926BB7926BB7926BB7926BA7825BAE5
:10D2D0007825BA7825BA7825BA7825BA7825BA7823
:10D2E00025BA7825BA7825BA7825BA7825BA782566
:10D2F000BA7825BA7825BA7825BA7825B97724FF7F
:10D30000FFFFFFFFFFFFFFFFFFFFFFBD7B28BD7B90
:10D3100028BD7B28BD7B28BD7B28BD7B28BD7B2805
:10D32000BD7B28BD7B28BD7B28BD7B28BD7B28BD60
:10D330007B28BD7B28BD7B28BE7C29BE7C29BE7C8A
:10D3400029BE7C29BE7C29BE7C29BE7C29BE7C29C5
:10D35000BE7C29BE7C29BE7C29BE7C29BE7C29BE20
:10D360007C29BE7C29BE7C29BE7C29BE7C29BE7C52
:10D3700029BE7C29BE7C29BE7C29BE7C29BE7C2995
:10D38000BE7C29BE7C29BE7C29BE7C29BE7C29BEF0
:10D390007C29BE7C29BE7C29BE7C29BE7C29BE7C22
:10D3A00029BE7C29BE7C29BE7C29BE7C29BE7C2965
:10D3B000BE7C29BD7B28BD7B28BD7B28BD7B28BDCD
:10D3C0007B28BD7B28BD7B28BD7B28BD7B28BE7C00
:10D3D00029BE7C29BE7C29BE7C29BE7C29BE7C2935
:10D3E000BE7C29BE7C29BD7B28BD7B28BD7B28BD9A
:10D3F0007B28BD7B28BD7B28BD7B28BD7B28BE7CD0
:10D4000029BE7C29BE7C29BE7C29BE7C29BE7C2904
:10D41000BE7C29BE7C29BE7C29BE7C29BE7C29BE5F
:10D420007C29BE7C29BE7C29BE7C29BE7C29BE7C91
:10D4300029BD7B28BD7B28BD7B28BD7B28BD7B28E3
:10D44000BD7B28BD7B28BD7B28BE7C29BE7C29BE38
:10D450007C29BE7C29BE7C29BE7C29BE7C29BE7C61
:10D4600029BE7C29BE7C29BE7C29BE7C29BE7C29A4
:10D47000BE7C29BE7C29BE7C29BE7C29BD7B28BD03
:10D480007B28BD7B28BD7B28BD7B28BD7B28BD7B41
:10D4900028BD7B28BE7C29BE7C29BE7C29BE7C2978
:10D4A000BE7C29BE7C29BE7C29BE7C29BD7B28BDD3
:10D4B0007B28BD7B28BD7B28BD7B28BD7B28BD7B11
:10D4C00028BD7B28BD7B28BE7C29BE7C29BE7C294B
:10D4D000BE7C29BE7C29BE7C29BE7C29BE7C29BE9F
:10D4E0007C29BE7C29BE7C29BE7C29BE7C29BE7CD1
:10D4F00029BE7C29BE7C29BE7C29BE7C29BE7C2914
:10D50000BE7C29BE7C29BE7C29BE7C29BE7C29BE6E
:10D510007C29BE7C29BE7C29BE7C29BE7C29BE7CA0
:10D5200029BE7C29BE7C29BE7C29BD7B28BD7B28E9
:10D53000BD7B28BD7B28BD7B28BD7B28BD7B28BD4E
:10D540007B28BD7B28BD7B28BD7B28BD7B28BD7B80
:10D5500028BD7B28BD7B28BD7B28BD7B28BD7B28C3
:10D56000BD7B28BD7B28BD7B28BD7B28BD7B28BD1E
:10D570007B28BD7B28BD7B28BD7B28BD7B28BD7B50
:10D5800028BD7B28BD7B28BD7B28BD7B28BD7B2893
:10D59000BC7A27BC7A27BC7A27BC7A27BC7A27BCFE
:10D5A0007A27BC7A27BC7A27BC7A27BC7A27BC7A30
:10D5B00027BC7A27BC7A27BC7A27BC7A27BC7A2773
:10D5C000BC7A27BC7A27BC7A27BC7A27BC7A27BCCE
:10D5D0007A27BC7A27BC7A27BB7926BB7926BB7908
:10D5E00026BB7926BB7926BB7926BB7926BB792653
:10D5F000BB7926BB7926BB7926BB7926BB7926BBAE
:10D600007926BB7926BB7926BB7926BA7825FFFF18
:10D61000FFFFFFFFFFFFFFFFFFFFBD7B28BD7B2854
:10D62000BD7B28BD7B28BD7B28BD7B28BD7B28BD5D
:10D630007B28BD7B28BD7B28BD7B28BD7B28BD7B8F
:10D6400028BD7B28BD7B28BE7C29BE7C29BE7C29C9
:10D65000BE7C29BE7C29BE7C29BE7C29BE7C29BE1D
:10D660007C29BE7C29BE7C29BE7C29BE7C29BE7C4F
:10D6700029BE7C29BE7C29BE7C29BE7C29BE7C2992
:10D68000BE7C29BE7C29BE7C29BE7C29BE7C29BEED
:10D690007C29BE7C29BE7C29BE7C29BE7C29BE7C1F
:10D6A00029BE7C29BE7C29BE7C29BE7C29BE7C2962
:10D6B000BE7C29BE7C29BE7C29BE7C29BE7C29BEBD
:10D6C0007C29BD7B28BD7B28BD7B28BD7B28BD7BFD
:10D6D00028BD7B28BD7B28BD7B28BD7B28BE7C293F
:10D6E000BE7C29BE7C29BE7C29BE7C29BE7C29BE8D
:10D6F0007C29BE7C29BD7B28BD7B28BD7B28BD7BCA
:10D7000028BD7B28BD7B28BD7B28BD7B28BE7C290E
:10D71000BE7C29BE7C29BE7C29BE7C29BE7C29BE5C
:10D720007C29BE7C29BE7C29BE7C29BE7C29BE7C8E
:10D7300029BE7C29BE7C29BE7C29BE7C29BE7C29D1
:10D74000BD7B28BD7B28BD7B28BD7B28BD7B28BD3C
:10D750007B28BD7B28BD7B28BE7C29BE7C29BE7C66
:10D7600029BE7C29BE7C29BE7C29BE7C29BE7C29A1
:10D77000BE7C29BE7C29BE7C29BE7C29BE7C29BEFC
:10D780007C29BE7C29BE7C29BE7C29BD7B28BD7B33
:10D7900028BD7B28BD7B28BD7B28BD7B28BD7B2881
:10D7A000BD7B28BE7C29BE7C29BE7C29BE7C29BECF
:10D7B0007C29BE7C29BE7C29BE7C29BE7C29BD7B00
:10D7C00028BD7B28BD7B28BD7B28BD7B28BD7B2851
:10D7D000BD7B28BD7B28BE7C29BE7C29BE7C29BEA2
:10D7E0007C29BE7C29BE7C29BE7C29BE7C29BE7CCE
:10D7F00029BE7C29BE7C29BE7C29BE7C29BE7C2911
:10D80000BE7C29BE7C29BE7C29BE7C29BE7C29BE6B
:10D810007C29BE7C29BE7C29BE7C29BE7C29BE7C9D
:10D8200029BE7C29BE7C29BE7C29BE7C29BE7C29E0
:10D83000BE7C29BE7C29BE7C29BD7B28BD7B28BD42
:10D840007B28BD7B28BD7B28BD7B28BD7B28BD7B7D
:10D8500028BD7B28BD7B28BD7B28BD7B28BD7B28C0
:10D86000BD7B28BD7B28BD7B28BD7B28BD7B28BD1B
:10D870007B28BD7B28BD7B28BD7B28BD7B28BD7B4D
:10D8800028BD7B28BD7B28BD7B28BD7B28BD7B2890
:10D89000BD7B28BD7B28BD7B28BD7B28BD7B28BDEB
:10D8A0007B28BD7B28BD7B28BD7B28BD7B28BD7B1D
:10D8B00028BD7B28BD7B28BC7A27BC7A27BC7A2769
:10D8C000BC7A27BC7A27BC7A27BC7A27BC7A27BCCB
:10D8D0007A27BC7A27BC7A27BC7A27BC7A27BC7AFD
:10D8E00027BC7A27BC7A27BC7A27BB7926BB792646
:10D8F000BB7926BB7926BB7926BB7926BB7926BBAB
:10D900007926BB7926BB7926BB7926BB7926BB79DC
:10D9100026BB7926BB7926BB7926BA7825FFFFFF7F
:10D92000FFFFFFFFFFFFFFFFFFBD7B28BD7B28BD83
:10D930007B28BD7B28BD7B28BD7B28BD7B28BD7B8C
:10D9400028BD7B28BD7B28BD7B28BD7B28BD7B28CF
:10D95000BD7B28BD7B28BE7C29BE7C29BE7C29BE20
:10D960007C29BE7C29BE7C29BE7C29BE7C29BE7C4C
:10D9700029BE7C29BE7C29BE7C29BE7C29BE7C298F
:10D98000BE7C29BE7C29BE7C29BE7C29BE7C29BEEA
:10D990007C29BE7C29BE7C29BE7C29BE7C29BE7C1C
:10D9A00029BE7C29BE7C29BE7C29BE7C29BE7C295F
:10D9B000BE7C29BE7C29BE7C29BE7C29BE7C29BEBA
:10D9C0007C29BE7C29BE7C29BE7C29BE7C29BE7CEC
:10D9D00029BD7B28BD7B28BD7B28BD7B28BD7B283E
:10D9E000BD7B28BD7B28BD7B28BD7B28BE7C29BE96
:10D9F0007C29BE7C29BE7C29BE7C29BE7C29BE7CBC
:10DA000029BE7C29BD7B28BD7B28BD7B28BD7B280A
:10DA1000BD7B28BD7B28BD7B28BD7B28BE7C29BE65
:10DA20007C29BE7C29BE7C29BE7C29BE7C29BE7C8B
:10DA300029BE7C29BE7C29BE7C29BE7C29BE7C29CE
:10DA4000BE7C29BE7C29BE7C29BE7C29BE7C29BD2A
:10DA50007B28BD7B28BD7B28BD7B28BD7B28BD7B6B
:10DA600028BD7B28BD7B28BE7C29BE7C29BE7C29A5
:10DA7000BE7C29BE7C29BE7C29BE7C29BE7C29BEF9
:10DA80007C29BE7C29BE7C29BE7C29BE7C29BE7C2B
:10DA900029BE7C29BE7C29BE7C29BD7B28BD7B2874
:10DAA000BD7B28BD7B28BD7B28BD7B28BD7B28BDD9
:10DAB0007B28BE7C29BE7C29BE7C29BE7C29BE7CFD
:10DAC00029BE7C29BE7C29BE7C29BE7C29BD7B2841
:10DAD000BD7B28BD7B28BD7B28BD7B28BD7B28BDA9
:10DAE0007B28BD7B28BE7C29BE7C29BE7C29BE7CD0
:10DAF00029BE7C29BE7C29BE7C29BE7C29BE7C290E
:10DB0000BE7C29BE7C29BE7C29BE7C29BE7C29BE68
:10DB10007C29BE7C29BE7C29BE7C29BE7C29BE7C9A
:10DB200029BE7C29BE7C29BE7C29BE7C29BE7C29DD
:10DB3000BE7C29BE7C29BE7C29BE7C29BE7C29BE38
:10DB40007C29BE7C29BE7C29BD7B28BD7B28BD7B72
:10DB500028BD7B28BD7B28BD7B28BD7B28BD7B28BD
:10DB6000BD7B28BD7B28BD7B28BD7B28BD7B28BD18
:10DB70007B28BD7B28BD7B28BD7B28BD7B28BD7B4A
:10DB800028BD7B28BD7B28BD7B28BD7B28BD7B288D
:10DB9000BD7B28BD7B28BD7B28BD7B28BD7B28BDE8
:10DBA0007B28BD7B28BD7B28BD7B28BD7B28BD7B1A
:10DBB00028BD7B28BD7B28BD7B28BD7B28BD7B285D
:10DBC000BD7B28BD7B28BC7A27BC7A27BC7A27BCC2
:10DBD0007A27BC7A27BC7A27BC7A27BC7A27BC7AFA
:10DBE00027BC7A27BC7A27BC7A27BC7A27BC7A273D
:10DBF000BC7A27BC7A27BC7A27BB7926BB7926BB9F
:10DC00007926BB7926BB7926BB7926BB7926BB79D9
:10DC100026BB7926BB7926BB7926BB7926BB79261C
:10DC2000BB7926BB7926BB7926BA7825FFFFFFFF93
:10DC3000FFFFFFFFFFFFFFFFBD7B28BD7B28BD7BF4
:10DC400028BD7B28BD7B28BD7B28BD7B28BD7B28CC
:10DC5000BD7B28BD7B28BD7B28BD7B28BD7B28BD27
:10DC60007B28BD7B28BE7C29BE7C29BE7C29BE7C4E
:10DC700029BE7C29BE7C29BE7C29BE7C29BE7C298C
:10DC8000BE7C29BE7C29BE7C29BE7C29BE7C29BEE7
:10DC90007C29BE7C29BE7C29BE7C29BE7C29BE7C19
:10DCA00029BE7C29BE7C29BE7C29BE7C29BE7C295C
:10DCB000BE7C29BE7C29BE7C29BE7C29BE7C29BEB7
:10DCC0007C29BE7C29BE7C29BE7C29BE7C29BE7CE9
:10DCD00029BE7C29BE7C29BE7C29BE7C29BE7C292C
:10DCE000BD7B28BD7B28BD7B28BD7B28BD7B28BD97
:10DCF0007B28BD7B28BD7B28BD7B28BE7C29BE7CC4
:10DD000029BE7C29BE7C29BE7C29BE7C29BE7C29FB
:10DD1000BE7C29BE7C29BE7C29BE7C29BE7C29BE56
:10DD20007C29BE7C29BE7C29BE7C29BE7C29BE7C88
:10DD300029BE7C29BE7C29BE7C29BE7C29BE7C29CB
:10DD4000BE7C29BE7C29BE7C29BE7C29BE7C29BE26
:10DD50007C29BE7C29BE7C29BE7C29BE7C29BD7B5A
:10DD600028BD7B28BD7B28BD7B28BD7B28BD7B28AB
:10DD7000BD7B28BD7B28BE7C29BE7C29BE7C29BEFC
:10DD80007C29BE7C29BE7C29BE7C29BE7C29BE7C28
:10DD900029BE7C29BE7C29BE7C29BE7C29BE7C296B
:10DDA000BE7C29BE7C29BE7C29BD7B28BD7B28BDCD
:10DDB0007B28BD7B28BD7B28BD7B28BD7B28BD7B08
:10DDC00028BE7C29BE7C29BE7C29BE7C29BE7C293C
:10DDD000BE7C29BE7C29BE7C29BE7C29BD7B28BD9A
:10DDE0007B28BD7B28BD7B28BD7B28BD7B28BD7BD8
:10DDF00028BD7B28BE7C29BE7C29BE7C29BE7C290F
:10DE0000BE7C29BE7C29BE7C29BE7C29BE7C29BE65
:10DE10007C29BE7C29BE7C29BE7C29BE7C29BE7C97
:10DE200029BE7C29BE7C29BE7C29BE7C29BE7C29DA
:10DE3000BE7C29BE7C29BE7C29BE7C29BE7C29BE35
:10DE40007C29BE7C29BE7C29BE7C29BE7C29BE7C67
:10DE500029BE7C29BE7C29BE7C29BE7C29BE7C29AA
:10DE6000BE7C29BE7C29BE7C29BE7C29BE7C29BD06
:10DE70007B28BD7B28BD7B28BD7B28BD7B28BD7B47
:10DE800028BD7B28BD7B28BD7B28BD7B28BD7B288A
:10DE9000BD7B28BD7B28BD7B28BD7B28BD7B28BDE5
:10DEA0007B28BD7B28BD7B28BD7B28BD7B28BD7B17
:10DEB00028BD7B28BD7B28BD7B28BD7B28BD7B285A
:10DEC000BD7B28BD7B28BD7B28BD7B28BD7B28BDB5
:10DED0007B28BD7B28BC7A27BC7A27BC7A27BC7AF2
:10DEE00027BC7A27BC7A27BC7A27BC7A27BC7A273A
:10DEF000BC7A27BC7A27BC7A27BC7A27BC7A27BC95
:10DF00007A27BC7A27BC7A27BB7926BB7926BB79CE
:10DF100026BB7926BB7926BB7926BB7926BB792619
:10DF2000BB7926BB7926BB7926BB7926BB7926BB74
:10DF30007926BB7926BB7926BA7825FFFFFFFFFF3C
:10DF4000FFFFFFFFFFFFFFBD7B28BD7B28BD7B28B8
:10DF5000BD7B28BD7B28BD7B28BD7B28BD7B28BD24
:10DF60007B28BD7B28BD7B28BD7B28BD7B28BD7B56
:10DF700028BD7B28BE7C29BE7C29BE7C29BE7C298D
:10DF8000BE7C29BF7D2BBE7C29BE7C29BE7C29BEE0
:10DF90007C29BE7D2ABE7C29BE7C29BE7C29BE7C14
:10DFA00029BE7C29BE7C29BE7C29BE7C29BE7C2959
:10DFB000BE7C29BE7C29BE7C29BE7C29BE7C29BEB4
:10DFC0007C29BE7C29BE7C29BE7C29BE7C29BE7DE5
:10DFD0002ABE7C29BE7C29BE7C29BE7C29BE7C2928
:10DFE000BE7C29BE7C29BE7C29BE7C29BE7C29BD85
:10DFF0007B28BD7B28BD7B28BD7B28BD7B28BD7BC6
:10E0000028BD7B28BD7B28BD7B28BE7C29BE7C2902
:10E01000BE7C29BE7D2ABE7C29BE7C29BE7C29BE51
:10E020007C29BE7C29BE7C29BE7C29BE7C29BE7C85
:10E0300029BE7C29BE7C29BE7C29BE7C29BE7C29C8
:10E04000BE7C29BE7C29BE7C29BE7C29BE7C29BE23
:10E050007C29BE7C29BE7C29BE7C29BE7C29BE7C55
:10E0600029BE7D2ABE7C29BE7C29BE7C29BD7B2899
:10E07000BD7B28BD7B28BD7B28BD7B28BD7B28BD03
:10E080007B28BD7B28BE7C29BE7C29C3863AC993E8
:10E090004FC18334BE7C29BE7C29BE7C29BE7D2A2B
:10E0A000BE7C29BE7C29BE7C29BE7C29BE7C29BEC3
:10E0B0007D2ABE7C29BE7C29BD7B28BD7B28BD7BFB
:10E0C00028BD7B28BD7B28BD7B28BD7B28BD7B2848
:10E0D000BE7C29BE7C29BE7C29BE7C29BE7C29BE93
:10E0E0007C29BE7C29BE7D2ABE7C29BD7B28BD7BC8
:10E0F00028BD7C29BD7B28BD7B28BD7B28BD7B2816
:10E10000BD7C29BE7C29BE7C29BE7C29BE7C29BE63
:10E110007C29BE7C29BE7C29BE7C29BE7C29BE7C94
:10E1200029BE7C29BE7C29BE7C29C28436C8914B7D
:10E13000C18234BE7C29BE7C29BE7C29BE7D2ABE1C
:10E140007C29BE7C29BE7C29BE7C29BE7D2ABE7C62
:10E1500029BE7C29BE7C29BE7C29BE7C29BE7C29A7
:10E16000BE7C29BE7C29BE7C29BE7C29BE7D2ABE00
:10E170007C29BE7C29BE7C29BE7C29BE7D2ABE7C32
:10E1800029BD7B28BD7B28BD7B28BD7B28BD7B2886
:10E19000BD7B28BD7B28BD7B28BD7B28BD7B28BDE2
:10E1A0007B28BD7B28BD7B28BD7B28BD7B28BD7B14
:10E1B00028BD7B28BD7B28BD7B28BD7B28BD7B2857
:10E1C000BD7B28BD7B28BD7B28BD7B28BE7E2EC69F
:10E1D0008E48C28437BD7B28BD7B28BD7B28BD7B94
:10E1E00028BD7B28BC7A27BC7A27BC7A27BC7A2733
:10E1F000BC7A27BC7A27BC7A27BC7A27BC7A27BC92
:10E200007A27BC7A27BC7A27BC7A27BC7A27BC7BC2
:10E2100028BC7A27BC7A27C08234C7914CBC7C2AA0
:10E22000BB7926BB7926BB7926BB7926BB7926BB71
:10E230007926BB7926BB7926BB7926BB7926BB79A3
:10E2400026BB7926BB7926BA7825FFFFFFFFFFFFA3
:10E25000FFFFFFFFFFFFBD7B28BD7B28BD7B28BDE7
:10E260007B28BD7B28BD7B28BD7B28BD7B28BD7B53
:10E2700028BD7B28BD7B28BD7B28DFBF96E2C5A0DB
:10E28000E3C6A2E3C6A3E3C6A3E3C6A3E6CCACCC35
:10E290009857BE7C29CF9E61E2C5A1E4C9A6D5AA44
:10E2A00075BE7C29BE7C29BE7C29BE7C29BE7C290A
:10E2B000C18131DFC19BE2C49FDDBB91BF7D2BBE1D
:10E2C0007C29C8914BDFBF97E2C5A1E3C6A3E3C693
:10E2D000A3E3C8A5CF9F63BF7E2CBE7C29BE7C294B
:10E2E000CD9A5BE2C5A1E2C5A0E3C6A2E3C6A3E363
:10E2F000C6A3E3C8A4E0C099C78E47BE7D2ACA95CD
:10E3000054E1C49FE2C5A0E3C6A2E3C6A2E3C6A24D
:10E31000E2C5A1E1C5A1C3883EBE7C29BE7C29BE61
:10E320007C29BE7C29CF9E62E3C7A4E2C5A1E4C7D5
:10E33000A4E3C6A3E3C6A3E3C6A2DEBE96CE9C5F5B
:10E34000BE7C29BE7C29BE7D2ACF9E60E2C5A1E3AA
:10E35000C7A4E2C49FE2C49EE4C7A3E3C8A4E0C18B
:10E360009AC68C45BF7F2FD7AF7CE6CDADCF9D60E1
:10E37000BE7C29BE7D2ABE7C29BE7C29C28539D8B7
:10E38000B384DDBC91BF7E2DBD7B28BD7B28BD7BCA
:10E3900028BD7B28DDBC93E2C7A3ECD8BFF1E4D352
:10E3A000EAD5BBE5CAA9E5CCACC99450BE7C29BE70
:10E3B0007C29BE7C29BE7C29BE7C29BE7C29BE7CF2
:10E3C00029C8914BE6CCACE3C6A2E2C6A1E1C49F4A
:10E3D000E2C5A0E3C7A3E2C6A1BE7C2ABD7B28DAC2
:10E3E000B587E2C5A1D5AD7AC18233BE7C29BE7C9A
:10E3F00029BE7C29BE7C29D3A66EE2C7A4CD9B5D35
:10E40000BD7B28BF7F2FCFA064E5CAA9D6B07FBD52
:10E410007B28BE7D2ABE7C29BE7C29BF7E2CD3A84A
:10E4200071E2C5A0C38538BE7C29BE7C29BE7C298B
:10E43000BE7C29D5AD7BE3C7A4EBD6BDF0E2CFE926
:10E44000D4BAE4C9A8D3A871BF7E2CBE7C29C68BE0
:10E4500042DDBA8EE1C29CD2A56CBE7C29BE7C296D
:10E46000BE7C29BE7C29BE7C29BE7C29DBB98FE21B
:10E47000C7A4C68C45BE7D2ABE7C29BE7C29D5ABEF
:10E4800076E4C9A8D5AA74C18436BF7D2ABF7E2C84
:10E49000D0A065E5CBAAE3C6A2E3C6A2E2C5A1E18E
:10E4A000C49FE1C49FE3C6A2E3C6A2E3C6A2DEBE48
:10E4B00096BD7C29DEBD95E3C7A3E3C7A2E1C49F57
:10E4C000E2C5A0E3C7A2E5CBABCE9C5EBD7C29BD77
:10E4D0007B28BD7B28CD9C5DE4C9A8E8D2B6F0E1DD
:10E4E000CEEBD7BEE3C8A5D9B588BD7B28BD7B28B8
:10E4F000BD7B28BC7A27BC7A27E0C19AE3C7A4C1B8
:10E500008438BC7A27BC7A27BC7A27BC7A27C28792
:10E510003BDAB789D1A46BBD7C2ABC7A27BC7A27A9
:10E52000C99450E5CBABE9D4BBF1E3D1E7D0B3DF7D
:10E53000C09ACB9A5BBB7926BB7926BB7926BB797F
:10E5400026BB7926BB7926BB7926BB7926BB7926E3
:10E55000BB7926BB7926BA7825FFFFFFFFFFFFFFB7
:10E56000FFFFFFFFFFBD7B28BD7B28BD7B28BD7B58
:10E5700028BD7B28BD7B28BD7B28BD7B28BD7B2893
:10E58000BD7B28BD7B28BD7B28FEFDFCFFFFFFFE79
:10E59000FEFDFDFCFAFDFBFAFDFBFAFFFFFFD6AC2A
:10E5A00078BE7C29DDBD94FFFFFFFFFFFFECDBC4DD
:10E5B000BF7F2DBE7C29BE7C29BE7C29BE7C29C79D
:10E5C0008F48FFFFFFFFFFFFF9F6F1BF7E2CBE7CF7
:10E5D00029D2A46AFEFEFDFFFFFFFDFCFBFFFFFF4B
:10E5E000FFFFFFF5EBDFD3A76FC0802FBE7C29DADA
:10E5F000B688FFFFFFFFFFFFFFFFFFFCFBF9FDFBFE
:10E60000FAFDFDFCF8F2E9CE9C5DBE7C2AD6AE7C1C
:10E61000FFFFFFFFFFFFFDFCFBFDFCFAFDFCFBFF26
:10E62000FFFFFFFFFFE9D5BBD2A46AC18334BE7CE4
:10E6300029BE7C29DEBE96FFFFFFFFFFFFFDFBF931
:10E64000FDFCFAFDFCFBFFFFFFFFFFFFF1E3D3D86A
:10E65000B281BF7D2AC07E2CDBB688FDFAF7FDFCB7
:10E66000FAFFFFFFFFFFFFFEFEFDFEFDFCF8F3ECEF
:10E67000CD9959C18335EEDEC8FFFFFFEEDFCBC871
:10E68000914BBE7C29BE7C29BE7C29C78F49F3E70C
:10E69000D9FBF8F3C08132BD7B28BD7B28BD7B2828
:10E6A000DCBA90FFFFFFFFFFFFF1E2D0E9D2B5EF48
:10E6B000E1CEFBF8F4FFFFFFD1A369BE7C29BE7C4D
:10E6C00029BE7C29BE7C29BE7C29BE7C29BE7C2932
:10E6D000CF9F62FFFFFFFEFCFBFFFFFFFFFFFFFF7F
:10E6E000FFFFFDFBFAFCFAF7BE7D2BBD7B28F4EAA9
:10E6F000DEFFFFFFF8F4EFCA9450BE7C29BE7C29F0
:10E70000BE7C29BE7C29E7CEAEFFFFFFDBB98EBD04
:10E710007B28C18335E0C29CFFFFFFF8F2EBCE9C63
:10E720005EBE7C29BE7C29BE7C29BF7F2DE7D0B38D
:10E73000FFFFFFC78D46BE7C29BE7C29BE7C29D544
:10E74000AD7AF9F7F4FFFFFFF2E6D7E9D2B6F3E7C7
:10E75000D8FFFFFFFAF6F0D9B180C07F2EC58A41FD
:10E76000EAD4B9FFFFFFEFDFCABE7C29BE7C29BE19
:10E770007C29BE7C29BE7C29BE7C29F9F8F6FFFFE6
:10E78000FFC9934FBF7D2ABF7D2AC28334F0E2D0F8
:10E79000FFFFFFF3E9DBCE9C5EBF7D2ABF7F2DDD4F
:10E7A000BB91FFFFFFFDFBFAFDFCFBFFFFFFFFFF3F
:10E7B000FFFFFFFFFCFBF9FDFBFAFDFCFAF6EFE6BD
:10E7C000BD7C29F6EDE3FDFBFAFEFDFDFFFFFFFF3B
:10E7D000FFFFFDFDFCFFFFFFDAB486BD7B28BE7D99
:10E7E0002BD1A369F5EADDFFFFFFF6EDE1E9D4B82F
:10E7F000F1E3D1FFFFFFFFFFFFDCB98CBD7B28BD3C
:10E800007B28BC7A27BC7A27FFFFFFFFFFFFE2C807
:10E81000A8BE7F2FBC7A27BC7A27BC7A27C8914D27
:10E82000F7EFE5E4CAA9BE7F2FBC7A27C78F4AEC71
:10E83000DBC5FFFFFFF4E9DBE9D4B9F8F2EBFBF944
:10E84000F5D2A66EBB7926BB7926BB7926BB792685
:10E85000BB7926BB7926BB7926BB7926BB7926BB3B
:10E860007926BB7926BA7825FFFFFFFFFFFFFFFF60
:10E87000FFFFFFFFBD7B28BD7B28BD7B28BD7B281C
:10E88000BD7B28BD7B28BD7B28BD7B28BD7B28BDEB
:10E890007B28BD7B28BD7B28FAF6F0FFFFFFDCBAA2
:10E8A00090D7AE7AD6AE7CD6AE7CD9B383C78F482C
:10E8B000BE7C29DCBA8EFFFFFFFFFFFFF5EBDED148
:10E8C000A46CBE7C29BE7C29BE7C29C18131DBB70A
:10E8D00089FFFFFFFEFEFEF6EFE6BE7D2BBE7C2924
:10E8E000D1A267FBF7F2F7F1E8DCB98DD6AD7AE992
:10E8F000D4B9FFFFFFF4EADECE9C5FBE7C29D8B21C
:10E9000082FFFFFFF9F3ECE3C7A4D6AC78D6AE7C68
:10E91000D8B07ED4AA75C4883DBF7E2CD5AB77FF16
:10E92000FFFFF7F1EAD8B281D6AD7AD6AE7CDBB97B
:10E930008FEEDDC9FFFFFFF8F1E9D0A267BE7C29A9
:10E94000BE7C29DCBA8FFFFFFFF0E0CDD5AA75D8D9
:10E95000AF7DD8B07EDCB98DECD8C0FFFFFFFCFCEA
:10E96000FBD4AA75BF7D2AC9934FD6AE7BD6AC78AF
:10E97000FBF8F3FFFFFFDEBD93D7AE7AD5AB77C3CD
:10E98000863AC28539EBD7BEFFFFFFFFFFFFE2C625
:10E99000A3BE7C29BE7C29BE7C29C68D46F0E1CF72
:10E9A000F8F1E7C08131BD7B28BE7D2BD7B182FF56
:10E9B000FFFFF8F1E9DBB88CCA9450C28436C993E2
:10E9C0004FD5AB76D7AF7CC58A40BE7C29BE7C29AB
:10E9D000BE7C29BE7C29BE7C29BE7C29BE7C29C583
:10E9E0008A40D8B181D7B080E5CCACFFFFFFF0E31F
:10E9F000D3D5AC79D6AD7ABD7C29BD7B28F0E3D3E5
:10EA0000FEFEFDFFFFFFE3C9A7C38639BE7C29BE1A
:10EA10007C29BE7C29E4C8A5FFFFFFD9B588BD7B52
:10EA200028C18335DEBE95FFFFFFFFFFFFECDCC989
:10EA3000BE7C29BE7C29BE7C29BF7F2DE5CCACFFE6
:10EA4000FFFFC68C44BE7C29BE7C29D4AA75FBF985
:10EA5000F6FAF7F2E1C39DCC9755C28436CC9857AD
:10EA6000E1C39DFAF5EEFCF9F5D5AC79BE7C29D26F
:10EA7000A56CFFFFFFF7EEE3C07F2EBE7C29BE7CB6
:10EA800029BE7C29BE7C29CC995AFCFBF9EDDDC955
:10EA9000C38538BF7D2ABF7D2AD8B281FAF5EFFF42
:10EAA000FFFFFFFFFFD9B382BF7D2ABE7D2AC99435
:10EAB00051D7B180D6AE7BD8B282E8D3B7FFFFFF83
:10EAC000FAF6F0D4AA75D6AE7BD6AE7BD5AA75BDC4
:10EAD0007B28D3A973D6AE7BDDBC94FBF7F2F6EFAF
:10EAE000E6DDBB91D7B07EC8924DBD7B28D0A06536
:10EAF000F6EEE5FDFBF9E4C9A6CE9D60C28538C9F6
:10EB00009350DDBC93F8F2E9FFFFFFD8B384BD7BDF
:10EB100028BC7A27BC7A27FDFBF8FFFFFFFFFFFF29
:10EB2000D0A268BD7C2ABC7A27BC7A27C7904BF359
:10EB3000E8DAE2C5A1BE7D2CBC7A27DDBB91FFFFE0
:10EB4000FFEDDECBC99554C18539D0A36BD6B07F1C
:10EB5000C08437BB7926BB7926BB7926BB7926BB17
:10EB60007926BB7926BB7926BB7926BB7926BB796A
:10EB700026BB7926BA7825FFFFFFFFFFFFFFFFFFC7
:10EB8000FFFFFFBD7B28BD7B28BD7B28BD7B28BD4B
:10EB90007B28BD7B28BD7B28BD7B28BD7B28BD7B1A
:10EBA00028BD7B28BD7B28FAF6F0FFFFFFC58A4011
:10EBB000BE7C29BE7C29BE7C29BE7C29BE7C29BEA8
:10EBC0007C29DCBA8EFFFFFFFFFFFFFFFFFFE6CDD2
:10EBD000AEBE7C29BE7C29BE7C29C5893FF5EDE30C
:10EBE000FFFFFFFFFEFEF6EFE6BE7D2BBE7C29D1C8
:10EBF000A267FBF8F3F2E6D7C4883CBE7C29CA962C
:10EC000054F3E6D6FFFFFFDBB789BE7C29D8B2827A
:10EC1000FFFFFFF5EADDD0A064BE7C29BE7C29BEE3
:10EC20007C29BE7C29BE7C29BF7E2CD5AC78FFFF19
:10EC3000FFF3E9DCBD7B28BD7B28BD7B28BD7B289D
:10EC4000C7914CF1E6D8FFFFFFE8D2B6C78D46BEAC
:10EC50007C29DCBA8FFFFFFFE4CAA8BE7C29BF7DF8
:10EC60002ABF7D2ABF7D2AC78C43EBD8BFFFFFFF99
:10EC7000F9F5F1BF7D2ABE7C29BE7C29BE7C29FA2C
:10EC8000F4ECFFFFFFC68C44BE7C29BE7C29BE7C11
:10EC900029C3873CEBD7BFFFFFFFFEFEFEF5ECE18B
:10ECA000D2A56CBE7C29BE7C29C68E47F0E1CFF888
:10ECB000F1E8C18232BE7C29C18131FCFBFAFFFF41
:10ECC000FFD8B181BE7C29BE7C29BE7C29BE7C29AF
:10ECD000BE7C29BE7C29BE7C29BE7D2ABE7C29BE85
:10ECE0007C29BE7C29BE7C29BE7C29BE7D2ABE7CB7
:10ECF00029BE7C29BE7C29D4A973FFFFFFE8D2B6C8
:10ED0000BE7C29BE7C29BE7C29BE7C29F0E3D3FDD4
:10ED1000FDFCFFFFFFFFFFFFD2A46ABE7C29BE7C83
:10ED200029BE7C29E4C8A5FFFFFFD9B588BD7B2893
:10ED3000C18335DFBE96FFFFFFFCFAF7FAF6F1D686
:10ED4000AE7CBE7C29BE7C29BF7F2DE5CCACFFFF0D
:10ED5000FFC68C44BE7C29BE7C29F4EDE3FFFFFF97
:10ED6000DFBF97C0802FBE7C29BE7C29BE7C29BE18
:10ED70007C29DFBF97FFFFFFECDAC3BE7C29C99374
:10ED80004EF6F0E7FBF7F2D7AF7EBE7C29BE7C29BA
:10ED9000BE7C29BE7C29EAD6BDFFFFFFD2A66EBF8E
:10EDA0007E2DBF7D2ABF7D2AEBD9C3F7F1E8F2E6BD
:10EDB000D7FEFDFDE4C8A6C38436BE7C29BD7B28F2
:10EDC000BD7B28BD7B28BC7B28D8B384FFFFFFF721
:10EDD000EEE4BD7B28BD7B28BD7B28BD7B28BD7BA9
:10EDE00028BD7B28BD7B28C68E48F8F2E9F2E6D61E
:10EDF000C58C43BD7B28BD7B28BD7B28E5CBAAFF06
:10EE0000FFFFE6CEB1BF7E2DBD7B28BD7B28BD7B3D
:10EE100028BD7B28D8B282FFFFFFFAF8F6C1813106
:10EE2000BC7A27BC7A27FDFBF8FCFBF9FFFFFFF05B
:10EE3000E2D2C1863ABC7A27BC7A27C7904BF3E866
:10EE4000DAE2C5A1BD7C2AC18336E4CAA9FFFFFF6F
:10EE5000E1C6A5BC7A27BC7A27BC7A27BC7A27BC36
:10EE60007A27BC7A27BC7A27BC7A27BC7A26BC7A58
:10EE700026BC7A26BC7A26BC7A26BC7A26BC7A26A0
:10EE8000BC7A26BB7925FFFFFFFFFFFFFFFFFFFFD7
:10EE9000FFFFBE7C29BE7C29BE7C29BE7C29BE7CAE
:10EEA00029BE7C29BE7C29BE7C29BE7C29BE7C294A
:10EEB000BE7C29BE7C29FAF6F0FFFFFFC58B41BF5F
:10EEC0007D2ABF7D2ABF7D2ABF7D2ABF7E2BBF7DC5
:10EED0002ADDBA8FFFFFFFFCFAF7FDFCFCEEDDC771
:10EEE000BE7C29BE7C29BE7C29C68D45FFFFFFF470
:10EEF000EBE0FFFFFFF6EFE6BF7E2CBF7D2AD2A33B
:10EF000068FBF8F3F3E8D9C68B41BF7D2ACD9B5B44
:10EF1000F6EDE1F6EEE4CF9F63BF7D2AD9B382FF21
:10EF2000FFFFF5EBDED1A165BF7D2ABF7D2ABF7D46
:10EF30002ABF7D2ABF7D2AC07F2DD5AC78FFFFFF79
:10EF4000F4EADEC18131BE7C29BE7C29BE7C29BEAB
:10EF50007C29D8B07FF9F3ECFDFCFBD3A76FBF7D14
:10EF60002ADCBA90FFFFFFE6CDACBF7D2ABF7D2A29
:10EF7000BF7D2ABF7D2ABF7D2ACA924DFFFFFFFCBD
:10EF8000FAF7CC9856BF7D2ABF7D2ABF7D2AF9F4B7
:10EF9000EDFFFFFFCA934EBF7D2ABF7D2ABF7D2AAA
:10EFA000C4883DEDDBC4F5ECDFF3E8D9FFFFFFEAF1
:10EFB000D6BDC28232BF7D2AC89049F0E1CFF8F1B8
:10EFC000E8C28333BF7E2BCC9856FFFFFFFAF6F1E1
:10EFD000C07E2CBF7D2ABF7D2ABF7D2ABF7D2ABF70
:10EFE0007D2ABF7D2ABF7D2ABF7D2ABF7D2ABF7DA6
:10EFF0002ABF7D2ABF7D2ABF7D2ABF7D2ABF7D2AE9
:10F00000BF7D2AC18131D7AE7AFFFFFFE9D4BABFF5
:10F010007D2ABF7D2ABF7D2ABF7D2AF1E5D4FDFD73
:10F02000FDEDDDC9FDFDFCEFDEC9C78D44BF7D2AC6
:10F03000BF7D2AE4C8A6FFFFFFDAB688BE7C29C2DE
:10F040008436E0C199FAF4EDE6CDADFFFFFFF5ECB3
:10F05000E1C4873BBF7D2AC0802EE5CCACFFFFFF1B
:10F06000C78D45BF7D2ACB9553F9F3EBFCFBFACB5B
:10F070009552BF7D2ABF7D2ABF7D2ABF7D2ABF7DD5
:10F080002AD1A267F7F0E7FAF4EDD7AF7DC181305E
:10F09000E0C099FFFFFFEFE1CFBF7D2ABF7D2ABF10
:10F0A0007D2AC18131F9F4EDFFFFFFC38537BF7DB4
:10F0B0002ABF7D2AC68B41F5EDE2E4C9A7CF9D5E4C
:10F0C000EFDECAF7EFE6D1A268BF7D2ABE7C29BE7B
:10F0D0007C29BE7C29C18334DBB78AFFFFFFF7F0B0
:10F0E000E6BE7C29BD7B28BD7B28BD7B28BD7B2857
:10F0F000BD7B28BD7B28C99350F9F2EAF3E7D9C854
:10F10000914CBD7B28BD7B28CD9C5DF1E5D5FBF9FD
:10F11000F6D6AE7BBD7B28BD7B28BD7B28BD7B287A
:10F12000BD7B28C2863BF8F4EFFBF9F6D3A973BD8B
:10F130007B28BD7B28FDFBF9F1E6D7FAF6F1FFFF4E
:10F14000FFD8B181BF7F2EBD7B28C8914CF4E8DA8F
:10F15000E2C6A1BE7E2CBF7F2EE2C5A0FFFFFFEF5F
:10F16000E0CDC78E47BD7B28BD7B28BD7B28BD7BFE
:10F1700028BD7B28BD7B28BD7B28BE7B26BE7B2689
:10F18000BE7B26BE7B26BE7B26BE7B26BE7B26BEE6
:10F190007B26BD7A25FFFFFFFFFFFFFFFFFFFFFF7D
:10F1A000FFBE7C29BE7C29BE7C29BE7C29BE7C2971
:10F1B000BE7C29BE7C29BE7C29BE7C29BE7C29BEA2
:10F1C0007C29BE7C29FAF6F0FFFFFFD8B07FD1A2E0
:10F1D00067D1A369D3A66EC58A3FBF7D2ABF7D2AAA
:10F1E000DDBA8FFFFFFFF4E8D9EFDEC9F9F3EBD406
:10F1F000AA75BE7C29C18232D9B485FDFBFADDB97E
:10F200008DFFFFFFF6EFE6BF7E2CBF7D2AD2A368FD
:10F21000FBF8F3F4EADED1A266CD9A59EAD5BBFB3E
:10F22000F8F4D6AC77BF7D2ABF7D2AD9B382FFFF21
:10F23000FFF8F1E8DFBF97D0A064D1A369D1A2683D
:10F24000CB9654BF7D2AC07F2DD5AC78FFFFFFF44D
:10F25000EADEC18131BE7C29BE7C29BE7C29BE7C10
:10F2600029BE7C29ECD8C0FFFFFFD8B281BF7D2A20
:10F27000DCBA90FFFFFFE6CDACBF7D2ABF7D2ABF81
:10F280007D2ABF7D2ABF7D2AC4883CF5EDE2FFFEC2
:10F29000FDE5CCABBF7E2BBF7D2ABF7D2AF9F4ED07
:10F2A000FFFFFFCA934EBF7D2ABF7D2ABF7D2AC4C0
:10F2B000883DEEDDC7EFDEC9DEBF99F5ECE1FCF875
:10F2C000F4DAB585BF7D2AC89049F0E1CFF8F1E8BE
:10F2D000C28232C08131E2C6A3FFFFFFEBD8C0C0BB
:10F2E000802EBF7D2ABF7D2ABF7D2ABF7D2ABF7D9C
:10F2F0002ABF7D2ABF7D2ABF7D2ABF7D2ABF7D2AE6
:10F30000BF7D2ABF7D2ABF7D2ABF7D2ABF7D2ABF40
:10F310007D2AC18131D7AE7AFFFFFFE9D4BABF7D24
:10F320002ABF7D2ABF7D2ABF7D2AF1E5D4FFFFFFDA
:10F33000CB9755EFE0CEFFFFFFDFBD93C18232BF19
:10F340007D2AE4C8A6FFFFFFDAB688BE7C29C28406
:10F3500036E1C29CF3E7D8CC9A5AF0E4D5FFFEFE22
:10F36000E1C49FBF7D2AC0802EE5CCACFFFFFFC764
:10F370008D45BF7D2AE6CFB2FEFDFDF0E2D1C990FA
:10F380004ABF7D2ABF7D2ABF7D2ABF7D2ABF7D2A35
:10F39000C88F48E9D3B6FFFFFFEBD8C1BF7D2ACDA8
:10F3A0009A5AFFFFFFF7F0E8C5893DBF7D2ABF7E6F
:10F3B0002BCF9D5EFFFFFFEFE0CDC38436BF7D2ADC
:10F3C000BF7D2AE0C098FFFEFED5AB77BF7D2AE463
:10F3D000C7A4FFFFFFDFC098BF7D2ABE7C29BE7C8B
:10F3E00029BE7C29C18334DBB78AFFFFFFF7F0E633
:10F3F000BE7C29BD7B28BD7B28BD7B28BD7B28BD6D
:10F400007B28BD7B28C99350F9F2EAF3E7D9C8916C
:10F410004CBD7B28BD7B28DEC09AFFFFFFECD9C125
:10F42000C7904ABD7B28BD7B28BD7B28BD7B28BDFE
:10F430007B28C2863AEAD8C0FFFFFFE6D1B5BD7B84
:10F4400028BD7B28FDFCFAEAD6BDDEBE95FDFBF8A3
:10F45000FBF9F6CD9A5BBD7B28C8914BF4E8DAE264
:10F46000C6A1BF7F2FBD7B28D0A36BF8F4EEFFFFB2
:10F47000FFF0E2D0CD9C5FC28538BD7B28BD7B28E4
:10F48000BD7B28BD7B28BD7B28BE7B26BE7B26BEE0
:10F490007B26BE7B26BE7B26BE7B26BE7B26BE7B16
:10F4A00026BD7A25FFFFFFFFFFFFFFFFFFFFFFFFE6
:10F4B000BE7C29BE7C29BE7C29BE7C29BE7C29BE9F
:10F4C0007C29BE7C29BE7C29BE7C29BE7C29BE7CD1
:10F4D00029BE7C29FAF6F0FFFFFFFFFFFFFFFFFFC9
:10F4E000FFFFFFFFFFFFD5AA75BF7D2ABF7D2ADD85
:10F4F000BA8FFFFFFFE7CFB1DBB688FFFFFFEAD788
:10F50000C0BE7C29C78F49FDFDFDF4EDE3CD9957C1
:10F51000FFFFFFF6EFE6BF7E2CBF7D2AD2A368FC7B
:10F52000F7F2FAF7F4F2E6D7FFFFFFFFFFFFF0E193
:10F53000CFCB9450BF7D2ABF7D2AD9B382FFFFFF76
:10F54000FFFFFFFFFFFFFFFFFFFFFFFFFFFFFFEBDF
:10F55000D9C3BF7D2AC07F2DD5AC78FFFFFFF4EA69
:10F56000DEC18131BE7C29BE7C29BE7C29BE7C29BE
:10F57000BE7C29ECD9C0FFFFFFDBB688BF7D2ADC4B
:10F58000BA8FFFFFFFE6CDACBF7D2ABF7D2ABF7DCE
:10F590002ABF7D2ABF7D2AC5883CF2E6D7FFFEFE42
:10F5A000E9D4B9BF7E2BBF7D2ABF7D2AF9F4EDFFD8
:10F5B000FFFFCA934EBF7D2ABF7D2ABF7D2AC48824
:10F5C0003DEEDCC6F3E9DBCC9958D7AE7BFFFFFFFD
:10F5D000F2E6D7C78E46C68B41F0E1CFF8F1E8C11D
:10F5E0008232C28435F0E3D2FFFEFEE4C9A8C07FB8
:10F5F0002DBF7D2ABF7D2ABF7D2ABF7D2AC4873BC0
:10F60000C9904AC68B41C1802FBF7D2ABF7D2ABFCA
:10F610007D2ABF7D2ABF7D2ABF7D2ABF7D2ABF7D6F
:10F620002AC18131D7AE7AFFFFFFE9D4BABF7D2A64
:10F63000BF7D2ABF7D2ABF7D2AF1E5D4FFFFFFC52C
:10F64000883CD8B181FBF6F1FFFFFFD4A872BF7DE3
:10F650002AE4C8A5FFFFFFDAB688BE7C29C284363B
:10F66000E1C29BF8F1E8CB9654C8904AFFFFFFFB3C
:10F67000F9F6CA934FBF7D2AE5CCACFFFFFFC78DDB
:10F6800045BF7D2AECD9C1FFFFFFEEDEC9C88F4818
:10F69000BF7D2ABF7D2ABF7D2ABF7D2ABF7D2AC3A9
:10F6A0008538E3C7A3FFFFFFEAD5BABF7D2AC9911A
:10F6B0004BF5ECE1FDFBF9E1C39DBF7D2ABF7F2D3A
:10F6C000E9D3B8FFFFFFC88D44BF7D2ABF7D2ABFA5
:10F6D0007D2AF6ECE0FAF7F4CB9755BF7D2AD9B333
:10F6E00083FCFBF9EBD7BEC68D45BE7C29BE7C29C9
:10F6F000BE7C29C18334DBB78AFFFFFFF7F0E6BE8B
:10F700007C29BD7B28BD7B28BD7B28BD7B28BD7B9C
:10F7100028BD7B28C99350F9F2EAF3E7D9C8914C88
:10F72000BD7B28BD7B28E3C9A8FFFFFFE9D2B6C394
:10F73000883EBD7B28BD7B28BD7B28BD7B28BD7B4B
:10F7400028C28539E7D0B4FFFFFFECDCC7BD7B28BA
:10F75000BD7B28FDFCFAEFE0CEBD7B28ECD8C0FFD6
:10F76000FFFFE6CEB0C28437C68E46F4E8DAE2C6C2
:10F77000A1BF7F2FBD7B28BF8030D6AE7BF6EDE2E8
:10F78000FFFFFFFFFFFFDFC099C7904ABD7B28BD89
:10F790007B28BD7B28BD7B28BE7B26BE7B26BE7B0F
:10F7A00026BE7B26BE7B26BE7B26BE7B26BE7B2658
:10F7B000BD7A25FFFFFFFFFFFFFFFFFFFFFFFFBE3B
:10F7C0007C29BE7C29BE7C29BE7C29BE7C29BE7CCE
:10F7D00029BE7C29BE7C29BE7C29BE7C29BE7C2911
:10F7E000BE7C29FAF6F0FFFFFFF3E7D8F1E3D1F191
:10F7F000E3D2F6ECDFCF9E60BF7D2ABF7D2ADDBA63
:10F800008FFFFFFFE1C29CCE9D5EFFFFFFEEDFCCCE
:10F81000C07F2DCF9E5FFFFFFFE8D1B4CB9552FF95
:10F82000FFFFF6EFE6BF7E2CBF7D2AD2A368FBF672
:10F83000F1FDFCFAF5EADDF1E3D1F9F6F1F3EADEE8
:10F84000D8B17FC38436BF7D2AD9B382FFFFFFFDC5
:10F85000FBF9F6EDE0F1E2D0F2E4D3F0E1CEDEBF69
:10F8600097BF7D2AC07F2DD5AC78FFFFFFF4EADE7D
:10F87000C18131BE7C29BE7C29BE7C29BE7C29BECB
:10F880007C29ECD8C0FFFFFFDBB586BF7D2ADDBB3E
:10F8900090FFFFFFE6CDACBF7D2ABF7D2ABF7D2A4A
:10F8A000BF7D2ABF7D2AC5883CF2E6D7FEFEFDE873
:10F8B000D2B6BF7E2BBF7D2ABF7D2AF9F4EDFFFFB4
:10F8C000FFCA934EBF7D2ABF7D2ABF7D2AC4883DD3
:10F8D000EDDBC4F6EFE5CF9E61C68C42EAD6BDFFF4
:10F8E000FFFFEAD8C1C88F48EFE0CEF8F1E8C18247
:10F8F00032C28335F1E4D4FFFEFEE5CAA8C07F2DF5
:10F90000BF7D2ABF7D2ABF7D2ABF7D2AD7AE7CED71
:10F91000DCC7E0C19AC68C42BF7D2ABF7D2ABF7D6D
:10F920002ABF7D2ABF7D2ABF7D2ABF7D2ABF7D2AAF
:10F93000C18131D7AE7AFFFFFFE9D4BABF7D2ABFBC
:10F940007D2ABF7D2ABF7D2AF1E5D4FFFFFFC88F46
:10F9500048BF7D2AE9D3B7FFFFFFE9D4BAC3863891
:10F96000E2C5A0FFFFFFDAB688BE7C29C28436E17B
:10F97000C29BF8F0E7CB9653C18334E5CBAAFFFFD7
:10F98000FFF5EFE6C38537E5CCABFFFFFFC78D453D
:10F99000BF7D2AEBD8C0FFFFFFEFDECAC88F47BF8D
:10F9A0007D2ABF7D2ABF7D2ABF7D2ABF7D2AC385D0
:10F9B00037E3C5A1FFFFFFEAD5BBBF7D2AC1813078
:10F9C000D5AB77FFFFFFF4EADDBF7D2AC08131FFB1
:10F9D000FFFFFEFDFCC28334BF7D2ABF7D2ACF9E80
:10F9E00060F8F3ECE9D4BACB9755C38638CC985776
:10F9F000EEDCC6FFFFFFDDBD94BE7C29BE7C29BEC8
:10FA00007C29C18334DBB78AFFFFFFF7F0E6BE7CB9
:10FA100029BE7C29BE7C29BE7C29BE7C29BE7C29CE
:10FA2000BE7C29C99451F9F2EAF3E7D9C9924DBED7
:10FA30007C29BE7C29E5CAA9FFFFFFE8D1B5C489AE
:10FA40003EBE7C29BD7B28BD7B28BD7B28BD7B2895
:10FA5000C28539E7D1B5FFFFFFEEDDC9BD7B28BD0B
:10FA60007B28FDFCFAEFE0CDC08133C78E47F6ED71
:10FA7000E3FFFFFFD4AA75C9924EF3E7D8E2C6A10F
:10FA8000BF7F2FBD7B28BD7B28BD7B28C8904BE85E
:10FA9000D1B5F9F3EBFFFFFFF3E9DEC78F48BD7B7C
:10FAA00028BD7B28BD7B28BE7B26BE7B26BE7B2651
:10FAB000BE7B26BE7B26BE7B26BE7B26BE7B26BDAE
:10FAC0007A25FFFFFFFFFFFFFFFFFFFFFFFFBE7C69
:10FAD00029BE7C29BE7C29BE7C29BE7C29BE7C290E
:10FAE000BE7C29BE7C29BE7C29BE7C29BE7C29BE69
:10FAF0007C29FAF6F0FFFFFFC4893EBF7D2ABF7D57
:10FB00002ABF7D2ABF7D2ABF7E2BBF7D2ADDBA8F0B
:10FB1000FFFFFFE2C5A0C8904AF3E8DAFAF5EFE18B
:10FB2000C39EE4CBABF9F5EFCC9654CD9957FFFFCC
:10FB3000FFF6EFE6BF7E2CBF7D2AD2A368FCF9F466
:10FB4000F3E7D8C3863ABF7D2ADDBB90FBF8F4FF0C
:10FB5000FFFFDBB688BF7D2AD9B382FFFFFFF5EA3E
:10FB6000DDD09F62BF7D2ABF7D2ABF7D2ABF7D2A4F
:10FB7000BF7D2AC07F2DD5AC78FFFFFFF4EADEC140
:10FB80008131BE7C29BE7C29BE7C29BE7C29BE7CFD
:10FB900029EEDCC6FFFFFFD8AF7CBF7D2ADCBA9020
:10FBA000FFFFFFE6CDACBF7D2ABF7D2ABF7D2ABF08
:10FBB0007D2ABF7D2AC5893DF5EDE3FEFDFCDFBF53
:10FBC00096BF7E2BBF7D2ABF7D2AF9F4EDFFFFFF94
:10FBD000CA934EBF7D2ABF7D2ABF7D2AC4883DEDD2
:10FBE000DBC4F7EFE4D1A268BF7D2AD1A368FBFB99
:10FBF000FAF7F0E7E1C49FEEDDC8F8F1E8C282321F
:10FC0000C18232E4CAA9FFFFFFE8D2B6C07F2DBF90
:10FC10007D2ABF7D2ABF7D2ABF7D2AE0C098FEFED7
:10FC2000FEECD9C1C9914BBF7D2ABF7D2ABF7D2A79
:10FC3000BF7D2ABF7D2ABF7D2ABF7D2ABF7D2AC105
:10FC40008131D7AE7AFFFFFFE9D4BABF7D2ABF7DED
:10FC50002ABF7D2ABF7D2AF1E5D4FFFFFFC88F4868
:10FC6000BF7D2ACC9755F4E9DAFFFFFFD5AC79E4E4
:10FC7000C7A4FFFFFFDAB688BE7C29C28436E1C282
:10FC80009BF8F0E7CC9755BE7C29C5893FF8F5F085
:10FC9000FCFAF9DCBB90E5CCABFFFFFFC78D45BF9D
:10FCA0007D2AE6CFB2FEFDFDF1E3D2C9904ABF7DC9
:10FCB0002ABF7D2ABF7D2ABF7D2ABF7D2AC78E46E7
:10FCC000E8D1B4FFFFFFE9D4BABF7D2ABF7D2AC8BF
:10FCD0008F48FFFFFFFBF7F2C88F48CC9856FFFF15
:10FCE000FFEBD9C2C18131BF7D2ABF7D2AEEDFCDB6
:10FCF000FFFFFFEDDBC5E8D1B4E9D4B9E8D1B4F634
:10FD0000EDE1FFFFFFE5CAA8BE7C29BE7C29BE7CD1
:10FD100029C18334DBB78AFFFFFFF7F0E6BE7C29F9
:10FD2000BE7C29BE7C29BE7C29BE7C29BE7C29BE26
:10FD30007C29C99451F9F2EAF3E7D9C9924DBE7C06
:10FD400029BE7C29DFC19CFFFFFFEBD8C1C7904AC9
:10FD5000BE7C29BD7B28BD7B28BD7B28BD7B28C3FD
:10FD6000863BEBD8C0FFFFFFEAD5BBBD7B28BD7B40
:10FD700028FDFCFAEFE0CDC18436BD7B28E4CCAE93
:10FD8000FEFEFEF6EDE2D7B07FF2E4D3E2C6A1BFFD
:10FD90007F2FBD7B28BD7B28BD7B28BD7B28BD7BFD
:10FDA00028CF9E61F7F1EAFFFFFFF3E9DEBD7B2874
:10FDB000BD7B28BD7B28BE7B26BE7B26BE7B26BEA8
:10FDC0007B26BE7B26BE7B26BE7B26BE7B26BD7ADF
:10FDD00025FFFFFFFFFFFFFFFFFFFFFFFFBE7C29A7
:10FDE000BE7C29BE7C29BE7C29BE7C29BE7C29BE66
:10FDF0007C29BE7C29BE7C29BE7C29BE7C29BE7C98
:10FE000029FAF6F0FFFFFFC8904ABF7D2ABF7D2A7E
:10FE1000BF7D2ABF7D2ABF7D2ABF7D2ADDBA8FFF25
:10FE2000FFFFE5C9A6C07E2BDDB98CFFFFFFF4EA1A
:10FE3000DEF4EADEF5ECE1C07E2BCD9A5AFFFFFF3F
:10FE4000F6EFE6BF7E2CBF7D2AD2A368FBF8F3F362
:10FE5000E8DAC88E46BF7D2ABF7D2AE7D0B3FFFF10
:10FE6000FFDEBC91BF7D2AD9B282FFFFFFF6ECDF37
:10FE7000D3A56CBF7D2ABF7D2ABF7D2ABF7D2ABF47
:10FE80007D2AC07F2DD5AC78FFFFFFF4EADEC1816B
:10FE900031BE7C29BE7C29BE7C29BE7C29D6AE7BA6
:10FEA000F9F4EDF6EFE5CF9F62BF7D2ADCBA90FF53
:10FEB000FFFFE6CDACBF7D2ABF7D2ABF7D2ABF7D77
:10FEC0002ABF7D2ACA934EFFFFFFFCFAF7C3843690
:10FED000BF7D2ABF7D2ABF7D2AF9F4EDFFFFFFCA4F
:10FEE000934EBF7D2ABF7D2ABF7D2AC4883DEDDBAE
:10FEF000C4F7EFE4D2A368BF7D2AC38537E1C09879
:10FF0000FFFFFFF9F5F0F3E6D6F7F0E6C28333C062
:10FF10007E2CCF9F62FFFFFFF9F5F0C28333BF7DD8
:10FF20002ABF7D2ABF7D2ABF7D2ADEBE95FCFBF954
:10FF3000EBD7BEC9914BBF7D2ABF7D2ABF7D2ABFAB
:10FF40007D2ABF7D2ABF7D2ABF7D2ABF7D2AC18130
:10FF500031D7AE7AFFFFFFE9D4BABF7D2ABF7D2A31
:10FF6000BF7D2ABF7D2AF1E5D4FFFFFFC88F48BFC0
:10FF70007D2ABF7D2AE2C6A3FFFFFFEFDFCAF3E8B9
:10FF8000DAFFFFFFDAB688BE7C29C28436E1C29B65
:10FF9000F8F0E7CC9755BE7C29C18131D8B281FFFA
:10FFA000FFFFFCFCFBEAD6BCFFFFFFC78D45BF7D12
:10FFB0002AD3A46AFAF5EFF9F4EFCB9654BF7D2A61
:10FFC000BF7D2ABF7D2ABF7D2ABF7D2ACF9E60F3D9
:10FFD000E8D9FFFEFEE0C29DBF7D2ABF7D2AC68B09
:10FFE00041F0E2D1FDFCFAE3C8A5F2E6D6FFFEFE41
:10FFF000CD9A59C07E2CBF7D2AC28334F4EBE0FC3D
:02000004900169
:10000000FBF9FAF5EFFAF5EEFAF5EEFAF4EDFAF59A
:10001000EFFFFFFFF3E7D8CF9F64BE7C29BE7C29AA
:10002000C18334DBB78AFFFFFFF7F0E6BE7C29BF50
:100030007D2ABF7D2ABF7D2ABF7D2ABF7D2ABF7D45
:100040002ACA9552F9F2EAF3E8D9CA934EBF7D2A3B
:10005000BF7D2AD4A870F7EFE4F9F3ECD5AB77BEF7
:100060007C29BD7B28BD7B28BD7B28BD7B28C58A1C
:1000700040F4ECE1FDFBF9D9B282BD7B28BD7B28C1
:10008000FDFCFAEFE0CDC18436BD7B28BF7E2DEDAF
:10009000DDCAFFFFFFE8D1B5F6EDE2E1C49FBF7F07
:1000A0002FBD7B28BD7B28BD7B28BD7B28BD7B2841
:1000B000BD7B28C8914BFFFFFFFAF5EFC68E46BD0A
:1000C0007B28BD7B28BE7B26BE7B26BE7B26BE7BD7
:1000D00026BE7B26BE7B26BE7B26BE7B26BD7A2522
:1000E000FFFFFFFFFFFFFFFFFFFFFFFFBE7C29BEFB
:1000F0007C29BE7C29BE7C29BE7C29BE7C29BE7C95
:1001000029BE7C29BE7C29BE7C29BE7C29BE7C29D7
:10011000FAF6F0FFFFFFC78F48BF7D2ABF7D2ABFD9
:100120007D2ABF7D2ABF7D2ABF7D2ADDBA8FFFFFD2
:10013000FFE5CAA8C07E2BD3A469FFFFFFFFFFFF26
:10014000FDFCFBE6CEB0C07E2BCD9A5AFFFFFFF63A
:10015000EFE6BF7E2CBF7D2AD2A368FBF8F3F3E85D
:10016000D9C78D45BF7D2ABF7D2AE8D2B6FFFFFFE4
:10017000DFBE94BF7D2AD8B281FFFFFFF5EBDED250
:10018000A46ABF7D2ABF7D2ABF7D2ABF7D2ABF7D8D
:100190002AC07F2DD5AC78FFFFFFF3E9DDC08030AA
:1001A000BE7C29BE7C29BE7C29BF7D2BEDDECBFF2A
:1001B000FFFFE2C49FC3863ABF7D2ADCBA90FFFFEF
:1001C000FFE7CDACBF7D2ABF7D2ABF7D2ABF7D2A38
:1001D000C68B41E4C8A5FFFFFFF2E7DABF7D2ABF67
:1001E0007D2ABF7D2ABF7D2AF9F3ECFFFFFFC9926C
:1001F0004CBF7D2ABF7D2ABF7D2AC4883DEDDBC46C
:10020000F7EFE4D2A368BF7D2ABF7D2ACC9959F6C7
:10021000EEE3FFFFFFFFFFFFF6EEE3C28333BF7D98
:100220002AC28130FDFBF9FFFFFFD0A268C07E2CFF
:10023000BF7D2ABF7D2ABF7D2ADEBD94FDFBF9EB81
:10024000D7BEC9914BBF7D2ABF7D2ABF7D2ABF7D06
:100250002ABF7D2ABF7D2ABF7D2ABF7D2AC1802F6C
:10026000D7AD79FFFFFFE9D4BABF7D2ABF7D2ABF92
:100270007D2ABF7D2AF1E5D4FFFFFFC88F48BF7DEF
:100280002ABF7D2ABF7D2AE8D2B6FFFFFFFFFFFF0E
:10029000FCFBFADAB688BE7C29C28436E1C29BF840
:1002A000F1E8CD9A5ABE7C29BF7D2AC28436F4ED8E
:1002B000E3FFFFFFFFFFFFFFFFFFC78D44BF7D2A66
:1002C000BF7D2AF4E9DBFFFFFFDAB383C0802FBFD5
:1002D0007D2ABF7D2ABF7D2ABF7D2ADDBD94FFFF19
:1002E000FFEAD4B8BF7D2ABF7D2ABF7D2AC07E2CFD
:1002F000CF9E61FFFFFFFFFFFFFFFFFFF8F4EEC09F
:100300007F2DBF7D2ABF7D2ADCB88BFDFCFAE4C8B7
:10031000A6CA9451C68C42C78D45C68B41CE9C5D02
:10032000EDDBC5FFFFFFE1C49FBE7C29BE7C29C178
:100330008334DBB78AFFFFFFF7F0E6BE7C29BF7D81
:100340002ABF7D2ABF7D2ABF7D2ABF7D2ABF7D2A85
:10035000CA9451F9F2EAF3E7D8C9924CBF7D2ABF9B
:100360007D2ABF7D2AE3C6A1FFFFFFE4CAA9BE7CA8
:1003700029BD7B28BD7B28BD7B28BD7C29CFA166FC
:10038000FFFFFFF7F1EABE7E2CBD7B28BD7B28FD79
:10039000FCFAEFE0CDC18436BD7B28BD7B28D6AD0D
:1003A0007AF8F1E8FFFFFFFFFFFFE0C099BF7F2F62
:1003B000BD7B28BE7D2BBE7D2BBD7B28BD7B28BD94
:1003C0007B28C9924EFFFFFFFAF5EFC8904BBD7B2B
:1003D00028BD7B28BE7B26BE7B26BE7B26BE7B2619
:1003E000BE7B26BE7B26BE7B26BE7B26BD7A25FF36
:1003F000FFFFFFFFFFFFFFFFFFFFFFBE7C29BE7C6B
:1004000029BE7C29BE7C29BE7C29BE7C29BE7C29D4
:10041000BE7C29BE7C29BE7C29BE7C29BE7C29FBF2
:10042000F6F1FFFFFFCC9755C38435C38638C386EA
:1004300038C48639C18232BF7D2ADDBA8FFFFFFF03
:10044000E5CAA8C07E2BCC9754F2E6D7FFFFFFF594
:10045000EBDEC28232C07F2CCD9A5AFFFFFFF6EF4F
:10046000E6BF7E2CBF7D2AD2A368FBF8F3F4EADD59
:10047000CB9653C1802ED5AA74F5EDE2FFFFFFD8CD
:10048000B281BF7D2AD9B382FFFFFFF6EDE1D7AC81
:1004900076C18131C38638C38638C38638C3853771
:1004A000BF7E2CD5AC78FFFFFFF4EBE0C58A40C2DD
:1004B0008436C28436C28537EFE0CEFFFFFFF9F302
:1004C000ECCE9D5FBF7D2ABF7D2ADDBB91FFFFFF84
:1004D000E8D0B2C07E2CC38638C28435C9914BE8BF
:1004E000D3B8FFFFFFF8F0E7C48739BF7D2AC18189
:1004F00031C38638C18131FAF4EDFFFFFFCD9A5A3E
:10050000C28333C38537BF7D2AC4883CEEDCC5F681
:10051000EEE4D2A368BF7D2ABF7D2ABF7D2AD09F8B
:1005200062FFFFFFFFFFFFF7EEE3C28333BF7D2AC9
:10053000BF7F2DDCB98CFDFDFCFBFAF9C68D45C3F0
:100540008436C38436C07F2DE1C39CFEFCFBEBD711
:10055000BEC9914BBF7D2ABF7D2ABF7D2ABF7D2AA0
:10056000BF7D2ABF7D2AC0802EC38537C5893EDB6B
:10057000B484FFFFFFEBD7BFC28334C38638BF7D8F
:100580002ABF7D2AF1E4D4FFFFFFC88F48BF7D2A30
:10059000BF7D2ABF7D2AD3A56BF5EADDFFFFFFFDF6
:1005A000FCFBDAB688BE7C29C28436E0C199FBF830
:1005B000F3D5AB77BE7C29BF7D2ABF7D2AC38638A1
:1005C000FEFEFDFFFFFFFFFFFFC78D45BF7D2ABF7A
:1005D0007D2AE2C5A0FCF9F5FFFFFFD3A66DC1811E
:1005E00030C28436C07E2CDBB789FCFAF8FFFFFFEF
:1005F000E0C39FBF7D2ABF7D2ABF7D2ABF7D2AC65B
:100600008C42FDFDFDFFFFFFFEFEFDE6CDAEC07F8F
:100610002DBF7D2ABF7D2AF0E3D3FFFFFFCB94508F
:10062000BF7D2ABF7D2ABF7D2ABF7D2ABF7D2ADBF1
:10063000B98DFFFFFFECD8BFC38639BE7C29C183CB
:1006400034DBB78AFFFFFFF7F0E6BE7C29BF7D2AC7
:10065000BF7D2ABF7D2ABF7D2AC38537C38436CE9E
:100660009C5EF9F3ECF4E9DCCD9A5AC28334C18183
:1006700031BF7D2AD6AE7CFAF5F0FFFFFFE0C29DC8
:10068000BD7C29C08234BF7F2FCC995AFCFCFBFE75
:10069000FDFCE9D5BDBD7B28BD7B28BD7B28FDFCCD
:1006A000FAEFE0CEC18436BD7B28BD7B28BD7B2818
:1006B000E6D0B4FFFFFFFFFFFFE0C19ABF7F2FBD71
:1006C0007B28C8924DCF9F62C08131C18335BE7FE8
:1006D0002FCD9B5BFFFFFFF7EEE4BD7B28BD7B28A2
:1006E000BD7B28BE7B26BE7B26BE7B26BE7B26BE70
:1006F0007B26BE7B26BE7B26BE7B26BD7A25FFFFE2
:10070000FFFFFFFFFFFFFFFFFFFFBE7C29BE7C292D
:10071000BE7C29BE7C29BE7C29BE7C29BF7D2AC027
:100720007E2BC07E2BC07E2BC07E2BC07E2BF9F48F
:10073000EEFFFFFFFFFFFFFFFFFFFFFFFFFFFFFFDA
:10074000FFFFFFE1C29BC07E2BDCB98CFFFFFFE502
:10075000C9A7C07E2BC07E2BD2A46AFEFEFEEEDEB1
:10076000C9C07E2BC07F2DCD9A59FFFFFFF5EEE467
:10077000C07F2DBF7D2AD1A267FAF5EEFFFFFFFFF4
:10078000FFFFFFFFFFFFFFFFFFFFFFE8D1B4C990AE
:100790004ABF7D2AD9B282FFFFFFFFFFFFFFFFFFA5
:1007A000FFFFFFFFFFFFFFFFFFFFFFFFFAF5EFBFB8
:1007B0007D2AD6AC78FEFEFDFFFEFEFFFFFFFFFFA9
:1007C000FFFFFFFFFFFFFFFEFDFCFCFBFACE9C5E80
:1007D000C07E2BC07E2BC07E2BDCBA8FFFFFFFFFBD
:1007E000FFFFFFFFFFFFFFFFFFFFFFFFFFFFFFFF19
:1007F000FFF5EDE2CE9B5BC07E2BC07F2DDCB98C7C
:10080000FFFFFFFFFFFFFFFEFDFEFDFDFFFFFFFF00
:10081000FFFFF9F6F3CE9B5CC28436EDDBC4F6ED48
:10082000E3D1A268C07E2BC07E2BC07E2BC5893C45
:10083000E2C49FFFFFFFF6EDE2C38434C07E2BC00D
:100840007E2BC07E2BF0E4D5FEFCFAFFFFFFF9F70C
:10085000F5F6EFE6F6F2EEFEFDFDFFFFFFEAD4B897
:10086000C9904ABE7C29BE7C29BE7C29BE7C29BE9B
:100870007C29BE7C29D0A065FFFFFFFFFFFFFFFFA3
:10088000FFFFFEFDFFFFFFFFFFFFFFFFFFC1802D0A
:10089000C07E2BF0E3D3FFFFFFC99049C07E2BC081
:1008A0007E2BC07E2BC07E2BE3C6A2FFFFFFFCFB8E
:1008B000FADAB688BF7D2AC38537E0C199FBF6F125
:1008C000D5AB76BF7D2ABE7C29BE7C29C07F2EDBBE
:1008D000B78AFFFEFEFFFFFFC68C43BE7C29BF7DAB
:1008E0002ABF7D2AE7D1B5FCFAF8FFFFFFFAF9F736
:1008F000F5F0E9FAF9F7FFFFFFFFFFFFE1C4A1C040
:100900007E2BC07E2BC07E2BC07E2BC07E2BC38552
:1009100036E0C19BFFFFFFFBF8F5CD9957BF7E2B5B
:10092000BF7D2AC88F47F9F3ECFAF6F2C9924DBFA2
:100930007D2ABF7D2ABF7D2ABF7D2ABF7D2AD6ACF6
:1009400078FAF6F1F8F1E9D8B07EBF7D2AC2843595
:10095000DBB78AFFFFFFF7EFE4BF7D2ABF7D2ABF29
:100960007D2ABF7D2ABF7D2AF7F2EBFFFFFFFFFF45
:10097000FFFEFDFDFFFEFEFFFFFFFFFFFFDCB88A6D
:10098000BF7E2BBF7D2ADAB689FFFFFFFFFFFFFD89
:10099000FCFCF6F1EBFAF7F4FFFFFFFEFDFCF1E4DF
:1009A000D4BF7D2ABF7D2ABD7B28BD7B28FDFAF7F9
:1009B000F2E7DAC18437BD7B28BD7B28BD7B28BF29
:1009C0007D2BECD9C2FFFFFFE0C199BF7F2DC07F17
:1009D0002EE1C39EFFFFFFFFFFFFF7F3EEF7F4EFFB
:1009E000FFFFFFF7F1EAD6AE7DBD7B28BD7B28BDBA
:1009F0007B28BF7C27BF7C27BF7C27BF7C27BF7C91
:100A000027BF7C27BF7C27BF7C27BE7B26FFFFFF3D
:100A1000FFFFFFFFFFFFFFFFFFBE7C29BE7C29BE5B
:100A20007C29BE7C29BE7C29BE7C29BF7D2AC07E54
:100A30002BC07E2BC07E2BC07E2BC07E2BEAD7BF67
:100A4000EEDFCBEEDEC9EEDEC9EEDEC9EEDEC9F1C9
:100A5000E4D3D7AF7DC07E2BD6AC76F3E7D8DBB737
:100A600089C07E2BC07E2BC07E2BC07E2BC07E2BF0
:100A7000C07E2BC07F2DCA924DEEDFCDE9D4BAC027
:100A80007F2DBF7D2ACD9958EAD7BEEEDECBEDDDB6
:100A9000C9EEDECAEEDECBD9B382C38537BF7D2A6D
:100AA000BF7D2AD3A66EEFE0CDEEDECAEDDDC9ED47
:100AB000DDC9EDDDC9EDDDC9EEDFCCE9D5BBBF7D1C
:100AC0002AD1A266EEDECAEDDDC9EDDDC9EDDDC9D4
:100AD000EEDECBECD9C0D5A973C28232C07E2BC06A
:100AE0007E2BC07E2BC07E2BD7AE79F0E3D3EEDE1B
:100AF000CAEEDEC9EEDECAEEDEC9EBD7BDDAB586D8
:100B0000C07F2DC07E2BC07E2BC07F2DD5AA73ED5C
:100B1000DDC8EEDECAEEDEC9EEDEC9EEDEC9EEDF0E
:100B2000CCEBD8C0CB9550C28333E1C39EE9D2B79A
:100B3000CE9A5AC07E2BC07E2BC07E2BC07E2BCA85
:100B4000934EEFE0CDE8D1B6C28232C07E2BC07E9C
:100B50002BC07E2BC07E2BD8B17FF0E3D3FBF9F7FF
:100B6000FFFFFFFBF9F7F5EDE3EEDEC9D4A76FC198
:100B70008232BE7C29BE7C29BE7C29BE7C29BE7CFB
:100B800029BE7C29CB9654F1E4D5EEDEC9EEDEC950
:100B9000EEDEC9EEDEC9EEDECAEDDDC8C07F2DC0D7
:100BA0007E2BE6CCACF0E3D2C68B41C07E2BC07E60
:100BB0002BC07E2BC07E2BCA924BE3C7A5F0E1CEA3
:100BC000D5AA74BF7D2AC28333D8B07EECD9C1D2F6
:100BD000A265BF7D2ABE7C29BE7C29BE7C29C0803F
:100BE00030EEDEC9EEDFCBC4883CBE7C29BF7D2A57
:100BF000BF7D2ABF7D2AD5A972EEDEC9FCFAF7FFB8
:100C0000FFFFFAF8F5EEE0CED4A770C07E2BC07ED1
:100C10002BC07E2BC07E2BC07E2BC07E2BC1802D97
:100C2000CC9855EFE1CFECD9C2BF7D2ABF7D2ABF5A
:100C30007D2ADBB688EEDECBD3A56CC18130BF7DCB
:100C40002ABF7D2ABF7D2ABF7D2ABF7D2ABF7D2A7C
:100C5000D4A973F3E8DBDDBB90BF7D2AC28232D416
:100C6000A973F0E4D3E8D2B7BF7D2ABF7D2ABF7D48
:100C70002ABF7D2ABF7D2AE9D4BAEEDECAEDDDC9DE
:100C8000EDDDC9EDDDC9EDDDC9F1E4D4D4A871C055
:100C90007E2BBF7D2ABF7D2ACE9C5EEDDCC7F7F49C
:100CA000EFFFFFFFFDFCFAF0E3D2DAB483BF7D2A49
:100CB000BF7D2ABF7D2ABD7B28BD7B28ECDAC5E637
:100CC000CEB0C18234BD7B28BD7B28BD7B28BE7CD5
:100CD00029D8B182EEE0CFD8B07FBF7E2CC182325E
:100CE000D9B282F2E7DAFAF7F3FFFFFFFDFBFAED84
:100CF000DDCAD1A56DBD7B28BD7B28BD7B28BD7B12
:100D000028BF7C27BF7C27BF7C27BF7C27BF7C27D1
:100D1000BF7C27BF7C27BF7C27BE7B26FFFFFFFF52
:100D2000FFFFFFFFFFFFFFFFBE7C29BE7C29BE7CCB
:100D300029BE7C29BE7C29BE7C29BF7D2AC07E2B92
:100D4000C07E2BC07E2BC07E2BC07E2BC07E2BC0D6
:100D50007E2BC07E2BC07E2BC07E2BC07E2BC07E08
:100D60002BC07E2BC07E2BC07E2BC07E2BC07E2B4B
:100D7000C07E2BC07E2BC07E2BC07E2BC07E2BC0A6
:100D80007E2BC07E2BBF7D2ABF7D2ABF7D2ABF7DE3
:100D90002ABF7D2ABF7D2ABF7D2ABF7D2ABF7D2A2B
:100DA000BF7D2ABF7D2ABF7D2ABF7D2ABF7D2ABF86
:100DB0007D2ABF7D2ABF7D2ABF7D2ABF7D2ABF7DB8
:100DC0002ABF7D2ABF7D2ABF7D2ABF7D2ABF7D2AFB
:100DD000BF7D2ABF7D2ABF7D2ABF7D2ABF7D2ABF56
:100DE0007D2ABF7D2ABF7D2ABF7D2AC07E2BC07E83
:100DF0002BC07E2BC07E2BC07E2BC07E2BC07E2BBB
:100E0000C07E2BC07E2BC07E2BC07E2BC07E2BC015
:100E10007E2BC07E2BC07E2BC07E2BC07E2BC07E47
:100E20002BC07E2BC07E2BC07E2BC07E2BC07E2B8A
:100E3000C07E2BC07E2BC07E2BC07E2BC07E2BC0E5
:100E40007E2BC07E2BC07E2BC07E2BC07E2BC07E17
:100E50002BC07E2BC07E2BC07E2BC07E2BC07E2B5A
:100E6000C07E2BC07E2BC07E2BC07E2BC07E2BC0B5
:100E70007E2BC07E2BC07E2BC07E2BC07E2BBF7DE9
:100E80002ABE7C29BE7C29BE7C29BE7C29BE7C2949
:100E9000BE7C29BE7C29BE7C29C07E2BC07E2BC097
:100EA0007E2BC07E2BC07E2BC07E2BC07E2BC07EB7
:100EB0002BC07E2BC07E2BC07E2BC07E2BC07E2BFA
:100EC000C07E2BC07E2BC07E2BC07E2BBF7D2ABF59
:100ED0007D2ABF7D2ABF7D2ABF7D2ABF7D2ABF7D97
:100EE0002ABF7D2ABE7C29BE7C29BE7C29BE7C29E6
:100EF000BE7C29BE7C29BE7C29BE7C29BF7D2ABF41
:100F00007D2ABF7D2ABF7D2ABF7D2ABF7D2ABF7D66
:100F10002ABF7D2ABF7D2AC07E2BC07E2BC07E2BA0
:100F2000C07E2BC07E2BC07E2BC07E2BC07E2BBFF5
:100F30007D2ABF7D2ABF7D2ABF7D2ABF7D2ABF7D36
:100F40002ABF7D2ABF7D2ABF7D2ABF7D2ABF7D2A79
:100F5000BF7D2ABF7D2ABF7D2ABF7D2ABF7D2ABFD4
:100F60007D2ABF7D2ABF7D2ABF7D2ABF7D2ABF7D06
:100F70002ABF7D2ABF7D2ABF7D2ABF7D2ABF7D2A49
:100F8000BF7D2ABF7D2ABF7D2ABF7D2ABF7D2ABFA4
:100F90007D2ABF7D2ABF7D2ABF7D2ABF7D2ABF7DD6
:100FA0002ABF7D2ABF7D2ABF7D2ABF7D2ABF7D2A19
:100FB000BF7D2ABF7D2ABF7D2ABF7D2ABF7D2ABF74
:100FC0007D2ABF7D2ABD7B28BD7B28BD7B28BD7BBC
:100FD00028BD7B28BD7B28BD7B28BD7B28BE7C2906
:100FE000BE7C29BE7C29BE7C29BE7C29BE7C29BE54
:100FF0007C29BE7C29BE7C29BD7B28BD7B28BD7B8E
:1010000028BD7B28BD7B28BD7B28BD7B28BD7B28D8
:10101000BF7C27BF7C27BF7C27BF7C27BF7C27BF27
:101020007C27BF7C27BF7C27BE7B26FFFFFFFFFFFF
:10103000FFFFFFFFFFFFFFBF7D2ABF7D2ABF7D2A85
:10104000BF7D2ABF7D2ABF7D2AC07E2BC07E2BC0DC
:101050007E2BC07E2BC07E2BC07E2BC07E2BC07E05
:101060002BC07E2BC07E2BC07E2BC07E2BC07E2B48
:10107000C07E2BC07E2BC07E2BC07E2BC07E2BC0A3
:101080007E2BC07E2BC07E2BC07E2BC07E2BC07ED5
:101090002BC07E2BC07E2BC07E2BC07E2BC07E2B18
:1010A000C07E2BC07E2BC07E2BC07E2BC07E2BC073
:1010B0007E2BC07E2BC07E2BC07E2BC07E2BC07EA5
:1010C0002BC07E2BC07E2BC07E2BC07E2BC07E2BE8
:1010D000C07E2BC07E2BC07E2BC07E2BC07E2BBF44
:1010E0007D2ABF7D2ABF7D2ABF7D2ABF7D2ABF7D85
:1010F0002ABF7D2ABF7D2ABF7D2AC07E2BC07E2BC2
:10110000C07E2BC07E2BC07E2BC07E2BC07E2BC012
:101110007E2BC07E2BC07E2BC07E2BC07E2BC07E44
:101120002BC07E2BC07E2BC07E2BC07E2BC07E2B87
:10113000C07E2BC07E2BC07E2BC07E2BC07E2BC0E2
:101140007E2BC07E2BC07E2BC07E2BC07E2BC07E14
:101150002BC07E2BC07E2BC07E2BC07E2BC07E2B57
:10116000C07E2BC07E2BC07E2BC07E2BC07E2BC0B2
:101170007E2BC07E2BC07E2BC07E2BC07E2BC07EE4
:101180002BC07E2BC07E2BC07E2BC07E2BC07E2B27
:10119000BF7D2ABF7D2ABF7D2ABF7D2ABF7D2ABF92
:1011A0007D2ABF7D2ABF7D2AC07E2BC07E2BC07EBC
:1011B0002BC07E2BC07E2BC07E2BC07E2BC07E2BF7
:1011C000C07E2BC07E2BC07E2BC07E2BC07E2BC052
:1011D0007E2BC07E2BC07E2BC07E2BBF7D2ABF7D89
:1011E0002ABF7D2ABF7D2ABF7D2ABF7D2ABF7D2AD7
:1011F000BF7D2ABF7D2ABF7D2ABF7D2ABF7D2ABF32
:101200007D2ABF7D2ABF7D2ABF7D2ABF7D2ABF7D63
:101210002ABF7D2ABF7D2ABF7D2ABF7D2ABF7D2AA6
:10122000BF7D2ABF7D2AC07E2BC07E2BC07E2BC0F7
:101230007E2BC07E2BC07E2BC07E2BC07E2BBF7D25
:101240002ABF7D2ABF7D2ABF7D2ABF7D2ABF7D2A76
:10125000BF7D2ABF7D2ABF7D2ABF7D2ABF7D2ABFD1
:101260007D2ABF7D2ABF7D2ABF7D2ABF7D2ABF7D03
:101270002ABF7D2ABF7D2ABF7D2ABF7D2ABF7D2A46
:10128000BF7D2ABF7D2ABF7D2ABF7D2ABF7D2ABFA1
:101290007D2ABF7D2ABF7D2ABF7D2ABF7D2ABF7DD3
:1012A0002ABF7D2ABF7D2ABF7D2ABF7D2ABF7D2A16
:1012B000BF7D2ABF7D2ABF7D2ABF7D2ABF7D2ABF71
:1012C0007D2ABF7D2ABF7D2ABF7D2ABF7D2ABF7DA3
:1012D0002ABF7D2ABE7C29BE7C29BE7C29BE7C29F2
:1012E000BE7C29BE7C29BE7C29BE7C29BE7C29BE51
:1012F0007C29BE7C29BE7C29BE7C29BE7C29BE7C83
:1013000029BE7C29BE7C29BD7B28BD7B28BD7B28CE
:10131000BD7B28BD7B28BD7B28BD7B28BD7B28BF2E
:101320007C27BF7C27BF7C27BF7C27BF7C27BF7C57
:1013300027BF7C27BF7C27BE7B26FFFFFFFFFFFF69
:10134000FFFFFFFFFFFFBF7D2ABF7D2ABF7D2ABFB2
:101350007D2ABF7D2ABF7D2AC07E2BC07E2BC07E0A
:101360002BC07E2BC07E2BC07E2BC07E2BC07E2B45
:10137000C07E2BC07E2BC07E2BC07E2BC07E2BC0A0
:101380007E2BC07E2BC07E2BC07E2BC07E2BC07ED2
:101390002BC07E2BC07E2BC07E2BC07E2BC07E2B15
:1013A000C07E2BC07E2BC07E2BC07E2BC07E2BC070
:1013B0007E2BC07E2BC07E2BC07E2BC07E2BC07EA2
:1013C0002BC07E2BC07E2BC07E2BC07E2BC07E2BE5
:1013D000C07E2BC07E2BC07E2BC07E2BC07E2BC040
:1013E0007E2BC07E2BC07E2BC07E2BC07E2BBF7D74
:1013F0002ABF7D2ABF7D2ABF7D2ABF7D2ABF7D2AC5
:10140000BF7D2ABF7D2ABF7D2AC07E2BC07E2BC018
:101410007E2BC07E2BC07E2BC07E2BC07E2BC07E41
:101420002BC07E2BC07E2BC07E2BC07E2BC07E2B84
:10143000C07E2BC07E2BC07E2BC07E2BC07E2BC0DF
:101440007E2BC07E2BC07E2BC07E2BC07E2BC07E11
:101450002BC07E2BC07E2BC07E2BC07E2BC07E2B54
:10146000C07E2BC07E2BC07E2BC07E2BC07E2BC0AF
:101470007E2BC07E2BC07E2BC07E2BC07E2BC07EE1
:101480002BC07E2BC07E2BC07E2BC07E2BC07E2B24
:10149000C07E2BC07E2BC07E2BC07E2BC07E2BBF80
:1014A0007D2ABF7D2ABF7D2ABF7D2ABF7D2ABF7DC1
:1014B0002ABF7D2ABF7D2AC07E2BC07E2BC07E2BFB
:1014C000C07E2BC07E2BC07E2BC07E2BC07E2BC04F
:1014D0007E2BC07E2BC07E2BC07E2BC07E2BC07E81
:1014E0002BC07E2BC07E2BC07E2BBF7D2ABF7D2ACA
:1014F000BF7D2ABF7D2ABF7D2ABF7D2ABF7D2ABF2F
:101500007D2ABF7D2ABF7D2ABF7D2ABF7D2ABF7D60
:101510002ABF7D2ABF7D2ABF7D2ABF7D2ABF7D2AA3
:10152000BF7D2ABF7D2ABF7D2ABF7D2ABF7D2ABFFE
:101530007D2ABF7D2AC07E2BC07E2BC07E2BC07E25
:101540002BC07E2BC07E2BC07E2BC07E2BBF7D2A66
:10155000BF7D2ABF7D2ABF7D2ABF7D2ABF7D2ABFCE
:101560007D2ABF7D2ABF7D2ABF7D2ABF7D2ABF7D00
:101570002ABF7D2ABF7D2ABF7D2ABF7D2ABF7D2A43
:10158000BF7D2ABF7D2ABF7D2ABF7D2ABF7D2ABF9E
:101590007D2ABF7D2ABF7D2ABF7D2ABF7D2ABF7DD0
:1015A0002ABF7D2ABF7D2ABF7D2ABF7D2ABF7D2A13
:1015B000BF7D2ABF7D2ABF7D2ABF7D2ABF7D2ABF6E
:1015C0007D2ABF7D2ABF7D2ABF7D2ABF7D2ABF7DA0
:1015D0002ABF7D2ABF7D2ABF7D2ABF7D2ABF7D2AE3
:1015E000BF7D2ABE7C29BE7C29BE7C29BE7C29BE4B
:1015F0007C29BE7C29BE7C29BE7C29BE7C29BE7C80
:1016000029BE7C29BE7C29BE7C29BE7C29BE7C29C2
:10161000BE7C29BE7C29BD7B28BD7B28BD7B28BD27
:101620007B28BD7B28BD7B28BD7B28BD7B28BF7C5C
:1016300027BF7C27BF7C27BF7C27BF7C27BF7C2799
:10164000BF7C27BF7C27BE7B26FFFFFFFFFFFFFF7E
:10165000FFFFFFFFFFC07E2BC07E2BC07E2BC07E16
:101660002BC07E2BC07E2BC07E2BC07E2BC07E2B42
:10167000C07E2BC07E2BC07E2BC07E2BC07E2BC09D
:101680007E2BC07E2BC07E2BC07E2BC07E2BC07ECF
:101690002BC07E2BC07E2BC07E2BC07E2BC07E2B12
:1016A000C07E2BC07E2BC07E2BC07E2BC07E2BC06D
:1016B0007E2BC17F2CC17F2CC17F2CC17F2CC17F91
:1016C0002CC17F2CC17F2CC17F2CC17F2CC17F2CD2
:1016D000C17F2CC17F2CC17F2CC17F2CC17F2CC12D
:1016E0007F2CC17F2CC17F2CC17F2CC17F2CC17F5F
:1016F0002CC17F2CC17F2CC17F2CC17F2CBF7D2AA8
:10170000BF7D2ABF7D2ABF7D2ABF7D2ABF7D2ABF1C
:101710007D2ABF7D2ABF7D2AC07E2BC07E2BC07E46
:101720002BC07E2BC07E2BC07E2BC07E2BC07E2B81
:10173000C07E2BC07E2BC07E2BC07E2BC07E2BC0DC
:101740007E2BC07E2BC07E2BC07E2BC07E2BC07E0E
:101750002BC07E2BC07E2BC07E2BC07E2BC07E2B51
:10176000C07E2BC07E2BC07E2BC07E2BC07E2BC0AC
:101770007E2BC07E2BC07E2BC07E2BC07E2BC07EDE
:101780002BC07E2BC07E2BC07E2BC07E2BC07E2B21
:10179000C07E2BC07E2BC07E2BC07E2BC07E2BC07C
:1017A0007E2BC07E2BC07E2BC07E2BC07E2BC07EAE
:1017B0002BC07E2BC07E2BC07E2BC07E2BC07E2BF1
:1017C000C07E2BC07E2BC07E2BC07E2BC07E2BC04C
:1017D0007E2BC07E2BC07E2BC07E2BC07E2BC07E7E
:1017E0002BC07E2BC07E2BC07E2BC07E2BC07E2BC1
:1017F000C07E2BC07E2BC07E2BBF7D2ABF7D2ABF23
:101800007D2ABF7D2ABF7D2ABF7D2ABF7D2ABF7D5D
:101810002AC07E2BC07E2BC07E2BC07E2BC07E2B91
:10182000C07E2BC07E2BC07E2BBF7D2ABF7D2ABFF2
:101830007D2ABF7D2ABF7D2ABF7D2ABF7D2ABF7D2D
:101840002ABF7D2AC07E2BC07E2BC07E2BC07E2B64
:10185000C07E2BC07E2BC07E2BC07E2BBF7D2ABFBF
:101860007D2ABF7D2ABF7D2ABF7D2ABF7D2ABF7DFD
:101870002ABF7D2ABF7D2ABF7D2ABF7D2ABF7D2A40
:10188000BF7D2ABF7D2ABF7D2ABF7D2ABF7D2ABF9B
:101890007D2ABF7D2ABF7D2ABF7D2ABF7D2ABF7DCD
:1018A0002ABF7D2ABF7D2ABF7D2ABF7D2ABF7D2A10
:1018B000BF7D2ABF7D2ABF7D2ABF7D2ABF7D2ABF6B
:1018C0007D2ABF7D2ABF7D2ABF7D2ABF7D2ABF7D9D
:1018D0002ABF7D2ABF7D2ABF7D2ABF7D2ABF7D2AE0
:1018E000BF7D2ABF7D2ABF7D2ABF7D2ABF7D2ABF3B
:1018F0007D2ABF7D2ABF7D2ABF7D2ABF7D2ABF7D6D
:101900002ABF7D2ABF7D2ABF7D2ABE7C29BE7C29B5
:10191000BE7C29BE7C29BE7C29BE7C29BE7C29BE1A
:101920007C29BE7C29BD7B28BD7B28BD7B28BD7B57
:1019300028BD7B28BD7B28BD7B28BD7B28BF7C279D
:10194000BF7C27BF7C27BF7C27BF7C27BF7C27BFEE
:101950007C27BF7C27BE7B26FFFFFFFFFFFFFFFF2B
:10196000FFFFFFFFC07E2BC07E2BC07E2BC07E2BD7
:10197000C07E2BC07E2BC07E2BC07E2BC07E2BC09A
:101980007E2BC07E2BC07E2BC07E2BC07E2BC07ECC
:101990002BC07E2BC07E2BC07E2BC07E2BC07E2B0F
:1019A000C07E2BC07E2BC07E2BC07E2BC07E2BC06A
:1019B0007E2BC07E2BC07E2BC07E2BC07E2BC07E9C
:1019C0002BC17F2CC17F2CC17F2CC17F2CC17F2CD0
:1019D000C17F2CC17F2CC17F2CC17F2CC17F2CC12A
:1019E0007F2CC17F2CC17F2CC17F2CC17F2CC17F5C
:1019F0002CC17F2CC17F2CC17F2CC17F2CC17F2C9F
:101A0000C17F2CC17F2CC17F2CC17F2CC07E2BBFFE
:101A10007D2ABF7D2ABF7D2ABF7D2ABF7D2ABF7D4B
:101A20002ABF7D2ABF7D2AC07E2BC07E2BC07E2B85
:101A3000C07E2BC07E2BC07E2BC07E2BC07E2BC0D9
:101A40007E2BC07E2BC07E2BC07E2BC07E2BC07E0B
:101A50002BC07E2BC07E2BC07E2BC07E2BC07E2B4E
:101A6000C07E2BC07E2BC07E2BC07E2BC07E2BC0A9
:101A70007E2BC07E2BC07E2BC07E2BC07E2BC07EDB
:101A80002BC07E2BC07E2BC07E2BC07E2BC07E2B1E
:101A9000C07E2BC07E2BC07E2BC07E2BC07E2BC079
:101AA0007E2BC07E2BC07E2BC07E2BC07E2BC07EAB
:101AB0002BC07E2BC07E2BC07E2BC07E2BC07E2BEE
:101AC000C07E2BC07E2BC07E2BC07E2BC07E2BC049
:101AD0007E2BC07E2BC07E2BC07E2BC07E2BC07E7B
:101AE0002BC07E2BC07E2BC07E2BC07E2BC07E2BBE
:101AF000C07E2BC07E2BC07E2BC07E2BC07E2BC019
:101B00007E2BC07E2BC07E2BBF7D2ABF7D2ABF7D52
:101B10002ABF7D2ABF7D2ABF7D2ABF7D2ABF7D2A9D
:101B2000C07E2BC07E2BC07E2BC07E2BC07E2BC0E8
:101B30007E2BC07E2BC07E2BBF7D2ABF7D2ABF7D22
:101B40002ABF7D2ABF7D2ABF7D2ABF7D2ABF7D2A6D
:101B5000BF7D2AC07E2BC07E2BC07E2BC07E2BC0BB
:101B60007E2BC07E2BC07E2BC07E2BBF7D2ABF7DEF
:101B70002ABF7D2ABF7D2ABF7D2ABF7D2ABF7D2A3D
:101B8000BF7D2ABF7D2ABF7D2ABF7D2ABF7D2ABF98
:101B90007D2ABF7D2ABF7D2ABF7D2ABF7D2ABF7DCA
:101BA0002ABF7D2ABF7D2ABF7D2ABF7D2ABF7D2A0D
:101BB000BF7D2ABF7D2ABF7D2ABF7D2ABF7D2ABF68
:101BC0007D2ABF7D2ABF7D2ABF7D2ABF7D2ABF7D9A
:101BD0002ABF7D2ABF7D2ABF7D2ABF7D2ABF7D2ADD
:101BE000BF7D2ABF7D2ABF7D2ABF7D2ABF7D2ABF38
:101BF0007D2ABF7D2ABF7D2ABF7D2ABF7D2ABF7D6A
:101C00002ABF7D2ABF7D2ABF7D2ABF7D2ABF7D2AAC
:101C1000BF7D2ABF7D2ABF7D2ABE7C29BE7C29BE0E
:101C20007C29BE7C29BE7C29BE7C29BE7C29BE7C49
:101C300029BE7C29BD7B28BD7B28BD7B28BD7B2898
:101C4000BD7B28BD7B28BD7B28BD7B28BF7C27BFF3
:101C50007C27BF7C27BF7C27BF7C27BF7C27BF7C1E
:101C600027BF7C27BE7B26FFFFFFFFFFFFFFFFFF95
:101C7000FFFFFFC07E2BC07E2BC07E2BC07E2BC003
:101C80007E2BC07E2BC07E2BC07E2BC07E2BC07EC9
:101C90002BC07E2BC07E2BC07E2BC07E2BC07E2B0C
:101CA000C07E2BC07E2BC07E2BC07E2BC07E2BC067
:101CB0007E2BC07E2BC07E2BC07E2BC07E2BC07E99
:101CC0002BC07E2BC07E2BC07E2BC07E2BC07E2BDC
:101CD000C17F2CC17F2CC17F2CC17F2CC17F2CC127
:101CE0007F2CC17F2CC17F2CC17F2CC17F2CC17F59
:101CF0002CC17F2CC17F2CC17F2CC17F2CC17F2C9C
:101D0000C17F2CC17F2CC17F2CC17F2CC17F2CC1F6
:101D10007F2CC17F2CC17F2CC17F2CBF7D2ABF7D32
:101D20002ABF7D2ABF7D2ABF7D2ABF7D2ABF7D2A8B
:101D3000BF7D2ABF7D2AC07E2BC07E2BC07E2BC0DC
:101D40007E2BC07E2BC07E2BC07E2BC07E2BC07E08
:101D50002BC07E2BC07E2BC07E2BC07E2BC07E2B4B
:101D6000C07E2BC07E2BC07E2BC07E2BC07E2BC0A6
:101D70007E2BC07E2BC07E2BC07E2BC07E2BC07ED8
:101D80002BC07E2BC07E2BC07E2BC07E2BC07E2B1B
:101D9000C07E2BC07E2BC07E2BC07E2BC07E2BC076
:101DA0007E2BC07E2BC07E2BC07E2BC07E2BC07EA8
:101DB0002BC07E2BC07E2BC07E2BC07E2BC07E2BEB
:101DC000C07E2BC07E2BC07E2BC07E2BC07E2BC046
:101DD0007E2BC07E2BC07E2BC07E2BC07E2BC07E78
:101DE0002BC07E2BC07E2BC07E2BC07E2BC07E2BBB
:101DF000C07E2BC07E2BC07E2BC07E2BC07E2BC016
:101E00007E2BC07E2BC07E2BC07E2BC07E2BC07E47
:101E10002BC07E2BC07E2BBF7D2ABF7D2ABF7D2A93
:101E2000BF7D2ABF7D2ABF7D2ABF7D2ABF7D2AC0F4
:101E30007E2BC07E2BC07E2BC07E2BC07E2BC07E17
:101E40002BC07E2BC07E2BBF7D2ABF7D2ABF7D2A63
:101E5000BF7D2ABF7D2ABF7D2ABF7D2ABF7D2ABFC5
:101E60007D2AC07E2BC07E2BC07E2BC07E2BC07EE9
:101E70002BC07E2BC07E2BC07E2BBF7D2ABF7D2A30
:101E8000BF7D2ABF7D2ABF7D2ABF7D2ABF7D2ABF95
:101E90007D2ABF7D2ABF7D2ABF7D2ABF7D2ABF7DC7
:101EA0002ABF7D2ABF7D2ABF7D2ABF7D2ABF7D2A0A
:101EB000BF7D2ABF7D2ABF7D2ABF7D2ABF7D2ABF65
:101EC0007D2ABF7D2ABF7D2ABF7D2ABF7D2ABF7D97
:101ED0002ABF7D2ABF7D2ABF7D2ABF7D2ABF7D2ADA
:101EE000BF7D2ABF7D2ABF7D2ABF7D2ABF7D2ABF35
:101EF0007D2ABF7D2ABF7D2ABF7D2ABF7D2ABF7D67
:101F00002ABF7D2ABF7D2ABF7D2ABF7D2ABF7D2AA9
:101F1000BF7D2ABF7D2ABF7D2ABF7D2ABF7D2ABF04
:101F20007D2ABF7D2ABF7D2ABE7C29BE7C29BE7C3E
:101F300029BE7C29BE7C29BE7C29BE7C29BE7C2989
:101F4000BE7C29BD7B28BD7B28BD7B28BD7B28BDF1
:101F50007B28BD7B28BD7B28BD7B28BF7C27BF7C21
:101F600027BF7C27BF7C27BF7C27BF7C27BF7C2760
:101F7000BF7C27BE7B26FFFFFFFFFFFFFFFFFFFFAA
:101F8000FFFFC17F2CC17F2CC17F2CC17F2CC17F63
:101F90002CC17F2CC17F2CC17F2CC17F2CC17F2CF9
:101FA000C17F2CC17F2CC17F2CC17F2CC17F2CC154
:101FB0007F2CC17F2CC17F2CC17F2CC17F2CC17F86
:101FC0002CC17F2CC17F2CC07E2BC07E2BC07E2BD2
:101FD000C07E2BC07E2BC07E2BC07E2BC07E2BC133
:101FE0007F2CC17F2CC17F2CC17F2CC07E2BC17F59
:101FF0002CC17F2CC17F2CC2802DC17F2CC17F2C96
:10200000C17F2CC17F2CC17F2CC17F2CC17F2CC1F3
:102010007F2CC17F2CC17F2CC17F2CC17F2CC17F25
:102020002CC17F2CC17F2CC17F2CC17F2CC07E2B6B
:10203000C07E2BC07E2BC07E2BC07E2BC07E2BC0D3
:102040007E2BC07E2BC17F2CC17F2CC17F2CC17FFA
:102050002CC17F2CC17F2CC17F2CC17F2CC17F2C38
:10206000C17F2CC17F2CC17F2CC17F2CC17F2CC193
:102070007F2CC17F2CC17F2CC17F2CC17F2CC17FC5
:102080002CC17F2CC17F2CC17F2CC17F2CC17F2C08
:10209000C17F2CC17F2CC17F2CC17F2CC17F2CC163
:1020A0007F2CC17F2CC17F2CC17F2CC17F2CC17F95
:1020B0002CC17F2CC17F2CC17F2CC17F2CC17F2CD8
:1020C000C17F2CC17F2CC17F2CC17F2CC17F2CC133
:1020D0007F2CC17F2CC17F2CC17F2CC17F2CC17F65
:1020E0002CC17F2CC17F2CC17F2CC17F2CC17F2CA8
:1020F000C17F2CC17F2CC17F2CC17F2CC17F2CC103
:102100007F2CC17F2CC17F2CC17F2CC07E2BC07E39
:102110002BC07E2BC07E2BC07E2BC07E2BC07E2B87
:10212000C07E2BC07E2BC07E2BC07E2BC07E2BC0E2
:102130007E2BC07E2BC07E2BC07E2BC07E2BC17F12
:102140002CC17F2CC17F2CC17F2CC17F2CC17F2C47
:10215000C17F2CC17F2CBF7D2ABF7D2ABF7D2ABFB6
:102160007D2ABF7D2ABF7D2ABF7D2ABF7D2ABF7DF4
:102170002AC07E2BC07E2BC07E2BC07E2BC07E2B28
:10218000C07E2BC07E2BC07E2BC07E2BC07E2BC082
:102190007E2BC07E2BC07E2BC07E2BC07E2BC07EB4
:1021A0002BC07E2BC07E2BC07E2BC07E2BC07E2BF7
:1021B000C07E2BC07E2BC07E2BC07E2BC07E2BC052
:1021C0007E2BC07E2BC07E2BC07E2BC07E2BC07E84
:1021D0002BC07E2BC07E2BC07E2BC07E2BC07E2BC7
:1021E000C07E2BC07E2BC07E2BC07E2BC07E2BC022
:1021F0007E2BC07E2BC07E2BC07E2BC07E2BC07E54
:102200002BC07E2BC07E2BC07E2BC07E2BC07E2B96
:10221000C07E2BC07E2BC07E2BC07E2BC07E2BBFF2
:102220007D2ABF7D2ABF7D2ABF7D2ABF7D2ABF7D33
:102230002ABF7D2ABF7D2ABF7D2ABF7D2ABF7D2A76
:10224000BF7D2ABF7D2ABF7D2ABF7D2ABF7D2ABED2
:102250007C29BE7C29BE7C29BE7C29BE7C29BE7C13
:1022600029BE7C29BE7C29BE7C29BF7C27BF7C2758
:10227000BF7C27BF7C27BF7C27BF7C27BF7C27BFB5
:102280007C27BE7B26FFFFFFFFFFFFFFFFFFFFFF57
:10229000FFC17F2CC17F2CC17F2CC17F2CC17F2C23
:1022A000C17F2CC17F2CC17F2CC17F2CC17F2CC151
:1022B0007F2CC17F2CC17F2CC17F2CC17F2CC17F83
:1022C0002CC17F2CC17F2CC17F2CC17F2CC17F2CC6
:1022D000C17F2CC17F2CC07E2BC07E2BC07E2BC02B
:1022E0007E2BC07E2BC07E2BC07E2BC07E2BC2805F
:1022F0002DC17F2CC17F2CC07E2BC07E2BC07E2B9E
:10230000C17F2CC17F2CC2802DC17F2CC17F2CC1ED
:102310007F2CC17F2CC17F2CC17F2CC17F2CC17F22
:102320002CC17F2CC17F2CC17F2CC17F2CC17F2C65
:10233000C17F2CC17F2CC17F2CC17F2CC17F2CC1C0
:102340007F2CC17F2CC17F2CC17F2CC17F2CC17FF2
:102350002CC17F2CC17F2CC17F2CC17F2CC17F2C35
:10236000C17F2CC17F2CC17F2CC17F2CC17F2CC190
:102370007F2CC17F2CC17F2CC17F2CC17F2CC17FC2
:102380002CC17F2CC17F2CC17F2CC17F2CC17F2C05
:10239000C17F2CC17F2CC17F2CC17F2CC17F2CC160
:1023A0007F2CC17F2CC17F2CC17F2CC17F2CC17F92
:1023B0002CC17F2CC17F2CC17F2CC17F2CC17F2CD5
:1023C000C17F2CC17F2CC17F2CC17F2CC17F2CC130
:1023D0007F2CC17F2CC17F2CC17F2CC17F2CC17F62
:1023E0002CC17F2CC17F2CC17F2CC17F2CC17F2CA5
:1023F000C17F2CC17F2CC17F2CC17F2CC17F2CC100
:102400007F2CC17F2CC17F2CC17F2CC17F2CC17F31
:102410002CC17F2CC17F2CC17F2CC07E2BC07E2B7A
:10242000C07E2BC07E2BC07E2BC07E2BC07E2BC0DF
:102430007E2BC07E2BC07E2BC07E2BC07E2BC07E11
:102440002BC07E2BC07E2BC07E2BC07E2BC17F2C51
:10245000C17F2CC17F2CC17F2CC17F2CC17F2CC19F
:102460007F2CC17F2CBF7E2BBF7D2ABF7D2ABF7DE5
:102470002ABF7D2ABF7D2ABF7D2ABF7D2ABF7D2A34
:10248000C07E2BC07E2BC07E2BC07E2BC07E2BC07F
:102490007E2BC07E2BC07E2BC07E2BC07E2BC07EB1
:1024A0002BC07E2BC07E2BC07E2BC07E2BC07E2BF4
:1024B000C07E2BC07E2BC07E2BC07E2BC07E2BC04F
:1024C0007E2BC07E2BC07E2BC07E2BC07E2BC07E81
:1024D0002BC07E2BC07E2BC07E2BC07E2BC07E2BC4
:1024E000C07E2BC07E2BC07E2BC07E2BC07E2BC01F
:1024F0007E2BC07E2BC07E2BC07E2BC07E2BC07E51
:102500002BC07E2BC07E2BC07E2BC07E2BC07E2B93
:10251000C07E2BC07E2BC07E2BC07E2BC07E2BC0EE
:102520007E2BC07E2BC07E2BC07E2BC07E2BBF7D22
:102530002ABF7D2ABF7D2ABF7D2ABF7D2ABF7D2A73
:10254000BF7D2ABF7D2ABF7D2ABF7D2ABF7D2ABFCE
:102550007D2ABF7D2ABF7D2ABF7D2ABF7D2ABF7D00
:102560002ABE7C29BE7C29BE7C29BE7C29BE7C2952
:10257000BE7C29BE7C29BE7C29BF7C27BF7C27BFAF
:102580007C27BF7C27BF7C27BF7C27BF7C27BF7CE5
:1025900027BE7B26FFFFFFFFFFFFFFFFFFFFFFFFC1
:1025A000C17F2CC17F2CC17F2CC17F2CC17F2CC14E
:1025B0007F2CC17F2CC17F2CC17F2CC17F2CC17F80
:1025C0002CC17F2CC17F2CC17F2CC17F2CC17F2CC3
:1025D000C17F2CC17F2CC17F2CC17F2CC17F2CC11E
:1025E0007F2CC17F2CC07E2BC07E2BC07E2BC07E5B
:1025F0002BC07E2BC07E2BC07E2BC07E2BC17F2CA0
:10260000C17F2CC17F2CC07E2BC07E2BC07E2BC1F6
:102610007F2CC17F2CC2802DC17F2CC17F2CC17F1C
:102620002CC17F2CC17F2CC17F2CC17F2CC17F2C62
:10263000C17F2CC17F2CC17F2CC17F2CC17F2CC1BD
:102640007F2CC17F2CC17F2CC17F2CC17F2CC17FEF
:102650002CC17F2CC17F2CC17F2CC17F2CC17F2C32
:10266000C17F2CC17F2CC17F2CC17F2CC17F2CC18D
:102670007F2CC17F2CC17F2CC17F2CC17F2CC17FBF
:102680002CC17F2CC17F2CC17F2CC17F2CC17F2C02
:10269000C17F2CC17F2CC17F2CC17F2CC17F2CC15D
:1026A0007F2CC17F2CC17F2CC17F2CC17F2CC17F8F
:1026B0002CC17F2CC17F2CC17F2CC17F2CC17F2CD2
:1026C000C17F2CC17F2CC17F2CC17F2CC17F2CC12D
:1026D0007F2CC17F2CC17F2CC17F2CC17F2CC17F5F
:1026E0002CC17F2CC17F2CC17F2CC17F2CC17F2CA2
:1026F000C17F2CC17F2CC17F2CC17F2CC17F2CC1FD
:102700007F2CC17F2CC17F2CC17F2CC17F2CC17F2E
:102710002CC17F2CC17F2CC17F2CC17F2CC17F2C71
:10272000C17F2CC17F2CC17F2CC07E2BC07E2BC0D3
:102730007E2BC07E2BC07E2BC07E2BC07E2BC07E0E
:102740002BC07E2BC07E2BC07E2BC07E2BC07E2B51
:10275000C07E2BC07E2BC07E2BC07E2BC17F2CC1A8
:102760007F2CC17F2CC17F2CC17F2CC17F2CC17FCE
:102770002CC17F2CBF7D2ABF7D2ABF7D2ABF7D2A29
:10278000BF7D2ABF7D2ABF7D2ABF7D2ABF7D2AC08B
:102790007E2BC07E2BC07E2BC07E2BC07E2BC07EAE
:1027A0002BC07E2BC07E2BC07E2BC07E2BC07E2BF1
:1027B000C07E2BC07E2BC07E2BC07E2BC07E2BC04C
:1027C0007E2BC07E2BC07E2BC07E2BC07E2BC07E7E
:1027D0002BC07E2BC07E2BC07E2BC07E2BC07E2BC1
:1027E000C07E2BC07E2BC07E2BC07E2BC07E2BC01C
:1027F0007E2BC07E2BC07E2BC07E2BC07E2BC07E4E
:102800002BC07E2BC07E2BC07E2BC07E2BC07E2B90
:10281000C07E2BC07E2BC07E2BC07E2BC07E2BC0EB
:102820007E2BC07E2BC07E2BC07E2BC07E2BC07E1D
:102830002BC07E2BC07E2BC07E2BC07E2BBF7D2A63
:10284000BF7D2ABF7D2ABF7D2ABF7D2ABF7D2ABFCB
:102850007D2ABF7D2ABF7D2ABF7D2ABF7D2ABF7DFD
:102860002ABF7D2ABF7D2ABF7D2ABF7D2ABF7D2A40
:10287000BE7C29BE7C29BE7C29BE7C29BE7C29BEAB
:102880007C29BE7C29BE7C29BF7C27BF7C27BF7CDE
:1028900027BF7C27BF7C27BF7C27BF7C27BF7C2727
:1028A000BE7B26FFFFFFFFFFFFFFFFFFFFFFFFC114
:1028B0007F2CC17F2CC17F2CC17F2CC17F2CC17F7D
:1028C0002CC17F2CC17F2CC17F2CC17F2CC17F2CC0
:1028D000C17F2CC17F2CC17F2CC17F2CC17F2CC11B
:1028E0007F2CC17F2CC17F2CC17F2CC17F2CC17F4D
:1028F0002CC17F2CC17F2CC17F2CC17F2CC17F2C90
:10290000C17F2CC17F2CC17F2CC07E2BC2802DC1EA
:102910007F2CC17F2CC07E2BC07E2BC07E2BC17F25
:102920002CC17F2CC2802DC17F2CC17F2CC17F2C5C
:10293000C17F2CC17F2CC17F2CC17F2CC17F2CC1BA
:102940007F2CC17F2CC17F2CC17F2CC17F2CC17FEC
:102950002CC17F2CC17F2CC17F2CC17F2CC17F2C2F
:10296000C17F2CC17F2CC17F2CC17F2CC17F2CC18A
:102970007F2CC17F2CC17F2CC17F2CC17F2CC17FBC
:102980002CC17F2CC17F2CC17F2CC17F2CC17F2CFF
:10299000C17F2CC17F2CC17F2CC17F2CC17F2CC15A
:1029A0007F2CC17F2CC17F2CC17F2CC17F2CC17F8C
:1029B0002CC17F2CC17F2CC17F2CC17F2CC17F2CCF
:1029C000C17F2CC17F2CC17F2CC17F2CC17F2CC12A
:1029D0007F2CC17F2CC17F2CC17F2CC17F2CC17F5C
:1029E0002CC17F2CC17F2CC17F2CC17F2CC17F2C9F
:1029F000C17F2CC17F2CC17F2CC17F2CC17F2CC1FA
:102A00007F2CC17F2CC17F2CC17F2CC17F2CC17F2B
:102A10002CC17F2CC17F2CC17F2CC17F2CC17F2C6E
:102A2000C17F2CC17F2CC17F2CC17F2CC17F2CC1C9
:102A30007F2CC17F2CC17F2CC07E2BC07E2BC07E03
:102A40002BC07E2BC07E2BC07E2BC07E2BC07E2B4E
:102A5000C07E2BC07E2BC07E2BC07E2BC07E2BC0A9
:102A60007E2BC07E2BC07E2BC07E2BC17F2CC17FD6
:102A70002CC17F2CC17F2CC17F2CC17F2CC17F2C0E
:102A8000C17F2CC07E2BBF7D2AC07E2BC07E2BC079
:102A90007E2BC07E2BC07E2BC07E2BC07E2BC07EAB
:102AA0002BC07E2BC07E2BC07E2BC07E2BC07E2BEE
:102AB000C07E2BC07E2BC07E2BC07E2BC07E2BC049
:102AC0007E2BC07E2BC07E2BC07E2BC07E2BC07E7B
:102AD0002BC07E2BC07E2BC07E2BC07E2BC07E2BBE
:102AE000C07E2BC07E2BC07E2BC07E2BC07E2BC019
:102AF0007E2BC07E2BC07E2BC07E2BC07E2BC07E4B
:102B00002BC07E2BC07E2BC07E2BC07E2BC07E2B8D
:102B1000C07E2BC07E2BC07E2BC07E2BC07E2BC0E8
:102B20007E2BC07E2BC07E2BC07E2BC07E2BC07E1A
:102B30002BC07E2BC07E2BC07E2BC07E2BC07E2B5D
:102B4000C07E2BC07E2BC07E2BC07E2BBF7D2ABFBC
:102B50007D2ABF7D2ABF7D2ABF7D2ABF7D2ABF7DFA
:102B60002ABF7D2ABF7D2ABF7D2ABF7D2ABF7D2A3D
:102B7000BF7D2ABF7D2ABF7D2ABF7D2ABF7D2ABE99
:102B80007C29BE7C29BE7C29BE7C29BE7C29BE7CDA
:102B900029BE7C29BE7C29C07D28C07D28C07D2817
:102BA000C07D28C07D28C07D28C07D28C07D28BF6D
:102BB0007C27FFFFFFFFFFFFFFFFFFFFFFFFC17F3E
:102BC0002CC17F2CC17F2CC17F2CC17F2CC17F2CBD
:102BD000C17F2CC17F2CC17F2CC17F2CC17F2CC118
:102BE0007F2CC17F2CC17F2CC17F2CC17F2CC17F4A
:102BF0002CC17F2CC17F2CC17F2CC17F2CC17F2C8D
:102C0000C17F2CC17F2CC17F2CC17F2CC17F2CC1E7
:102C10007F2CC17F2CC17F2CC17F2CC2802DC17F16
:102C20002CC17F2CC07E2BC07E2BC07E2BC17F2C65
:102C3000C17F2CC2802DC17F2CC17F2CC17F2CC1B4
:102C40007F2CC17F2CC17F2CC17F2CC17F2CC17FE9
:102C50002CC17F2CC17F2CC17F2CC17F2CC17F2C2C
:102C6000C17F2CC17F2CC17F2CC17F2CC17F2CC187
:102C70007F2CC17F2CC17F2CC17F2CC17F2CC17FB9
:102C80002CC17F2CC17F2CC17F2CC17F2CC17F2CFC
:102C9000C17F2CC17F2CC17F2CC17F2CC17F2CC157
:102CA0007F2CC17F2CC17F2CC17F2CC17F2CC17F89
:102CB0002CC17F2CC17F2CC17F2CC17F2CC17F2CCC
:102CC000C17F2CC17F2CC17F2CC17F2CC17F2CC127
:102CD0007F2CC17F2CC17F2CC17F2CC17F2CC17F59
:102CE0002CC17F2CC17F2CC17F2CC17F2CC17F2C9C
:102CF000C17F2CC17F2CC17F2CC17F2CC17F2CC1F7
:102D00007F2CC17F2CC17F2CC17F2CC17F2CC17F28
:102D10002CC17F2CC17F2CC17F2CC17F2CC17F2C6B
:102D2000C17F2CC17F2CC17F2CC17F2CC17F2CC1C6
:102D30007F2CC17F2CC17F2CC17F2CC17F2CC17FF8
:102D40002CC17F2CC17F2CC07E2BC07E2BC07E2B44
:102D5000C07E2BC07E2BC07E2BC07E2BC07E2BC0A6
:102D60007E2BC07E2BC07E2BC07E2BC07E2BC07ED8
:102D70002BC07E2BC07E2BC07E2BC17F2CC17F2C15
:102D8000C17F2CC17F2CC17F2CC17F2CC17F2CC166
:102D90007F2CC07E2BC07E2BC07E2BC07E2BC07EA6
:102DA0002BC07E2BC07E2BC07E2BC07E2BC07E2BEB
:102DB000C07E2BC07E2BC07E2BC07E2BC07E2BC046
:102DC0007E2BC07E2BC07E2BC07E2BC07E2BC07E78
:102DD0002BC07E2BC07E2BC07E2BC07E2BC07E2BBB
:102DE000C07E2BC07E2BC07E2BC07E2BC07E2BC016
:102DF0007E2BC07E2BC07E2BC07E2BC07E2BC07E48
:102E00002BC07E2BC07E2BC07E2BC07E2BC07E2B8A
:102E1000C07E2BC07E2BC07E2BC07E2BC07E2BC0E5
:102E20007E2BC07E2BC07E2BC07E2BC07E2BC07E17
:102E30002BC07E2BC07E2BC07E2BC07E2BC07E2B5A
:102E4000C07E2BC07E2BC07E2BC07E2BC07E2BC0B5
:102E50007E2BC07E2BC07E2BC07E2BBF7D2ABF7DEC
:102E60002ABF7D2ABF7D2ABF7D2ABF7D2ABF7D2A3A
:102E7000BF7D2ABF7D2ABF7D2ABF7D2ABF7D2ABF95
:102E80007D2ABF7D2ABF7D2ABF7D2ABF7D2ABE7CC9
:102E900029BE7C29BE7C29BE7C29BE7C29BE7C291A
:102EA000BE7C29BE7C29C07D28C07D28C07D28C06D
:102EB0007D28C07D28C07D28C07D28C07D28BF7C9E
:102EC00027FFFFFFFFFFFFFFFFFFFFFFFFC17F2C7B
:102ED000C17F2CC17F2CC17F2CC17F2CC17F2CC115
:102EE0007F2CC17F2CC17F2CC17F2CC17F2CC17F47
:102EF0002CC17F2CC17F2CC17F2CC17F2CC17F2C8A
:102F0000C17F2CC17F2CC17F2CC17F2CC17F2CC1E4
:102F10007F2CC17F2CC17F2CC17F2CC17F2CC17F16
:102F20002CC17F2CC17F2CC17F2CC2802DC17F2C56
:102F3000C17F2CC07E2BC07E2BC07E2BC17F2CC1BD
:102F40007F2CC2802DC17F2CC17F2CC17F2CC17FE3
:102F50002CC17F2CC17F2CC17F2CC17F2CC17F2C29
:102F6000C17F2CC17F2CC17F2CC17F2CC17F2CC184
:102F70007F2CC17F2CC17F2CC17F2CC17F2CC17FB6
:102F80002CC17F2CC17F2CC17F2CC17F2CC17F2CF9
:102F9000C17F2CC17F2CC17F2CC17F2CC17F2CC154
:102FA0007F2CC17F2CC17F2CC17F2CC17F2CC17F86
:102FB0002CC17F2CC17F2CC17F2CC17F2CC17F2CC9
:102FC000C17F2CC17F2CC17F2CC17F2CC17F2CC124
:102FD0007F2CC17F2CC17F2CC17F2CC17F2CC17F56
:102FE0002CC17F2CC17F2CC17F2CC17F2CC17F2C99
:102FF000C17F2CC17F2CC17F2CC17F2CC17F2CC1F4
:103000007F2CC17F2CC17F2CC17F2CC17F2CC17F25
:103010002CC17F2CC17F2CC17F2CC17F2CC17F2C68
:10302000C17F2CC17F2CC17F2CC17F2CC17F2CC1C3
:103030007F2CC17F2CC17F2CC17F2CC17F2CC17FF5
:103040002CC17F2CC17F2CC17F2CC17F2CC17F2C38
:10305000C17F2CC17F2CC07E2BC07E2BC07E2BC09D
:103060007E2BC07E2BC07E2BC07E2BC07E2BC07ED5
:103070002BC07E2BC07E2BC07E2BC07E2BC07E2B18
:10308000C07E2BC07E2BC07E2BC17F2CC17F2CC16C
:103090007F2CC17F2CC17F2CC17F2CC17F2CC17F95
:1030A0002CC17F2CC07E2BC07E2BC07E2BC07E2BE4
:1030B000C07E2BC07E2BC07E2BC07E2BC07E2BC043
:1030C0007E2BC07E2BC07E2BC07E2BC07E2BC07E75
:1030D0002BC07E2BC07E2BC07E2BC07E2BC07E2BB8
:1030E000C07E2BC07E2BC07E2BC07E2BC07E2BC013
:1030F0007E2BC07E2BC07E2BC07E2BC07E2BC07E45
:103100002BC07E2BC07E2BC07E2BC07E2BC07E2B87
:10311000C07E2BC07E2BC07E2BC07E2BC07E2BC0E2
:103120007E2BC07E2BC07E2BC07E2BC07E2BC07E14
:103130002BC07E2BC07E2BC07E2BC07E2BC07E2B57
:10314000C07E2BC07E2BC07E2BC07E2BC07E2BC0B2
:103150007E2BC07E2BC07E2BC07E2BC07E2BC07EE4
:103160002BC07E2BC07E2BC07E2BBF7D2ABF7D2A2D
:10317000BF7D2ABF7D2ABF7D2ABF7D2ABF7D2ABF92
:103180007D2ABF7D2ABF7D2ABF7D2ABF7D2ABF7DC4
:103190002ABF7D2ABF7D2ABF7D2ABF7D2ABE7C290A
:1031A000BE7C29BE7C29BE7C29BE7C29BE7C29BE72
:1031B0007C29BE7C29C17D28C07D28C07D28C07D9A
:1031C00028C07D28C07D28C07D28C17E29C07D28DB
:1031D000FFFFFFFFFFFFFFFFFFFFFFFFC17F2CC1CE
:1031E0007F2CC17F2CC17F2CC17F2CC17F2CC17F44
:1031F0002CC17F2CC17F2CC17F2CC17F2CC17F2C87
:10320000C17F2CC17F2CC17F2CC17F2CC17F2CC1E1
:103210007F2CC17F2CC17F2CC17F2CC17F2CC17F13
:103220002CC2802DC2802DC2802DC2802DC2802D47
:10323000C2802DC2802DC2802DC2802DC17F2CC1A5
:103240007F2CC07E2BC07E2BC07E2BC17F2CC17FEC
:103250002CC2802DC17F2CC17F2CC17F2CC17F2C23
:10326000C17F2CC17F2CC17F2CC17F2CC17F2CC181
:103270007F2CC17F2CC17F2CC17F2CC17F2CC17FB3
:103280002CC17F2CC17F2CC17F2CC17F2CC17F2CF6
:10329000C17F2CC17F2CC17F2CC17F2CC17F2CC151
:1032A0007F2CC17F2CC17F2CC17F2CC17F2CC17F83
:1032B0002CC17F2CC17F2CC17F2CC17F2CC17F2CC6
:1032C000C17F2CC17F2CC17F2CC17F2CC17F2CC121
:1032D0007F2CC17F2CC17F2CC17F2CC17F2CC17F53
:1032E0002CC17F2CC17F2CC17F2CC17F2CC17F2C96
:1032F000C17F2CC17F2CC17F2CC17F2CC17F2CC1F1
:103300007F2CC17F2CC17F2CC17F2CC17F2CC17F22
:103310002CC17F2CC17F2CC17F2CC17F2CC17F2C65
:10332000C17F2CC17F2CC17F2CC17F2CC17F2CC1C0
:103330007F2CC17F2CC17F2CC17F2CC17F2CC17FF2
:103340002CC17F2CC17F2CC17F2CC17F2CC17F2C35
:10335000C17F2CC17F2CC17F2CC17F2CC17F2CC190
:103360007F2CC17F2CC07E2BC07E2BC07E2BC07ECD
:103370002BC07E2BC07E2BC07E2BC07E2BC07E2B15
:10338000C07E2BC07E2BC07E2BC07E2BC07E2BC070
:103390007E2BC07E2BC07E2BC17F2CC17F2CC17F9A
:1033A0002CC17F2CC17F2CC17F2CC17F2CC17F2CD5
:1033B000C17F2CC17F2CC17F2CC17F2CC17F2CC130
:1033C0007F2CC17F2CC17F2CC17F2CC07E2BC07E67
:1033D0002BC07E2BC07E2BC07E2BC07E2BC07E2BB5
:1033E000C07E2BC07E2BC07E2BC07E2BC07E2BC010
:1033F0007E2BC07E2BC07E2BC07E2BC07E2BC07E42
:103400002BC07E2BC07E2BC07E2BC07E2BC07E2B84
:10341000C07E2BC07E2BC07E2BC07E2BC07E2BC0DF
:103420007E2BC07E2BC07E2BC07E2BC07E2BC07E11
:103430002BC07E2BC07E2BC07E2BC07E2BC07E2B54
:10344000C07E2BC07E2BC07E2BC07E2BC07E2BC0AF
:103450007E2BC07E2BC07E2BC07E2BC07E2BC07EE1
:103460002BC07E2BC07E2BC07E2BC07E2BC07E2B24
:10347000C07E2BC07E2BC07E2BBF7D2ABF7D2ABF86
:103480007D2ABF7D2ABF7D2ABF7D2ABF7D2ABF7DC1
:103490002ABF7D2ABF7D2ABF7D2ABF7D2ABF7D2A04
:1034A000BF7D2ABF7D2ABF7D2ABF7D2ABE7C29BE63
:1034B0007C29BE7C29BE7C29BE7C29BE7C29BE7CA1
:1034C00029BE7C29C17E29C17E29C17E29C17E29D0
:1034D000C17E29C17E29C17E29C17E29C07D28FFE8
:1034E000FFFFFFFFFFFFFFFFFFFFFFC17F2CC17F3B
:1034F0002CC17F2CC17F2CC17F2CC17F2CC17F2C84
:10350000C17F2CC17F2CC17F2CC17F2CC17F2CC1DE
:103510007F2CC17F2CC17F2CC17F2CC17F2CC17F10
:103520002CC17F2CC17F2CC17F2CC17F2CC17F2C53
:10353000C2802DC2802DC2802DC2802DC2802DC29E
:10354000802DC2802DC2802DC2802DC17F2CC17FD5
:103550002CC07E2BC07E2BC07E2BC17F2CC17F2C2C
:10356000C2802DC17F2CC17F2CC17F2CC17F2CC17B
:103570007F2CC17F2CC17F2CC17F2CC17F2CC17FB0
:103580002CC17F2CC17F2CC17F2CC17F2CC17F2CF3
:10359000C17F2CC17F2CC17F2CC17F2CC17F2CC14E
:1035A0007F2CC17F2CC17F2CC17F2CC17F2CC17F80
:1035B0002CC17F2CC17F2CC17F2CC17F2CC17F2CC3
:1035C000C17F2CC17F2CC17F2CC17F2CC17F2CC11E
:1035D0007F2CC17F2CC17F2CC17F2CC17F2CC17F50
:1035E0002CC17F2CC17F2CC17F2CC17F2CC17F2C93
:1035F000C17F2CC17F2CC17F2CC17F2CC17F2CC1EE
:103600007F2CC17F2CC17F2CC17F2CC17F2CC17F1F
:103610002CC17F2CC17F2CC17F2CC17F2CC17F2C62
:10362000C17F2CC17F2CC17F2CC17F2CC17F2CC1BD
:103630007F2CC17F2CC17F2CC17F2CC17F2CC17FEF
:103640002CC17F2CC17F2CC17F2CC17F2CC17F2C32
:10365000C17F2CC17F2CC17F2CC17F2CC17F2CC18D
:103660007F2CC17F2CC17F2CC17F2CC17F2CC17FBF
:103670002CC17F2CC07E2BC07E2BC07E2BC07E2B0E
:10368000C07E2BC07E2BC07E2BC07E2BC07E2BC06D
:103690007E2BC07E2BC07E2BC07E2BC07E2BC07E9F
:1036A0002BC07E2BC07E2BC17F2CC17F2CC17F2CD9
:1036B000C17F2CC17F2CC17F2CC17F2CC17F2CC12D
:1036C0007F2CC17F2CC17F2CC17F2CC17F2CC17F5F
:1036D0002CC17F2CC17F2CC17F2CC07E2BC07E2BA8
:1036E000C07E2BC07E2BC07E2BC07E2BC07E2BC00D
:1036F0007E2BC07E2BC07E2BC07E2BC07E2BC07E3F
:103700002BC07E2BC07E2BC07E2BC07E2BC07E2B81
:10371000C07E2BC07E2BC07E2BC07E2BC07E2BC0DC
:103720007E2BC07E2BC07E2BC07E2BC07E2BC07E0E
:103730002BC07E2BC07E2BC07E2BC07E2BC07E2B51
:10374000C07E2BC07E2BC07E2BC07E2BC07E2BC0AC
:103750007E2BC07E2BC07E2BC07E2BC07E2BC07EDE
:103760002BC07E2BC07E2BC07E2BC07E2BC07E2B21
:10377000C07E2BC07E2BC07E2BC07E2BC07E2BC07C
:103780007E2BC07E2BC07E2BBF7D2ABF7D2ABF7DB6
:103790002ABF7D2ABF7D2ABF7D2ABF7D2ABF7D2A01
:1037A000BF7D2ABF7D2ABF7D2ABF7D2ABF7D2ABF5C
:1037B0007D2ABF7D2ABF7D2ABF7D2ABE7C29BE7C93
:1037C00029BE7C29BE7C29BE7C29BE7C29BE7C29E1
:1037D000BE7C29C17E29C17E29C17E29C17E29C125
:1037E0007E29C17E29C17E29C17E29C07D28FFFF97
:1037F000FFFFFFFFFFFFFFFFFFFFC17F2CC17F2CFB
:10380000C17F2CC17F2CC17F2CC17F2CC2802DC2D7
:10381000802DC2802DC2802DC2802DC2802DC280FD
:103820002DC2802DC2802DC2802DC2802DC2802D40
:10383000C2802DC2802DC2802DC2802DC2802DC29B
:10384000802DC2802DC2802DC2802DC2802DC280CD
:103850002DC2802DC2802DC2802DC2802DC17F2C13
:10386000C17F2CC17F2CC17F2CC17F2CC2802DC277
:10387000802DC17F2CC17F2CC17F2CC17F2CC17FAB
:103880002CC17F2CC17F2CC17F2CC17F2CC17F2CF0
:10389000C17F2CC17F2CC17F2CC17F2CC17F2CC14B
:1038A0007F2CC17F2CC17F2CC17F2CC17F2CC17F7D
:1038B0002CC17F2CC17F2CC17F2CC17F2CC17F2CC0
:1038C000C17F2CC17F2CC17F2CC17F2CC17F2CC11B
:1038D0007F2CC17F2CC17F2CC17F2CC17F2CC17F4D
:1038E0002CC17F2CC17F2CC17F2CC17F2CC17F2C90
:1038F000C17F2CC17F2CC17F2CC17F2CC17F2CC1EB
:103900007F2CC17F2CC17F2CC2802DC2802DC28014
:103910002DC2802DC2802DC2802DC2802DC2802D4F
:10392000C2802DC2802DC2802DC2802DC2802DC2AA
:10393000802DC2802DC2802DC17F2CC17F2CC17FE4
:103940002CC17F2CC17F2CC17F2CC17F2CC17F2C2F
:10395000C17F2CC17F2CC17F2CC17F2CC17F2CC18A
:103960007F2CC17F2CC17F2CC17F2CC17F2CC17FBC
:103970002CC17F2CC17F2CC17F2CC17F2CC17F2CFF
:10398000C17F2CC07E2BC07E2BC07E2BC07E2BC067
:103990007E2BC07E2BC07E2BC07E2BC07E2BC07E9C
:1039A0002BC07E2BC07E2BC07E2BC07E2BC07E2BDF
:1039B000C07E2BC07E2BC17F2CC17F2CC17F2CC130
:1039C0007F2CC17F2CC17F2CC17F2CC17F2CC17F5C
:1039D0002CC17F2CC17F2CC17F2CC17F2CC17F2C9F
:1039E000C17F2CC17F2CC17F2CC07E2BC07E2BC001
:1039F0007E2BC07E2BC07E2BC07E2BC07E2BC07E3C
:103A00002BC07E2BC07E2BC07E2BC07E2BC07E2B7E
:103A1000C07E2BC07E2BC07E2BC07E2BC07E2BC0D9
:103A20007E2BC07E2BC07E2BC07E2BC07E2BC07E0B
:103A30002BC07E2BC07E2BC07E2BC07E2BC07E2B4E
:103A4000C07E2BC07E2BC07E2BC07E2BC07E2BC0A9
:103A50007E2BC07E2BC07E2BC07E2BC07E2BC07EDB
:103A60002BC07E2BC07E2BC07E2BC07E2BC07E2B1E
:103A7000C07E2BC07E2BC07E2BC07E2BC07E2BC079
:103A80007E2BC07E2BC07E2BC07E2BC07E2BC07EAB
:103A90002BC07E2BC07E2BC07E2BBF7D2ABF7D2AF4
:103AA000BF7D2ABF7D2ABF7D2ABF7D2AC07E2BBF56
:103AB0007D2ABF7D2ABF7D2ABF7D2ABF7D2ABF7D8B
:103AC0002ABF7D2ABF7D2ABF7D2ABE7C29BE7C29D4
:103AD000BE7C29BE7C29BE7C29BE7C29BE7C29BE39
:103AE0007C29C17E29C17E29C17E29C17E29C17E52
:103AF00029C17E29C17E29C17E29C07D28FFFFFF03
:103B0000FFFFFFFFFFFFFFFFFFFFFFFFFFFFFFFFC5
:103B1000FFFFFFFFFFFFFFFFFFFFFFFFFFFFFFFFB5
:103B2000FFFFFFFFFFFFFFFFFFFFFFFFFFFFFFFFA5
:103B3000FFFFFFFFFFFFFFFFFFFFFFFFFFFFFFFF95
:103B4000FFFFFFFFFFFFFFFFFFFFFFFFFFFFFFFF85
:103B5000FFFFFFFFFFFFFFFFFFFFFFFFFFFFFFFF75
:103B6000FFFFFFFFFFFFFFFFFFFFFFFFFFFFFFFF65
:103B7000FFFFFFFFFFFFFFFFFFFFFFFFFFFFFFFF55
:103B8000FFFFFFFFFFFFFFFFFFFFFFFFFFFFFFFF45
:103B9000FFFFFFFFFFFFFFFFFFFFFFFFFFFFFFFF35
:103BA000FFFFFFFFFFFFFFFFFFFFFFFFFFFFFFFF25
:103BB000FFFFFFFFFFFFFFFFFFFFFFFFFFFFFFFF15
:103BC000FFFFFFFFFFFFFFFFFFFFFFFFFFFFFFFF05
:103BD000FFFFFFFFFFFFFFFFFFFFFFFFFFFFFFFFF5
:103BE000FFFFFFFFFFFFFFFFFFFFFFFFFFFFFFFFE5
:103BF000FFFFFFFFFFFFFFFFFFFFFFFFFFFFFFFFD5
:103C0000FFFFFFFFFFFFFFFFFFFFFFFFFFFFFFFFC4
:103C1000FFFFFFFFFFFFFFFFFFFFFFFFFFFFFFFFB4
:103C2000FFFFFFFFFFFFFFFFFFFFFFFFFFFFFFFFA4
:103C3000FFFFFFFFFFFFFFFFFFFFFFFFFFFFFFFF94
:103C4000FFFFFFFFFFFFFFFFFFFFFFFFFFFFFFFF84
:103C5000FFFFFFFFFFFFFFFFFFFFFFFFFFFFFFFF74
:103C6000FFFFFFFFFFFFFFFFFFFFFFFFFFFFFFFF64
:103C7000FFFFFFFFFFFFFFFFFFFFFFFFFFFFFFFF54
:103C8000FFFFFFFFFFFFFFFFFFFFFFFFFFFFFFFF44
:103C9000FFFFFFFFFFFFFFFFFFFFFFFFFFFFFFFF34
:103CA000FFFFFFFFFFFFFFFFFFFFFFFFFFFFFFFF24
:103CB000FFFFFFFFFFFFFFFFFFFFFFFFFFFFFFFF14
:103CC000FFFFFFFFFFFFFFFFFFFFFFFFFFFFFFFF04
:103CD000FFFFFFFFFFFFFFFFFFFFFFFFFFFFFFFFF4
:103CE000FFFFFFFFFFFFFFFFFFFFFFFFFFFFFFFFE4
:103CF000FFFFFFFFFFFFFFFFFFFFFFFFFFFFFFFFD4
:103D0000FFFFFFFFFFFFFFFFFFFFFFFFFFFFFFFFC3
:103D1000FFFFFFFFFFFFFFFFFFFFFFFFFFFFFFFFB3
:103D2000FFFFFFFFFFFFFFFFFFFFFFFFFFFFFFFFA3
:103D3000FFFFFFFFFFFFFFFFFFFFFFFFFFFFFFFF93
:103D4000FFFFFFFFFFFFFFFFFFFFFFFFFFFFFFFF83
:103D5000FFFFFFFFFFFFFFFFFFFFFFFFFFFFFFFF73
:103D6000FFFFFFFFFFFFFFFFFFFFFFFFFFFFFFFF63
:103D7000FFFFFFFFFFFFFFFFFFFFFFFFFFFFFFFF53
:103D8000FFFFFFFFFFFFFFFFFFFFFFFFFFFFFFFF43
:103D9000FFFFFFFFFFFFFFFFFFFFFFFFFFFFFFFF33
:103DA000FFFFFFFFFFFFFFFFFFFFFFFFFFFFFFFF23
:103DB000FFFFFFFFFFFFFFFFFFFFFFFFFFFFFFFF13
:103DC000FFFFFFFFFFFFFFFFFFFFFFFFFFFFFFFF03
:103DD000FFFFFFFFFFFFFFFFFFFFFFFFFFFFFFFFF3
:103DE000FFFFFFFFFFFFFFFFFFFFFFFFFFFFFFFFE3
:103DF000FFFFFFFFFFFFFFFFFFFFFFFFFFFFFFFFD3
:103E0000FFFFFFFFFFFFFFFFFFFFFFFFFFFFFFFFC2
:103E1000FFFFFFFFFFFFFFFFFFFFFFFFFFFFFFFFB2
:103E2000FFFFFFFFFFFFFFFFFFFFFFFFFFFFFFFFA2
:103E3000FFFFFFFFFFFFFFFFFFFFFFFFFFFFFFFF92
:103E4000FFFFFFFFFFFFFFFFFFFFFFFFFFFFFFFF82
:103E5000FFFFFFFFFFFFFFFFFFFFFFFFFFFFFFFF72
:103E6000FFFFFFFFFFFFFFFFFFFFFFFFFFFFFFFF62
:103E7000FFFFFFFFFFFFFFFFFFFFFFFFFFFFFFFF52
:103E8000FFFFFFFFFFFFFFFFFFFFFFFFFFFFFFFF42
:103E9000FFFFFFFFFFFFFFFFFFFFFFFFFFFFFFFF32
:103EA000FFFFFFFFFFFFFFFFFFFFFFFFFFFFFFFF22
:103EB000FFFFFFFFFFFFFFFFFFFFFFFFFFFFFFFF12
:103EC000FFFFFFFFFFFFFFFFFFFFFFFFFFFFFFFF02
:103ED000FFFFFFFFFFFFFFFFFFFFFFFFFFFFFFFFF2
:103EE000FFFFFFFFFFFFFFFFFFFFFFFFFFFFFFFFE2
:103EF000FFFFFFFFFFFFFFFFFFFFFFFFFFFFFFFFD2
:103F0000FFFFFFFFFFFFFFFFFFFFFFFFFFFFFFFFC1
:103F1000FFFFFFFFFFFFFFFFFFFFFFFFFFFFFFFFB1
:103F2000FFFFFFFFFFFFFFFFFFFFFFFFFFFFFFFFA1
:103F3000FFFFFFFFFFFFFFFFFFFFFFFFFFFFFFFF91
:103F4000FFFFFFFFFFFFFFFFFFFFFFFFFFFFFFFF81
:103F5000FFFFFFFFFFFFFFFFFFFFFFFFFFFFFFFF71
:103F6000FFFFFFFFFFFFFFFFFFFFFFFFFFFFFFFF61
:103F7000FFFFFFFFFFFFFFFFFFFFFFFFFFFFFFFF51
:103F8000FFFFFFFFFFFFFFFFFFFFFFFFFFFFFFFF41
:103F9000FFFFFFFFFFFFFFFFFFFFFFFFFFFFFFFF31
:103FA000FFFFFFFFFFFFFFFFFFFFFFFFFFFFFFFF21
:103FB000FFFFFFFFFFFFFFFFFFFFFFFFFFFFFFFF11
:103FC000FFFFFFFFFFFFFFFFFFFFFFFFFFFFFFFF01
:103FD000FFFFFFFFFFFFFFFFFFFFFFFFFFFFFFFFF1
:103FE000FFFFFFFFFFFFFFFFFFFFFFFFFFFFFFFFE1
:103FF000FFFFFFFFFFFFFFFFFFFFFFFFFFFFFFFFD1
:10400000FFFFFFFFFFFFFFFFFFFFFFFFFFFFFFFFC0
:10401000FFFFFFFFFFFFFFFFFFFFFFFFFFFFFFFFB0
:10402000FFFFFFFFFFFFFFFFFFFFFFFFFFFFFFFFA0
:10403000FFFFFFFFFFFFFFFFFFFFFFFFFFFFFFFF90
:10404000FFFFFFFFFFFFFFFFFFFFFFFFFFFFFFFF80
:10405000FFFFFFFFFFFFFFFFFFFFFFFFFFFFFFFF70
:10406000FFFFFFFFFFFFFFFFFFFFFFFFFFFFFFFF60
:10407000FFFFFFFFFFFFFFFFFFFFFFFFFFFFFFFF50
:10408000FFFFFFFFFFFFFFFFFFFFFFFFFFFFFFFF40
:10409000FFFFFFFFFFFFFFFFFFFFFFFFFFFFFFFF30
:1040A000FFFFFFFFFFFFFFFFFFFFFFFFFFFFFFFF20
:1040B000FFFFFFFFFFFFFFFFFFFFFFFFFFFFFFFF10
:1040C000FFFFFFFFFFFFFFFFFFFFFFFFFFFFFFFF00
:1040D000FFFFFFFFFFFFFFFFFFFFFFFFFFFFFFFFF0
:1040E000FFFFFFFFFFFFFFFFFFFFFFFFFFFFFFFFE0
:1040F000FFFFFFFFFFFFFFFFFFFFFFFFFFFFFFFFD0
:10410000FFFFFFFFFFFFFFFFFFFFFFFFFFFFFFFFBF
:10411000FFFFFFFFFFFFFFFFFFFFFFFFFFFFFFFFAF
:10412000FFFFFFFFFFFFFFFFFFFFFFFFFFFFFFFF9F
:10413000FFFFFFFFFFFFFFFFFFFFFFFFFFFFFFFF8F
:10414000FFFFFFFFFFFFFFFFFFFFFFFFFFFFFFFF7F
:10415000FFFFFFFFFFFFFFFFFFFFFFFFFFFFFFFF6F
:10416000FFFFFFFFFFFFFFFFFFFFFFFFFFFFFFFF5F
:10417000FFFFFFFFFFFFFFFFFFFFFFFFFFFFFFFF4F
:10418000FFFFFFFFFFFFFFFFFFFFFFFFFFFFFFFF3F
:10419000FFFFFFFFFFFFFFFFFFFFFFFFFFFFFFFF2F
:1041A000FFFFFFFFFFFFFFFFFFFFFFFFFFFFFFFF1F
:1041B000FFFFFFFFFFFFFFFFFFFFFFFFFFFFFFFF0F
:1041C000FFFFFFFFFFFFFFFFFFFFFFFFFFFFFFFFFF
:1041D000FFFFFFFFFFFFFFFFFFFFFFFFFFFFFFFFEF
:1041E000FFFFFFFFFFFFFFFFFFFFFFFFFFFFFFFFDF
:1041F000FFFFFFFFFFFFFFFFFFFFFFFFFFFFFFFFCF
:10420000FFFFFFFFFFFFFFFFFFFFFFFFFFFFFFFFBE
:10421000FFFFFFFFFFFFFFFFFFFFFFFFFFFFFFFFAE
:10422000FFFFFFFFFFFFFFFFFFFFFFFFFFFFFFFF9E
:10423000FFFFFFFFFFFFFFFFFFFFFFFFFFFFFFFF8E
:10424000FFFFFFFFFFFFFFFFFFFFFFFFFFFFFFFF7E
:10425000FFFFFFFFFFFFFFFFFFFFFFFFFFFFFFFF6E
:10426000FFFFFFFFFFFFFFFFFFFFFFFFFFFFFFFF5E
:10427000FFFFFFFFFFFFFFFFFFFFFFFFFFFFFFFF4E
:10428000FFFFFFFFFFFFFFFFFFFFFFFFFFFFFFFF3E
:10429000FFFFFFFFFFFFFFFFFFFFFFFFFFFFFFFF2E
:1042A000FFFFFFFFFFFFFFFFFFFFFFFFFFFFFFFF1E
:1042B000FFFFFFFFFFFFFFFFFFFFFFFFFFFFFFFF0E
:1042C000FFFFFFFFFFFFFFFFFFFFFFFFFFFFFFFFFE
:1042D000FFFFFFFFFFFFFFFFFFFFFFFFFFFFFFFFEE
:1042E000FFFFFFFFFFFFFFFFFFFFFFFFFFFFFFFFDE
:1042F000FFFFFFFFFFFFFFFFFFFFFFFFFFFFFFFFCE
:10430000FFFFFFFFFFFFFFFFFFFFFFFFFFFFFFFFBD
:10431000FFFFFFFFFFFFFFFFFFFFFFFFFFFFFFFFAD
:10432000FFFFFFFFFFFFFFFFFFFFFFFFFFFFFFFF9D
:10433000FFFFFFFFFFFFFFFFFFFFFFFFFFFFFFFF8D
:10434000FFFFFFFFFFFFFFFFFFFFFFFFFFFFFFFF7D
:10435000FFFFFFFFFFFFFFFFFFFFFFFFFFFFFFFF6D
:10436000FFFFFFFFFFFFFFFFFFFFFFFFFFFFFFFF5D
:10437000FFFFFFFFFFFFFFFFFFFFFFFFFFFFFFFF4D
:10438000FFFFFFFFFFFFFFFFFFFFFFFFFFFFFFFF3D
:10439000FFFFFFFFFFFFFFFFFFFFFFFFFFFFFFFF2D
:1043A000FFFFFFFFFFFFFFFFFFFFFFFFFFFFFFFF1D
:1043B000FFFFFFFFFFFFFFFFFFFFFFFFFFFFFFFF0D
:1043C000FFFFFFFFFFFFFFFFFFFFFFFFFFFFFFFFFD
:1043D000FFFFFFFFFFFFFFFFFFFFFFFFFFFFFFFFED
:1043E000FFFFFFFFFFFFFFFFFFFFFFFFFFFFFFFFDD
:1043F000FFFFFFFFFFFFFFFFFFFFFFFFFFFFFFFFCD
:10440000FFFFFFFFFFFFFFFFFFFFFFFFFFFFFFFFBC
:10441000FFFFFFFFFFFFFFFFFFFFFFFFFFFFFFFFAC
:10442000FFFFFFFFFFFFFFFFFFFFFFFFFFFFFFFF9C
:10443000FFFFFFFFFFFFFFFFFFFFFFFFFFFFFFFF8C
:10444000FFFFFFFFFFFFFFFFFFFFFFFFFFFFFFFF7C
:10445000FFFFFFFFFFFFFFFFFFFFFFFFFFFFFFFF6C
:10446000FFFFFFFFFFFFFFFFFFFFFFFFFFFFFFFF5C
:10447000FFFFFFFFFFFFFFFFFFFFFFFFFFFFFFFF4C
:10448000FFFFFFFFFFFFFFFFFFFFFFFFFFFFFFFF3C
:10449000FFFFFFFFFFFFFFFFFFFFFFFFFFFFFFFF2C
:1044A000FFFFFFFFFFFFFFFFFFFFFFFFFFFFFFFF1C
:1044B000FFFFFFFFFFFFFFFFFFFFFFFFFFFFFFFF0C
:1044C000FFFFFFFFFFFFFFFFFFFFFFFFFFFFFFFFFC
:1044D000FFFFFFFFFFFFFFFFFFFFFFFFFFFFFFFFEC
:1044E000FFFFFFFFFFFFFFFFFFFFFFFFFFFFFFFFDC
:1044F000FFFFFFFFFFFFFFFFFFFFFFFFFFFFFFFFCC
:10450000FFFFFFFFFFFFFFFFFFFFFFFFFFFFFFFFBB
:10451000FFFFFFFFFFFFFFFFFFFFFFFFFFFFFFFFAB
:10452000FFFFFFFFFFFFFFFFFFFFFFFFFFFFFFFF9B
:10453000FFFFFFFFFFFFFFFFFFFFFFFFFFFFFFFF8B
:10454000FFFFFFFFFFFFFFFFFFFFFFFFFFFFFFFF7B
:10455000FFFFFFFFFFFFFFFFFFFFFFFFFFFFFFFF6B
:10456000FFFFFFFFFFFFFFFFFFFFFFFFFFFFFFFF5B
:10457000FFFFFFFFFFFFFFFFFFFFFFFFFFFFFFFF4B
:10458000FFFFFFFFFFFFFFFFFFFFFFFFFFFFFFFF3B
:10459000FFFFFFFFFFFFFFFFFFFFFFFFFFFFFFFF2B
:1045A000FFFFFFFFFFFFFFFFFFFFFFFFFFFFFFFF1B
:1045B000FFFFFFFFFFFFFFFFFFFFFFFFFFFFFFFF0B
:1045C000FFFFFFFFFFFFFFFFFFFFFFFFFFFFFFFFFB
:1045D000FFFFFFFFFFFFFFFFFFFFFFFFFFFFFFFFEB
:1045E000FFFFFFFFFFFFFFFFFFFFFFFFFFFFFFFFDB
:1045F000FFFFFFFFFFFFFFFFFFFFFFFFFFFFFFFFCB
:10460000FFFFFFFFFFFFFFFFFFFFFFFFFFFFFFFFBA
:10461000FFFFFFFFFFFFFFFFFFFFFFFFFFFFFFFFAA
:10462000FFFFFFFFFFFFFFFFFFFFFFFFFFFFFFFF9A
:10463000FFFFFFFFFFFFFFFFFFFFFFFFFFFFFFFF8A
:10464000FFFFFFFFFFFFFFFFFFFFFFFFFFFFFFFF7A
:10465000FFFFFFFFFFFFFFFFFFFFFFFFFFFFFFFF6A
:10466000FFFFFFFFFFFFFFFFFFFFFFFFFFFFFFFF5A
:10467000FFFFFFFFFFFFFFFFFFFFFFFFFFFFFFFF4A
:10468000FFFFFFFFFFFFFFFFFFFFFFFFFFFFFFFF3A
:10469000FFFFFFFFFFFFFFFFFFFFFFFFFFFFFFFF2A
:1046A000FFFFFFFFFFFFFFFFFFFFFFFFFFFFFFFF1A
:1046B000FFFFFFFFFFFFFFFFFFFFFFFFFFFFFFFF0A
:1046C000FFFFFFFFFFFFFFFFFFFFFFFFFFFFFFFFFA
:1046D000FFFFFFFFFFFFFFFFFFFFFFFFFFFFFFFFEA
:1046E000FFFFFFFFFFFFFFFFFFFFFFFFFFFFFFFFDA
:1046F000FFFFFFFFFFFFFFFFFFFFFFFFFFFFFFFFCA
:10470000FFFFFFFFFFFFFFFFFFFFFFFFFFFFFFFFB9
:10471000FFFFFFFFFFFFFFFFFFFFFFFFFFFFFFFFA9
:10472000FFFFFFFFFFFFFFFFFFFFFFFFFFFFFFFF99
:10473000FFFFFFFFFFFFFFFFFFFFFFFFFFFFFFFF89
:10474000FFFFFFFFFFFFFFFFFFFFFFFFFFFFFFFF79
:10475000FFFFFFFFFFFFFFFFFFFFFFFFFFFFFFFF69
:10476000FFFFFFFFFFFFFFFFFFFFFFFFFFFFFFFF59
:10477000FFFFFFFFFFFFFFFFFFFFFFFFFFFFFFFF49
:10478000FFFFFFFFFFFFFFFFFFFFFFFFFFFFFFFF39
:10479000FFFFFFFFFFFFFFFFFFFFFFFFFFFFFFFF29
:1047A000FFFFFFFFFFFFFFFFFFFFFFFFFFFFFFFF19
:1047B000FFFFFFFFFFFFFFFFFFFFFFFFFFFFFFFF09
:1047C000FFFFFFFFFFFFFFFFFFFFFFFFFFFFFFFFF9
:1047D000FFFFFFFFFFFFFFFFFFFFFFFFFFFFFFFFE9
:1047E000FFFFFFFFFFFFFFFFFFFFFFFFFFFFFFFFD9
:1047F000FFFFFFFFFFFFFFFFFFFFFFFFFFFFFFFFC9
:10480000FFFFFFFFFFFFFFFFFFFFFFFFFFFFFFFFB8
:10481000FFFFFFFFFFFFFFFFFFFFFFFFFFFFFFFFA8
:10482000FFFFFFFFFFFFFFFFFFFFFFFFFFFFFFFF98
:10483000FFFFFFFFFFFFFFFFFFFFFFFFFFFFFFFF88
:10484000FFFFFFFFFFFFFFFFFFFFFFFFFFFFFFFF78
:10485000FFFFFFFFFFFFFFFFFFFFFFFFFFFFFFFF68
:10486000FFFFFFFFFFFFFFFFFFFFFFFFFFFFFFFF58
:10487000FFFFFFFFFFFFFFFFFFFFFFFFFFFFFFFF48
:10488000FFFFFFFFFFFFFFFFFFFFFFFFFFFFFFFF38
:10489000FFFFFFFFFFFFFFFFFFFFFFFFFFFFFFFF28
:1048A000FFFFFFFFFFFFFFFFFFFFFFFFFFFFFFFF18
:1048B000FFFFFFFFFFFFFFFFFFFFFFFFFFFFFFFF08
:1048C000FFFFFFFFFFFFFFFFFFFFFFFFFFFFFFFFF8
:1048D000FFFFFFFFFFFFFFFFFFFFFFFFFFFFFFFFE8
:1048E000FFFFFFFFFFFFFFFFFFFFFFFFFFFFFFFFD8
:1048F000FFFFFFFFFFFFFFFFFFFFFFFFFFFFFFFFC8
:10490000FFFFFFFFFFFFFFFFFFFFFFFFFFFFFFFFB7
:10491000FFFFFFFFFFFFFFFFFFFFFFFFFFFFFFFFA7
:10492000FFFFFFFFFFFFFFFFFFFFFFFFFFFFFFFF97
:10493000FFFFFFFFFFFFFFFFFFFFFFFFFFFFFFFF87
:10494000FFFFFFFFFFFFFFFFFFFFFFFFFFFFFFFF77
:10495000FFFFFFFFFFFFFFFFFFFFFFFFFFFFFFFF67
:10496000FFFFFFFFFFFFFFFFFFFFFFFFFFFFFFFF57
:10497000FFFFFFFFFFFFFFFFFFFFFFFFFFFFFFFF47
:10498000FFFFFFFFFFFFFFFFFFFFFFFFFFFFFFFF37
:10499000FFFFFFFFFFFFFFFFFFFFFFFFFFFFFFFF27
:1049A000FFFFFFFFFFFFFFFFFFFFFFFFFFFFFFFF17
:1049B000FFFFFFFFFFFFFFFFFFFFFFFFFFFFFFFF07
:1049C000FFFFFFFFFFFFFFFFFFFFFFFFFFFFFFFFF7
:1049D000FFFFFFFFFFFFFFFFFFFFFFFFFFFFFFFFE7
:1049E000FFFFFFFFFFFFFFFFFFFFFFFFFFFFFFFFD7
:1049F000FFFFFFFFFFFFFFFFFFFFFFFFFFFFFFFFC7
:104A0000FFFFFFFFFFFFFFFFFFFFFFFFFFFFFFFFB6
:104A1000FFFFFFFFFFFFFFFFFFFFFFFFFFFFFFFFA6
:104A2000FFFFFFFFFFFFFFFFFFFFFFFFFFFFFFFF96
:104A3000FFFFFFFFFFFFFFFFFFFFFFFFFFFFFFFF86
:104A4000FFFFFFFFFFFFFFFFFFFFFFFFFFFFFFFF76
:104A5000FFFFFFFFFFFFFFFFFFFFFFFFFFFFFFFF66
:104A6000FFFFFFFFFFFFFFFFFFFFFFFFFFFFFFFF56
:104A7000FFFFFFFFFFFFFFFFFFFFFFFFFFFFFFFF46
:104A8000FFFFFFFFFFFFFFFFFFFFFFFFFFFFFFFF36
:104A9000FFFFFFFFFFFFFFFFFFFFFFFFFFFFFFFF26
:104AA000FFFFFFFFFFFFFFFFFFFFFFFFFFFFFFFF16
:104AB000FFFFFFFFFFFFFFFFFFFFFFFFFFFFFFFF06
:104AC000FFFFFFFFFFFFFFFFFFFFFFFFFFFFFFFFF6
:104AD000FFFFFFFFFFFFFFFFFFFFFFFFFFFFFFFFE6
:104AE000FFFFFFFFFFFFFFFFFFFFFFFFFFFFFFFFD6
:104AF000FFFFFFFFFFFFFFFFFFFFFFFFFFFFFFFFC6
:104B0000FFFFFFFFFFFFFFFFFFFFFFFFFFFFFFFFB5
:104B1000FFFFFFFFFFFFFFFFFFFFFFFFFFFFFFFFA5
:104B2000FFFFFFFFFFFFFFFFFFFFFFFFFFFFFFFF95
:104B3000FFFFFFFFFFFFFFFFFFFFFFFFFFFFFFFF85
:104B4000FFFFFFFFFFFFFFFFFFFFFFFFFFFFFFFF75
:104B5000FFFFFFFFFFFFFFFFFFFFFFFFFFFFFFFF65
:104B6000FFFFFFFFFFFFFFFFFFFFFFFFFFFFFFFF55
:104B7000FFFFFFFFFFFFFFFFFFFFFFFFFFFFFFFF45
:104B8000FFFFFFFFFFFFFFFFFFFFFFFFFFFFFFFF35
:104B9000FFFFFFFFFFFFFFFFFFFFFFFFFFFFFFFF25
:104BA000FFFFFFFFFFFFFFFFFFFFFFFFFFFFFFFF15
:104BB000FFFFFFFFFFFFFFFFFFFFFFFFFFFFFFFF05
:104BC000FFFFFFFFFFFFFFFFFFFFFFFFFFFFFFFFF5
:104BD000FFFFFFFFFFFFFFFFFFFFFFFFFFFFFFFFE5
:104BE000FFFFFFFFFFFFFFFFFFFFFFFFFFFFFFFFD5
:104BF000FFFFFFFFFFFFFFFFFFFFFFFFFFFFFFFFC5
:104C0000FFFFFFFFFFFFFFFFFFFFFFFFFFFFFFFFB4
:104C1000FFFFFFFFFFFFFFFFFFFFFFFFFFFFFFFFA4
:104C2000FFFFFFFFFFFFFFFFFFFFFFFFFFFFFFFF94
:104C3000FFFFFFFFFFFFFFFFFFFFFFFFFFFFFFFF84
:104C4000FFFFFFFFFFFFFFFFFFFFFFFFFFFFFFFF74
:104C5000FFFFFFFFFFFFFFFFFFFFFFFFFFFFFFFF64
:104C6000FFFFFFFFFFFFFFFFFFFFFFFFFFFFFFFF54
:104C7000FFFFFFFFFFFFFFFFFFFFFFFFFFFFFFFF44
:104C8000FFFFFFFFFFFFFFFFFFFFFFFFFFFFFFFF34
:104C9000FFFFFFFFFFFFFFFFFFFFFFFFFFFFFFFF24
:104CA000FFFFFFFFFFFFFFFFFFFFFFFFFFFFFFFF14
:104CB000FFFFFFFFFFFFFFFFFFFFFFFFFFFFFFFF04
:104CC000FFFFFFFFFFFFFFFFFFFFFFFFFFFFFFFFF4
:104CD000FFFFFFFFFFFFFFFFFFFFFFFFFFFFFFFFE4
:104CE000FFFFFFFFFFFFFFFFFFFFFFFFFFFFFFFFD4
:104CF000FFFFFFFFFFFFFFFFFFFFFFFFFFFFFFFFC4
:104D0000FFFFFFFFFFFFFFFFFFFFFFFFFFFFFFFFB3
:104D1000FFFFFFFFFFFFFFFFFFFFFFFFFFFFFFFFA3
:104D2000FFFFFFFFFFFFFFFFFFFFFFFFFFFFFFFF93
:104D3000FFFFFFFFFFFFFFFFFFFFFFFFFFFFFFFF83
:104D4000FFFFFFFFFFFFFFFFFFFFFFFFFFFFFFFF73
:104D5000FFFFFFFFFFFFFFFFFFFFFFFFFFFFFFFF63
:104D6000FFFFFFFFFFFFFFFFFFFFFFFFFFFFFFFF53
:104D7000FFFFFFFFFFFFFFFFFFFFFFFFFFFFFFFF43
:104D8000FFFFFFFFFFFFFFFFFFFFFFFFFFFFFFFF33
:104D9000FFFFFFFFFFFFFFFFFFFFFFFFFFFFFFFF23
:104DA000FFFFFFFFFFFFFFFFFFFFFFFFFFFFFFFF13
:104DB000FFFFFFFFFFFFFFFFFFFFFFFFFFFFFFFF03
:104DC000FFFFFFFFFFFFFFFFFFFFFFFFFFFFFFFFF3
:104DD000FFFFFFFFFFFFFFFFFFFFFFFFFFFFFFFFE3
:104DE000FFFFFFFFFFFFFFFFFFFFFFFFFFFFFFFFD3
:104DF000FFFFFFFFFFFFFFFFFFFFFFFFFFFFFFFFC3
:104E0000FFFFFFFFFFFFFFFFFFFFFFFFFFFFFFFFB2
:104E1000FFFFFFFFFFFFFFFFFFFFFFFFFFFFFFFFA2
:104E2000FFFFFFFFFFFFFFFFFFFFFFFFFFFFFFFF92
:104E3000FFFFFFFFFFFFFFFFFFFFFFFFFFFFFFFF82
:104E4000FFFFFFFFFFFFFFFFFFFFFFFFFFFFFFFF72
:104E5000FFFFFFFFFFFFFFFFFFFFFFFFFFFFFFFF62
:104E6000FFFFFFFFFFFFFFFFFFFFFFFFFFFFFFFF52
:104E7000FFFFFFFFFFFFFFFFFFFFFFFFFFFFFFFF42
:104E8000FFFFFFFFFFFFFFFFFFFFFFFFFFFFFFFF32
:104E9000FFFFFFFFFFFFFFFFFFFFFFFFFFFFFFFF22
:104EA000FFFFFFFFFFFFFFFFFFFFFFFFFFFFFFFF12
:104EB000FFFFFFFFFFFFFFFFFFFFFFFFFFFFFFFF02
:104EC000FFFFFFFFFFFFFFFFFFFFFFFFFFFFFFFFF2
:104ED000FFFFFFFFFFFFFFFFFFFFFFFFFFFFFFFFE2
:104EE000FFFFFFFFFFFFFFFFFFFFFFFFFFFFFFFFD2
:104EF000FFFFFFFFFFFFFFFFFFFFFFFFFFFFFFFFC2
:104F0000FFFFFFFFFFFFFFFFFFFFFFFFFFFFFFFFB1
:104F1000FFFFFFFFFFFFFFFFFFFFFFFFFFFFFFFFA1
:104F2000FFFFFFFFFFFFFFFFFFFFFFFFFFFFFFFF91
:104F3000FFFFFFFFFFFFFFFFFFFFFFFFFFFFFFFF81
:104F4000FFFFFFFFFFFFFFFFFFFFFFFFFFFFFFFF71
:104F5000FFFFFFFFFFFFFFFFFFFFFFFFFFFFFFFF61
:104F6000FFFFFFFFFFFFFFFFFFFFFFFFFFFFFFFF51
:104F7000FFFFFFFFFFFFFFFFFFFFFFFFFFFFFFFF41
:104F8000FFFFFFFFFFFFFFFFFFFFFFFFFFFFFFFF31
:104F9000FFFFFFFFFFFFFFFFFFFFFFFFFFFFFFFF21
:104FA000FFFFFFFFFFFFFFFFFFFFFFFFFFFFFFFF11
:104FB000FFFFFFFFFFFFFFFFFFFFFFFFFFFFFFFF01
:104FC000FFFFFFFFFFFFFFFFFFFFFFFFFFFFFFFFF1
:104FD000FFFFFFFFFFFFFFFFFFFFFFFFFFFFFFFFE1
:104FE000FFFFFFFFFFFFFFFFFFFFFFFFFFFFFFFFD1
:104FF000FFFFFFFFFFFFFFFFFFFFFFFFFFFFFFFFC1
:10500000FFFFFFFFFFFFFFFFFFFFFFFFFFFFFFFFB0
:10501000FFFFFFFFFFFFFFFFFFFFFFFFFFFFFFFFA0
:10502000FFFFFFFFFFFFFFFFFFFFFFFFFFFFFFFF90
:10503000FFFFFFFFFFFFFFFFFFFFFFFFFFFFFFFF80
:10504000FFFFFFFFFFFFFFFFFFFFFFFFFFFFFFFF70
:10505000FFFFFFFFFFFFFFFFFFFFFFFFFFFFFFFF60
:10506000FFFFFFFFFFFFFFFFFFFFFFFFFFFFFFFF50
:10507000FFFFFFFFFFFFFFFFFFFFFFFFFFFFFFFF40
:10508000FFFFFFFFFFFFFFFFFFFFFFFFFFFFFFFF30
:10509000FFFFFFFFFFFFFFFFFFFFFFFFFFFFFFFF20
:1050A000FFFFFFFFFFFFFFFFFFFFFFFFFFFFFFFF10
:1050B000FFFFFFFFFFFFFFFFFFFFFFFFFFFFFFFF00
:1050C000FFFFFFFFFFFFFFFFFFFFFFFFFFFFFFFFF0
:1050D000FFFFFFFFFFFFFFFFFFFFFFFFFFFFFFFFE0
:1050E000FFFFFFFFFFFFFFFFFFFFFFFFFFFFFFFFD0
:1050F000FFFFFFFFFFFFFFFFFFFFFFFFFFFFFFFFC0
:10510000FFFFFFFFFFFFFFFFFFFFFFFFFFFFFFFFAF
:10511000FFFFFFFFFFFFFFFFFFFFFFFFFFFFFFFF9F
:10512000FFFFFFFFFFFFFFFFFFFFFFFFFFFFFFFF8F
:10513000FFFFFFFFFFFFFFFFFFFFFFFFFFFFFFFF7F
:10514000FFFFFFFFFFFFFFFFFFFFFFFFFFFFFFFF6F
:10515000FFFFFFFFFFFFFFFFFFFFFFFFFFFFFFFF5F
:10516000FFFFFFFFFFFFFFFFFFFFFFFFFFFFFFFF4F
:10517000FFFFFFFFFFFFFFFFFFFFFFFFFFFFFFFF3F
:10518000FFFFFFFFFFFFFFFFFFFFFFFFFFFFFFFF2F
:10519000FFFFFFFFFFFFFFFFFFFFFFFFFFFFFFFF1F
:1051A000FFFFFFFFFFFFFFFFFFFFFFFFFFFFFFFF0F
:1051B000FFFFFFFFFFFFFFFFFFFFFFFFFFFFFFFFFF
:1051C000FFFFFFFFFFFFFFFFFFFFFFFFFFFFFFFFEF
:1051D000FFFFFFFFFFFFFFFFFFFFFFFFFFFFFFFFDF
:1051E000FFFFFFFFFFFFFFFFFFFFFFFFFFFFFFFFCF
:1051F000FFFFFFFFFFFFFFFFFFFFFFFFFFFFFFFFBF
:10520000FFFFFFFFFFFFFFFFFFFFFFFFFFFFFFFFAE
:10521000FFFFFFFFFFFFFFFFFFFFFFFFFFFFFFFF9E
:10522000FFFFFFFFFFFFFFFFFFFFFFFFFFFFFFFF8E
:10523000FFFFFFFFFFFFFFFFFFFFFFFFFFFFFFFF7E
:10524000FFFFFFFFFFFFFFFFFFFFFFFFFFFFFFFF6E
:10525000FFFFFFFFFFFFFFFFFFFFFFFFFFFFFFFF5E
:10526000FFFFFFFFFFFFFFFFFFFFFFFFFFFFFFFF4E
:10527000FFFFFFFFFFFFFFFFFFFFFFFFFFFFFFFF3E
:10528000FFFFFFFFFFFFFFFFFFFFFFFFFFFFFFFF2E
:10529000FFFFFFFFFFFFFFFFFFFFFFFFFFFFFFFF1E
:1052A000FFFFFFFFFFFFFFFFFFFFFFFFFFFFFFFF0E
:1052B000FFFFFFFFFFFFFFFFFFFFFFFFFFFFFFFFFE
:1052C000FFFFFFFFFFFFFFFFFFFFFFFFFFFFFFFFEE
:1052D000FFFFFFFFFFFFFFFFFFFFFFFFFFFFFFFFDE
:1052E000FFFFFFFFFFFFFFFFFFFFFFFFFFFFFFFFCE
:1052F000FFFFFFFFFFFFFFFFFFFFFFFFFFFFFFFFBE
:10530000FFFFFFFFFFFFFFFFFFFFFFFFFFFFFFFFAD
:10531000FFFFFFFFFFFFFFFFFFFFFFFFFFFFFFFF9D
:10532000FFFFFFFFFFFFFFFFFFFFFFFFFFFFFFFF8D
:10533000FFFFFFFFFFFFFFFFFFFFFFFFFFFFFFFF7D
:10534000FFFFFFFFFFFFFFFFFFFFFFFFFFFFFFFF6D
:10535000FFFFFFFFFFFFFFFFFFFFFFFFFFFFFFFF5D
:10536000FFFFFFFFFFFFFFFFFFFFFFFFFFFFFFFF4D
:10537000FFFFFFFFFFFFFFFFFFFFFFFFFFFFFFFF3D
:01538000FF2D
:0A538400000000000000000000001F
:040000050800E20904
:00000001FF
