:020000040800F2
:10000000A8D3032475A304087158040859A7040849
:10001000E7580408035904081F59040800000000A9
:10002000000000000000000000000000095103086B
:100030003359040800000000B15003085D9B02081A
:1000400085AC040889AC04088DAC040891AC0408A4
:1000500095AC040899AC04089DAC0408A1AC040854
:10006000A5AC0408A9AC0408ADAC0408D159040837
:10007000B1AC0408B5AC0408B9AC0408BDAC0408C4
:10008000C1AC0408C5AC0408C9AC0408CDAC040874
:10009000D1AC0408D5AC0408D9AC0408DDAC040824
:1000A000E1AC0408E5AC0408E9AC0408EDAC0408D4
:1000B000F1AC0408F5AC0408F9AC0408FDAC040884
:1000C00001AD040805AD040809AD04080DAD040830
:1000D00011AD040815AD040819AD04081DAD0408E0
:1000E00021AD040825AD04080000000029AD040876
:1000F0002DAD040831AD040835AD040839AD040850
:100100003DAD040841AD040845AD040849AD0408FF
:100110004DAD040851AD04083559040855AD040827
:1001200059AD04085DAD040861AD040865AD04086F
:1001300069AD04086DAD040871AD040875AD04081F
:1001400079AD04087DAD0408000000000000000047
:1001500081AD040885AD040889AD04088DAD04089F
:1001600091AD040895AD040899AD04089DAD04084F
:10017000A1AD0408A5AD0408A9AD04080000000065
:10018000ADAD0408B1AD0408B5AD04087759040855
:10019000B9AD0408BDAD0408C1AD0408C5AD04087F
:1001A0003F590408C9AD040849590408CDAD0408F5
:1001B000D1AD0408D5AD0408D9AD0408DDAD0408FF
:1001C000E1AD0408E5AD0408E9AD0408EDAD0408AF
:1001D000F1AD0408F5AD0408F9AD0408FDAD04085F
:1001E00001AE040805AE040809AE04080DAE04080B
:1001F00011AE040815AE040819AE04081DAE0408BB
:1002000021AE040825AE040829AE04082DAE04086A
:1002100031AE040835AE040839AE04083DAE04081A
:1002200041AE0408535904085D5904086D59040887
:1002300045AE040849AE04084DAE040851AE0408AA
:1002400055AE040859AE04085DAE040861AE04085A
:1002500065AE040869AE04086DAE040871AE04080A
:1002600075AE040879AE04087DAE040881AE0408BA
:1002700085AE040889AE04088DAE040891AE04086A
:1002800095AE040899AE04089DAE04080000000075
:10029000A1AE0408A5AE04084344444404F9FFFF9A
:1002A000FF2FF9FFFFFF1FF8FFFFFF1FF8FFFFFF02
:1002B0000FF8FFFFFF0FF7FFFFFF0FF7FFFFFF0E26
:1002C000F6FFFFFF0EF6FFFFFF0EF6FFFFFF0DF537
:1002D000FFFFFF0DF5FFFFFF0DF4FFFFFF0CF4FF25
:1002E000FFFF0CF4FFFFFF0CF3FFFFFF0BF3FFFF1B
:1002F000FF0BF2FFFFFF0AF2FFFFFF0AF2FFFFFF13
:100300000AF1FFFFFF09F1FFFFFF09F1FFFFFF09FE
:10031000F0FFFFFF08F0FFFFFF08E0FFFFFF08E02E
:10032000FFFFFF07E0FFFFFF07D0FFFFFF06D0FF43
:10033000FFFF06C0FFFFFF06C0FFFFFF05C0FFFF76
:10034000FF05B0FFFFFF05B0FFFFFF04B0FFFFFF99
:1003500004A0FFFFFF04A0FFFFFF0390FFFFFF03C8
:1003600090FFFFFF0390FFFFFF0280FFFFFF0200EF
:10037000000000000000000000000000000000007D
:10038000000000000000000000000000000000006D
:1003900000004144444403F4FFFFFF0BF4FFFFFF60
:1003A0000BF4FFFFFF0BF4FFFFFF0BF4FFFFFF0B4E
:1003B000F4FFFFFF0BF4FFFFFF0BF4FFFFFF0BF653
:1003C000FFFFFF1F000050FFFFFFFF02F5FFFFFFD1
:1003D0000F000040FFFFFFFF01F4FFFFFF0D0000D3
:1003E00030FFFFFFFF00F3FFFFFF0C000010FFFFD7
:1003F000FFDF00F2FFFFFF0B000000FFFFFFCF0059
:10040000F0FFFFFF0A000000FEFFFFBF00E0FFFF5C
:10041000FF09000000FDFFFFAF00D0FFFFFF080055
:100420000000FCFFFF9F00C0FFFFFF07000000FB74
:10043000FFFF8F00B0FFFFFF06000000FAFFFF7F05
:1004400000A0FFFFFF05000000F9FFFF6F0090FF15
:10045000FFFF03000000F8FFFF5F0080FFFFFF02C7
:10046000000000F6FFFF3F0070FFFFFF01000000EB
:10047000F5FFFF2F0050FFFFFF00000000F4FFFF1B
:100480001F0040FFFFEF00000000F3FFFF0F0030F0
:10049000FFFFDF00000000F2FFFF0E0020FFFFCF94
:1004A00000000000F1FFFF0D0010FFFFBF00000083
:1004B00000F0FFFF0C0000FFFFAF00000000E0FFB6
:1004C000FF0B0000FEFF9F00000000D0FFFF0A00AE
:1004D00000FDFF7F00000000B0FFFF090000B8BB77
:1004E0005B0000000070BBBB0500000000000000C6
:1004F0000000000000F7FF9F0000000000FDFF3F2C
:10050000000000000000000000000000000000FAF1
:10051000FF5F0000000010FFFF0E00000000000061
:10052000000000000000000000FEFF2F000000009F
:1005300050FFFF0A00000000000000000000000063
:10054000000030FFFF0D0000000090FFFF070000DB
:1005500000000000000000000000000060FFFF0934
:1005600000000000C0FFFF030000000000000000CA
:10057000000000000000A0FFFF0600000000F1FFE7
:10058000EF0000000000000000000000000000007C
:10059000E0FFFF0200000000F5FFBF0000000000C8
:1005A00000000000000000000000F2FFDF0000007B
:1005B0000000F8FF7F0000000000000000000000C5
:1005C00000000000F6FFAF0000000000FCFF3F004D
:1005D0000000000000000000000000000000FAFF22
:1005E0006F0000000010FFFF0E0000000000000080
:1005F0000000000000000000FDFF2F000000005080
:10060000FFFF0B00000000000000000000000000E1
:100610000020FFFF0E0000000080FFFF0700000029
:10062000000000000000000000000060FFFF0A0062
:10063000000000C0FFFF04000000000000000000F8
:10064000000000000090FFFF0600000000F1FFFF27
:10065000000000000000000000000000000000D0CA
:10066000FFFF0200000000F4FFBF000000000000D8
:10067000000000000000000000F2FFEF000000009A
:1006800000F8FF8F000000000000000040444444D8
:10069000444444F8FFCF4444444444FCFF8F444462
:1006A000444444040000C0FFFFFFFFFFFFFFFFFFC3
:1006B000FFFFFFFFFFFFFFFFFFFFFFFFFF0D00003A
:1006C000C0FFFFFFFFFFFFFFFFFFFFFFFFFFFFFF79
:1006D000FFFFFFFFFFFFFF0D0000C0FFFFFFFFFF59
:1006E000FFFFFFFFFFFFFFFFFFFFFFFFFFFFFFFF1A
:1006F000FF0D0000C0FFFFFFFFFFFFFFFFFFFFFF39
:10070000FFFFFFFFFFFFFFFFFFFFFF0D0000C0FF28
:10071000FFFFFFFFFFFFFFFFFFFFFFFFFFFFFFFFE9
:10072000FFFFFFFFFF0D0000000000000000E0FFE2
:10073000FF0100000000F3FFBF0000000000000008
:100740000000000000000000F2FFDF0000000000D9
:10075000F7FF7F0000000000000000000000000024
:100760000000F6FF9F0000000000FBFF3F000000BC
:10077000000000000000000000000000FAFF5F0021
:1007800000000000FEFF0E0000000000000000005E
:10079000000000000000FDFF1F0000000030FFFF10
:1007A0000B0000000000000000000000000000201E
:1007B000FFFF0D0000000070FFFF070000000000B9
:1007C00000000000000000000060FFFF09000000C2
:1007D00000B0FFFF04000000000000000000000067
:1007E00000000090FFFF0500000000E0FFFF010097
:1007F00000000000000000000000000000D0FFFF2B
:100800000100000000F3FFBF000000000000000036
:1008100000000000000000F2FFDF0000000000F711
:10082000FF8F00000000000000000000000000003A
:1008300000F5FF9F0000000000FBFF4F00000000DC
:100840000000000000000000000000F9FF5F000051
:10085000000000FEFF1F000000000000000000007C
:100860000000000000FDFF1F0000000030FFFF0C33
:10087000000000000000000000000000000010FF69
:10088000FF0D0000000070FFFF08000000000000E6
:10089000000042444444444484FFFF4B44444444E5
:1008A000B4FFFF484444444444010000F6FFFFFF06
:1008B000FFFFFFFFFFFFFFFFFFFFFFFFFFFFFFFF48
:1008C000FFFFFF040000F6FFFFFFFFFFFFFFFFFF3A
:1008D000FFFFFFFFFFFFFFFFFFFFFFFFFF04000021
:1008E000F6FFFFFFFFFFFFFFFFFFFFFFFFFFFFFF21
:1008F000FFFFFFFFFFFFFF040000F6FFFFFFFFFF0A
:10090000FFFFFFFFFFFFFFFFFFFFFFFFFFFFFFFFF7
:10091000FF040000F6FFFFFFFFFFFFFFFFFFFFFFE9
:10092000FFFFFFFFFFFFFFFFFFFFFF0400000000CE
:1009300000000000FDFF3F0000000040FFFF0B0033
:100940000000000000000000000000000020FFFF89
:100950000E0000000080FFFF080000000000000003
:100960000000000000000050FFFF0A00000000C06F
:10097000FFFF040000000000000000000000000075
:100980000090FFFF0600000000F1FFFF01000000E3
:100990000000000000000000000000D0FFFF030086
:1009A000000000F4FFCF0000000000000000000085
:1009B0000000000000F1FFEF0000000000F8FF8FD2
:1009C000000000000000000000000000000000F532
:1009D000FFAF0000000000FBFF4F00000000000020
:1009E000000000000000000000F9FF7F0000000090
:1009F00000FFFF1F000000000000000000000000DA
:100A0000000000FCFF3F0000000040FFFF0C000062
:100A100000000000000000000000000010FFFF0EBA
:100A20000000000070FFFF08000000000000000050
:100A300000000000000050FFFF0B00000000B0FFAE
:100A4000FF050000000000000000000000000000A2
:100A500090FFFF0700000000E0FFFF010000000022
:100A600000000000000000000000C0FFFF030000C5
:100A70000000F4FFCF0000000000000000000000B4
:100A800000000000F1FFEF0000000000F7FF8F0002
:100A90000000000000000000000000000000F5FF62
:100AA000BF0000000000FBFF5F000000000000002E
:100AB0000000000000000000F8FF7F0000000000C0
:100AC000FEFF1F000000000000000000000000000A
:100AD00000008688280000000010888807000000B9
:100AE0000000000000000000000000000000000006
:100AF00060FFFF0300000000000000000000000095
:100B00000000000060FFFF03000000000000000084
:100B1000000000000000000060FFFF030000000074
:100B200000000000000000000000000060FFFF0364
:100B300000000000000000000000000000000000B5
:100B400060FFFF0300000000000000000000000044
:100B50000000000060FFFF03000000000000000034
:100B6000000000000000000060FFFF030000000024
:100B700000000000000000000000000060FFFF0314
:100B80000000000000000000000000000000000065
:100B900060FFFF03000000000000000000000000F4
:100BA0000000000060FFFF030000000000000000E4
:100BB000000000000000000060FFFF0300000000D4
:100BC0000000000000000000000051A8ECFFFFEF53
:100BD000CD9B4601000000000000000020C7FFFF81
:100BE000FFFFFFFFFFFFFFDF5901000000000020B3
:100BF000F9FFFFFFFFFFFFFFFFFFFFFFFFBF060043
:100C0000000000F7FFFFFFFFFFFFFFFFFFFFFFFFF9
:100C1000FFFF4F000000B1FFFFFFFFFFFFFFFFFFDF
:100C2000FFFFFFFFFFFF4F000020FDFFFFFFFFEF73
:100C3000DDFFFFDDFEFFFFFFFFFF4F0000C1FFFFF5
:100C4000FFFF8E0360FFFF031052D9FFFFFF4F002D
:100C500000F9FFFFFF6E000060FFFF03000000B41B
:100C6000FFFF4F0030FFFFFFCF02000060FFFF03D8
:100C700000000000B3FF4F00A0FFFFFF1E000000B8
:100C800060FFFF030000000000D44F00F1FFFFFFF2
:100C90000600000060FFFF030000000000002600C7
:100CA000F5FFFFEF0100000060FFFF030000000000
:100CB00000000000F8FFFFCF0000000060FFFF030E
:100CC0000000000000000000F9FFFFBF000000006E
:100CD00060FFFF030000000000000000FAFFFFCFEC
:100CE0000000000060FFFF030000000000000000A3
:100CF000F9FFFFEF0000000060FFFF0300000000AD
:100D000000000000F8FFFFFF0400000060FFFF0389
:100D10000000000000000000F4FFFFFF0C000000D6
:100D200060FFFF030000000000000000F1FFFFFF74
:100D30009F00000060FFFF030000000000000000B3
:100D4000A0FFFFFFFF3C000060FFFF03000000006A
:100D50000000000030FFFFFFFFFF6B0160FFFF039B
:100D6000000000000000000000F8FFFFFFFFFFBFD1
:100D700098FFFF03000000000000000000B0FFFF2C
:100D8000FFFFFFFFFFFFFF5902000000000000000F
:100D90000000FAFFFFFFFFFFFFFFFFFFDF7A030006
:100DA00000000000000050FEFFFFFFFFFFFFFFFFFD
:100DB000FFFFEF280000000000000071FDFFFFFFB3
:100DC000FFFFFFFFFFFFFFFF3B00000000000000F0
:100DD00050E9FFFFFFFFFFFFFFFFFFFFFF080000DD
:100DE00000000000000073EBFFFFFFFFFFFFFFFFAD
:100DF000FFBF0100000000000000000092FFFFFFA5
:100E0000FFFFFFFFFFFF0B000000000000000000DD
:100E100060FFFF54D8FFFFFFFFFF8F0000000000BE
:100E20000000000060FFFF030082FEFFFFFFFF02E3
:100E3000000000000000000060FFFF03000091FFC1
:100E4000FFFFFF08000000000000000060FFFF033C
:100E5000000000F8FFFFFF0C000000000000000091
:100E600060FFFF03000000D0FFFFFF1F0000000035
:100E70000000000060FFFF0300000070FFFFFF3F65
:100E8000000000000000000060FFFF0300000030D1
:100E9000FFFFFF4F000000000000000060FFFF03A5
:100EA00000000020FFFFFF4F0000000000000000D6
:100EB00060FFFF0300000020FFFFFF3F0000000075
:100EC0000000000060FFFF0300000030FFFFFF1F75
:100ED000020000000000000060FFFF03000000703F
:100EE000FFFFFF0DAE0200000000000060FFFF03E7
:100EF000000000C0FFFFFF08FE8E010000000000A0
:100F000060FFFF03000000F6FFFFFF02FEFF8E02FE
:100F10000000000060FFFF03000060FFFFFF9F0074
:100F2000FEFFFFBF2600000060FFFF030030FAFF56
:100F3000FFFF1D00FEFFFFFFFF8C350060FFFF136A
:100F400073FCFFFFFFEF0300FEFFFFFFFFFFFFEF5C
:100F5000EEFFFFFEFFFFFFFFFF4E0000FEFFFFFF63
:100F6000FFFFFFFFFFFFFFFFFFFFFFFFCF020000BC
:100F7000FAFFFFFFFFFFFFFFFFFFFFFFFFFFFFFF86
:100F80000800000020D8FFFFFFFFFFFFFFFFFFFF6B
:100F9000FFFFFF2900000000000072EBFFFFFFFFD2
:100FA000FFFFFFFFFFBF1700000000000000000070
:100FB0004297CBEDFEFFFF9C4701000000000000C0
:100FC000000000000000000060FFFF0300000000C0
:100FD00000000000000000000000000060FFFF03B0
:100FE0000000000000000000000000000000000001
:100FF00060FFFF0300000000000000000000000090
:101000000000000060FFFF0300000000000000007F
:10101000000000000000000060FFFF03000000006F
:1010200000000000000000000000000060FFFF035F
:1010300000000000000000000000000000000000B0
:1010400060FFFF030000000000000000000000003F
:101050000000000060FFFF0300000000000000002F
:10106000000000000000000060FFFF03000000001F
:1010700000000000000000000000000060FFFF030F
:101080000000000000000000000000000000000060
:1010900060FFFF03000000000000000000000000EF
:1010A0000000000060FFFF030000000000000000DF
:1010B000000000000000000060FFFF0300000000CF
:1010C00000000000000000000000000060FFFF03BF
:1010D0000000000000000000000000001096ECFF7F
:1010E000DE7B0300000000000000000000000000A4
:1010F00000000000000000000000000000000000F0
:101100000020FAFFFFFFFFFFDF06000000000000E5
:1011100000000000000020DDDDDD04000000000014
:1011200000000000000000F7FFFFFFFFFFFFFFCF00
:10113000020000000000000000000000A0FFFFCF40
:10114000000000000000000000000000A0FFFFFF02
:10115000FFFFFFFFFFFF2E00000000000000000067
:101160000000F3FFFF4F000000000000000000003F
:101170000000F9FFFFFFFFFFFFFFFFFFDF0100009F
:101180000000000000000000FAFFFF0C000000005B
:101190000000000000000050FFFFFFEF6A4485FDE3
:1011A000FFFFFF0B00000000000000000030FFFF09
:1011B000FF040000000000000000000000D1FFFF5D
:1011C000FF2C00000080FFFFFF4F00000000000028
:1011D000000000B0FFFFBF000000000000000000A2
:1011E000000000F6FFFFCF0100000000F8FFFFCF76
:1011F000000000000000000000F4FFFF3F000000BE
:10120000000000000000000000FCFFFF3F000000A5
:101210000000D0FFFFFF030000000000000000FB03
:10122000FFFF0A000000000000000000000020FF97
:10123000FFFF0C000000000060FFFFFF080000003F
:101240000000000040FFFFFF03000000000000005E
:101250000000000060FFFFFF07000000000020FF0B
:10126000FFFF0C00000000000000C0FFFFAF000007
:1012700000000000000000000000A0FFFFFF0400CD
:101280000000000000FDFFFF0F0000000000000054
:10129000F5FFFF2F0000000000000000000000002C
:1012A000C0FFFFFF01000000000000FBFFFF2F0058
:1012B000000000000000FCFFFF090000000000002B
:1012C000000000000000E0FFFFFF00000000000041
:1012D00000F9FFFF5F00000000000050FFFFFF0269
:1012E000000000000000000000000000F1FFFFDF30
:1012F00000000000000000F8FFFF6F000000000089
:1013000000D0FFFF9F000000000000000000000070
:101310000000F2FFFFCF00000000000000F7FFFF19
:101320007F000000000000F6FFFF2F00000000001B
:101330000000000000000000F2FFFFCF00000000EE
:10134000000000F7FFFF8F000000000000FDFFFF1E
:101350000800000000000000000000000000F2FF94
:10136000FFCF00000000000000F6FFFF8F0000002C
:10137000000060FFFFEF010000000000000000001F
:1013800000000000F2FFFFCF00000000000000F7A7
:10139000FFFF8F0000000000E1FFFF8F0000000052
:1013A00000000000000000000000F2FFFFCF00007E
:1013B0000000000000F7FFFF7F0000000000F7FFC3
:1013C000FF1E000000000000000000000000000000
:1013D000F1FFFFDF00000000000000F8FFFF6F00DA
:1013E00000000010FEFFFF070000000000000000EA
:1013F000000000000000E0FFFFEF00000000000020
:1014000000F9FFFF5F0000000070FFFFEF01000028
:10141000000000000000000000000000C0FFFFFF0F
:1014200001000000000000FBFFFF2F00000000E1B2
:10143000FFFF7F000000000000000000000000002F
:101440000000A0FFFFFF04000000000000FDFFFF00
:101450000F00000000F8FFFF0D000000000000007A
:10146000000000000000000070FFFFFF0700000008
:10147000000020FFFFFF0C00000010FEFFFF060031
:10148000000000000000000000000000000030FF2D
:10149000FFFF0B000000000060FFFFFF08000000DE
:1014A00090FFFFDF000000000000000000000000CF
:1014B0000000000000FDFFFF3F0000000000C0FF33
:1014C000FFFF03000000F2FFFF5F0000000000309C
:1014D000A7EDFFCE7A020000000000F7FFFFCF016A
:1014E00000000000F7FFFFCF00000000F9FFFF0D34
:1014F0000000000050FCFFFFFFFFFFBF04000000E2
:1015000000E1FFFFFF2B00000070FFFFFF5F000006
:101510000020FFFFFF0500000010FAFFFFFFFFFFA4
:10152000FFFF9F0100000060FFFFFFEF6A3485FDB1
:10153000FFFFFF0B000000A0FFFFCF00000000D264
:10154000FFFFFFFFFFFFFFFFFF1C00000000FAFF8F
:10155000FFFFFFFFFFFFFFFFDF01000000F3FFFFC2
:101560004F00000010FDFFFFFFFFFFFFFFFFFFBF69
:1015700000000000B0FFFFFFFFFFFFFFFFFF2D0097
:10158000000000FAFFFF0C00000090FFFFFFDF5992
:101590004495FEFFFFFF0700000000F8FFFFFFFF7C
:1015A000FFFFFFBF0100000030FFFFFF040000004D
:1015B000F3FFFFFF19000000B1FFFFFF2E00000046
:1015C0000030FBFFFFFFFFFFDF0500000000B0FF62
:1015D000FFBF00000000FAFFFF9F0000000000FBBB
:1015E000FFFF8F000000000020A6ECFFDE7B030061
:1015F00000000000F4FFFF3F00000020FFFFFF0D90
:101600000000000000F2FFFFEF00000000000000FB
:1016100000000000000000000000FBFFFF0A0000C7
:101620000060FFFFFF080000000000A0FFFFFF04B4
:10163000000000000000000000000000000000406A
:10164000FFFFFF03000000A0FFFFFF0300000000FA
:101650000060FFFFFF080000000000000000000025
:101660000000000000C0FFFFAF00000000E0FFFF2F
:10167000FF00000000000020FFFFFF0B0000000043
:101680000000000000000000000000F5FFFF2F0038
:10169000000000F1FFFFCF00000000000000FFFF8E
:1016A000FF0E00000000000000000000000000002D
:1016B00000FCFFFF0900000000F3FFFFBF00000077
:1016C00000000000FDFFFF1F000000000000000000
:1016D00000000000000050FFFFFF0200000000F5C6
:1016E000FFFF9F00000000000000FCFFFF2F000034
:1016F000000000000000000000000000D0FFFF9F7D
:101700000000000000F6FFFF8F0000000000000056
:10171000FBFFFF3F00000000000000000000000091
:101720000000F6FFFF2E0000000000F6FFFF8F0014
:10173000000000000000FAFFFF4F00000000000062
:101740000000000000000000FDFFFF080000000096
:1017500000F6FFFF8F00000000000000FAFFFF4FBF
:101760000000000000000000000000000060FFFF1B
:10177000EF010000000000F6FFFF8F0000000000F6
:101780000000FAFFFF4F0000000000000000000012
:10179000000000E1FFFF8F000000000000F6FFFFE7
:1017A0008F00000000000000FBFFFF3F0000000072
:1017B000000000000000000000F7FFFF1E00000016
:1017C000000000F5FFFF9F00000000000000FCFF8C
:1017D000FF2F00000000000000000000000010FECD
:1017E000FFFF07000000000000F3FFFFAF00000054
:1017F00000000000FDFFFF1F0000000000000000CF
:101800000000000080FFFFEF01000000000000F179
:10181000FFFFCF00000000000000FFFFFF0E0000F0
:1018200000000000000000000000E1FFFF6F00006A
:101830000000000000E0FFFFEF00000000000020BB
:10184000FFFFFF0B00000000000000000000000090
:10185000F8FFFF0D00000000000000A0FFFFFF03E5
:10186000000000000060FFFFFF0800000000000013
:10187000000000000010FEFFFF0600000000000056
:101880000060FFFFFF070000000000A0FFFFFF0453
:10189000000000000000000000000090FFFFDF00DB
:1018A0000000000000000020FFFFFF0D000000000E
:1018B00000F2FFFFEF000000000000000000000049
:1018C00000F2FFFF5F000000000000000000FBFFCF
:1018D000FF9F0000000000FBFFFF8F0000000000E2
:1018E00000000000000000F9FFFF0C0000000000F5
:1018F00000000000F3FFFFFF19000000B1FFFFFF31
:101900001E000000000000000000000020FFFFFF9C
:1019100005000000000000000000A0FFFFFFEF59DD
:101920004496FEFFFFFF07000000000000000000DB
:101930000000A0FFFFCF000000000000000000003A
:1019400010FDFFFFFFFFFFFFFFFFFFAF00000000E4
:101950000000000000000000F3FFFF4F0000000047
:1019600000000000000000D2FFFFFFFFFFFFFFFFAD
:10197000FF1B000000000000000000000000FAFF54
:10198000FF0C000000000000000000000010FBFF42
:10199000FFFFFFFFFFFF8F000000000000000000BE
:1019A00000000020DDDDDD0400000000000000007C
:1019B0000000000050FCFFFFFFFFFFBF030000001E
:1019C0000000000000000000000000000000000017
:1019D000000000000000000000000030B7EDFFCE66
:1019E0006A02000000000000000000001085CADD4F
:1019F000BC7A14000000000000000000000000009D
:101A0000000000000000000040FAFFFFFFFFFFFFA2
:101A10003A0000000000000000000000000000008C
:101A20000000000030FCFFFFFFFFFFFFFFFF2B0067
:101A300000000000000000000000000000000000A6
:101A400000F8FFFFFFFFFFFFFFFFFFEF05000000B3
:101A500000000000000000000000000000A0FFFFE8
:101A6000FFFFFFFFFFFFFFFFFF6F00000000000010
:101A700000000000000000000000F9FFFFFFCF267B
:101A80001152FAFFFFFFFF050000000000000000F8
:101A900000000000000060FFFFFFFF0600000030B4
:101AA000FDFFFFFF1E00000000000000000000001E
:101AB000000000E1FFFFFF4F0000000000D1FFFF2A
:101AC000FF8F000000000000000000000000000088
:101AD000F8FFFFFF06000000000030FFFFFFEF00EF
:101AE00000000000000000000000000000FEFFFFFA
:101AF000DF00000000000000FBFFFFFF040000000B
:101B000000000000000000000040FFFFFF6F000029
:101B10000000000000F6FFFFFF07000000000000CB
:101B200000000000000070FFFFFF2F000000000019
:101B30000000F3FFFFFF08000000000000000000AD
:101B400000000090FFFFFF1F00000000000000F2F7
:101B5000FFFFFF090000000000000000000000007F
:101B6000A0FFFFFF0F00000000000000F1FFFFFFDB
:101B700008000000000000000000000000A0FFFFBF
:101B8000FF1F00000000000000F2FFFFFF06000042
:101B90000000000000000000000090FFFFFF3F0079
:101BA000000000000000F4FFFFFF04000000000040
:101BB0000000000000000070FFFFFF8F0000000029
:101BC000000000F7FFFFFF01000000000000000020
:101BD0000000000040FFFFFFDF00000000000000E9
:101BE000FCFFFFBF0000000000000000000000003C
:101BF0000000FEFFFFFF07000000000030FFFFFFB6
:101C00005F0000000000000000000000000000F87D
:101C1000FFFFFF5F0000000000C0FFFFFF0C00009F
:101C2000000000000000000000000000E1FFFFFFD6
:101C3000FF0500000000F8FFFFFF030000000000A8
:101C400000000000000000000050FFFFFFFF8F00B9
:101C5000000080FFFFFF6F00000000000000000098
:101C600000000000000000F8FFFFFFFF2C0020FB39
:101C7000FFFFFF0600000000000000000000000061
:101C80000000000090FFFFFFFFFF37F9FFFFFF5E3E
:101C90000000000000000000000000000000000044
:101CA0000000F7FFFFFFFFFFFFFFFFBF0200000084
:101CB00000E5EEEEEE040000000000000000004031
:101CC000FEFFFFFFFFFFFFCF040000000000F5FF55
:101CD000FFFF0400000000000000000000D1FFFF33
:101CE000FFFFFF9F03000000000000F5FFFFFF045F
:101CF00000000000000000000030FCFFFFFFFFFFBD
:101D0000BF00000000000000F5FFFFFF040000001E
:101D1000000000000000F7FFFFFFFFFFFFFF1B00B8
:101D20000000000000F5FFFFFF04000000000000BD
:101D30000000A1FFFFFF5DFBFFFFFFBF01000000F0
:101D40000000F5FFFFFF030000000000000010FC92
:101D5000FFFFAF01B0FFFFFFFF1B0000000000F519
:101D6000FFFFFF0200000000000000C1FFFFFF08AE
:101D70000000FBFFFFFFCF0100000000F5FFFFFFA9
:101D80000100000000000000FBFFFFAF000000A00A
:101D9000FFFFFFFF1C00000000F5FFFFEF00000049
:101DA0000000000070FFFFFF0D00000000FAFFFFC1
:101DB000FFCF01000000F6FFFFBF000000000000A1
:101DC00000E2FFFFFF0400000000A0FFFFFFFF1C78
:101DD000000000F7FFFF9F00000000000000F9FF77
:101DE000FFCF000000000000FAFFFFFFCF0100005E
:101DF000F8FFFF7F00000000000010FEFFFF6F00F3
:101E0000000000000090FFFFFFFF1C0000F9FFFF33
:101E10004F00000000000070FFFFFF1F00000000E7
:101E2000000000F9FFFFFFDF0100FBFFFF1F0000C4
:101E300000000000C0FFFFFF0D00000000000000D8
:101E400090FFFFFFFF2D00FDFFFF0B0000000000D3
:101E500000F1FFFFFF0A0000000000000000F8FF93
:101E6000FFFFDF12FFFFFF07000000000000F4FF8C
:101E7000FFFF09000000000000000080FFFFFFFFDF
:101E80007DFFFFFF02000000000000F6FFFFFF08DB
:101E9000000000000000000000F8FFFFFFFFFFFF50
:101EA000BF00000000000000F7FFFFFF0800000077
:101EB00000000000000080FFFFFFFFFFFF5F000049
:101EC0000000000000F7FFFFFF0900000000000015
:101ED00000000000F7FFFFFFFFFF0D000000000003
:101EE0000000F7FFFFFF0B000000000000000000F3
:101EF0000070FFFFFFFFFF0600000000000000F67B
:101F0000FFFFFF0E0000000000000000000000F7CF
:101F1000FFFFFFFF0300000000000000F4FFFFFFD1
:101F20003F000000000000000000000060FFFFFF15
:101F3000FF3E00000000000000F2FFFFFF8F0000E6
:101F400000000000000000000000FBFFFFFFEF04A6
:101F5000000000000000E0FFFFFFEF0100000000B4
:101F600000000000000050FFFFFFFFFF4E000000D8
:101F700000000090FFFFFFFF0900000000000000CC
:101F8000000000E3FFFFFFFFFFEF04000000000080
:101F900040FFFFFFFF6F0000000000000000003066
:101FA000FEFFFFFFFFFFFF4F000000000000FCFFEF
:101FB000FFFFFF050000000000000000F6FFFFBF6C
:101FC000F5FFFFFFFF050000000000F4FFFFFFFF2B
:101FD0008F01000000000000B3FFFFFF1C50FFFF57
:101FE000FFFF5F000000000090FFFFFFFFFF7E0289
:101FF00000000010B5FFFFFFDF0200F4FFFFFFFF4E
:10200000050000000000FCFFFFFFFFFFDF8967976E
:10201000FBFFFFFFFF2D000040FFFFFFFF5F000001
:10202000000000C1FFFFFFFFFFFFFFFFFFFFFFFFFB
:10203000FFCF01000000E4FFFFFFFF0600000000EB
:1020400010FBFFFFFFFFFFFFFFFFFFFFFFFF090088
:1020500000000040FEFFFFFF6F000000000080FF57
:10206000FFFFFFFFFFFFFFFFFFFF5D00000000001D
:1020700000E4FFFFFFFF060000000000B3FFFFFFCA
:10208000FFFFFFFFFFFF8E0100000000000030FE99
:10209000FFFFFF7F000000000000A3FEFFFFFFFF27
:1020A000FFFF6C010000000000000000C3CCCCCC9E
:1020B000CC0400000000000040A8ECFFDE9B1600EE
:1020C000000000000000000000000000000000F818
:1020D000FFFFFF1FF7FFFFFF0FF6FFFFFF0DF5FFED
:1020E000FFFF0CF4FFFFFF0BF3FFFFFF0AF2FFFF00
:1020F000FF09F1FFFFFF08E0FFFFFF07D0FFFFFF31
:1021000006C0FFFFFF05B0FFFFFF03A0FFFFFF02B8
:1021100090FFFFFF0180FFFFFF0070FFFFEF0060F7
:10212000FFFFDF0040FFFFCF0030FFFFBF0020FFB9
:10213000FFAF0010FFFF9F0000FFFF7F0000BABB52
:102140005B0000000000000000FBFFFFFF6F0000CD
:102150000000000080FFFFFFFF07000000000000FC
:10216000F5FFFFFF7F00000000000030FFFFFFFFD2
:1021700008000000000000D1FFFFFFAF00000000DA
:10218000000000F9FFFFFF1C00000000000040FFFE
:10219000FFFFDF01000000000000D1FFFFFF3F0054
:1021A000000000000000F9FFFFFF07000000000032
:1021B0000030FFFFFFCF00000000000000B0FFFF75
:1021C000FF3F00000000000000F4FFFFFF080000D8
:1021D0000000000000FDFFFFEF0100000000000014
:1021E00050FFFFFF6F00000000000000C0FFFFFF76
:1021F0000D00000000000000F4FFFFFF05000000DC
:1022000000000000FBFFFFDF0000000000000020D6
:10221000FFFFFF7F0000000000000070FFFFFF1FB6
:1022200000000000000000D0FFFFFF0A00000000D7
:10223000000000F3FFFFFF0400000000000000F8B2
:10224000FFFFDF0000000000000000FDFFFF9F0017
:1022500000000000000010FFFFFF4F000000000022
:10226000000050FFFFFF0E0000000000000080FF94
:10227000FFFF0A00000000000000C0FFFFFF060093
:10228000000000000000F0FFFFFF0300000000005E
:102290000000F2FFFFEF0000000000000000F4FF6C
:1022A000FFBF0000000000000000F6FFFF9F0000DD
:1022B000000000000000F8FFFF7F000000000000A9
:1022C0000000FAFFFF5F0000000000000000FBFFBD
:1022D000FF3F0000000000000000FBFFFF2F000098
:1022E000000000000000FCFFFF1F000000000000D5
:1022F0000000FDFFFF0F0000000000000000FDFFD8
:10230000FF0F0000000000000000FEFFFF0E0000B5
:10231000000000000000FDFFFF0F000000000000B3
:102320000000FDFFFF0F0000000000000000FCFFA8
:10233000FF0F0000000000000000FBFFFF1F000077
:10234000000000000000FBFFFF3F00000000000055
:102350000000FAFFFF4F0000000000000000F8FF3F
:10236000FF5F0000000000000000F6FFFF8F00008C
:10237000000000000000F4FFFFAF000000000000BC
:102380000000F2FFFFCF0000000000000000F0FF9F
:10239000FFFF0100000000000000C0FFFFFF04007D
:1023A00000000000000080FFFFFF080000000000A8
:1023B000000050FFFFFF0D0000000000000010FFB4
:1023C000FFFF2F0000000000000000FDFFFF7F0066
:1023D00000000000000000F8FFFFBF000000000048
:1023E000000000F3FFFFFF0100000000000000D02C
:1023F000FFFFFF070000000000000070FFFFFF0D5F
:102400000000000000000020FFFFFF5F0000000050
:1024100000000000FBFFFFBF000000000000000004
:10242000F4FFFFFF0300000000000000C0FFFFFFFB
:102430000A0000000000000050FFFFFF4F000000F6
:102440000000000000FDFFFFCF00000000000000C2
:1024500000F4FFFFFF0500000000000000B0FFFFD8
:10246000FF1D0000000000000030FFFFFF9F000084
:10247000000000000000F9FFFFFF04000000000062
:102480000000D1FFFFFF1E0000000000000040FF21
:10249000FFFFAF0000000000000000F9FFFFFF0792
:1024A00000000000000000D1FFFFFF5F00000000FF
:1024B00000000030FFFFFFEF0300000000000000FD
:1024C000F6FFFFFF2E0000000000000080FFFFFF6E
:1024D000DF0200000000000000FBFFFFFF2EB0FF46
:1024E000FFFFEF020000000000000000FBFFFFFF05
:1024F0001D0000000000000000B0FFFFFFAF000063
:1025000000000000000010FCFFFFFF0700000000BB
:1025100000000000D1FFFFFF4F000000000000009E
:102520000030FEFFFFDF010000000000000000F5AA
:10253000FFFFFF09000000000000000090FFFFFF08
:102540004F000000000000000010FDFFFFDF010051
:1025500000000000000000F3FFFFFF080000000083
:102560000000000090FFFFFF2E00000000000000B0
:102570000010FEFFFF9F000000000000000000F6BA
:10258000FFFFFF030000000000000000D0FFFFFF7E
:102590000A000000000000000050FFFFFF2F0000B5
:1025A00000000000000000FDFFFF9F000000000091
:1025B00000000000F6FFFFFF010000000000000027
:1025C00000E1FFFFFF07000000000000000080FFA7
:1025D000FFFF0D000000000000000020FFFFFF3F94
:1025E000000000000000000000FBFFFF8F00000063
:1025F000000000000000F6FFFFDF00000000000008
:10260000000000F2FFFFFF030000000000000000D8
:10261000C0FFFFFF06000000000000000080FFFF79
:10262000FF0A000000000000000030FFFFFF0D0067
:102630000000000000000000FEFFFF2F000000006F
:102640000000000000FBFFFF5F0000000000000032
:102650000000F8FFFF7F000000000000000000F510
:10266000FFFF9F000000000000000000F3FFFFBF1D
:10267000000000000000000000F1FFFFDF0000008C
:10268000000000000000E0FFFFFF0000000000006D
:10269000000000D0FFFFFF0100000000000000006C
:1026A000B0FFFFFF010000000000000000A0FFFFDE
:1026B000FF020000000000000000A0FFFFFF030079
:1026C00000000000000000A0FFFFFF03000000006A
:1026D0000000000090FFFFFF040000000000000069
:1026E00000A0FFFFFF030000000000000000A0FFAB
:1026F000FFFF030000000000000000B0FFFFFF022A
:102700000000000000000000C0FFFFFF010000000B
:102710000000000000D0FFFFFF01000000000000EB
:102720000000E0FFFFFF000000000000000000F1DB
:10273000FFFFDF000000000000000000F4FFFFBF0B
:10274000000000000000000000F6FFFF9F000000F6
:10275000000000000000F9FFFF7F00000000000003
:10276000000000FCFFFF5F00000000000000001000
:10277000FFFFFF2F000000000000000050FFFFFFE0
:102780000D000000000000000090FFFFFF0A0000A5
:10279000000000000000E0FFFFFF06000000000056
:1027A000000000F4FFFFFF03000000000000000035
:1027B000F8FFFFDF000000000000000000FDFFFF49
:1027C0008F000000000000000050FFFFFF3F0000EE
:1027D000000000000000B0FFFFFF0D00000000003F
:1027E000000000F2FFFFFF070000000000000000F3
:1027F000F9FFFFFF010000000000000010FEFFFFD6
:102800009F000000000000000090FFFFFF2F00006D
:10281000000000000000F2FFFFFF0A0000000000BF
:10282000000000FAFFFFFF0300000000000000307E
:10283000FFFFFF9F0000000000000000C0FFFFFF3F
:102840002E0000000000000000F8FFFFFF0800005D
:10285000000000000030FFFFFFDF0100000000006B
:102860000000D1FFFFFF4F0000000000000000FA51
:10287000FFFFFF090000000000000070FFFFFFDF06
:102880000100000000000000F5FFFFFF4F00000006
:102890000000000030FEFFFFFF0700000000000006
:1028A00000E3FFFFFFAF0000000000000030FEFF6C
:1028B000FFFF1D00000000000000E2FFFFFFEF022D
:1028C000000000000000000000000000000000F018
:1028D000FFFF0000000000000000000000000000FA
:1028E000000000F0FFFF00000000000000000000FA
:1028F00000000000000000F0FFEF000000000000FA
:102900000000000000000000000000F0FFEF0000E9
:10291000000000000000000000000000000000E0D7
:10292000FFEF0000000000000000000010000000A9
:10293000000000E0FFEF00000000000010000000B9
:10294000E6060000000000E0FFDF000000000000DD
:10295000E6050010FECF0400000000E0FFDF0000ED
:10296000000000C3FF1D0090FFFFAF02000000D079
:10297000FFDF00000000A2FFFF8F00F3FFFFFF7EDC
:10298000000000D0FFCF00000070FEFFFFEF0281CB
:10299000FFFFFFFF4D0000D0FFCF000040FDFFFF15
:1029A000FF9F0100A2FFFFFFFF2B00D0FFCF002001
:1029B000FBFFFFFFAF02000000B3FFFFFFFF18C0E7
:1029C000FFBF10F8FFFFFFBF030000000000C4FFBF
:1029D000FFFFDFC5FFBFE6FFFFFFCF0400000000E1
:1029E000000000D6FFFFFFFFFFFFFFFFFFDF060035
:1029F0000000000000000010E7FFFFFFFFFFFFFFE7
:102A0000EF070000000000000000000010F9FFFFC9
:102A1000FFFFFFEF180000000000000000000000B2
:102A20000020FAFFFFFFFF29000000000000000067
:102A3000000000000000E5FFFFFFEF0600000000BF
:102A4000000000000000000000C4FFFFFFFFFFCFF8
:102A5000040000000000000000000000B3FFFFFFC2
:102A6000FFFFFFFFBF030000000000000000009216
:102A7000FFFFFFFFFFFFFFFFFFAF020000000000AE
:102A8000000081FEFFFFFFD9FFDFF9FFFFFF8F018D
:102A9000000000000060FEFFFFFF3CD0FFCF30FCD5
:102AA000FFFFFF7E0000000050FDFFFFFF6E00D023
:102AB000FFCF0060FEFFFFFF5D000040FCFFFFFF57
:102AC0009F0100D0FFDF000091FFFFFFFF4C00F4EB
:102AD000FFFFFFBF030000D0FFDF000000B3FFFFD8
:102AE000FFFF03B0FFFFEF05000000E0FFDF000085
:102AF0000000D5FFFFAF0030FFFF1800000000E02E
:102B0000FFDF0000000010F8FF2F0000F92B00008D
:102B1000000000E0FFEF000000000020FB080000C4
:102B200051000000000000E0FFEF00000000000086
:102B30004001000000000000000000F0FFEF000076
:102B4000000000000000000000000000000000F095
:102B5000FFEF000000000000000000000000000087
:102B6000000000F0FFFF0000000000000000000077
:102B700000000000000000F0FFFF00000000000067
:102B80000000000000000000000000F0FFFF000057
:102B900000000000000000000000000000000050E5
:102BA000555500000000000000000000000000007B
:102BB000000000000080FFFFFF0000000000000098
:102BC000000000000000000000000000000080FF86
:102BD000FFFF0000000000000000000000000000F7
:102BE0000000000000000080FFFFFF000000000068
:102BF00000000000000000000000000000000000D5
:102C000080FFFFFF00000000000000000000000047
:102C100000000000000000000080FFFFFF00000037
:102C200000000000000000000000000000000000A4
:102C3000000080FFFFFF0000000000000000000017
:102C4000000000000000000000000080FFFFFF0007
:102C50000000000000000000000000000000000074
:102C60000000000080FFFFFF0000000000000000E7
:102C70000000000000000000000000000080FFFFD6
:102C8000FF00000000000000000000000000000045
:102C900000000000000080FFFFFF000000000000B7
:102CA00000000000000000000000000000000080A4
:102CB000FFFFFF0000000000000000000000000017
:102CC000000000000000000080FFFFFF0000000087
:102CD00000000000000000000000000000000000F4
:102CE0000080FFFFFF000000000000000000000067
:102CF0000000000000000000000080FFFFFF000057
:102D000000000000000000000000000000000000C3
:102D100000000080FFFFFF00000000000000000036
:102D200000000000000000000000000080FFFFFF26
:102D30000000000000000000000000000000000093
:102D4000000000000080FFFFFF0000000000000006
:102D5000000000000000000000000000000080FFF4
:102D6000FFFF000000000000000000000000000065
:102D70000000000000000080FFFFFF0000000000D6
:102D80000000000000000000000000000000000043
:102D900080FFFFFF000000000000000000000000B6
:102DA00000000000000000000080FFFFFF000000A6
:102DB00000000000000000004344444444444444F4
:102DC0004444A4FFFFFF4444444444444444444432
:102DD00014FCFFFFFFFFFFFFFFFFFFFFFFFFFFFFF1
:102DE000FFFFFFFFFFFFFFFFFF4FFCFFFFFFFFFFA6
:102DF000FFFFFFFFFFFFFFFFFFFFFFFFFFFFFFFFE3
:102E0000FFFF4FFCFFFFFFFFFFFFFFFFFFFFFFFF85
:102E1000FFFFFFFFFFFFFFFFFFFFFF4FFCFFFFFF75
:102E2000FFFFFFFFFFFFFFFFFFFFFFFFFFFFFFFFB2
:102E3000FFFFFFFF4FFCFFFFFFFFFFFFFFFFFFFF55
:102E4000FFFFFFFFFFFFFFFFFFFFFFFFFF4FFCFF45
:102E5000FFFFFFFFFFFFFFFFFFFFFFFFFFFFFFFF82
:102E6000FFFFFFFFFFFF4F00000000000000000019
:102E70000080FFFFFF0000000000000000000000D5
:102E80000000000000000000000080FFFFFF0000C5
:102E90000000000000000000000000000000000032
:102EA00000000080FFFFFF000000000000000000A5
:102EB00000000000000000000000000080FFFFFF95
:102EC0000000000000000000000000000000000002
:102ED000000000000080FFFFFF0000000000000075
:102EE000000000000000000000000000000080FF63
:102EF000FFFF0000000000000000000000000000D4
:102F00000000000000000080FFFFFF000000000044
:102F100000000000000000000000000000000000B1
:102F200080FFFFFF00000000000000000000000024
:102F300000000000000000000080FFFFFF00000014
:102F40000000000000000000000000000000000081
:102F5000000080FFFFFF00000000000000000000F4
:102F6000000000000000000000000080FFFFFF00E4
:102F70000000000000000000000000000000000051
:102F80000000000080FFFFFF0000000000000000C4
:102F90000000000000000000000000000080FFFFB3
:102FA000FF00000000000000000000000000000022
:102FB00000000000000080FFFFFF00000000000094
:102FC0000000000000000000000000000000008081
:102FD000FFFFFF00000000000000000000000000F4
:102FE000000000000000000080FFFFFF0000000064
:102FF00000000000000000000000000000000000D1
:103000000080FFFFFF000000000000000000000043
:103010000000000000000000000080FFFFFF000033
:1030200000000000000000000000000000000000A0
:1030300000000080FFFFFF00000000000000000013
:1030400000000000000000000000000080FFFFFF03
:103050000000000000000000000000000000000070
:10306000000000000080FFFFFF00000000000000E3
:1030700000000000000000408888888838000000B8
:10308000B0FFFFFFFF1E000000E0FFFFFFFF090091
:103090000000F4FFFFFFFF03000000F8FFFFFFBF89
:1030A00000000000FCFFFFFF5F00000010FFFFFFBB
:1030B000FF0D00000050FFFFFFFF0700000090FF22
:1030C000FFFFEF01000000D0FFFFFF9F00000000A6
:1030D000F2FFFFFF2F00000000F6FFFFFF0B0000D4
:1030E0000000FAFFFFFF0400000000FEFFFFDF000A
:1030F00000000030FFFFFF6F0000000070FFFFFFC7
:103100001E00000000B0FFFFFF0800000000E0FF0D
:10311000FFFF0200000000F4FFFFAF00000000000E
:10312000F8FFFF4F0000000000FCFFFF0C00000054
:103130000010FFFFFF060000000050FFFFEF01003E
:1031400000000090FFFF8F0000000000D0FFFF2F65
:103150000000000000F2FFFF0A0000000000111153
:103160001111111111111111111100FFFFFFFFFFBA
:10317000FFFFFFFFFFFFFF05FFFFFFFFFFFFFFFF59
:10318000FFFFFFFF05FFFFFFFFFFFFFFFFFFFFFF49
:10319000FF05FFFFFFFFFFFFFFFFFFFFFFFF05FF33
:1031A000FFFFFFFFFFFFFFFFFFFFFF05FFFFFFFF29
:1031B000FFFFFFFFFFFFFFFF05FFFFFFFFFFFFFF19
:1031C000FFFFFFFFFF05303333333301F2FFFFFF13
:1031D000FF03F2FFFFFFFF03F2FFFFFFFF03F2FF1A
:1031E000FFFFFF03F2FFFFFFFF03F2FFFFFFFF03FD
:1031F000F2FFFFFFFF03F2FFFFFFFF03F2FFFFFFFE
:10320000FF03F2FFFFFFFF03F2FFFFFFFF030000DA
:10321000000000000000000000000000F7FFFF6F4A
:103220000000000000000000000000000000FDFFA2
:10323000FF1E000000000000000000000000004031
:10324000FFFFFF0A00000000000000000000000077
:103250000090FFFFFF0400000000000000000000DD
:10326000000000E1FFFFDF000000000000000000A0
:103270000000000000F6FFFF7F00000000000000DB
:1032800000000000000000FCFFFF2F000000000015
:10329000000000000000000020FFFFFF0B00000006
:1032A0000000000000000000000080FFFFFF05009C
:1032B000000000000000000000000000D0FFFFEF51
:1032C0000000000000000000000000000000F4FF0B
:1032D000FF8F000000000000000000000000000060
:1032E000FAFFFF3F000000000000000000000000A7
:1032F0000010FFFFFF0C00000000000000000000B5
:1033000000000070FFFFFF0600000000000000004A
:103310000000000000C0FFFFFF01000000000000EF
:1033200000000000000000F3FFFFAF0000000000FD
:10333000000000000000000000F9FFFF4F00000047
:103340000000000000000000000000FEFFFF0D0074
:1033500000000000000000000000000050FFFFFF20
:103360000700000000000000000000000000B0FFA7
:10337000FFFF02000000000000000000000000004D
:10338000F2FFFFBF0000000000000000000000008E
:103390000000F7FFFF5F00000000000000000000D9
:1033A00000000000FDFFFF0E000000000000000014
:1033B000000000000040FFFFFF09000000000000C7
:1033C00000000000000000A0FFFFFF03000000005D
:1033D000000000000000000000E1FFFFCF0000003F
:1033E0000000000000000000000000F6FFFF6F007A
:1033F00000000000000000000000000000FCFFFFD3
:103400001F0000000000000000000000000030FF6E
:10341000FFFF0A00000000000000000000000000A4
:1034200080FFFFFF0400000000000000000000001B
:103430000000E0FFFFDF00000000000000000000CF
:1034400000000000F5FFFF8F0000000000000000FA
:10345000000000000000FBFFFF2F00000000000044
:103460000000000000000010FFFFFF0B0000000044
:1034700000000000000000000070FFFFFF050000DA
:103480000000000000000000000000D0FFFFEF017E
:1034900000000000000000000000000000F3FFFF3B
:1034A0009F0000000000000000000000000000F984
:1034B000FFFF3F00000000000000000000000000CF
:1034C00010FEFFFF0C0000000000000000000000E4
:1034D000000060FFFFFF0700000000000000000088
:1034E00000000000B0FFFFFF01000000000000002E
:1034F000000000000000F2FFFFAF0000000000002D
:103500000000000000000000F8FFFF4F0000000076
:1035100000000000000000000000FDFFFF0D0000A3
:10352000000000000000000000000040FFFFFF0856
:1035300000000000000000000000000000A0FFFFED
:10354000FF0200000000000000000000000000F189
:10355000FFFFBF00000000000000000000000000AE
:1035600000F6FFFF6F0000000000000000000000F8
:10357000000000FCFFFF1E00000000000000000033
:103580000000000030FFFFFF090000000000000005
:1035900000000000000090FFFFFF0300000000009B
:1035A0000000000000000000E0FFFFDF000000005E
:1035B00000000000000000000000F5FFFF7F000099
:1035C000000000000000000000000000FBFFFF1FE3
:1035D0000000000000000000000000000020FFFFCD
:1035E000FF0A000000000000000000000000007062
:1035F000FFFFFF05000000000000000000000000C9
:1036000000D0FFFFEF0000000000000000000000FD
:10361000000000F4FFFF8F00000000000000000029
:103620000000000000FAFFFF2F0000000000000073
:1036300000000000000010FEFFFF0C000000000072
:10364000000000000000000060FFFFFF0600000017
:1036500000000000000000000000C0FFFFEF0100BC
:10366000000000000000000000000000F2FFFF9FCB
:103670000000000000000000000000000000F8FF53
:10368000FF4F0000000000000000000000000000EC
:10369000FEFFFF0D00000000000000000000000021
:1036A0000050FFFFFF0700000000000000000000C6
:1036B000000000A0FFFFFF0100000000000000006C
:1036C0000000000000F1FFFFBF000000000000004C
:1036D00000000000000000F7FFFF5F000000000096
:1036E000000000000000000000FDFFFF0E000000D1
:1036F0000000000000000000000030FFFFFF080095
:1037000000000000000000000000000090FFFFFF2C
:103710000300000000000000000000000000E1FFC6
:10372000FFCF0000000000000000000000000000CB
:103730000000000000000073CAEEEFCE7A03000024
:103740000000000000000000000020E8FFFFFFFF75
:10375000FFFFEF280000000000000000000010F84C
:10376000FFFFFFFFFFFFFFFFFF180000000000004A
:10377000000000D3FFFFFFFFFFFFFFFFFFFFDF039E
:103780000000000000000040FFFFFFFFFFFFFFFF01
:10379000FFFFFFFF4E00000000000000F4FFFFFFEE
:1037A000FFFFFFFFFFFFFFFFFFEF03000000000030
:1037B00020FEFFFFFFFFCF8987C9FFFFFFFFFF1D2F
:1037C0000000000000B0FFFFFFFF7E01000000715D
:1037D000FEFFFFFFAF0000000000F5FFFFFFAF019D
:1037E0000000000000B1FFFFFFFF0400000000FD2B
:1037F000FFFFFF0A00000000000000FBFFFFFF0CBE
:1038000000000060FFFFFFCF00000000000000008C
:10381000D1FFFFFF4F000000C0FFFFFF3F0000008F
:10382000000000000040FFFFFFBF000000F2FFFFAC
:10383000FF0A000000000000000000FCFFFFFF0185
:103840000000F8FFFFFF040000000000000000007F
:10385000F5FFFFFF060000FCFFFFEF000000000087
:103860000000000000E0FFFFFF0B0010FFFFFF9FC4
:1038700000000000000000000000A0FFFFFF0E009D
:1038800050FFFFFF6F00000000000000000000700C
:10389000FFFFFF4F0080FFFFFF3F00000000000020
:1038A0000000000030FFFFFF7F00A0FFFFFF0F00C0
:1038B00000000000000000000010FFFFFFAF00D07C
:1038C000FFFFFF0D0000000000000000000000FEF0
:1038D000FFFFCF00F0FFFFFF0B0000000000000023
:1038E00000000000FCFFFFEF00F2FFFFFF0A0000F6
:1038F000000000000000000000FBFFFFFF01F4FFDC
:10390000FFFF090000000000000000000000F9FFB8
:10391000FFFF03F5FFFFFF080000000000000000AC
:10392000000000F8FFFFFF04F6FFFFFF07000000A4
:103930000000000000000000F7FFFFFF05F7FFFF99
:10394000FF060000000000000000000000F7FFFF7D
:10395000FF06F8FFFFFF0600000000000000000067
:103960000000F6FFFFFF07F9FFFFFF050000000062
:1039700000000000000000F6FFFFFF08F9FFFFFF56
:10398000050000000000000000000000F6FFFFFF3F
:1039900008F9FFFFFF050000000000000000000024
:1039A00000F5FFFFFF09FAFFFFFF04000000000021
:1039B000000000000000F5FFFFFF09F9FFFFFF0412
:1039C0000000000000000000000000F5FFFFFF09FC
:1039D000F9FFFFFF040000000000000000000000ED
:1039E000F6FFFFFF08F9FFFFFF05000000000000E1
:1039F0000000000000F6FFFFFF08F8FFFFFF0500D2
:103A000000000000000000000000F6FFFFFF07F7C5
:103A1000FFFFFF050000000000000000000000F7AD
:103A2000FFFFFF07F6FFFFFF060000000000000099
:103A300000000000F7FFFFFF06F5FFFFFF07000093
:103A4000000000000000000000F8FFFFFF05F4FF89
:103A5000FFFF080000000000000000000000F9FF68
:103A6000FFFF03F2FFFFFF0900000000000000005D
:103A7000000000FBFFFFFF01F0FFFFFF0A00000056
:103A80000000000000000000FCFFFFFF00D0FFFF6F
:103A9000FF0C0000000000000000000000FEFFFF1F
:103AA000CF00B0FFFFFF0F0000000000000000008B
:103AB0000010FFFFFFAF0080FFFFFF3F000000008E
:103AC00000000000000040FFFFFF7F0050FFFFFFED
:103AD0005F0000000000000000000070FFFFFF4FCB
:103AE0000010FFFFFFAF000000000000000000001A
:103AF000B0FFFFFF1F0000FCFFFFEF000000000011
:103B00000000000000F1FFFFFF0C0000F8FFFFFFC6
:103B100005000000000000000000F6FFFFFF0700A6
:103B200000F3FFFFFF0A000000000000000000FC9F
:103B3000FFFFFF020000C0FFFFFF3F00000000008A
:103B400000000040FFFFFFCF00000060FFFFFFCF3D
:103B50000000000000000000D1FFFFFF5F00000038
:103B600010FEFFFFFF0900000000000000FAFFFF49
:103B7000FF0D00000000F6FFFFFFAF010000000096
:103B800000B1FFFFFFFF0500000000C0FFFFFFFFC7
:103B90006D0100000071FEFFFFFFBF00000000008C
:103BA00020FEFFFFFFFFCF8987C9FFFFFFFFFF2E2A
:103BB000000000000000F5FFFFFFFFFFFFFFFFFF19
:103BC000FFFFFFFF0400000000000050FFFFFFFFA9
:103BD000FFFFFFFFFFFFFFFF4E000000000000009F
:103BE00000E4FFFFFFFFFFFFFFFFFFFFDF03000019
:103BF00000000000000010F9FFFFFFFFFFFFFFFFC4
:103C0000FF180000000000000000000020E9FFFF96
:103C1000FFFFFFFFEF280000000000000000000091
:103C200000000084CAEEEFCE7A030000000000001E
:103C300000000000000000008588880400000000EB
:103C4000000000000000000000FAFFFF0700000075
:103C500000000000000000000000FDFFFF07000062
:103C60000000000000000000000030FFFFFF070020
:103C70000000000000000000000000B0FFFFFF0790
:103C8000000000000000000000000000F9FFFFFF3E
:103C9000070000000000000000000000B1FFFFFF6F
:103CA000FF070000000000000000000083FEFFFF8F
:103CB000FFFF070000000000005176A8ECFFFFFFA7
:103CC000FFFFFF07000000000000F2FFFFFFFFFF03
:103CD000FFFFFFFF07000000000000F2FFFFFFFFF3
:103CE000FFFFFFFFFF07000000000000F2FFFFFFE3
:103CF000FFFFFFFFFFFF07000000000000F2FFFFD3
:103D0000FFFFFFFFFFFFFF07000000000000F2FFC2
:103D1000FFFFFFFFFFFFFFFF0700000000000000A4
:103D20000000000000F0FFFFFF070000000000009F
:103D3000000000000000F0FFFFFF0700000000008F
:103D400000000000000000F0FFFFFF07000000007F
:103D50000000000000000000F0FFFFFF070000006F
:103D6000000000000000000000F0FFFFFF0700005F
:103D700000000000000000000000F0FFFFFF07004F
:103D80000000000000000000000000F0FFFFFF073F
:103D9000000000000000000000000000F0FFFFFF36
:103DA00007000000000000000000000000F0FFFF1E
:103DB000FF07000000000000000000000000F0FF0E
:103DC000FFFF07000000000000000000000000F0FE
:103DD000FFFFFF07000000000000000000000000DF
:103DE000F0FFFFFF070000000000000000000000DF
:103DF00000F0FFFFFF0700000000000000000000CF
:103E00000000F0FFFFFF07000000000000000000BE
:103E1000000000F0FFFFFF070000000000000000AE
:103E200000000000F0FFFFFF07000000000000009E
:103E30000000000000F0FFFFFF070000000000008E
:103E4000000000000000F0FFFFFF0700000000007E
:103E500000000000000000F0FFFFFF07000000006E
:103E60000000000000000000F0FFFFFF070000005E
:103E7000000000000000000000F0FFFFFF0700004E
:103E800000000000000000000000F0FFFFFF07003E
:103E90000000000000000000000000F0FFFFFF072E
:103EA000000000000000000000000000F0FFFFFF25
:103EB00007000000000000000000000000F0FFFF0D
:103EC000FF07000000000000000000000000F0FFFD
:103ED000FFFF07000000000000000000000000F0ED
:103EE000FFFFFF07000000000000000000000000CE
:103EF000F0FFFFFF070000000000000000000000CE
:103F000000F0FFFFFF0700000000000000000000BD
:103F10000000F0FFFFFF07000000000000000000AD
:103F2000000000F0FFFFFF0700000000000000009D
:103F300000000000F0FFFFFF07000000000000008D
:103F40000000000000F0FFFFFF070000000000007D
:103F5000000000000000F0FFFFFF0700000000006D
:103F600000000000000000F0FFFFFF07000000005D
:103F70000000000000000000F0FFFFFF070000004D
:103F8000000000000000000000F0FFFFFF0700003D
:103F900000000000000000000000F0FFFFFF07002D
:103FA0000000000000000000000000F0FFFFFF071D
:103FB000000000000000E2EEEEEEEEEEFEFFFFFF7E
:103FC000EFEEEEEEEEEE05F2FFFFFFFFFFFFFFFF6D
:103FD000FFFFFFFFFFFFFF05F2FFFFFFFFFFFFFFF8
:103FE000FFFFFFFFFFFFFFFF05F2FFFFFFFFFFFFE8
:103FF000FFFFFFFFFFFFFFFFFF05F2FFFFFFFFFFD8
:10400000FFFFFFFFFFFFFFFFFFFF05F2FFFFFFFFC7
:10401000FFFFFFFFFFFFFFFFFFFFFF0500000000A6
:10402000002075A9BBBC9A570200000000000000E8
:1040300000000030B7FEFFFFFFFFFFFFDF3800008A
:1040400000000000000094FEFFFFFFFFFFFFFFFFE6
:10405000FFFF4B000000000010D7FFFFFFFFFFFF36
:10406000FFFFFFFFFFFFFF190000000040FFFFFF01
:10407000FFFFFFFFFFFFFFFFFFFFFFDF020000006A
:1040800040FFFFFFFFFFFFFFFFFFFFFFFFFFFFFFFF
:104090003E00000040FFFFFFFFFFFFFFFFFFFFFFAD
:1040A000FFFFFFFFDF01000040FFFFFFFFEF7A246B
:1040B000012163E9FFFFFFFFFF0B000040FFFFFF4F
:1040C0008D03000000000010E6FFFFFFFF5F00000F
:1040D00040FFFF4A000000000000000020FCFFFF3E
:1040E000FFCF000040FF3B00000000000000000088
:1040F00000C1FFFFFFFF0300404D00000000000073
:10410000000000000030FFFFFFFF0800000000007B
:1041100000000000000000000000F9FFFFFF0C009D
:104120000000000000000000000000000000F4FF9C
:10413000FFFF0F0000000000000000000000000072
:104140000000F0FFFFFF2F00000000000000000053
:10415000000000000000D0FFFFFF2F000000000063
:1041600000000000000000000000C0FFFFFF3F0053
:104170000000000000000000000000000000C0FF80
:10418000FFFF2F0000000000000000000000000002
:104190000000D0FFFFFF1F00000000000000000033
:1041A000000000000000F0FFFFFF0F000000000013
:1041B00000000000000000000000F4FFFFFF0C0002
:1041C0000000000000000000000000000000F7FFF9
:1041D000FFFF0900000000000000000000000000D8
:1041E0000000FCFFFFFF05000000000000000000D1
:1041F000000000000030FFFFFFFF01000000000092
:10420000000000000000000000B0FFFFFFAF000052
:1042100000000000000000000000000000F4FFFFAC
:10422000FF4F000000000000000000000000000040
:1042300000FDFFFFFF0B0000000000000000000079
:104240000000000090FFFFFFFF03000000000000DF
:104250000000000000000000F5FFFFFF9F000000CD
:10426000000000000000000000000030FEFFFFFF23
:104270001D0000000000000000000000000000D24F
:10428000FFFFFFFF0300000000000000000000002F
:10429000000010FCFFFFFF6F0000000000000000A6
:1042A000000000000000B0FFFFFFFF090000000059
:1042B00000000000000000000000FAFFFFFFBF0048
:1042C00000000000000000000000000000A0FFFF50
:1042D000FFFF1C00000000000000000000000000C4
:1042E00000FAFFFFFFCF0100000000000000000007
:1042F0000000000090FFFFFFFF1D00000000000015
:104300000000000000000000FAFFFFFFDF010000D6
:104310000000000000000000000000A0FFFFFFFF01
:104320001C0000000000000000000000000010FB66
:10433000FFFFFFCF010000000000000000000000B0
:104340000000B1FFFFFFFF1C0000000000000000A4
:10435000000000000010FCFFFFFFBF010000000094
:10436000000000000000000000D2FFFFFFFF0A0075
:1043700000000000000000000000000030FEFFFF11
:10438000FF9F00000000000000000000000000008F
:10439000E4FFFFFFFF070000000000000000000036
:1043A00000000060FFFFFFFF6F0000000000000042
:1043B00000000000000000F8FFFFFFEF0400000015
:1043C00000000000000000000000A1FFFFFFFF3E12
:1043D0000000000000000000000000000010FCFFD2
:1043E000FFFFCF02000000000000000000000000FE
:1043F00000D2FFFFFFFF1B000000000000000000D4
:104400000000000040FEFFFFFF9F000000000000D2
:104410000000000000000000F5FFFFFFFF070000A4
:10442000000000000000000000000000FBFFFFFF94
:104430005F0000000000000000000000000000001D
:10444000FBFFFFFFBDBBBBBBBBBBBBBBBBBBBBBBAE
:10445000BBBBBB7BFBFFFFFFFFFFFFFFFFFFFFFFC0
:10446000FFFFFFFFFFFFFFAFFBFFFFFFFFFFFFFFB0
:10447000FFFFFFFFFFFFFFFFFFFFFFAFFBFFFFFFA0
:10448000FFFFFFFFFFFFFFFFFFFFFFFFFFFFFFAF8C
:10449000FBFFFFFFFFFFFFFFFFFFFFFFFFFFFFFF30
:1044A000FFFFFFAFFBFFFFFFFFFFFFFFFFFFFFFF70
:1044B000FFFFFFFFFFFFFFAFFBFFFFFFFFFFFFFF60
:1044C000FFFFFFFFFFFFFFFFFFFFFFAF0000000048
:1044D00000106398BBBCAB79250000000000000011
:1044E0000000001095FCFFFFFFFFFFFFFF8D0300A2
:1044F00000000000000061FBFFFFFFFFFFFFFFFF68
:10450000FFFFCF040000000000A3FFFFFFFFFFFF3D
:10451000FFFFFFFFFFFFFFBF0200000000FCFFFFE7
:10452000FFFFFFFFFFFFFFFFFFFFFFFF4E00000049
:1045300000FCFFFFFFFFFFFFFFFFFFFFFFFFFFFF8D
:10454000FF04000000FCFFFFFFFFFFFFFFFFFFFF76
:10455000FFFFFFFFFF3E000000FCFFFFFFFF8C3569
:1045600011103196FEFFFFFFFFCF000000FCFFFFA0
:10457000AF1500000000000060FDFFFFFFFF060018
:1045800000FCFF7E010000000000000000B1FFFF02
:10459000FFFF0C0000FC7E00000000000000000097
:1045A0000010FDFFFFFF2F00009C01000000000035
:1045B000000000000000F3FFFFFF5F0000010000AB
:1045C00000000000000000000000C0FFFFFF8F009F
:1045D000000000000000000000000000000070FF6C
:1045E000FFFF9F000000000000000000000000002E
:1045F000000060FFFFFF9F000000000000000000BF
:1046000000000000000050FFFFFF8F0000000000CE
:104610000000000000000000000060FFFFFF7F00BE
:10462000000000000000000000000000000080FF0B
:10463000FFFF3F000000000000000000000000003D
:104640000000D0FFFFFF0E0000000000000000008F
:10465000000000000000F4FFFFFF07000000000062
:1046600000000000000000000010FDFFFFEF01004F
:1046700000000000000000000000000000A0FFFF9C
:10468000FF5F0000000000000000000000000000CC
:1046900020FCFFFFFF0800000000000000000000F9
:1046A00000000020F8FFFFFF8F0000000000000066
:1046B00000000000103185FCFFFFFFFF0700000035
:1046C00000000000000000FFFFFFFFFFFFFFFF3CB6
:1046D0000000000000000000000000FFFFFFFFFFDF
:1046E000FFFF5C000000000000000000000000FF71
:1046F000FFFFFFFFFF1700000000000000000000A8
:10470000000000FFFFFFFFFFFFAE160000000000EB
:1047100000000000000000FFFFFFFFFFFFFFEF2A87
:104720000000000000000000000000FFFFFFFFFF8E
:10473000FFFFFFFF1A0000000000000000000088DB
:104740008898CAFEFFFFFFFFDF04000000000000A2
:104750000000000000000020B6FFFFFFFF3E000049
:1047600000000000000000000000000000D4FFFF77
:10477000FFEF020000000000000000000000000049
:104780000010FCFFFFFF0B00000000000000000015
:10479000000000000000E1FFFFFF5F0000000000DC
:1047A0000000000000000000000050FFFFFFCF00ED
:1047B000000000000000000000000000000000FDFC
:1047C000FFFFFF03000000000000000000000000E9
:1047D000000000F8FFFFFF060000000000000000DE
:1047E00000000000000000F5FFFFFF0900000000CE
:1047F0000000000000000000000000F3FFFFFF0BBE
:10480000000000000000000000000000000000F2B6
:10481000FFFFFF0C0000000000000000000000008F
:10482000000000F2FFFFFF0C00000000000000008D
:1048300000000000000000F3FFFFFF0C000000007C
:104840000000000000000000000000F5FFFFFF0B6B
:10485000000000000000000000000000000000F761
:10486000FFFFFF0900000000000000000000000042
:10487000000000FBFFFFFF07000000000000000039
:1048800000000000000030FFFFFFFF0300000000F9
:1048900000000000000000000000B0FFFFFFDF008C
:1048A0009601000000000000000000000000F6FF7C
:1048B000FFFF8F00F77E01000000000000000000F5
:1048C0000040FFFFFFFF2F00F7FF8E0200000000F7
:1048D0000000000000E5FFFFFFFF0900F7FFFFBF3A
:1048E0001600000000000000B3FFFFFFFFEF010013
:1048F000F7FFFFFFFF8C2500000041C8FFFFFFFF0F
:10490000FF4F0000F7FFFFFFFFFFFFDFCCEDFFFFD2
:10491000FFFFFFFFFF060000F7FFFFFFFFFFFFFFA6
:10492000FFFFFFFFFFFFFFFF7F000000F7FFFFFF1C
:10493000FFFFFFFFFFFFFFFFFFFFFFFF050000007E
:10494000B3FFFFFFFFFFFFFFFFFFFFFFFFFFFF2C96
:10495000000000000072FCFFFFFFFFFFFFFFFFFFF2
:10496000FFFF6D0000000000000020A6FEFFFFFF1B
:10497000FFFFFFFFEF4A0000000000000000000002
:104980002075BAEDFFEFCD7A0400000000000000B2
:10499000000000000000000000000000000055556D
:1049A000552500000000000000000000000000008D
:1049B00000000090FFFFFF5F00000000000000000B
:1049C000000000000000000000F7FFFFFF5F000094
:1049D000000000000000000000000000000050FF88
:1049E000FFFFFF5F0000000000000000000000006B
:1049F00000000000E3FFFFFFFF5F00000000000079
:104A000000000000000000000020FEFFFFFFFF5F2D
:104A1000000000000000000000000000000000C1D5
:104A2000FFFFFFFFFF5F000000000000000000002C
:104A30000000000000FBFFFFFFFFFF5F0000000021
:104A40000000000000000000000090FFFFFFFFFFDB
:104A5000FF5F0000000000000000000000000000F8
:104A6000F7FFFFFFFFFFFF5F0000000000000000F6
:104A7000000000000050FFFFFF7FFFFFFF5F00000E
:104A80000000000000000000000000F3FFFFFF270F
:104A9000FFFFFF5F000000000000000000000000BA
:104AA00020FEFFFF9F20FFFFFF5F000000000000CF
:104AB000000000000000D1FFFFFF0B20FFFFFF5FA1
:104AC000000000000000000000000000FBFFFFCF1E
:104AD0000120FFFFFF5F0000000000000000000059
:104AE00000A0FFFFFF2E0020FFFFFF5F000000007F
:104AF00000000000000000F8FFFFEF030020FFFFB0
:104B0000FF5F0000000000000000000060FFFFFFEA
:104B10005F000020FFFFFF5F0000000000000000BA
:104B20000000F4FFFFFF06000020FFFFFF5F000012
:104B30000000000000000020FEFFFF8F00000020AA
:104B4000FFFFFF5F000000000000000000D1FFFF3A
:104B5000FF0A00000020FFFFFF5F000000000000D0
:104B6000000010FCFFFFCF0100000020FFFFFF5FEF
:104B70000000000000000000A0FFFFFF1D0000007B
:104B80000020FFFFFF5F0000000000000000F8FFB2
:104B9000FFEF030000000020FFFFFF5F00000000A8
:104BA00000000060FFFFFF4F000000000020FFFF3B
:104BB000FF5F00000000000000F4FFFFFF060000A0
:104BC00000000020FFFFFF5F00000000000030FE3B
:104BD000FFFF8F00000000000020FFFFFF5F0000CC
:104BE00000000000D2FFFFFF0A00000000000020CC
:104BF000FFFFFF5F000000000010FCFFFFCF000080
:104C0000000000000020FFFFFF5F0000000000B078
:104C1000FFFFFF1D0000000000000020FFFFFF5FFE
:104C20000000000000F9FFFFEF020000000000009C
:104C30000020FFFFFF5F0000000070FFFFFF4F003C
:104C40000000000000000020FFFFFF5F00000000E8
:104C5000F5FFFFFF05000000000000000020FFFF3F
:104C6000FF5F00000000FEFFFF7F0000000000006B
:104C700000000020FFFFFF5F00000000FFFFFF09B2
:104C800000000000000000000020FFFFFF5F0000A8
:104C90000000FFFFBF000000000000000000002037
:104CA000FFFFFF5F00000000FFFFFFFFFFFFFFFFB0
:104CB000FFFFFFFFFFFFFFFFFFFFFFFFFFFFFFFF04
:104CC000FFFFFFFFFFFFFFFFFFFFFFFFFFFFFFFFF4
:104CD000FFFFFFFFFFFFFFFFFFFFFFFFFFFFFFFFE4
:104CE000FFFFFFFFFFFFFFFFFFFFFFFFFFFFFFFFD4
:104CF000FFFFFFFFFFFFFFFFFFFFFFFFFFFFFFFFC4
:104D0000FFFFFFFFFFFFFFFFFFFFFFFFFFFFFFFFB3
:104D1000FFFFFFFFFFFFFFFFFFFFFFFFFFFFFFFFA3
:104D2000FFFFFFFFFFFFFFFFFFFFFFFF444444447F
:104D300044444444444444444464FFFFFF8F444497
:104D400044440000000000000000000000000020BB
:104D5000FFFFFF5F000000000000000000000000F7
:104D6000000000000020FFFFFF5F000000000000C7
:104D7000000000000000000000000020FFFFFF5FB7
:104D80000000000000000000000000000000000023
:104D90000020FFFFFF5F0000000000000000000097
:104DA0000000000000000020FFFFFF5F0000000087
:104DB0000000000000000000000000000020FFFFD5
:104DC000FF5F000000000000000000000000000085
:104DD00000000020FFFFFF5F000000000000000057
:104DE00000000000000000000020FFFFFF5F000047
:104DF0000000000000000000000000000000002093
:104E0000FFFFFF5F00000000000000000000000046
:104E1000000000000020FFFFFF5F00000000000016
:104E2000000000000000000000000020FFFFFF5F06
:104E30000000000000000000000000000000000072
:104E40000020FFFFFF5F00000000000000000000E6
:104E50000000000000000020FFFFFF5F00000000D6
:104E60000000000000000000000000000020FFFF24
:104E7000FF5F0000000000000000000000000000D4
:104E800000000020FFFFFF5F0000000000000000A6
:104E900000000000000000000020FFFFFF5F000096
:104EA000000000D2DDDDDDDDDDDDDDDDDDDDDDDDD4
:104EB000DDDDDDDDAD0000F3FFFFFFFFFFFFFFFFE6
:104EC000FFFFFFFFFFFFFFFFCF0000F3FFFFFFFF2C
:104ED000FFFFFFFFFFFFFFFFFFFFFFFFCF0000F31C
:104EE000FFFFFFFFFFFFFFFFFFFFFFFFFFFFFFFFD2
:104EF000CF0000F3FFFFFFFFFFFFFFFFFFFFFFFFFC
:104F0000FFFFFFFFCF0000F3FFFFFFFFFFFFFFFFEB
:104F1000FFFFFFFFFFFFFFFFCF0000F3FFFFFFFFDB
:104F2000FFFFFFFFFFFFFFFFFFFFFFFFCF0000F3CB
:104F3000FFFFFF050000000000000000000000006F
:104F4000000000F3FFFFFF0500000000000000006C
:104F500000000000000000F3FFFFFF05000000005C
:104F60000000000000000000000000F3FFFFFF054C
:104F7000000000000000000000000000000000F33E
:104F8000FFFFFF050000000000000000000000001F
:104F9000000000F3FFFFFF0500000000000000001C
:104FA00000000000000000F3FFFFFF05000000000C
:104FB0000000000000000000000000F3FFFFFF05FC
:104FC000000000000000000000000000000000F3EE
:104FD000FFFFFF05000000000000000000000000CF
:104FE000000000F3FFFFFF050000000000000000CC
:104FF00000000000000000F3FFFFFF0500000000BC
:105000000000000000000000000000F3FFFFFF05AB
:10501000000000000000000000000000000000F39D
:10502000FFFFFF050000000000000000000000007E
:10503000000000F3FFFFFF0500000000000000007B
:1050400000000000000000F3FFFFFF05000000006B
:105050000000000000000000000000F3FFFFFF5808
:10506000768877674502000000000000000000F32A
:10507000FFFFFFFFFFFFFFFFFFFF9C050000000099
:10508000000000F3FFFFFFFFFFFFFFFFFFFFFFEF49
:1050900029000000000000F3FFFFFFFFFFFFFFFFFC
:1050A000FFFFFFFFFF180000000000F3FFFFFFFFFE
:1050B000FFFFFFFFFFFFFFFFFFDF0300000000F324
:1050C000FFFFFFFFFFFFFFFFFFFFFFFFFFFF5F008F
:1050D000000000F3FFFFFFFFFFFFFFFFFFFFFFFFE9
:1050E000FFFFFF05000000F3EF9C57241100215340
:1050F000A7FEFFFFFFFFFF2E00000041020000009F
:10510000000000000040FAFFFFFFFFCF000000009A
:105110000000000000000000000030FCFFFFFFFF67
:10512000050000000000000000000000000000B1C9
:10513000FFFFFFFF0C000000000000000000000067
:1051400000000000FCFFFFFF3F0000000000000027
:105150000000000000000000F2FFFFFF7F000000E1
:1051600000000000000000000000000090FFFFFFB2
:10517000BF00000000000000000000000000000070
:1051800030FFFFFFEF000000000000000000000003
:105190000000000000FFFFFFFF0100000000000012
:1051A000000000000000000000FDFFFFFF02000003
:1051B00000000000000000000000000000FCFFFFF5
:1051C000FF030000000000000000000000000000DD
:1051D00000FBFFFFFF0300000000000000000000D4
:1051E0000000000000FDFFFFFF02000000000000C3
:1051F000000000000000000000FEFFFFFF010000B3
:1052000000000000000000000000000010FFFFFF91
:10521000EF0000000000000000000000000000009F
:1052200050FFFFFFBF000000000000000000000072
:105230000000000090FFFFFF8F0000000000000052
:105240000000000000000000E1FFFFFF4F00000031
:10525000000000000000000000000000F8FFFFFF59
:105260000D0057000000000000000000000000409A
:10527000FFFFFFFF0800FA3B0000000000000000F5
:10528000000000E2FFFFFFFF0100FAFF5B000000EB
:1052900000000000000040FEFFFFFF8F0000FAFF4B
:1052A000FF8D0300000000000020F9FFFFFFFF1D3D
:1052B0000000FAFFFFFFDF690300000063FAFFFF51
:1052C000FFFFFF030000FAFFFFFFFFFFFFDECCFE42
:1052D000FFFFFFFFFFFF6F000000FAFFFFFFFFFF70
:1052E000FFFFFFFFFFFFFFFFFFFF07000000FAFFC8
:1052F000FFFFFFFFFFFFFFFFFFFFFFFFFF5E00005D
:105300000000F8FFFFFFFFFFFFFFFFFFFFFFFFFFB2
:10531000CF020000000020C7FFFFFFFFFFFFFFFFDD
:10532000FFFFFFDF050000000000000062EAFFFF52
:10533000FFFFFFFFFFFFAE040000000000000000C1
:1053400000004297CBEDFFDEAC47010000000000FB
:10535000000000000000000000000000005397AAB9
:10536000BBAB68030000000000000000000000006C
:1053700072EBFFFFFFFFFFFFCF0000000000000007
:1053800000000000B6FFFFFFFFFFFFFFFFDF000090
:105390000000000000000000D5FFFFFFFFFFFFFF3F
:1053A000FFFFDF000000000000000000C3FFFFFF60
:1053B000FFFFFFFFFFFFFFDF000000000000000015
:1053C00070FFFFFFFFFFFFFFFFFFFFFFDF00000099
:1053D0000000000000F9FFFFFFFFFFFFFFFFFFFFDE
:1053E000FFDF00000000000000B0FFFFFFFFFFDF55
:1053F0006923012164EADF00000000000000FAFFD9
:10540000FFFFFF9F03000000000000840000000079
:10541000000080FFFFFFFFAF02000000000000005F
:1054200000000000000000F4FFFFFFEF0500000097
:10543000000000000000000000000010FDFFFFFF62
:105440003E0000000000000000000000000000001E
:1054500090FFFFFFEF0300000000000000000000CD
:105460000000000000F3FFFFFF4F000000000000FD
:1054700000000000000000000000FBFFFFFF08002C
:10548000000000000000000000000000000030FFED
:10549000FFFFDF000000000000000000000000002F
:1054A00000000090FFFFFF4F000000000000000020
:1054B0000000000000000000F1FFFFFF0C000000F2
:1054C00000000000000000000000000000F6FFFFE8
:1054D000FF050000000000000000000000000000C8
:1054E0000000FBFFFFEF00000000000000000000D4
:1054F00000000000000010FFFFFF9F000000000000
:10550000000000000000000000000040FFFFFF5FFF
:10551000000000000000000000000000000000008B
:1055200070FFFFFF1F000000004366664502000099
:105530000000000000B0FFFFFF0D000083FCFFFF34
:10554000FFFFEF8C030000000000D0FFFFFF0B10F7
:10555000C7FFFFFFFFFFFFFFFFCF0400000000F0C9
:10556000FFFFFF19E7FFFFFFFFFFFFFFFFFFFFAF99
:1055700002000000F3FFFFFFDBFFFFFFFFFFFFFF65
:10558000FFFFFFFFFF4E000000F4FFFFFFFFFFFFE4
:10559000FFFFFFFFFFFFFFFFFFFFFF060000F6FF1B
:1055A000FFFFFFFFFFFFFFFFFFFFFFFFFFFFFFFF0B
:1055B0006F0000F7FFFFFFFFFFFF8B3512103185F3
:1055C000FCFFFFFFFFFF0300F8FFFFFFFFBF160018
:1055D000000000000030FCFFFFFFFF0D00F9FFFF9F
:1055E000FFAF03000000000000000070FFFFFFFF9E
:1055F0007F00F9FFFFFF0600000000000000000030
:1056000000F5FFFFFFEF00F9FFFFFF0500000000BE
:1056100000000000000070FFFFFFFF05F9FFFFFF23
:10562000040000000000000000000000FDFFFFFF7C
:105630000AF9FFFFFF040000000000000000000066
:1056400000F5FFFFFF0EF9FFFFFF04000000000060
:10565000000000000000F1FFFFFF2FF8FFFFFF0434
:105660000000000000000000000000C0FFFFFF4F2E
:10567000F7FFFFFF05000000000000000000000031
:1056800090FFFFFF6FF5FFFFFF0600000000000026
:10569000000000000070FFFFFF7FF4FFFFFF070026
:1056A0000000000000000000000070FFFFFF8FF20C
:1056B000FFFFFF0900000000000000000000006084
:1056C000FFFFFF8FE0FFFFFF0B0000000000000066
:1056D0000000000070FFFFFF7FB0FFFFFF0E000023
:1056E00000000000000000000080FFFFFF6F80FF4F
:1056F000FFFF3F0000000000000000000000A0FFCE
:10570000FFFF4F40FFFFFF7F000000000000000090
:10571000000000D0FFFFFF1F00FEFFFFDF000000C2
:105720000000000000000000F2FFFFFF0D00FAFF84
:10573000FFFF0500000000000000000000F7FFFF71
:10574000FF0800F4FFFFFF0C000000000000000055
:105750000000FDFFFFFF0300D0FFFFFF7F00000000
:1057600000000000000070FFFFFFCF000060FFFF9F
:10577000FFFF040000000000000000F3FFFFFF5FD8
:10578000000000FDFFFFFF5E000000000000003091
:10579000FDFFFFFF0C000000F4FFFFFFFF0800000B
:1057A00000000000E5FFFFFFEF0300000080FFFFA7
:1057B000FFFFDF1600000000C4FFFFFFFF6F0000C7
:1057C000000000FBFFFFFFFFFF8B6787EBFFFFFF82
:1057D000FFFF080000000000C1FFFFFFFFFFFFFF09
:1057E000FFFFFFFFFFFF8F00000000000010FBFF26
:1057F000FFFFFFFFFFFFFFFFFFFFFF0600000000AE
:1058000000000070FFFFFFFFFFFFFFFFFFFFFF3DF6
:10581000000000000000000000B2FFFFFFFFFFFFDC
:10582000FFFFFF7E0000000000000000000000A35A
:10583000FEFFFFFFFFFFFF7D0100000000000000F2
:10584000000000000040A8ECFFEE9C2600000000D5
:10585000000000DDDDDDDDDDDDDDDDDDDDDDDDDD0F
:10586000DDDDDDDDDDDDBDFFFFFFFFFFFFFFFFFF56
:10587000FFFFFFFFFFFFFFFFFFFFCFFFFFFFFFFF68
:10588000FFFFFFFFFFFFFFFFFFFFFFFFFFFFCFFF58
:10589000FFFFFFFFFFFFFFFFFFFFFFFFFFFFFFFF18
:1058A000FFFFCFFFFFFFFFFFFFFFFFFFFFFFFFFF38
:1058B000FFFFFFFFFFFFCFFFFFFFFFFFFFFFFFFF28
:1058C000FFFFFFFFFFFFFFFFFFFFCFFFFFFFFFFF18
:1058D000FFFFFFFFFFFFFFFFFFFFFFFFFFFFCF0007
:1058E000000000000000000000000000000000F2C6
:1058F000FFFFCF00000000000000000000000000DB
:10590000000000FAFFFFCF000000000000000000D0
:1059100000000000000030FFFFFF7F0000000000DB
:1059200000000000000000000000B0FFFFFF1E00AC
:105930000000000000000000000000000000F5FF73
:10594000FFFF070000000000000000000000000052
:105950000000FDFFFFDF000000000000000000006D
:10596000000000000060FFFFFF6F0000000000006B
:10597000000000000000000000D1FFFFFF0D00004C
:1059800000000000000000000000000000F7FFFF22
:10599000FF05000000000000000000000000000003
:1059A00010FEFFFFCF00000000000000000000001C
:1059B0000000000090FFFFFF4F000000000000000B
:1059C0000000000000000000F2FFFFFF0B000000DD
:1059D000000000000000000000000000FAFFFFFFD0
:1059E0000300000000000000000000000000003084
:1059F000FFFFFFAF000000000000000000000000FB
:105A0000000000B0FFFFFF2F0000000000000000BA
:105A100000000000000000F4FFFFFF09000000008C
:105A20000000000000000000000000FCFFFFEF028B
:105A3000000000000000000000000000000060FF07
:105A4000FFFF8F00000000000000000000000000C9
:105A50000000D0FFFFFF1E0000000000000000005B
:105A6000000000000000F7FFFFFF0700000000003B
:105A700000000000000000000010FEFFFFEF01002A
:105A80000000000000000000000000000080FFFF98
:105A9000FF6F000000000000000000000000000098
:105AA00000F2FFFFFF0D00000000000000000000FA
:105AB0000000000000FAFFFFFF05000000000000EA
:105AC000000000000000000030FFFFFFCF000000DA
:105AD000000000000000000000000000B0FFFFFF19
:105AE0004F00000000000000000000000000000067
:105AF000F4FFFFFF0B0000000000000000000000AA
:105B000000000000FCFFFFFF030000000000000099
:105B10000000000000000050FFFFFFBF0000000079
:105B20000000000000000000000000D0FFFFFF3F69
:105B3000000000000000000000000000000000F76E
:105B4000FFFFFF0A0000000000000000000000004E
:105B5000000010FEFFFFFF02000000000000000038
:105B600000000000000080FFFFFF9F000000000019
:105B700000000000000000000000E2FFFFFF1E0028
:105B80000000000000000000000000000000F9FF1D
:105B9000FFFF0800000000000000000000000000FF
:105BA0000030FFFFFFEF01000000000000000000D8
:105BB0000000000000B0FFFFFF7F000000000000B9
:105BC000000000000000000000F4FFFFFF0D0000D7
:105BD00000000000000000000000000000FCFFFFCB
:105BE000FF060000000000000000000000000000B0
:105BF00050FFFFFFDF000000000000000000000079
:105C000000000000D0FFFFFF5F0000000000000068
:105C10000000000000000000F6FFFFFF0C00000085
:105C2000000000000000000000000010FEFFFFFF69
:105C300004000000000000000000000000000080E0
:105C4000FFFFFFBF00000000000000000000000098
:105C5000000000E1FFFFFF3F000000000000000027
:105C600000000000000000F9FFFFFF0A0000000034
:105C70000000000000000000000020FFFFFFFF0206
:105C80000000000000000000000000000000A0FF75
:105C9000FFFF9F0000000000000000000000000067
:105CA0000000F3FFFFFF2F000000000000000000D5
:105CB000000000000000FCFFFFFF080000000000E3
:105CC00000000000000000000050FFFFFFEF010097
:105CD0000000000000000000000000000050888864
:105CE00088580000000000000000000000000000D4
:105CF00000000000000051B8EDFFEFBD6902000098
:105D00000000000000000000000010C6FFFFFFFFC1
:105D1000FFFFFFDF2800000000000000000000007F
:105D2000E7FFFFFFFFFFFFFFFFFFFF2A000000006C
:105D30000000000000D3FFFFFFFFFFFFFFFFFFFF9A
:105D4000FFEF060000000000000060FFFFFFFFFF04
:105D5000FFFFFFFFFFFFFFFFAF000000000000009C
:105D6000F8FFFFFFFFFFDFCCEDFFFFFFFFFFFF0BA3
:105D7000000000000060FFFFFFFFDF48010000415E
:105D8000E9FFFFFFFFAF0000000000F3FFFFFFEFA0
:105D900006000000000010F8FFFFFFFF06000000F3
:105DA00000FDFFFFFF2C0000000000000030FEFFA0
:105DB000FFFF1E00000060FFFFFFDF01000000008A
:105DC00000000000E3FFFFFF7F000000C0FFFFFFB7
:105DD0003F00000000000000000060FFFFFFDF0048
:105DE0000000F2FFFFFF0B000000000000000000B9
:105DF00000FDFFFFFF020000F6FFFFFF06000000AE
:105E000000000000000000F8FFFFFF050000F8FFA1
:105E1000FFFF0400000000000000000000F5FFFF8D
:105E2000FF070000F9FFFFFF030000000000000073
:105E3000000000F3FFFFFF080000FAFFFFFF04006F
:105E4000000000000000000000F3FFFFFF0700005B
:105E5000F9FFFFFF0700000000000000000000F451
:105E6000FFFFFF060000F8FFFFFF0B00000000002F
:105E70000000000000F6FFFFFF030000F5FFFFFF3A
:105E80003F00000000000000000000F9FFFFEF00ED
:105E90000000F1FFFFFFDF01000000000000000034
:105EA00000FDFFFF9F000000A0FFFFFFFF1C0000A0
:105EB00000000000000040FFFFFF3F00000030FF37
:105EC000FFFFFFDF0300000000000000B0FFFFFF46
:105ED0000A00000000F9FFFFFFFF9F010000000023
:105EE0000000F6FFFFFF0200000000C0FFFFFFFF01
:105EF000FF8E020000000040FFFFFF6F0000000067
:105F00000010FCFFFFFFFFFFAF04000000E4FFFFF5
:105F1000FF09000000000000A1FFFFFFFFFFFFDFFF
:105F2000170060FFFFFF9F0000000000000000E678
:105F3000FFFFFFFFFFFFFF7BFAFFFFEF0600000000
:105F4000000000000020FAFFFFFFFFFFFFFFFFFF40
:105F5000FF2B00000000000000000000B1FFFFFF69
:105F6000FFFFFFFFFFFF4E000000000000000000E9
:105F70000070FEFFFFFFFFFFFFFFFFFFDF060000D7
:105F800000000000000020FCFFFFDFB7FFFFFFFF65
:105F9000FFFFFFDF0400000000000000F5FFFFFF2F
:105FA000190071FCFFFFFFFFFFFFAF0100000000C1
:105FB0000070FFFFFF6F00000020D8FFFFFFFFFF12
:105FC000FF2D0000000000F6FFFFFF0600000000AC
:105FD00000A4FFFFFFFFFFEF0300000030FFFFFF03
:105FE0008F00000000000000A2FFFFFFFFFF2E0057
:105FF0000000D0FFFFFF0C0000000000000000C305
:10600000FFFFFFFFCF000000F7FFFFFF04000000CD
:10601000000000000000F8FFFFFFFF070000FEFF88
:10602000FFBF0000000000000000000050FFFFFF65
:10603000FF0D0050FFFFFF6F000000000000000098
:10604000000000F7FFFFFF5F00A0FFFFFF1F000041
:10605000000000000000000000D0FFFFFF9F00D004
:10606000FFFFFF0D000000000000000000000080A6
:10607000FFFFFFCF00F1FFFFFF0B0000000000005B
:10608000000000000040FFFFFFEF00F2FFFFFF0AEB
:10609000000000000000000000000010FFFFFFFFF4
:1060A00000F3FFFFFF0B00000000000000000000F5
:1060B0000000FFFFFFFF01F3FFFFFF0C00000000E7
:1060C0000000000000000000FFFFFFFF01F2FFFFE3
:1060D000FF0E000000000000000000000010FFFFA5
:1060E000FFEF00F0FFFFFF3F000000000000000096
:1060F00000000030FFFFFFCF00C0FFFFFF7F000068
:1061000000000000000000000070FFFFFF9F008003
:10611000FFFFFFEF0100000000000000000000B0E2
:10612000FFFFFF5F0030FFFFFFFF070000000000E0
:106130000000000000F4FFFFFF0E0000FCFFFFFF67
:106140004F00000000000000000000FCFFFFFF08FF
:106150000000F5FFFFFFEF0300000000000000005B
:10616000A0FFFFFFEF010000B0FFFFFFFF5E000098
:10617000000000000010FBFFFFFF5F00000020FE9A
:10618000FFFFFFFF2A000000000000E6FFFFFFFF07
:106190000900000000F4FFFFFFFFFF6A020000514A
:1061A000E8FFFFFFFFBF000000000040FFFFFFFF10
:1061B000FFFFFFDEFEFFFFFFFFFFFF0B0000000001
:1061C0000000E3FFFFFFFFFFFFFFFFFFFFFFFFFFF9
:1061D0008F0000000000000010FAFFFFFFFFFFFF2C
:1061E000FFFFFFFFFFDF0400000000000000004091
:1061F000FCFFFFFFFFFFFFFFFFFFEF1700000000A6
:1062000000000000000040E9FFFFFFFFFFFFFFBFAD
:10621000160000000000000000000000000063B94C
:10622000EDFFEEBC5801000000000000000000007F
:10623000000000000021545635010000000000005D
:10624000000000000000000030C8FFFFFFFFDF5A21
:1062500001000000000000000000000060FDFFFFE2
:10626000FFFFFFFFFF9E0200000000000000000093
:1062700050FDFFFFFFFFFFFFFFFFFF9F010000003A
:106280000000000010F9FFFFFFFFFFFFFFFFFFFF0F
:10629000FF3D00000000000000C2FFFFFFFFFFFF06
:1062A000FFFFFFFFFFFFFF05000000000020FDFFD4
:1062B000FFFFFFFFFFFFFFFFFFFFFFFF4F0000009B
:1062C0000000D1FFFFFFFFDF59131052E9FFFFFF6E
:1062D000FFEF0300000000FBFFFFFFDF06000000F0
:1062E0000010E7FFFFFFFF1D00000070FFFFFFFF32
:1062F0001B00000000000020FCFFFFFF9F000000CB
:10630000E2FFFFFFAF0000000000000000B1FFFF50
:10631000FFFF020000F9FFFFFF1D0000000000006A
:10632000000010FDFFFFFF0A0010FFFFFFFF03004A
:106330000000000000000000F3FFFFFF2F0060FFDF
:10634000FFFFBF0000000000000000000090FFFF02
:10635000FF8F00B0FFFFFF4F0000000000000000B3
:10636000000020FFFFFFDF00F0FFFFFF0E00000036
:106370000000000000000000FBFFFFFF03F3FFFF31
:10638000FF0B0000000000000000000000F6FFFF0F
:10639000FF07F5FFFFFF08000000000000000000FD
:1063A0000000F2FFFFFF0AF7FFFFFF0700000000F9
:1063B00000000000000000E0FFFFFF0DF8FFFFFFFE
:1063C000060000000000000000000000B0FFFFFF1A
:1063D0001FF9FFFFFF0500000000000000000000A3
:1063E0000090FFFFFF3FF8FFFFFF060000000000E6
:1063F00000000000000070FFFFFF4FF8FFFFFF07E5
:10640000000000000000000000000060FFFFFF6FC0
:10641000F6FFFFFF09000000000000000000000080
:1064200050FFFFFF7FF4FFFFFF0C000000000000A3
:10643000000000000050FFFFFF8FF2FFFFFF1F0072
:106440000000000000000000000050FFFFFF8FD0A0
:10645000FFFFFF7F00000000000000000000005070
:10646000FFFFFF9F90FFFFFFEF0100000000000013
:106470000000000050FFFFFF9F40FFFFFFFF0B00E9
:1064800000000000000000000060FFFFFF8F00FC24
:10649000FFFFFFAF00000000000000000000B2FF9F
:1064A000FFFF8F00F4FFFFFFFF2C00000000000043
:1064B0000000A3FFFFFFFF7F00A0FFFFFFFFFF49DA
:1064C000000000000030D8FFFFFFFFFF7F0010FD3D
:1064D000FFFFFFFFFFBE897798CAFFFFFFFFFFFFA7
:1064E000FF5F0000E2FFFFFFFFFFFFFFFFFFFFFF77
:1064F000FFFFFFFFFFFF4F000020FDFFFFFFFFFF3B
:10650000FFFFFFFFFFFFFFFFFFFFFF2F000000A1C6
:10651000FFFFFFFFFFFFFFFFFFFFFFEF97FFFFFF03
:106520000F00000000D5FFFFFFFFFFFFFFFFFFEFA1
:1065300018A0FFFFFF0D0000000000C5FFFFFFFFD8
:10654000FFFFFFCF1600D0FFFFFF0A000000000092
:106550000052B8DDFEDEBC58010000F0FFFFFF076F
:10656000000000000000000000000000000000002B
:10657000F3FFFFFF04000000000000000000000027
:106580000000000000F7FFFFFF0000000000000017
:1065900000000000000000000000FCFFFFBF000042
:1065A000000000000000000000000000000020FFCC
:1065B000FFFF6F000000000000000000000000006E
:1065C00000000080FFFFFF1F00000000000000002F
:1065D0000000000000000000E1FFFFFF0B000000D2
:1065E00000000000000000000000000000F8FFFFB5
:1065F000FF04000000000000000000000000000098
:106600000030FFFFFFCF000000000000000000008E
:10661000000000000000C0FFFFFF5F00000000005E
:106620000000000000000000000000FAFFFFFF0B68
:1066300000000000000000000000000000000090CA
:10664000FFFFFFFF0300000000000000000000004B
:1066500000000010FAFFFFFF7F00000000000000B4
:106660000000000000000000D4FFFFFFFF0B00004F
:10667000000000000400000000000000B4FFFFFF65
:10668000FFCF01000000000000EE590200000052A0
:10669000D8FFFFFFFFFF2D00000000000000FEFFFD
:1066A000EFCDCBEDFFFFFFFFFFFFCF0200000000AB
:1066B000000000FEFFFFFFFFFFFFFFFFFFFFFF1BCC
:1066C0000000000000000000FEFFFFFFFFFFFFFFD3
:1066D000FFFFFF6E000000000000000000FEFFFF53
:1066E000FFFFFFFFFFFFFFAF020000000000000000
:1066F0000000FEFFFFFFFFFFFFFFFFAF03000000F2
:1067000000000000000000FEFFFFFFFFFFFFFF6B27
:1067100001000000000000000000000073CAEDFF4F
:10672000EEBD790400000000000000000000F7FF4B
:10673000FFFFDFF7FFFFFFDFF7FFFFFFDFF7FFFFE1
:10674000FFDFF7FFFFFFDFF7FFFFFFDFF7FFFFFFD1
:10675000DFF7FFFFFFDFF7FFFFFFDFF7FFFFFFDFE1
:10676000F7FFFFFFDF313333332300000000000069
:106770000000000000000000000000000000000019
:106780000000000000000000000000000000000009
:1067900000000000000000000000000000000000F9
:1067A00000000000000000000000000000000000E9
:1067B00000000000000000000000000000000000D9
:1067C0000000000000000000000000000000313365
:1067D000333323F7FFFFFFDFF7FFFFFFDFF7FFFF95
:1067E000FFDFF7FFFFFFDFF7FFFFFFDFF7FFFFFF31
:1067F000DFF7FFFFFFDFF7FFFFFFDFF7FFFFFFDF41
:10680000F7FFFFFFDFF7FFFFFFDF00003133333318
:106810002300000000F7FFFFFFDF00000000F7FF8C
:10682000FFFFDF00000000F7FFFFFFDF00000000B8
:10683000F7FFFFFFDF00000000F7FFFFFFDF0000B2
:106840000000F7FFFFFFDF00000000F7FFFFFFDFA2
:1068500000000000F7FFFFFFDF00000000F7FFFF70
:10686000FFDF00000000F7FFFFFFDF00000000F780
:10687000FFFFFFDF0000000000000000000000003C
:106880000000000000000000000000000000000008
:1068900000000000000000000000000000000000F8
:1068A00000000000000000000000000000000000E8
:1068B00000000000000000000000000000000000D8
:1068C00000000000000000000000000000000000C8
:1068D00000000000000000000000000000000000B8
:1068E00000000000000000000000000000000000A8
:1068F0000000000000000000000000000000000098
:106900000000000000000000000000000000000087
:106910000000000000000000000000000000000077
:106920000000000000000000000000000000000067
:10693000000000000000939999999905000000F863
:10694000FFFFFFFF03000000FCFFFFFFCF00000080
:1069500010FFFFFFFF5F00000050FFFFFFFF0E0072
:10696000000090FFFFFFFF08000000D0FFFFFFFFC7
:1069700001000000F2FFFFFFAF00000000F6FFFF84
:10698000FF3F00000000FAFFFFFF0C00000000FEC8
:10699000FFFFFF0500000030FFFFFFEF00000000D9
:1069A00070FFFFFF7F00000000B0FFFFFF1F00002F
:1069B0000000E0FFFFFF0A00000000F3FFFFFF03FD
:1069C00000000000F7FFFFCF0000000000FBFFFF0A
:1069D0005F0000000010FFFFFF0D0000000040FFFF
:1069E000FFFF070000000080FFFFFF010000000024
:1069F000C0FFFF9F0000000000F1FFFF3F0000000C
:106A00000000F5FFFF0B0000000000F9FFFF05008C
:106A100000000000FDFFDF0000000000000000009B
:106A200000318698AA9A6803000000000000000068
:106A300074EBFFFFFFFFFFFFEF5B01000000006151
:106A4000EBFFFFFFFFFFFFFFFFFFFF7E01000000E6
:106A5000FBFFFFFFFFFFFFFFFFFFFFFFFF4D0000FA
:106A600000FBFFFFFFFFFFFFFFFFFFFFFFFFFF0731
:106A70000000FBFFFFFFFFFFFFFFFFFFFFFFFFFF28
:106A80008F0000FBFFFFFFFFFFFFFFFFFFFFFFFF88
:106A9000FFFF0600FBFFFFFF8C35111042C7FFFF11
:106AA000FFFFFF2E00FBFFBF16000000000000B339
:106AB000FFFFFFFFAF00FB9E020000000000000090
:106AC00000F6FFFFFFFF038B010000000000000045
:106AD000000060FFFFFFFF08000000000000000052
:106AE00000000000FBFFFFFF0C00000000000000A2
:106AF0000000000000F4FFFFFF0F00000000000096
:106B0000000000000000E0FFFFFF2F000000000079
:106B100000000000000000C0FFFFFF3F0000000079
:106B20000000000000000000B0FFFFFF4F00000069
:106B3000000000000000000000B0FFFFFF3F000069
:106B400000000000000000000000C0FFFFFF2F0059
:106B50000000000000000000000000E0FFFFFF0F49
:106B6000000000000000000000000000F3FFFFFF35
:106B70000B000000000000000000000000F8FFFF14
:106B8000FF07000000000000000000000010FEFFF2
:106B9000FFFF020000000000000000000000A0FF56
:106BA000FFFFAF000000000000000000000000F741
:106BB000FFFFFF2F00000000000000000000005059
:106BC000FFFFFFFF080000000000000000000000C1
:106BD000F6FFFFFFCF0100000000000000000000F2
:106BE00070FFFFFFFF2E000000000000000000000B
:106BF00010FBFFFFFFEF040000000000000000009A
:106C000000E5FFFFFFFF3E00000000000000000065
:106C100000B3FFFFFFFFDF020000000000000000E4
:106C20000091FFFFFFFFFF1A0000000000000000BE
:106C30000070FEFFFFFFFF7F00000000000000006B
:106C40000000FBFFFFFFFFCF02000000000000007C
:106C5000000000FCFFFFFFEF070000000000000045
:106C600000000000FCFFFFFF2A0000000000000001
:106C70000000000000FCFFFF5F00000000000000BB
:106C8000000000000000FCFFFF3F000000000000CB
:106C900000000000000000FCFFFF3F0000000000BB
:106CA0000000000000000000FCFFFF3F00000000AB
:106CB000000000000000000000FCFFFF3F0000009B
:106CC00000000000000000000000FCFFFF3F00008B
:106CD0000000000000000000000000FCFFFF3F007B
:106CE000000000000000000000000000FCFFFF3F6B
:106CF00000000000000000000000000000FCFFFF9A
:106D00003F000000000000000000000000004344BD
:106D1000441400000000000000000000000000001B
:106D20000000000000000000000000000000000063
:106D30000000000000000000000000000000000053
:106D40000000000000000000000000000000000043
:106D50000000000000000000000000000000000033
:106D60000000000000000000000000000000000023
:106D70000000000000000000000000000000000013
:106D800000000000104444443400000000000000F3
:106D9000000000000020FFFFFFCF00000000000007
:106DA00000000000000020FFFFFFCF0000000000F7
:106DB0000000000000000020FFFFFFCF00000000E7
:106DC000000000000000000020FFFFFFCF000000D7
:106DD00000000000000000000020FFFFFFCF0000C7
:106DE0000000000000000000000020FFFFFFCF00B7
:106DF000000000000000000000000020FFFFFFCFA7
:106E000000000000000000000000000020FFFFFF65
:106E1000CF000000000000000000000000000000A3
:106E20000000000000000000214344330200000085
:106E30000000000000000000000000000000000052
:106E4000000000000000001085DBFFFFFFFFFFBD1A
:106E500058010000000000000000000000000000D9
:106E6000000000000000000071FCFFFFFFFFFFFFBB
:106E7000FFFFFFDF2800000000000000000000000E
:106E8000000000000000000000B4FFFFFFFFFFFF54
:106E9000FFFFFFFFFFFFFF5C00000000000000009D
:106EA00000000000000000000000C4FFFFFFFFFF23
:106EB000FFFFFFFFFFFFFFFFFFFF6D00000000006F
:106EC0000000000000000000000000B2FFFFFFFF14
:106ED000FFFFFFFFFFFFFFFFFFFFFFFFFF3C000083
:106EE00000000000000000000000000070FFFFFF35
:106EF000FFFFDF793512102153A7FDFFFFFFFFFFD2
:106F00000700000000000000000000000010FBFF70
:106F1000FFFFFF7C020000000000000020C7FFFF11
:106F2000FFFFBF010000000000000000000000E3C0
:106F3000FFFFFFFF3A00000000000000000000001B
:106F400092FFFFFFFF2D0000000000000000000086
:106F500040FEFFFFFF2A00000000000000000000CC
:106F600000000091FFFFFFDF0200000000000000B2
:106F70000000F5FFFFFF4D000000000000000000D2
:106F8000000000000000D3FFFFFF1D000000000014
:106F900000000040FFFFFFAF010000000000000004
:106FA000000000000000000010FAFFFFCF01000009
:106FB0000000000000E3FFFFFF07000000000000EA
:106FC000000000000000000000000090FFFFFF092B
:106FD00000000000000010FDFFFF5F000000000047
:106FE0000000000000000000000000000000F8FFAA
:106FF000FF5F000000000000A0FFFFFF0500000091
:107000000000000000000000000000000000000080
:10701000A0FFFFEF010000000000F6FFFF6F00007F
:107020000000000000000000000000000000000060
:10703000000010FCFFFF080000000010FEFFFF082A
:107040000000000000001095ECFFDE7A02004144D1
:107050004404000000F3FFFF2F0000000090FFFF3A
:10706000CF00000000000010E8FFFFFFFFFFCF1679
:10707000F4FFFF0E00000070FFFF9F00000000F211
:10708000FFFF2F000000000000E6FFFFFFFFFFFFF3
:10709000FFEFFBFFFF0E00000000FDFFEF0100000F
:1070A00000FAFFFF080000000000A0FFFFFFFFFF45
:1070B000FFFFFFFFFFFFFF0E00000000F6FFFF07CE
:1070C000000020FFFFEF010000000010FBFFFFFFAA
:1070D000FFFFFFFFFFFFFFFFFF0E00000000E0FFCC
:1070E000FF0D000080FFFF7F0000000000B0FFFFE9
:1070F000FFFFFFDEDCFEFFFFFFFFFF0E00000000D2
:1071000080FFFF2F0000E0FFFF1E0000000000F8DE
:10711000FFFFFFBF16000020A6FEFFFFFF0E0000CE
:10712000000020FFFF7F0000F4FFFF0800000000C8
:1071300040FFFFFFDF04000000000061FDFFFF0EC5
:107140000000000000FDFFBF0000FAFFFF03000089
:107150000000D0FFFFFF2D00000000000000F5FF41
:10716000FF0E0000000000F8FFEF0000FDFFDF0051
:1071700000000000F5FFFFEF02000000000000002B
:10718000F5FFFF0E0000000000F4FFFF0320FFFFEB
:107190008F0000000000FCFFFF5F00000000000007
:1071A0000000F5FFFF0E0000000000F1FFFF066089
:1071B000FFFF4F0000000020FFFFFF0C0000000059
:1071C00000000000F5FFFF0E0000000000D0FFFFF0
:1071D0000890FFFF1F0000000070FFFFFF06000087
:1071E000000000000000F5FFFF0E0000000000A0FE
:1071F000FFFF0AB0FFFF0D00000000B0FFFFFF011E
:107200000000000000000000F5FFFF0E000000007D
:107210000090FFFF0CD0FFFF0B00000000E0FFFF1D
:10722000CF000000000000000000F5FFFF0E00008E
:1072300000000070FFFF0DF0FFFF0900000000F1EB
:10724000FFFF9F000000000000000000F5FFFF0EA0
:10725000000000000060FFFF0EF0FFFF07000000CD
:1072600000F3FFFF7F000000000000000000F5FFBA
:10727000FF0E000000000050FFFF0FF1FFFF0700AE
:10728000000000F4FFFF6F0000000000000000009D
:10729000F5FFFF0E000000000050FFFF0FF2FFFFA0
:1072A0000600000000F5FFFF5F0000000000000086
:1072B0000000F5FFFF0E000000000040FFFF0FF18F
:1072C000FFFF0600000000F5FFFF5F000000000068
:1072D00000000000F5FFFF0E000000000050FFFF5F
:1072E0000FF1FFFF0700000000F4FFFF5F00000048
:1072F000000000000000F5FFFF0E0000000000602D
:10730000FFFF0EF0FFFF0700000000F3FFFF6F001C
:107310000000000000000000F5FFFF0E000000006C
:107320000070FFFF0DF0FFFF0900000000F2FFFFFB
:107330007F000000000000000000F5FFFF0E0000CD
:1073400000000080FFFF0CD0FFFF0A00000000F1EA
:10735000FFFFAF000000000000000000F5FFFF0E7F
:107360000000000000A0FFFF0AB0FFFF0C000000BB
:1073700000E0FFFFCF000000000000000000F5FF6C
:10738000FF0E0000000000D0FFFF0790FFFF0F007E
:10739000000000B0FFFFFF0200000000000000003E
:1073A000F5FFFF0E0000000000F0FFFF0460FFFF8C
:1073B0003F0000000080FFFFFF060000000000000B
:1073C0000000F5FFFF0E0000000000F2FFFF01309B
:1073D000FFFF6F0000000040FFFFFF0D00000000F6
:1073E00000000000F5FFFF0E0000000000F6FFCFD8
:1073F0000000FEFFAF0000000000FDFFFF6F000077
:10740000000000000040FDFFFF0E0000000000F93A
:10741000FF8F0000FBFFFF0100000000F7FFFFFFF0
:1074200004000000000010F9FFFFFF0E0000000044
:1074300000FDFF3F0000F6FFFF0500000000E2FF37
:10744000FFFF6E0000000010E8FFFFFFFF0E0000CE
:10745000000030FFFF0D0000F1FFFF0B00000000F7
:1074600070FFFFFFFF7C131063FAFFFFFFFFFF0EAB
:107470000000000090FFFF070000B0FFFF3F00008A
:10748000000000FCFFFFFFFFFFFFFFFFFFFFFFFF0C
:10749000FF0E00000000E1FFEF01000040FFFFAF22
:1074A0000000000000E2FFFFFFFFFFFFFFFFFFFF04
:1074B000FBFFFF5E55555555F9FF9F00000000FD8D
:1074C000FFFF030000000030FEFFFFFFFFFFFFFF94
:1074D000FF5EF1FFFFFFFFFFFFFFFFFF1E00000049
:1074E00000F6FFFF0C0000000000D2FFFFFFFFFFCF
:1074F000FFFFAF01C0FFFFFFFFFFFFFFFFFF08001F
:10750000000000C0FFFF7F000000000000E7FFFF59
:10751000FFFFFFBF030090FFFFFFFFFFFFFFFFDF45
:10752000010000000040FFFFFF030000000000100A
:10753000A5FDFFEF7B02000050FFFFFFFFFFFFFFF5
:10754000FF4F000000000000FAFFFF1D00000000D8
:10755000000000001100000000000000000000001A
:1075600000000000000000000000E1FFFFCF01006C
:10757000000000000000000000000000000000000B
:1075800000000000000000000000000040FFFFFFBE
:107590001C000000000000000000000000000000CF
:1075A000000000000000000000000000000000F7E4
:1075B000FFFFDF02000000000000000000000000EC
:1075C00000000000000000000000000000000000BB
:1075D0000090FFFFFF5E00000000000000000000C0
:1075E000000000000000000000000000000000009B
:1075F00000000000FAFFFFFF19000000000000007B
:10760000000000000000000000000000000000007A
:1076100000000000000090FFFFFFEF1700000000D7
:10762000000000000000000000000000000000005A
:10763000000000000000000000F7FFFFFFEF28003F
:10764000000000000000000000000000000000003A
:10765000000000000000000000000040FEFFFFFFEF
:10766000FF6B02000000000000000051C805000090
:107670000000000000000000000000000000A1FF6A
:10768000FFFFFFFFEF8B563433436598ECFFFF0598
:1076900000000000000000000000000000000000EA
:1076A00000C4FFFFFFFFFFFFFFFFFFFFFFFFFFFF24
:1076B000FF050000000000000000000000000000C6
:1076C00000000000C5FFFFFFFFFFFFFFFFFFFFFF00
:1076D000FFFFFF05000000000000000000000000A8
:1076E00000000000000000A4FFFFFFFFFFFFFFFFFE
:1076F000FFFFFFFFFF05000000000000000000008A
:107700000000000000000000000061EAFFFFFFFF32
:10771000FFFFFFFFFFFFBE030000000000000000AE
:10772000000000000000000000000000000052A85F
:10773000DCEEFFEECDAB682400000000000000008E
:1077400000000000000000000000000000E1FFFF5A
:10775000FFFFAF000000000000000000000000007C
:107760000000000000000000F5FFFFFFFFFF010028
:107770000000000000000000000000000000000009
:10778000000000FBFFFFFFFFFF06000000000000FD
:107790000000000000000000000000000010FFFFDB
:1077A000FFFFFFFF0B0000000000000000000000D2
:1077B000000000000000000070FFFFFFFFFFFF2F30
:1077C00000000000000000000000000000000000B9
:1077D000000000C0FFFFFFFFFFFF7F000000000070
:1077E0000000000000000000000000000000F2FFA8
:1077F000FFFFFFFFFFDF00000000000000000000AF
:10780000000000000000000000F8FFFFDFF9FFFFAC
:10781000FF03000000000000000000000000000066
:1078200000000000FDFFFF8FF3FFFFFF09000000D5
:10783000000000000000000000000000000040FF09
:10784000FFFF3FD0FFFFFF0E000000000000000020
:1078500000000000000000000090FFFFFF0C80FF10
:10786000FFFF4F00000000000000000000000000CB
:1078700000000000E0FFFFFF0720FFFFFFAF000058
:10788000000000000000000000000000000000F503
:10789000FFFFFF0200FCFFFFFF01000000000000EF
:1078A00000000000000000000000FBFFFFBF000020
:1078B000F7FFFFFF060000000000000000000000CE
:1078C0000000000010FFFFFF6F0000F1FFFFFF0B43
:1078D0000000000000000000000000000000006048
:1078E000FFFFFF1F0000B0FFFFFF2F0000000000A0
:1078F00000000000000000000000C0FFFFFF0A00C1
:107900000060FFFFFF7F000000000000000000009B
:107910000000000000F2FFFFFF05000010FEFFFF67
:10792000DF00000000000000000000000000000078
:10793000F8FFFFEF00000000FAFFFFFF0300000068
:107940000000000000000000000000FDFFFF9F009D
:10795000000000F5FFFFFF0800000000000000002D
:10796000000000000030FFFFFF4F00000000E0FFBC
:10797000FFFF0E00000000000000000000000000FB
:1079800090FFFFFF0D0000000090FFFFFF4F000081
:107990000000000000000000000000E0FFFFFF0802
:1079A0000000000030FFFFFFAF00000000000000FB
:1079B000000000000000F5FFFFFF020000000000D3
:1079C000FDFFFFEF010000000000000000000000CC
:1079D00000FAFFFFCF000000000000F8FFFFFF05E6
:1079E000000000000000000000000010FFFFFF7F0B
:1079F000000000000000F2FFFFFF0B00000000008D
:107A000000000000000060FFFFFF1F0000000000FA
:107A100000C0FFFFFF1F000000000000000000008A
:107A200000C0FFFFFF0B00000000000070FFFFFF21
:107A30007F0000000000000000000000F2FFFFFFD8
:107A40000600000000000020FFFFFFCF0000000044
:107A500000000000000000F7FFFFEF010000000041
:107A6000000000FBFFFFFF0300000000000000001B
:107A70000000FDFFFFAF0000000000000000F6FF67
:107A8000FFFF0800000000000000000030FFFFFFC3
:107A90004F0000000000000000F1FFFFFF0D00009C
:107AA0000000000000000090FFFFFF0E000000003B
:107AB00000000000A0FFFFFF4F00000000000000DA
:107AC0000000E0FFFFFF0900000000000000005080
:107AD000FFFFFF9F000000000000000000F5FFFF17
:107AE000FF03000000000000000000FEFFFFEF01A8
:107AF0000000000000000000FAFFFFFFAAAAAAAAE7
:107B0000AAAAAAAAAAAAFEFFFFFF05000000000079
:107B1000000010FFFFFFFFFFFFFFFFFFFFFFFFFF62
:107B2000FFFFFFFFFF0B0000000000000060FFFFF1
:107B3000FFFFFFFFFFFFFFFFFFFFFFFFFFFFFFFF55
:107B40001F00000000000000B0FFFFFFFFFFFFFF6D
:107B5000FFFFFFFFFFFFFFFFFFFFFF6F00000000C1
:107B6000000000F2FFFFFFFFFFFFFFFFFFFFFFFF2F
:107B7000FFFFFFFFFFFFCF00000000000000F7FF46
:107B8000FFFFFFFFFFFFFFFFFFFFFFFFFFFFFFFF05
:107B9000FFFF02000000000000FDFFFFFFFFFFFFEE
:107BA000FFFFFFFFFFFFFFFFFFFFFFFFFF080000DA
:107BB00000000030FFFFFF6F000000000000000029
:107BC00000000000F2FFFFFF0D000000000080FF3A
:107BD000FFFF1F000000000000000000000000B0D8
:107BE000FFFFFF4F0000000000E0FFFFFF0B000061
:107BF0000000000000000000000060FFFFFF9F0089
:107C000000000000F4FFFFFF06000000000000007D
:107C1000000000000010FFFFFFEF0000000000FA6E
:107C2000FFFFFF0100000000000000000000000056
:107C300000FBFFFFFF0500000010FEFFFFAF00008C
:107C4000000000000000000000000000F6FFFFFF41
:107C50000A00000060FFFFFF5F000000000000005E
:107C600000000000000000F1FFFFFF1F000000B057
:107C7000FFFFFF1E000000000000000000000000E9
:107C80000000A0FFFFFF6F000000F2FFFFFF0A00EF
:107C90000000000000000000000000000050FFFF96
:107CA000FFCF000000F7FFFFFF040000000000000E
:107CB000000000000000000000FEFFFFFF020000C7
:107CC000FCFFFFEF000000000000000000000000CB
:107CD00000000000FAFFFFFF070030FFFFFF9F00DA
:107CE000000000000000000000000000000000F4A0
:107CF000FFFFFF0D0080FFFFFF4F000000000000AE
:107D000000000000000000000000E0FFFFFF3F0057
:107D1000D0FFFFFF0E000000000000000000000088
:107D2000000000000090FFFFFF9F00F4FFFFFF082E
:107D30000000000000000000000000000000000043
:107D400040FFFFFFEF00F9FFFFFF0300000000000E
:107D5000000000000000000000000000FEFFFFFF28
:107D600005878888780000000000000000000000FF
:107D70000000000000000085888888049299999985
:107D800099999999999989785624000000000000E2
:107D9000000000F3FFFFFFFFFFFFFFFFFFFFFFFFFC
:107DA000FFBE2700000000000000F3FFFFFFFFFF01
:107DB000FFFFFFFFFFFFFFFFFFFF3A000000000093
:107DC00000F3FFFFFFFFFFFFFFFFFFFFFFFFFFFFCE
:107DD000FFFF1A0000000000F3FFFFFFFFFFFFFF9F
:107DE000FFFFFFFFFFFFFFFFFFDF0300000000F3C7
:107DF000FFFFFFFFFFFFFFFFFFFFFFFFFFFFFFFF93
:107E0000FF2E00000000F3FFFFFFFFFFFFFFFFFF5B
:107E1000FFFFFFFFFFFFFFFFCF00000000F3FFFFAA
:107E2000FF080000000000113285FBFFFFFFFFFF8D
:107E300006000000F3FFFFFF080000000000000044
:107E40000010F8FFFFFFFF0D000000F3FFFFFF0829
:107E500000000000000000000030FEFFFFFF3F00B8
:107E60000000F3FFFFFF080000000000000000001A
:107E700000F5FFFFFF6F000000F3FFFFFF080000A9
:107E80000000000000000000D0FFFFFF9F00000086
:107E9000F3FFFFFF0800000000000000000000806A
:107EA000FFFFFFAF000000F3FFFFFF08000000002E
:107EB00000000000000060FFFFFFBF000000F3FFB4
:107EC000FFFF080000000000000000000050FFFF5E
:107ED000FFAF000000F3FFFFFF08000000000000FC
:107EE0000000000060FFFFFF9F000000F3FFFFFFA6
:107EF000080000000000000000000070FFFFFF6F9E
:107F0000000000F3FFFFFF08000000000000000079
:107F10000000A0FFFFFF2F000000F3FFFFFF08009D
:107F2000000000000000000000E0FFFFFF0C000068
:107F300000F3FFFFFF080000000000000000000049
:107F4000F5FFFFFF04000000F3FFFFFF0800000043
:107F500000000000000010FDFFFFAF00000000F374
:107F6000FFFFFF08000000000000000000C2FFFF4C
:107F7000FF1D00000000F3FFFFFF080000000000ED
:107F800000000081FEFFFFDF0200000000F3FFFFA2
:107F9000FF0800000000001042A6FEFFFFFF2C00BB
:107FA00000000000F3FFFFFFFFFFFFFFFFFFFFFFE9
:107FB000FFFFFFFF7E000000000000F3FFFFFFFF58
:107FC000FFFFFFFFFFFFFFFFFFFFFF0400000000B8
:107FD0000000F3FFFFFFFFFFFFFFFFFFFFFFFFFFBB
:107FE000FFFFDF390000000000F3FFFFFFFFFFFF8E
:107FF000FFFFFFFFFFFFFFFFFFFFFF4B0000000041
:10800000F3FFFFFFFFFFFFFFFFFFFFFFFFFFFFFF8C
:10801000FFFFFF08000000F3FFFFFFFFFFFFFFFF70
:10802000FFFFFFFFFFFFFFFFFFFFCF010000F3FF98
:10803000FFFF8C88888888888899AAECFFFFFFFF5B
:10804000FFFF1C0000F3FFFFFF080000000000001E
:1080500000000041FAFFFFFFFFAF0000F3FFFFFF4A
:10806000080000000000000000000010F9FFFFFF02
:10807000FF0600F3FFFFFF08000000000000000003
:1080800000000040FEFFFFFF1E00F3FFFFFF08009F
:108090000000000000000000000000F4FFFFFF6F80
:1080A00000F3FFFFFF0800000000000000000000D8
:1080B000000080FFFFFFDF00F3FFFFFF080000006C
:1080C00000000000000000000020FFFFFFFF01F3A0
:1080D000FFFFFF080000000000000000000000009B
:1080E00000FCFFFFFF05F3FFFFFF0800000000009A
:1080F0000000000000000000F9FFFFFF08F3FFFF91
:10810000FF0800000000000000000000000000F771
:10811000FFFFFF09F3FFFFFF080000000000000061
:10812000000000000000F6FFFFFF0AF3FFFFFF085A
:1081300000000000000000000000000000F6FFFF4B
:10814000FF0AF3FFFFFF080000000000000000002E
:1081500000000000F6FFFFFF09F3FFFFFF0800002B
:108160000000000000000000000000F8FFFFFF0812
:10817000F3FFFFFF08000000000000000000000007
:108180000000FBFFFFFF05F3FFFFFF0800000000FA
:10819000000000000000000010FEFFFFFF02F3FFE0
:1081A000FFFF080000000000000000000000007059
:1081B000FFFFFFDF00F3FFFFFF08000000000000EB
:1081C000000000000000E2FFFFFF8F00F3FFFFFF51
:1081D00008000000000000000000000020FDFFFF7C
:1081E000FF2F00F3FFFFFF08000000000000000069
:1081F000000000D3FFFFFFFF0900F3FFFFFF0800AF
:1082000000000000000000000092FFFFFFFFEF01F0
:1082100000F3FFFFFF08000000000000000041B76E
:10822000FFFFFFFFFF4F0000F3FFFFFF9C999999AD
:1082300099A9AACBEDFFFFFFFFFFFFFF070000F3A7
:10824000FFFFFFFFFFFFFFFFFFFFFFFFFFFFFFFF3E
:10825000FFFF7F000000F3FFFFFFFFFFFFFFFFFFB7
:10826000FFFFFFFFFFFFFFFFEF04000000F3FFFF32
:10827000FFFFFFFFFFFFFFFFFFFFFFFFFFFFFF1AF3
:1082800000000000F3FFFFFFFFFFFFFFFFFFFFFF06
:10829000FFFFFFFFFF4B0000000000F3FFFFFFFFA9
:1082A000FFFFFFFFFFFFFFFFFFFFDF3800000000C1
:1082B0000000F3FFFFFFFFFFFFFFFFFFFFEFDEAB5D
:1082C0005802000000000000000000000000000054
:1082D00000000000317588998957130000000000E4
:1082E000000000000000000000000050C9FFFFFF78
:1082F000FFFFFFFFAD2700000000000000000000AE
:10830000000000A4FEFFFFFFFFFFFFFFFFFFFF8D48
:108310000300000000000000000000C5FFFFFFFF99
:10832000FFFFFFFFFFFFFFFFFFCF16000000000071
:10833000000000B3FFFFFFFFFFFFFFFFFFFFFFFF96
:10834000FFFFFFEF1800000000000070FFFFFFFFBD
:10835000FFFFFFFFFFFFFFFFFFFFFFFFFFFF070024
:1083600000000010FBFFFFFFFFFFFFFFFFFFFFFF0D
:10837000FFFFFFFFFFFFFF0B00000000C1FFFFFF3B
:10838000FFFFFF8C3511102175DAFFFFFFFFFFFFA4
:108390000B00000010FCFFFFFFFFEF2700000000B4
:1083A00000000072FCFFFFFFFF0B000000B0FFFFAA
:1083B000FFFFEF0700000000000000000040FBFF8F
:1083C000FFFF0B000000F9FFFFFFFF2C0000000083
:1083D0000000000000000030FCFFFF0B000040FF29
:1083E000FFFFFFAF000000000000000000000000E1
:1083F0000050FEFF0B0000D1FFFFFFFF0A0000004E
:108400000000000000000000000000A1FF0B0000C1
:10841000F7FFFFFFBF0000000000000000000000A9
:108420000000000000F70B0010FEFFFFFF1D000022
:1084300000000000000000000000000000004008F4
:108440000080FFFFFFFF05000000000000000000AB
:1084500000000000000000000000E0FFFFFFBF0080
:10846000000000000000000000000000000000000C
:10847000000000F5FFFFFF3F0000000000000000CB
:10848000000000000000000000000000FAFFFFFFF5
:108490000B000000000000000000000000000000D1
:1084A0000000000000FEFFFFFF06000000000000CB
:1084B0000000000000000000000000000040FFFF7E
:1084C000FFFF0100000000000000000000000000AD
:1084D00000000000000080FFFFFFBF000000000060
:1084E000000000000000000000000000000000B0DC
:1084F000FFFFFF7F00000000000000000000000000
:108500000000000000000000E0FFFFFF4F0000003F
:10851000000000000000000000000000000000005B
:1085200000F1FFFFFF1F000000000000000000003E
:1085300000000000000000000000F3FFFFFF0D003E
:10854000000000000000000000000000000000002B
:10855000000000F4FFFFFF0C00000000000000001E
:10856000000000000000000000000000F6FFFFFF18
:108570000A000000000000000000000000000000F1
:108580000000000000F6FFFFFF09000000000000EF
:108590000000000000000000000000000000F7FFE5
:1085A000FFFF0900000000000000000000000000C4
:1085B00000000000000000F7FFFFFF0800000000BF
:1085C00000000000000000000000000000000000AB
:1085D000F7FFFFFF0900000000000000000000009E
:1085E000000000000000000000F7FFFFFF0900008E
:1085F000000000000000000000000000000000007B
:108600000000F6FFFFFF0A0000000000000000006D
:108610000000000000000000000000F5FFFFFF0B5D
:10862000000000000000000000000000000000004A
:1086300000000000F4FFFFFF0D000000000000003C
:1086400000000000000000000000000000F2FFFF3A
:10865000FF0E00000000000000000000000000000D
:10866000000000000000F0FFFFFF2F0000000000EE
:10867000000000000000000000000000000000D02A
:10868000FFFFFF6F0000000000000000000000007E
:108690000000000000000000A0FFFFFF9F0000009E
:1086A00000000000000000000000000000000000CA
:1086B0000070FFFFFFEF000000000000000000005E
:1086C0000000000000000000000030FFFFFFFF047A
:1086D000000000000000000000000000000000009A
:1086E00000000000FDFFFFFF0A0000000000000086
:1086F00000000000000000000000000000F9FFFF83
:10870000FF2F00000000000000000000000000003B
:10871000000000000000F3FFFFFF9F0000000000CA
:10872000000000000000000000000000000000C089
:10873000FFFFFFFF0300000000000000000000003A
:10874000000000000000000060FFFFFFFF0C0000C1
:108750000000000000000000000000000000100405
:108760000000FDFFFFFF9F00000000000000000070
:1087700000000000000000C20B0000F5FFFFFFFF3B
:1087800006000000000000000000000000000040A3
:10879000FD0B0000C0FFFFFFFF7F00000000000096
:1087A0000000000000000000F8FF0B000020FEFFAA
:1087B000FFFFFF09000000000000000000000000B3
:1087C000D5FFFF0B000000F6FFFFFFFFCF04000006
:1087D0000000000000000000B4FFFFFF0B000000DD
:1087E00080FFFFFFFFFFBF0400000000000000202B
:1087F000C7FFFFFFFF0B00000000F9FFFFFFFFFFB7
:10880000DF58010000002084FCFFFFFFFFFF0B008A
:1088100000000080FFFFFFFFFFFFFFEFBCBBDCFF9E
:10882000FFFFFFFFFFFFFF0B0000000000E6FFFF60
:10883000FFFFFFFFFFFFFFFFFFFFFFFFFFFFFFFF48
:108840000A000000000020FCFFFFFFFFFFFFFFFF0A
:10885000FFFFFFFFFFFFFFFF4B00000000000000D5
:1088600060FDFFFFFFFFFFFFFFFFFFFFFFFFFFFFB9
:108870003900000000000000000061FCFFFFFFFF66
:10888000FFFFFFFFFFFFFFCF170000000000000009
:108890000000000030C8FFFFFFFFFFFFFFFFEF6A8F
:1088A0000200000000000000000000000000004185
:1088B00097DBEEFFDEAC6803000000000000A2AA18
:1088C000AAAAAAAAAAAA99897846120000000000BA
:1088D00000000000000000F3FFFFFFFFFFFFFFFFAD
:1088E000FFFFFFFFAD3700000000000000000000A8
:1088F000F3FFFFFFFFFFFFFFFFFFFFFFFFFFFFAEE5
:10890000040000000000000000F3FFFFFFFFFFFF76
:10891000FFFFFFFFFFFFFFFFFFEF1700000000005A
:108920000000F3FFFFFFFFFFFFFFFFFFFFFFFFFF61
:10893000FFFFFFEF17000000000000F3FFFFFFFF45
:10894000FFFFFFFFFFFFFFFFFFFFFFFFFFDF030052
:1089500000000000F3FFFFFFFFFFFFFFFFFFFFFF2F
:10896000FFFFFFFFFFFFFF7F0000000000F3FFFF9E
:10897000FF0800000000214386DAFFFFFFFFFFFF32
:10898000FF0A00000000F3FFFFFF080000000000E6
:1089900000000062FBFFFFFFFFFFBF01000000F3CC
:1089A000FFFFFF0800000000000000000020E8FFBB
:1089B000FFFFFFFF0B000000F3FFFFFF08000000B8
:1089C0000000000000000010F9FFFFFFFF9F000003
:1089D00000F3FFFFFF08000000000000000000009F
:1089E0000040FDFFFFFFFF060000F3FFFFFF080050
:1089F0000000000000000000000000C1FFFFFFFFBA
:108A00002F0000F3FFFFFF0800000000000000003F
:108A10000000000010FBFFFFFFBF0000F3FFFFFF9F
:108A20000800000000000000000000000000C1FF7E
:108A3000FFFFFF0500F3FFFFFF080000000000003C
:108A40000000000000000020FEFFFFFF0D00F3FF0C
:108A5000FFFF080000000000000000000000000010
:108A600000F6FFFFFF5F00F3FFFFFF0800000000BC
:108A700000000000000000000000C0FFFFFFBF007A
:108A8000F3FFFFFF080000000000000000000000EE
:108A900000000040FFFFFFFF02F3FFFFFF080000A0
:108AA00000000000000000000000000000FDFFFFCB
:108AB000FF07F3FFFFFF08000000000000000000B8
:108AC000000000000000F7FFFFFF0BF3FFFFFF08AF
:108AD000000000000000000000000000000000F3A3
:108AE000FFFFFF1FF3FFFFFF080000000000000072
:108AF0000000000000000000E0FFFFFF4FF3FFFF59
:108B0000FF0800000000000000000000000000005E
:108B100000A0FFFFFF6FF3FFFFFF08000000000051
:108B20000000000000000000000080FFFFFF8FF346
:108B3000FFFFFF0800000000000000000000000030
:108B400000000060FFFFFFBFF3FFFFFF0800000011
:108B500000000000000000000000000040FFFFFFD8
:108B6000CFF3FFFFFF08000000000000000000003E
:108B7000000000000030FFFFFFDFF3FFFFFF0800F1
:108B8000000000000000000000000000000030FFB6
:108B9000FFFFDFF3FFFFFF08000000000000000000
:108BA0000000000000000020FFFFFFEFF3FFFFFFC9
:108BB00008000000000000000000000000000000AD
:108BC00020FFFFFFEFF3FFFFFF08000000000000A1
:108BD00000000000000000000030FFFFFFDFF3FF97
:108BE000FFFF08000000000000000000000000007F
:108BF000000040FFFFFFCFF3FFFFFF080000000071
:108C0000000000000000000000000050FFFFFFBF58
:108C1000F3FFFFFF0800000000000000000000005C
:108C20000000000070FFFFFF9FF3FFFFFF08000040
:108C30000000000000000000000000000090FFFFA6
:108C4000FF6FF3FFFFFF08000000000000000000BE
:108C5000000000000000C0FFFFFF4FF3FFFFFF0810
:108C6000000000000000000000000000000000F113
:108C7000FFFFFF1FF3FFFFFF0800000000000000E0
:108C80000000000000000000F5FFFFFF0BF3FFFFF6
:108C9000FF080000000000000000000000000000CD
:108CA00000FAFFFFFF06F3FFFFFF080000000000CF
:108CB00000000000000000000010FFFFFFFF02F3B3
:108CC000FFFFFF080000000000000000000000009F
:108CD000000080FFFFFFBF00F3FFFFFF0800000060
:108CE0000000000000000000000000F2FFFFFF4F46
:108CF00000F3FFFFFF08000000000000000000007C
:108D000000000000FBFFFFFF0C00F3FFFFFF080067
:108D100000000000000000000000000070FFFFFFE6
:108D2000FF0500F3FFFFFF08000000000000000047
:108D30000000000000F5FFFFFFBF0000F3FFFFFF92
:108D40000800000000000000000000000050FFFFCD
:108D5000FFFF2F0000F3FFFFFF08000000000000EE
:108D6000000000000000F8FFFFFFFF070000F3FF16
:108D7000FFFF080000000000000000000000C3FF2B
:108D8000FFFFFFAF000000F3FFFFFF08000000003F
:108D900000000000000092FFFFFFFFFF1C0000002A
:108DA000F3FFFFFF08000000000000000000A5FF27
:108DB000FFFFFFFFDF01000000F3FFFFFF080000DF
:108DC000000000002075EBFFFFFFFFFFFF1C00000D
:108DD0000000F3FFFFFFADAAAAAAAACBECFFFFFF9A
:108DE000FFFFFFFFFFBF0100000000F3FFFFFFFFD9
:108DF000FFFFFFFFFFFFFFFFFFFFFFFFFFFF06007B
:108E000000000000F3FFFFFFFFFFFFFFFFFFFFFF7A
:108E1000FFFFFFFFFFFF3B000000000000F3FFFF2C
:108E2000FFFFFFFFFFFFFFFFFFFFFFFFFFFF5C00F4
:108E3000000000000000F3FFFFFFFFFFFFFFFFFF48
:108E4000FFFFFFFFFFEF4A0000000000000000F3FB
:108E5000FFFFFFFFFFFFFFFFFFFFFFFFFF9D15006D
:108E60000000000000000000F3FFFFFFFFFFFFFF16
:108E7000FFEECDAB68140000000000000000000011
:108E800000F3FFFFFFFFFFFFFFFFFFFFFFFFFFFFFD
:108E9000FFFFFFFF2FF3FFFFFFFFFFFFFFFFFFFFBE
:108EA000FFFFFFFFFFFFFFFF2FF3FFFFFFFFFFFFAE
:108EB000FFFFFFFFFFFFFFFFFFFFFFFF2FF3FFFF9E
:108EC000FFFFFFFFFFFFFFFFFFFFFFFFFFFFFFFFB2
:108ED0002FF3FFFFFFFFFFFFFFFFFFFFFFFFFFFF7E
:108EE000FFFFFFFF2FF3FFFFFFFFFFFFFFFFFFFF6E
:108EF000FFFFFFFFFFFFFFFF2FF3FFFFFFDEDDDDC3
:108F0000DDDDDDDDDDDDDDDDDDDDDDDD2DF3FFFFE7
:108F1000FF0800000000000000000000000000004A
:108F200000F3FFFFFF080000000000000000000049
:108F30000000000000F3FFFFFF0800000000000039
:108F4000000000000000000000F3FFFFFF08000029
:108F500000000000000000000000000000F3FFFF20
:108F6000FF080000000000000000000000000000FA
:108F700000F3FFFFFF0800000000000000000000F9
:108F80000000000000F3FFFFFF08000000000000E9
:108F9000000000000000000000F3FFFFFF080000D9
:108FA00000000000000000000000000000F3FFFFD0
:108FB000FF080000000000000000000000000000AA
:108FC00000F3FFFFFF0800000000000000000000A9
:108FD0000000000000F3FFFFFF0800000000000099
:108FE000000000000000000000F3FFFFFF08000089
:108FF00000000000000000000000000000F3FFFF80
:10900000FF08000000000000000000000000000059
:1090100000F3FFFFFF080000000000000000000058
:109020000000000000F3FFFFFF0800000000000048
:10903000000000000000000000F3FFFFFFDEDDDDA8
:10904000DDDDDDDDDDDDDDDDDDDDDDDD2DF3FFFFA6
:10905000FFFFFFFFFFFFFFFFFFFFFFFFFFFFFFFF20
:109060002FF3FFFFFFFFFFFFFFFFFFFFFFFFFFFFEC
:10907000FFFFFFFF2FF3FFFFFFFFFFFFFFFFFFFFDC
:10908000FFFFFFFFFFFFFFFF2FF3FFFFFFFFFFFFCC
:10909000FFFFFFFFFFFFFFFFFFFFFFFF2FF3FFFFBC
:1090A000FFFFFFFFFFFFFFFFFFFFFFFFFFFFFFFFD0
:1090B0002FF3FFFFFFFFFFFFFFFFFFFFFFFFFFFF9C
:1090C000FFFFFFFF2FF3FFFFFF080000000000007D
:1090D000000000000000000000F3FFFFFF08000098
:1090E00000000000000000000000000000F3FFFF8F
:1090F000FF08000000000000000000000000000069
:1091000000F3FFFFFF080000000000000000000067
:109110000000000000F3FFFFFF0800000000000057
:10912000000000000000000000F3FFFFFF08000047
:1091300000000000000000000000000000F3FFFF3E
:10914000FF08000000000000000000000000000018
:1091500000F3FFFFFF080000000000000000000017
:109160000000000000F3FFFFFF0800000000000007
:10917000000000000000000000F3FFFFFF080000F7
:1091800000000000000000000000000000F3FFFFEE
:10919000FF080000000000000000000000000000C8
:1091A00000F3FFFFFF0800000000000000000000C7
:1091B0000000000000F3FFFFFF08000000000000B7
:1091C000000000000000000000F3FFFFFF080000A7
:1091D00000000000000000000000000000F3FFFF9E
:1091E000FF08000000000000000000000000000078
:1091F00000F3FFFFFF080000000000000000000077
:109200000000000000F3FFFFFF0800000000000066
:10921000000000000000000000F3FFFFFF08000056
:1092200000000000000000000000000000F3FFFF4D
:10923000FF08000000000000000000000000000027
:1092400000F3FFFFFF080000000000000000000026
:109250000000000000F3FFFFFF0800000000000016
:10926000000000000000000000F3FFFFFF08000006
:1092700000000000000000000000000000F3FFFFFD
:10928000FFEEEEEEEEEEEEEEEEEEEEEEEEEEEEEEED
:109290002EF3FFFFFFFFFFFFFFFFFFFFFFFFFFFFBB
:1092A000FFFFFFFF2FF3FFFFFFFFFFFFFFFFFFFFAA
:1092B000FFFFFFFFFFFFFFFF2FF3FFFFFFFFFFFF9A
:1092C000FFFFFFFFFFFFFFFFFFFFFFFF2FF3FFFF8A
:1092D000FFFFFFFFFFFFFFFFFFFFFFFFFFFFFFFF9E
:1092E0002FF3FFFFFFFFFFFFFFFFFFFFFFFFFFFF6A
:1092F000FFFFFFFF2FF3FFFFFFFFFFFFFFFFFFFF5A
:10930000FFFFFFFFFFFFFFFF2FF3FFFFFFFFFFFF49
:10931000FFFFFFFFFFFFFFFFFFFFFFFFF3FFFFFF69
:10932000FFFFFFFFFFFFFFFFFFFFFFFFFFFFFFF359
:10933000FFFFFFFFFFFFFFFFFFFFFFFFFFFFFFFF3D
:10934000FFFFF3FFFFFFFFFFFFFFFFFFFFFFFFFF39
:10935000FFFFFFFFFFF3FFFFFFFFFFFFFFFFFFFF29
:10936000FFFFFFFFFFFFFFFFF3FFFFFFFFFFFFFF19
:10937000FFFFFFFFFFFFFFFFFFFFFFF3FFFFFFDE2A
:10938000DDDDDDDDDDDDDDDDDDDDDDDDDDDDF3FFD5
:10939000FFFF0800000000000000000000000000C7
:1093A00000F3FFFFFF0800000000000000000000C5
:1093B00000000000F3FFFFFF0800000000000000B5
:1093C00000000000000000F3FFFFFF0800000000A5
:1093D00000000000000000000000F3FFFFFF080095
:1093E00000000000000000000000000000F3FFFF8C
:1093F000FF08000000000000000000000000000066
:10940000F3FFFFFF08000000000000000000000064
:10941000000000F3FFFFFF08000000000000000054
:10942000000000000000F3FFFFFF08000000000044
:10943000000000000000000000F3FFFFFF08000034
:10944000000000000000000000000000F3FFFFFF2C
:10945000080000000000000000000000000000F311
:10946000FFFFFF08000000000000000000000000F7
:109470000000F3FFFFFF08000000000000000000F4
:109480000000000000F3FFFFFF08000000000000E4
:109490000000000000000000F3FFFFFF08000000D4
:1094A0000000000000000000000000F3FFFFFF08C4
:1094B0000000000000000000000000000000F3FFBA
:1094C000FFFFDEDDDDDDDDDDDDDDDDDDDDDDBD0084
:1094D00000F3FFFFFFFFFFFFFFFFFFFFFFFFFFFFA7
:1094E000FFCF0000F3FFFFFFFFFFFFFFFFFFFFFFC6
:1094F000FFFFFFFFCF0000F3FFFFFFFFFFFFFFFFB6
:10950000FFFFFFFFFFFFFFCF0000F3FFFFFFFFFFA5
:10951000FFFFFFFFFFFFFFFFFFFFCF0000F3FFFF95
:10952000FFFFFFFFFFFFFFFFFFFFFFFFFFCF000079
:10953000F3FFFFFFFFFFFFFFFFFFFFFFFFFFFFFF47
:10954000CF0000F3FFFFFF08000000000000000054
:10955000000000000000F3FFFFFF08000000000013
:10956000000000000000000000F3FFFFFF08000003
:10957000000000000000000000000000F3FFFFFFFB
:10958000080000000000000000000000000000F3E0
:10959000FFFFFF08000000000000000000000000C6
:1095A0000000F3FFFFFF08000000000000000000C3
:1095B0000000000000F3FFFFFF08000000000000B3
:1095C0000000000000000000F3FFFFFF08000000A3
:1095D0000000000000000000000000F3FFFFFF0893
:1095E0000000000000000000000000000000F3FF89
:1095F000FFFF080000000000000000000000000065
:1096000000F3FFFFFF080000000000000000000062
:1096100000000000F3FFFFFF080000000000000052
:1096200000000000000000F3FFFFFF080000000042
:1096300000000000000000000000F3FFFFFF080032
:1096400000000000000000000000000000F3FFFF29
:10965000FF08000000000000000000000000000003
:10966000F3FFFFFF08000000000000000000000002
:10967000000000F3FFFFFF080000000000000000F2
:10968000000000000000F3FFFFFF080000000000E2
:10969000000000000000000000F3FFFFFF080000D2
:1096A000000000000000000000000000F3FFFFFFCA
:1096B000080000000000000000000000000000F3AF
:1096C000FFFFFF0800000000000000000000000095
:1096D0000000F3FFFFFF0800000000000000000092
:1096E0000000000000F3FFFFFF0800000000000082
:1096F0000000000000000000F3FFFFFF0800000072
:109700000000000000000000000000F3FFFFFF0861
:109710000000000000000000000000000000F3FF57
:10972000FFFF080000000000000000000000000033
:1097300000F3FFFFFF080000000000000000000031
:1097400000000000F3FFFFFF080000000000000021
:109750000000000000000000000000000000000009
:1097600000000042769899896724000000000000FC
:1097700000000000000000000000000084EBFFFF7C
:10978000FFFFFFFFFFBE58010000000000000000C7
:10979000000000000040EAFFFFFFFFFFFFFFFFFFA8
:1097A000FFFFCF2700000000000000000000006065
:1097B000FCFFFFFFFFFFFFFFFFFFFFFFFFFFFF6C4F
:1097C00001000000000000000040FCFFFFFFFFFF61
:1097D000FFFFFFFFFFFFFFFFFFFFFF9F03000000F2
:1097E00000000010FAFFFFFFFFFFFFFFFFFFFFFF7A
:1097F000FFFFFFFFFFFFFFBF020000000000D3FFDD
:10980000FFFFFFFFFFFFFFFFFFFFFFFFFFFFFFFF68
:10981000FFFFFF040000000040FEFFFFFFFFFFBF4F
:10982000581301113275CAFFFFFFFFFFFFFF04004D
:10983000000000F5FFFFFFFFFF6C010000000000CB
:10984000000061EAFFFFFFFFFF0400000040FFFF90
:10985000FFFFFF4C0000000000000000000010C6E9
:10986000FFFFFFFF04000000E3FFFFFFFF7F00009A
:109870000000000000000000000000C4FFFFFF0423
:10988000000010FDFFFFFFDF0300000000000000EC
:1098900000000000000000E5FFFF040000A0FFFF43
:1098A000FFFF2D000000000000000000000000008D
:1098B000000010F9FF040000F4FFFFFFEF020000BA
:1098C000000000000000000000000000000040FD5B
:1098D000040000FCFFFFFF4F00000000000000003C
:1098E0000000000000000000000091030050FFFF96
:1098F000FFFF080000000000000000000000000062
:109900000000000000000000C0FFFFFFDF000000BB
:109910000000000000000000000000000000000047
:10992000000000F3FFFFFF5F0000000000000000E8
:109930000000000000000000000000000000F9FF2F
:10994000FFFF0D000000000000000000000000000C
:10995000000000000000000000FEFFFFFF06000006
:1099600000000000000000000000000000000000F7
:1099700000000030FFFFFFFF0100000000000000BA
:10998000000000000000000000000000000070FF68
:10999000FFFFBF000000000000000000000000000A
:1099A000000000000000000000A0FFFFFF7F00009B
:1099B00000000000000000000000000000000000A7
:1099C00000000000D0FFFFFF3F000000000000008B
:1099D000000000000000000000000000000000F196
:1099E000FFFFFF1F0000000000000000000000005B
:1099F00000000000000000000000F3FFFFFF0D006A
:109A00000000000000000000000000000000000056
:109A10000000000000F4FFFFFF0B0000000000004A
:109A20000000000000000000000000000000000036
:109A3000F6FFFFFF0A000000000000000000000029
:109A40000000000000000000000000F6FFFFFF091A
:109A50000000000000000000000000000000000006
:109A6000000000000000F7FFFFFF090000000000F9
:109A700000000000000000000000000000000000E6
:109A800000F7FFFFFF08000000000000000000B02A
:109A9000CCCCCCCCCCCCCCCCCCCCCC04F7FFFFFF0A
:109AA00009000000000000000000E0FFFFFFFFFFD2
:109AB000FFFFFFFFFFFF05F6FFFFFF0900000000AB
:109AC0000000000000E0FFFFFFFFFFFFFFFFFFFFC0
:109AD000FF05F6FFFFFF0A00000000000000000085
:109AE000E0FFFFFFFFFFFFFFFFFFFFFF05F5FFFFA9
:109AF000FF0C000000000000000000E0FFFFFFFF7F
:109B0000FFFFFFFFFFFFFF05F3FFFFFF0E00000059
:109B1000000000000000E0FFFFFFFFFFFFFFFFFF6E
:109B2000FFFF05F2FFFFFF1F000000000000000024
:109B300000E0FFFFFFFFFFFFFFFFFFFFFF05F0FF5C
:109B4000FFFF4F00000000000000000000000000C8
:109B500000000000F5FFFFFF05C0FFFFFF7F0000D2
:109B6000000000000000000000000000000000F500
:109B7000FFFFFF0590FFFFFFBF0000000000000097
:109B800000000000000000000000F5FFFFFF05607E
:109B9000FFFFFFFF010000000000000000000000C8
:109BA0000000000000F5FFFFFF0520FFFFFFFF079B
:109BB00000000000000000000000000000000000A5
:109BC000F5FFFFFF0500FCFFFFFF0D000000000098
:109BD0000000000000000000000000F5FFFFFF058E
:109BE00000F7FFFFFF5F0000000000000000000022
:109BF000000000000000F5FFFFFF0500F1FFFFFF80
:109C0000DF00000000000000000000000000000075
:109C100000F5FFFFFF050090FFFFFFFF08000000B9
:109C2000000000000000000000000000F5FFFFFF42
:109C3000050030FFFFFFFF4F0000000000000000A4
:109C400000000000000000F5FFFFFF050000FAFF24
:109C5000FFFFEF0200000000000000000000000015
:109C60000000F5FFFFFF050000E2FFFFFFFF2D00F2
:109C700000000000000000000000000000F5FFFFF1
:109C8000FF05000060FFFFFFFFDF03000000000092
:109C90000000000000000000F5FFFFFF05000000CD
:109CA000FAFFFFFFFF6F000000000000000000004F
:109CB000000000F5FFFFFF05000000D1FFFFFFFFE0
:109CC000FF3C000000000000000000000010F8FF52
:109CD000FFFF0500000020FDFFFFFFFFFF4B00001E
:109CE0000000000000000051EAFFFFFFFF05000038
:109CF0000000D2FFFFFFFFFFFF9E260000000010C4
:109D000063C8FFFFFFFFFFFF050000000010FCFF1E
:109D1000FFFFFFFFFFFFDFBCBBDCFEFFFFFFFFFF1E
:109D2000FFFFFF05000000000090FFFFFFFFFFFFA7
:109D3000FFFFFFFFFFFFFFFFFFFFFFFFFFDF03004E
:109D40000000000000D4FFFFFFFFFFFFFFFFFFFF49
:109D5000FFFFFFFFFFFFFFBF050000000000000046
:109D600000D6FFFFFFFFFFFFFFFFFFFFFFFFFFFF2B
:109D7000FF8D0200000000000000000000B5FFFFA2
:109D8000FFFFFFFFFFFFFFFFFFFFDF3800000000C6
:109D900000000000000000000062EAFFFFFFFFFF7C
:109DA000FFFFFFEF7B030000000000000000000049
:109DB00000000000000052A8DBEEFFEEAC680300DC
:109DC0000000000000005155555503000000000040
:109DD00000000000000000002055555525F3FFFF4E
:109DE000FF0800000000000000000000000000600C
:109DF000FFFFFF5FF3FFFFFF08000000000000000F
:109E000000000000000060FFFFFF5FF3FFFFFF089E
:109E10000000000000000000000000000060FFFFE4
:109E2000FF5FF3FFFFFF08000000000000000000DC
:109E30000000000060FFFFFF5FF3FFFFFF0800006E
:109E4000000000000000000000000060FFFFFF5F56
:109E5000F3FFFFFF0800000000000000000000000A
:109E6000000060FFFFFF5FF3FFFFFF08000000003E
:109E700000000000000000000060FFFFFF5FF3FF34
:109E8000FFFF0800000000000000000000000000CC
:109E900060FFFFFF5FF3FFFFFF080000000000000E
:109EA0000000000000000060FFFFFF5FF3FFFFFF06
:109EB000080000000000000000000000000060FF3B
:109EC000FFFF5FF3FFFFFF0800000000000000003D
:109ED000000000000060FFFFFF5FF3FFFFFF0800CE
:109EE00000000000000000000000000060FFFFFF15
:109EF0005FF3FFFFFF08000000000000000000000B
:109F000000000060FFFFFF5FF3FFFFFF080000009D
:109F10000000000000000000000060FFFFFF5FF392
:109F2000FFFFFF080000000000000000000000002C
:109F30000060FFFFFF5FF3FFFFFF0800000000006D
:109F4000000000000000000060FFFFFF5FF3FFFF64
:109F5000FF0800000000000000000000000000609A
:109F6000FFFFFF5FF3FFFFFF08000000000000009D
:109F700000000000000060FFFFFF5FF3FFFFFF082D
:109F80000000000000000000000000000060FFFF73
:109F9000FF5FF3FFFFFF080000000000000000006B
:109FA0000000000060FFFFFF5FF3FFFFFF080000FD
:109FB000000000000000000000000060FFFFFF5FE5
:109FC000F3FFFFFF08000000000000000000000099
:109FD000000060FFFFFF5FF3FFFFFFDEDDDDDDDD83
:109FE000DDDDDDDDDDDDDDDDDDEDFFFFFF5FF3FF71
:109FF000FFFFFFFFFFFFFFFFFFFFFFFFFFFFFFFF71
:10A00000FFFFFFFF5FF3FFFFFFFFFFFFFFFFFFFF0C
:10A01000FFFFFFFFFFFFFFFFFFFFFF5FF3FFFFFFFC
:10A02000FFFFFFFFFFFFFFFFFFFFFFFFFFFFFFFF40
:10A03000FFFF5FF3FFFFFFFFFFFFFFFFFFFFFFFFDC
:10A04000FFFFFFFFFFFFFFFFFF5FF3FFFFFFFFFFCC
:10A05000FFFFFFFFFFFFFFFFFFFFFFFFFFFFFFFF10
:10A060005FF3FFFFFFFFFFFFFFFFFFFFFFFFFFFFAC
:10A07000FFFFFFFFFFFFFF5FF3FFFFFF0800000090
:10A080000000000000000000000060FFFFFF5FF321
:10A09000FFFFFF08000000000000000000000000BB
:10A0A0000060FFFFFF5FF3FFFFFF080000000000FC
:10A0B000000000000000000060FFFFFF5FF3FFFFF3
:10A0C000FF08000000000000000000000000006029
:10A0D000FFFFFF5FF3FFFFFF08000000000000002C
:10A0E00000000000000060FFFFFF5FF3FFFFFF08BC
:10A0F0000000000000000000000000000060FFFF02
:10A10000FF5FF3FFFFFF08000000000000000000F9
:10A110000000000060FFFFFF5FF3FFFFFF0800008B
:10A12000000000000000000000000060FFFFFF5F73
:10A13000F3FFFFFF08000000000000000000000027
:10A14000000060FFFFFF5FF3FFFFFF08000000005B
:10A1500000000000000000000060FFFFFF5FF3FF51
:10A16000FFFF0800000000000000000000000000E9
:10A1700060FFFFFF5FF3FFFFFF080000000000002B
:10A180000000000000000060FFFFFF5FF3FFFFFF23
:10A19000080000000000000000000000000060FF58
:10A1A000FFFF5FF3FFFFFF0800000000000000005A
:10A1B000000000000060FFFFFF5FF3FFFFFF0800EB
:10A1C00000000000000000000000000060FFFFFF32
:10A1D0005FF3FFFFFF080000000000000000000028
:10A1E00000000060FFFFFF5FF3FFFFFF08000000BB
:10A1F0000000000000000000000060FFFFFF5FF3B0
:10A20000FFFFFF0800000000000000000000000049
:10A210000060FFFFFF5FF3FFFFFF0800000000008A
:10A22000000000000000000060FFFFFF5FF3FFFF81
:10A23000FF080000000000000000000000000060B7
:10A24000FFFFFF5FF3FFFFFF0800000000000000BA
:10A2500000000000000060FFFFFF5FF3FFFFFF084A
:10A260000000000000000000000000000060FFFF90
:10A27000FF5FF3FFFFFF0800000000000000000088
:10A280000000000060FFFFFF5FF3FFFFFF0800001A
:10A29000000000000000000000000060FFFFFF5F02
:10A2A000F3FFFFFF080000000000000000000000B6
:10A2B000000060FFFFFF5FF3FFFFFF0800000000EA
:10A2C00000000000000000000060FFFFFF5FF3FFE0
:10A2D000FFFF080000000000000000000000000078
:10A2E00060FFFFFF5FF3FFFFFF08000000000000BA
:10A2F0000000000000000060FFFFFF5FF3FFFFFFB2
:10A30000080000000000000000000000000060FFE6
:10A31000FFFF5FFAFFFFFFFFFFFFFFFFFFFF5FFA97
:10A32000FFFFFFFFFFFFFFFFFFFF5FFAFFFFFFFFE2
:10A33000FFFFFFFFFFFF5FFAFFFFFFFFFFFFFFFFD2
:10A34000FFFF5FFAFFFFFFFFFFFFFFFFFFFF5FE978
:10A35000EEEEEEFFFFFFFFEEEEEE5E00000000FF10
:10A36000FFFFBF0000000000000000FFFFFFBF0074
:10A3700000000000000000FFFFFFBF000000000021
:10A38000000000FFFFFFBF0000000000000000FF12
:10A39000FFFFBF0000000000000000FFFFFFBF0044
:10A3A00000000000000000FFFFFFBF0000000000F1
:10A3B000000000FFFFFFBF0000000000000000FFE2
:10A3C000FFFFBF0000000000000000FFFFFFBF0014
:10A3D00000000000000000FFFFFFBF0000000000C1
:10A3E000000000FFFFFFBF0000000000000000FFB2
:10A3F000FFFFBF0000000000000000FFFFFFBF00E4
:10A4000000000000000000FFFFFFBF000000000090
:10A41000000000FFFFFFBF0000000000000000FF81
:10A42000FFFFBF0000000000000000FFFFFFBF00B3
:10A4300000000000000000FFFFFFBF000000000060
:10A44000000000FFFFFFBF0000000000000000FF51
:10A45000FFFFBF0000000000000000FFFFFFBF0083
:10A4600000000000000000FFFFFFBF000000000030
:10A47000000000FFFFFFBF0000000000000000FF21
:10A48000FFFFBF0000000000000000FFFFFFBF0053
:10A4900000000000000000FFFFFFBF000000000000
:10A4A000000000FFFFFFBF0000000000000000FFF1
:10A4B000FFFFBF0000000000000000FFFFFFBF0023
:10A4C00000000000000000FFFFFFBF0000000000D0
:10A4D000000000FFFFFFBF0000000000000000FFC1
:10A4E000FFFFBF0000000000000000FFFFFFBF00F3
:10A4F00000000000000000FFFFFFBF0000000000A0
:10A50000000000FFFFFFBF0000000000000000FF90
:10A51000FFFFBF0000000000000000FFFFFFBF00C2
:10A5200000000000000000FFFFFFBF00000000006F
:10A53000000000FFFFFFBF0000000000000000FF60
:10A54000FFFFBF0000000000000000FFFFFFBF0092
:10A5500000000000000000FFFFFFBF00000000003F
:10A56000000000FFFFFFBF0000000000000000FF30
:10A57000FFFFBF0000000000000000FFFFFFBF0062
:10A58000000000E9EEEEEEFFFFFFFFEEEEEE5EFAFA
:10A59000FFFFFFFFFFFFFFFFFFFF5FFAFFFFFFFF70
:10A5A000FFFFFFFFFFFF5FFAFFFFFFFFFFFFFFFF60
:10A5B000FFFF5FFAFFFFFFFFFFFFFFFFFFFF5FFAF5
:10A5C000FFFFFFFFFFFFFFFFFFFF5F000000003204
:10A5D0003333333333333333330000000000FDFFB4
:10A5E000FFFFFFFFFFFFFFFF0200000000FDFFFF76
:10A5F000FFFFFFFFFFFFFF0200000000FDFFFFFF66
:10A60000FFFFFFFFFFFF0200000000FDFFFFFFFF55
:10A61000FFFFFFFFFF0200000000FDFFFFFFFFFF45
:10A62000FFFFFFFF0200000000FDFFFFFFFFFFFF35
:10A63000FFFFFF0200000000000000000000F9FF23
:10A64000FFFF0200000000000000000000F9FFFF13
:10A65000FF0200000000000000000000F9FFFFFF03
:10A660000200000000000000000000F9FFFFFF02F0
:10A6700000000000000000000000F9FFFFFF0200E2
:10A68000000000000000000000F9FFFFFF020000D2
:10A690000000000000000000F9FFFFFF02000000C2
:10A6A00000000000000000F9FFFFFF0200000000B2
:10A6B000000000000000F9FFFFFF020000000000A2
:10A6C0000000000000F9FFFFFF0200000000000092
:10A6D00000000000F9FFFFFF020000000000000082
:10A6E000000000F9FFFFFF02000000000000000072
:10A6F0000000F9FFFFFF0200000000000000000062
:10A7000000F9FFFFFF020000000000000000000051
:10A71000F9FFFFFF0200000000000000000000F948
:10A72000FFFFFF0200000000000000000000F9FF32
:10A73000FFFF0200000000000000000000F9FFFF22
:10A74000FF0200000000000000000000F9FFFFFF12
:10A750000200000000000000000000F9FFFFFF02FF
:10A7600000000000000000000000F9FFFFFF0200F1
:10A77000000000000000000000F9FFFFFF020000E1
:10A780000000000000000000F9FFFFFF02000000D1
:10A7900000000000000000F9FFFFFF0200000000C1
:10A7A000000000000000F9FFFFFF020000000000B1
:10A7B0000000000000F9FFFFFF02000000000000A1
:10A7C00000000000F9FFFFFF020000000000000091
:10A7D000000000F9FFFFFF02000000000000000081
:10A7E0000000F9FFFFFF0200000000000000000071
:10A7F00000F9FFFFFF020000000000000000000061
:10A80000F9FFFFFF0200000000000000000000F957
:10A81000FFFFFF0200000000000000000000F9FF41
:10A82000FFFF0200000000000000000000F9FFFF31
:10A83000FF0200000000000000000000F9FFFFFF21
:10A840000200000000000000000000FAFFFFFF020D
:10A8500000000000000000000000FAFFFFFF0200FF
:10A86000000000000000000000FBFFFFFF020000EE
:10A870000000000000000000FCFFFFFF01000000DE
:10A8800000000000000000FEFFFFFF0000000000CD
:10A89000000000000020FFFFFFDF000000000000BC
:10A8A0000000000060FFFFFFAF000000000000009C
:10A8B000000000D0FFFFFF6F00000000000000005C
:10A8C0000000F8FFFFFF1F00420000000000000032
:10A8D00080FFFFFFFF0A00F4AE360000000072FDAB
:10A8E000FFFFFFFF0200F4FFFFCFABBAECFFFFFF5B
:10A8F000FFFF8F0000F4FFFFFFFFFFFFFFFFFFFFE1
:10A90000FF0B0000F4FFFFFFFFFFFFFFFFFFFFBF94
:10A91000010000F4FFFFFFFFFFFFFFFFFFFF090043
:10A920000000F4FFFFFFFFFFFFFFFFFF5D000000DF
:10A9300000F4FFFFFFFFFFFFFFFF6C0000000000BF
:10A94000005397CBEEFFDE9B260000000000005571
:10A950005555450000000000000000000000000008
:10A9600010555555551500FFFFFFBF0000000000B2
:10A970000000000000000000C1FFFFFFFF0800FF13
:10A98000FFFFBF000000000000000000000000000A
:10A99000FBFFFFFF9F0000FFFFFFBF000000000064
:10A9A00000000000000000A0FFFFFFFF0A0000FF02
:10A9B000FFFFBF000000000000000000000000F9E1
:10A9C000FFFFFFAF000000FFFFFFBF00000000001F
:10A9D00000000000000080FFFFFFFF0B000000FFF1
:10A9E000FFFFBF0000000000000000000000F7FFB4
:10A9F000FFFFCF01000000FFFFFFBF0000000000CD
:10AA0000000000000060FFFFFFFF1C00000000FFCF
:10AA1000FFFFBF00000000000000000000F5FFFF86
:10AA2000FFDF0100000000FFFFFFBF00000000008B
:10AA30000000000040FFFFFFFF2D0000000000FFAE
:10AA4000FFFFBF000000000000000000E3FFFFFF69
:10AA5000DF020000000000FFFFFFBF000000000059
:10AA600000000020FEFFFFFF2E000000000000FF9E
:10AA7000FFFFBF0000000000000000D2FFFFFFEF5B
:10AA800003000000000000FFFFFFBF000000000007
:10AA9000000010FDFFFFFF3E00000000000000FF6F
:10AAA000FFFFBF00000000000000C1FFFFFFFF0428
:10AAB00000000000000000FFFFFFBF0000000000DA
:10AAC0000010FBFFFFFF5F0000000000000000FF20
:10AAD000FFFFBF000000000000B0FFFFFFFF050008
:10AAE00000000000000000FFFFFFBF0000000000AA
:10AAF00000FAFFFFFF6F000000000000000000FFF1
:10AB0000FFFFBF000000000090FFFFFFFF070000F5
:10AB100000000000000000FFFFFFBF000000000079
:10AB2000F8FFFFFF8F00000000000000000000FFA2
:10AB3000FFFFBF0000000060FFFFFFFF08000000F4
:10AB400000000000000000FFFFFFBF00000000F554
:10AB5000FFFFFF9F0000000000000000000000FF5A
:10AB6000FFFFBF00000040FFFFFFFF0A00000000E2
:10AB700000000000000000FFFFFFBF000000E4FF36
:10AB8000FFFFBF000000000000000000000000FF09
:10AB9000FFFFBF000030FEFFFFFF0B0000000000C2
:10ABA00000000000000000FFFFFFBF0000E2FFFF09
:10ABB000FFCF01000000000000000000000000FFC7
:10ABC000FFFFBF0020FDFFFFFF1C00000000000092
:10ABD00000000000000000FFFFFFBF00D1FFFFFFEB
:10ABE000DF0100000000000000000000000000FF86
:10ABF000FFFFBF10FCFFFFFFBF00000000000000D0
:10AC000000000000000000FFFFFFBFB0FFFFFFFFDC
:10AC1000FF0A00000000000000000000000000FF2C
:10AC2000FFFFBFFAFFFFFFFFFF8F000000000000E3
:10AC300000000000000000FFFFFFFFFFFFFFFFFF1D
:10AC4000FFFF06000000000000000000000000FF01
:10AC5000FFFFFFFFFFFFFFFFFFFF4F0000000000AF
:10AC600000000000000000FFFFFFFFFFFF4EFEFF9F
:10AC7000FFFFEF030000000000000000000000FFE5
:10AC8000FFFFFFFFEF03E3FFFFFFFF2E00000000C9
:10AC900000000000000000FFFFFFFFFF4E0040FF2C
:10ACA000FFFFFFDF0100000000000000000000FFC8
:10ACB000FFFFFFFF040000F6FFFFFFFF0B00000097
:10ACC00000000000000000FFFFFFFF5F00000080A9
:10ACD000FFFFFFFFAF00000000000000000000FFCA
:10ACE000FFFFFF0600000000F9FFFFFFFF08000064
:10ACF00000000000000000FFFFFFCF000000000088
:10AD0000B0FFFFFFFF6F000000000000000000FF29
:10AD1000FFFFBF000000000010FCFFFFFFFF050069
:10AD200000000000000000FFFFFFBF000000000067
:10AD300000D1FFFFFFFF3E0000000000000000FF09
:10AD4000FFFFBF00000000000020FEFFFFFFEF023A
:10AD500000000000000000FFFFFFBF000000000037
:10AD60000000E3FFFFFFFF1D00000000000000FFE8
:10AD7000FFFFBF0000000000000050FFFFFFFFCFFB
:10AD800001000000000000FFFFFFBF000000000006
:10AD9000000000F6FFFFFFFF0A000000000000FFB8
:10ADA000FFFFBF000000000000000080FFFFFFFF6A
:10ADB0009F000000000000FFFFFFBF000000000038
:10ADC00000000000FAFFFFFFFF070000000000FF87
:10ADD000FFFFBF000000000000000000B0FFFFFF09
:10ADE000FF5F0000000000FFFFFFBF000000000049
:10ADF0000000000010FCFFFFFFFF0400000000FF48
:10AE0000FFFFBF00000000000000000000D2FFFFB5
:10AE1000FFFF2E00000000FFFFFFBF00000000004A
:10AE2000000000000030FEFFFFFFDF01000000FF18
:10AE3000FFFFBF0000000000000000000000F4FF62
:10AE4000FFFFFF1C000000FFFFFFBF00000000002D
:10AE500000000000000050FFFFFFFFBF000000FFE8
:10AE6000FFFFBF000000000000000000000000F72E
:10AE7000FFFFFFFF090000FFFFFFBF000000000011
:10AE80000000000000000090FFFFFFFF7F0000FFB8
:10AE9000FFFFBF00000000000000000000000000F5
:10AEA000FAFFFFFFFF0600FFFFFFBF0000000000EA
:10AEB0000000000000000000C0FFFFFFFF4F00FF88
:10AEC000FFFFBF00000000000000000000000000C5
:10AED00010FDFFFFFFEF0381888888040000000059
:10AEE00000000000000000000000F3FFFFFF08006A
:10AEF00000000000000000000000000000F3FFFF61
:10AF0000FF0800000000000000000000000000003A
:10AF1000F3FFFFFF08000000000000000000000039
:10AF2000000000F3FFFFFF08000000000000000029
:10AF3000000000000000F3FFFFFF08000000000019
:10AF4000000000000000000000F3FFFFFF08000009
:10AF5000000000000000000000000000F3FFFFFF01
:10AF6000080000000000000000000000000000F3E6
:10AF7000FFFFFF08000000000000000000000000CC
:10AF80000000F3FFFFFF08000000000000000000C9
:10AF90000000000000F3FFFFFF08000000000000B9
:10AFA0000000000000000000F3FFFFFF08000000A9
:10AFB0000000000000000000000000F3FFFFFF0899
:10AFC0000000000000000000000000000000F3FF8F
:10AFD000FFFF08000000000000000000000000006B
:10AFE00000F3FFFFFF080000000000000000000069
:10AFF00000000000F3FFFFFF080000000000000059
:10B0000000000000000000F3FFFFFF080000000048
:10B0100000000000000000000000F3FFFFFF080038
:10B0200000000000000000000000000000F3FFFF2F
:10B03000FF08000000000000000000000000000009
:10B04000F3FFFFFF08000000000000000000000008
:10B05000000000F3FFFFFF080000000000000000F8
:10B06000000000000000F3FFFFFF080000000000E8
:10B07000000000000000000000F3FFFFFF080000D8
:10B08000000000000000000000000000F3FFFFFFD0
:10B09000080000000000000000000000000000F3B5
:10B0A000FFFFFF080000000000000000000000009B
:10B0B0000000F3FFFFFF0800000000000000000098
:10B0C0000000000000F3FFFFFF0800000000000088
:10B0D0000000000000000000F3FFFFFF0800000078
:10B0E0000000000000000000000000F3FFFFFF0868
:10B0F0000000000000000000000000000000F3FF5E
:10B10000FFFF080000000000000000000000000039
:10B1100000F3FFFFFF080000000000000000000037
:10B1200000000000F3FFFFFF080000000000000027
:10B1300000000000000000F3FFFFFF080000000017
:10B1400000000000000000000000F3FFFFFF080007
:10B1500000000000000000000000000000F3FFFFFE
:10B16000FF080000000000000000000000000000D8
:10B17000F3FFFFFF080000000000000000000000D7
:10B18000000000F3FFFFFF080000000000000000C7
:10B19000000000000000F3FFFFFF080000000000B7
:10B1A000000000000000000000F3FFFFFF080000A7
:10B1B000000000000000000000000000F3FFFFFF9F
:10B1C000080000000000000000000000000000F384
:10B1D000FFFFFF080000000000000000000000006A
:10B1E0000000F3FFFFFF0800000000000000000067
:10B1F0000000000000F3FFFFFF0800000000000057
:10B200000000000000000000F3FFFFFF0800000046
:10B210000000000000000000000000F3FFFFFF0836
:10B220000000000000000000000000000000F3FF2C
:10B23000FFFF080000000000000000000000000008
:10B2400000F3FFFFFF080000000000000000000006
:10B2500000000000F3FFFFFF0800000000000000F6
:10B2600000000000000000F3FFFFFF0800000000E6
:10B2700000000000000000000000F3FFFFFF0800D6
:10B2800000000000000000000000000000F3FFFFCD
:10B29000FF080000000000000000000000000000A7
:10B2A000F3FFFFFF080000000000000000000000A6
:10B2B000000000F3FFFFFFEEEEEEEEEEEEEEEEEE40
:10B2C000EEEEEEEEEE8EF3FFFFFFFFFFFFFFFFFF60
:10B2D000FFFFFFFFFFFFFFFF9FF3FFFFFFFFFFFFEA
:10B2E000FFFFFFFFFFFFFFFFFFFFFF9FF3FFFFFFDA
:10B2F000FFFFFFFFFFFFFFFFFFFFFFFFFFFF9FF3CA
:10B30000FFFFFFFFFFFFFFFFFFFFFFFFFFFFFFFF4D
:10B31000FF9FF3FFFFFFFFFFFFFFFFFFFFFFFFFFA9
:10B32000FFFFFFFF9FF3FFFFFFFFFFFFFFFFFFFF99
:10B33000FFFFFFFFFFFFFF9F5155555555250000AB
:10B3400000000000000000000000000010555555EE
:10B35000555503F3FFFFFFFFCF0000000000000082
:10B360000000000000000080FFFFFFFFFF09F3FF67
:10B37000FFFFFFFF040000000000000000000000CD
:10B380000000E1FFFFFFFFFF09F3FFFFFFFFFF0BDF
:10B3900000000000000000000000000000F7FFFFB8
:10B3A000FFFFFF09F3FFFFFFFFFF3F00000000006A
:10B3B0000000000000000000FDFFFFFFFFFF09F399
:10B3C000FFFFFFFFFFAF00000000000000000000D3
:10B3D000000060FFFFFFFFFFFF09F3FFFFFFFFFF1C
:10B3E000FF020000000000000000000000C0FFFF9E
:10B3F000FFFFFFFF09F3FFFFFFFFFFFF0A00000051
:10B400000000000000000000F4FFFFFFFFFFFF0945
:10B41000F3FFFFFFFFFFFF2F000000000000000010
:10B42000000000FBFFFFFFFFFFFF09F3FFFFFFFA34
:10B43000FFFF9F0000000000000000000030FFFF41
:10B44000FFF9FFFFFF09F3FFFFFFF3FFFFFF01001D
:10B450000000000000000000A0FFFFEFF3FFFFFF6F
:10B4600009F3FFFFFFA1FFFFFF080000000000003D
:10B47000000000F2FFFF8FF2FFFFFF09F3FFFFFF65
:10B4800031FFFFFF1E000000000000000000F9FF78
:10B49000FF2FF2FFFFFF09F3FFFFFF01FBFFFF8F0D
:10B4A000000000000000000010FFFFFF09F2FFFF96
:10B4B000FF09F3FFFFFF01F4FFFFEF0100000000B1
:10B4C00000000080FFFFFF02F2FFFFFF09F3FFFF14
:10B4D000FF01C0FFFFFF0700000000000000E1FFC8
:10B4E000FFAF00F2FFFFFF09F3FFFFFF0150FFFF77
:10B4F000FF0E00000000000000F7FFFF3F00F2FF1A
:10B50000FFFF09F3FFFFFF0100FCFFFF6F000000DA
:10B5100000000000FDFFFF0B00F2FFFFFF09F3FF3B
:10B52000FFFF0100F6FFFFDF00000000000060FFEA
:10B53000FFFF0400F2FFFFFF09F3FFFFFF0100D050
:10B54000FFFFFF050000000000C0FFFFCF0000F27A
:10B55000FFFFFF09F3FFFFFF010060FFFFFF0D008A
:10B5600000000000F4FFFF5F0000F2FFFFFF09F39F
:10B57000FFFFFF010010FEFFFF5F0000000000FB67
:10B58000FFFF0C0000F2FFFFFF09F3FFFFFF0100C8
:10B5900000F7FFFFCF0000000030FFFFFF050000B5
:10B5A000F2FFFFFF09F3FFFFFF010000E1FFFFFFD4
:10B5B00004000000A0FFFFDF000000F2FFFFFF0912
:10B5C000F3FFFFFF01000080FFFFFF0B000000F210
:10B5D000FFFF6F000000F2FFFFFF09F3FFFFFF0115
:10B5E000000020FFFFFF3F000000F9FFFF0E0000FA
:10B5F00000F2FFFFFF09F3FFFFFF01000000F9FF6A
:10B60000FFBF000010FFFFFF07000000F2FFFFFF79
:10B6100009F3FFFFFF01000000F2FFFFFF030080BE
:10B62000FFFFEF01000000F2FFFFFF09F3FFFFFF44
:10B6300001000000A0FFFFFF0A00E1FFFF8F0000F4
:10B640000000F2FFFFFF09F3FFFFFF0100000030E1
:10B65000FFFFFF2F00F7FFFF1E00000000F2FFFFBB
:10B66000FF09F3FFFFFF0100000000FBFFFF9F0049
:10B67000FDFFFF0900000000F2FFFFFF09F3FFFFDD
:10B68000FF0100000000F4FFFFFF62FFFFFF020068
:10B69000000000F2FFFFFF09F3FFFFFF01000000C1
:10B6A00000C0FFFFFFD9FFFF9F0000000000F2FF76
:10B6B000FFFF09F3FFFFFF010000000050FFFFFF45
:10B6C000FFFFFF2F0000000000F2FFFFFF09F3FF64
:10B6D000FFFF010000000000FDFFFFFFFFFF0A0069
:10B6E00000000000F2FFFFFF09F3FFFFFF01000071
:10B6F000000000F6FFFFFFFFFF030000000000F264
:10B70000FFFFFF09F3FFFFFF010000000000D0FF73
:10B71000FFFFFFBF000000000000F2FFFFFF09F382
:10B72000FFFFFF01000000000070FFFFFFFF4F0060
:10B730000000000000F2FFFFFF09F3FFFFFF010020
:10B740000000000010FEFFFFFF0C000000000000E2
:10B75000F2FFFFFF09F3FFFFFF0100000000000000
:10B76000F8FFFFFF05000000000000F2FFFFFF09E7
:10B77000F3FFFFFF01000000000000E1FFFFDF001A
:10B78000000000000000F2FFFFFF09F3FFFFFF01D0
:10B7900000000000000090FFFF6F000000000000AC
:10B7A00000F2FFFFFF09F3FFFFFF010000000000B0
:10B7B0000020EEEE0C00000000000000F2FFFFFF92
:10B7C00009F3FFFFFF01000000000000000000007F
:10B7D00000000000000000F2FFFFFF09F3FFFFFF81
:10B7E0000100000000000000000000000000000058
:10B7F0000000F2FFFFFF09F3FFFFFF010000000060
:10B8000000000000000000000000000000F2FFFF48
:10B81000FF09F3FFFFFF010000000000000000002F
:10B820000000000000000000F2FFFFFF09F3FFFF2F
:10B83000FF01000000000000000000000000000008
:10B84000000000F2FFFFFF09F3FFFFFF010000000F
:10B850000000000000000000000000000000F2FFF7
:10B86000FFFF09F3FFFFFF010000000000000000E0
:10B87000000000000000000000F2FFFFFF09F3FFDE
:10B88000FFFF0100000000000000000000000000B9
:10B8900000000000F2FFFFFF09F3FFFFFF010000BF
:10B8A000000000000000000000000000000000F2A6
:10B8B000FFFFFF09F3FFFFFF010000000000000091
:10B8C00000000000000000000000F2FFFFFF09F38D
:10B8D000FFFFFF010000000000000000000000006A
:10B8E0000000000000F2FFFFFF09F3FFFFFF01006F
:10B8F0000000000000000000000000000000000048
:10B90000F2FFFFFF09F3FFFFFF010000000000004E
:10B910000000000000000000000000F2FFFFFF092F
:10B92000F3FFFFFF01000000000000000000000026
:10B93000000000000000F2FFFFFF09F3FFFFFF011E
:10B9400000000000000000000000000000000000F7
:10B9500000F2FFFFFF09F3FFFFFF010000000000FE
:10B96000000000000000000000000000F2FFFFFFE8
:10B9700009515555555555050000000000000000BF
:10B980000000000055555515F3FFFFFFFFFF4F0066
:10B990000000000000000000000000FFFFFF3FF378
:10B9A000FFFFFFFFFFCF00000000000000000000CD
:10B9B0000000FFFFFF3FF3FFFFFFFFFFFF05000059
:10B9C000000000000000000000FFFFFF3FF3FFFF4A
:10B9D000FFFFFFFF0D00000000000000000000005E
:10B9E000FFFFFF3FF3FFFFFFFFFFFF6F00000000BF
:10B9F00000000000000000FFFFFF3FF3FFFFFFFF1C
:10BA0000FFFFDF0000000000000000000000FFFF5B
:10BA1000FF3FF3FFFFFFF9FFFFFF060000000000FC
:10BA20000000000000FFFFFF3FF3FFFFFFE2FFFF0A
:10BA3000FF1E00000000000000000000FFFFFF3FAD
:10BA4000F3FFFFFF81FFFFFF7F0000000000000009
:10BA5000000000FFFFFF3FF3FFFFFF11FEFFFFEFBE
:10BA600001000000000000000000FFFFFF3FF3FFA7
:10BA7000FFFF01F7FFFFFF080000000000000000CB
:10BA800000FFFFFF3FF3FFFFFF01E1FFFFFF2F007C
:10BA90000000000000000000FFFFFF3FF3FFFFFF7A
:10BAA0000160FFFFFF9F000000000000000000FF9A
:10BAB000FFFF3FF3FFFFFF0100FDFFFFFF0200005C
:10BAC000000000000000FFFFFF3FF3FFFFFF010049
:10BAD000F5FFFFFF0A0000000000000000FFFFFF6D
:10BAE0003FF3FFFFFF0100C0FFFFFF3F000000002A
:10BAF00000000000FFFFFF3FF3FFFFFF010050FFCA
:10BB0000FFFFBF0000000000000000FFFFFF3FF349
:10BB1000FFFFFF010000FCFFFFFF0400000000002A
:10BB20000000FFFFFF3FF3FFFFFF010000F4FFFFF6
:10BB3000FF0B00000000000000FFFFFF3FF3FFFFCE
:10BB4000FF010000B0FFFFFF4F00000000000000F9
:10BB5000FFFFFF3FF3FFFFFF01000030FFFFFFCFBC
:10BB600000000000000000FFFFFF3FF3FFFFFF01A8
:10BB7000000000FAFFFFFF05000000000000FFFFCB
:10BB8000FF3FF3FFFFFF01000000F2FFFFFF0D008A
:10BB90000000000000FFFFFF3FF3FFFFFF01000078
:10BBA0000090FFFFFF6F000000000000FFFFFF3F5D
:10BBB000F3FFFFFF0100000020FFFFFFDF01000097
:10BBC000000000FFFFFF3FF3FFFFFF010000000048
:10BBD000F8FFFFFF070000000000FFFFFF3FF3FF3B
:10BBE000FFFF0100000000E1FFFFFF1E000000005A
:10BBF00000FFFFFF3FF3FFFFFF010000000070FFA9
:10BC0000FFFF8F0000000000FFFFFF3FF3FFFFFF7B
:10BC1000010000000010FEFFFFEF0100000000FF28
:10BC2000FFFF3FF3FFFFFF010000000000F6FFFFF2
:10BC3000FF0900000000FFFFFF3FF3FFFFFF0100CF
:10BC400000000000D0FFFFFF2F00000000FFFFFFFB
:10BC50003FF3FFFFFF01000000000060FFFFFF9FB8
:10BC600000000000FFFFFF3FF3FFFFFF01000000A7
:10BC7000000000FDFFFFFF02000000FFFFFF3FF399
:10BC8000FFFFFF01000000000000F5FFFFFF0A00BA
:10BC90000000FFFFFF3FF3FFFFFF01000000000077
:10BCA00000C0FFFFFF3F000000FFFFFF3FF3FFFF6B
:10BCB000FF0100000000000040FFFFFFBF00000088
:10BCC000FFFFFF3FF3FFFFFF010000000000000047
:10BCD000FBFFFFFF040000FFFFFF3FF3FFFFFF013B
:10BCE00000000000000000F3FFFFFF0C0000FFFF5A
:10BCF000FF3FF3FFFFFF0100000000000000A0FF76
:10BD0000FFFF5F0000FFFFFF3FF3FFFFFF010000A9
:10BD1000000000000020FFFFFFDF0000FFFFFF3FEB
:10BD2000F3FFFFFF010000000000000000F9FFFF2B
:10BD3000FF0600FFFFFF3FF3FFFFFF0100000000D1
:10BD400000000000F2FFFFFF0D00FFFFFF3FF3FFC9
:10BD5000FFFF01000000000000000080FFFFFF7FE8
:10BD600000FFFFFF3FF3FFFFFF01000000000000A6
:10BD7000000010FEFFFFEF01FFFFFF3FF3FFFFFF9B
:10BD800001000000000000000000F8FFFFFF07FFB7
:10BD9000FFFF3FF3FFFFFF01000000000000000075
:10BDA00000E1FFFFFF2EFFFFFF3FF3FFFFFF01005A
:10BDB000000000000000000070FFFFFF9FFFFFFF7A
:10BDC0003FF3FFFFFF010000000000000000000043
:10BDD000FDFFFFFFFFFFFF3FF3FFFFFF010000003C
:10BDE00000000000000000F6FFFFFFFFFFFF3FF331
:10BDF000FFFFFF0100000000000000000000D0FF76
:10BE0000FFFFFFFFFF3FF3FFFFFF01000000000007
:10BE1000000000000050FFFFFFFFFFFF3FF3FFFFA8
:10BE2000FF010000000000000000000000FCFFFF18
:10BE3000FFFFFF3FF3FFFFFF0100000000000000D5
:10BE400000000000F4FFFFFFFFFF3FF3FFFFFF01D3
:10BE50000000000000000000000000B0FFFFFFFF36
:10BE6000FF3FF3FFFFFF01000000000000000000A3
:10BE7000000030FFFFFFFFFF3FF3FFFFFF01000067
:10BE800000000000000000000000FAFFFFFFFF3F7D
:10BE9000F3FFFFFF010000000000000000000000B1
:10BEA00000F3FFFFFFFF3FF3FFFFFF010000000073
:10BEB0000000000000000000A0FFFFFFFF3F0000A7
:10BEC0000000000000000000207498AA9A78250065
:10BED0000000000000000000000000000000000062
:10BEE000000010A6FEFFFFFFFFFFFFAE16000000E0
:10BEF0000000000000000000000000000040FAFF09
:10BF0000FFFFFFFFFFFFFFFFFF4B000000000000EF
:10BF1000000000000000000040FCFFFFFFFFFFFFEB
:10BF2000FFFFFFFFFFFF4C000000000000000000CB
:10BF300000000010FAFFFFFFFFFFFFFFFFFFFFFF02
:10BF4000FFFFFF1A0000000000000000000000E4F6
:10BF5000FFFFFFFFFFFFFFFFFFFFFFFFFFFFFFEF01
:10BF60000400000000000000000060FFFFFFFFFF72
:10BF7000FFFFFFFFFFFFFFFFFFFFFFFF6F0000005E
:10BF8000000000000000F7FFFFFFFFFFDF69130163
:10BF90001153D9FFFFFFFFFFFF0700000000000063
:10BFA0000060FFFFFFFFFF9F030000000000009301
:10BFB000FFFFFFFFFF6F00000000000000F3FFFF26
:10BFC000FFFFAF020000000000000000B2FFFFFF13
:10BFD000FFFF04000000000010FDFFFFFFFF060050
:10BFE000000000000000000000F6FFFFFFFF1E0041
:10BFF0000000000090FFFFFFFF4E00000000000067
:10C00000000000000040FEFFFFFFAF000000000046
:10C01000F3FFFFFFEF03000000000000000000003E
:10C020000000F4FFFFFFFF0400000000FBFFFFFF24
:10C030005F0000000000000000000000000050FF52
:10C04000FFFFFF0C00000040FFFFFFFF09000000A2
:10C050000000000000000000000000F9FFFFFF4F9B
:10C06000000000B0FFFFFFEF010000000000000033
:10C0700000000000000000E1FFFFFFBF000000F231
:10C08000FFFFFF6F00000000000000000000000044
:10C0900000000070FFFFFFFF020000F7FFFFFF1E20
:10C0A0000000000000000000000000000000001080
:10C0B000FEFFFFFF080000FCFFFFFF08000000007C
:10C0C000000000000000000000000000F8FFFFFF7B
:10C0D0000C0010FFFFFFFF03000000000000000045
:10C0E0000000000000000000F3FFFFFF2F0050FFE2
:10C0F000FFFFDF0000000000000000000000000063
:10C1000000000000D0FFFFFF6F0090FFFFFF9F00C7
:10C11000000000000000000000000000000000001F
:10C1200090FFFFFF9F00C0FFFFFF5F0000000000C7
:10C1300000000000000000000000000050FFFFFFB2
:10C14000CF00E0FFFFFF2F00000000000000000014
:10C15000000000000000000020FFFFFFEF00F1FFE3
:10C16000FFFF0F00000000000000000000000000C2
:10C170000000000000FFFFFFFF02F3FFFFFF0D00C4
:10C1800000000000000000000000000000000000AF
:10C1900000FDFFFFFF03F5FFFFFF0B0000000000A5
:10C1A00000000000000000000000000000FBFFFF96
:10C1B000FF05F6FFFFFF0A0000000000000000007E
:10C1C000000000000000000000FAFFFFFF06F6FF7D
:10C1D000FFFF090000000000000000000000000058
:10C1E0000000000000F9FFFFFF07F7FFFFFF090055
:10C1F000000000000000000000000000000000003F
:10C2000000F9FFFFFF07F7FFFFFF08000000000035
:10C2100000000000000000000000000000F8FFFF28
:10C22000FF08F7FFFFFF090000000000000000000A
:10C23000000000000000000000F8FFFFFF07F7FF0C
:10C24000FFFF0900000000000000000000000000E7
:10C250000000000000F9FFFFFF07F6FFFFFF0A00E4
:10C2600000000000000000000000000000000000CE
:10C2700000F9FFFFFF06F5FFFFFF0B0000000000C5
:10C2800000000000000000000000000000FBFFFFB5
:10C29000FF05F4FFFFFF0C0000000000000000009D
:10C2A000000000000000000000FCFFFFFF04F2FFA0
:10C2B000FFFF0E0000000000000000000000000072
:10C2C0000000000000FEFFFFFF02F0FFFFFF2F0055
:10C2D000000000000000000000000000000000005E
:10C2E00010FFFFFFFF00D0FFFFFF4F000000000026
:10C2F00000000000000000000000000040FFFFFF01
:10C30000DF00A0FFFFFF8F00000000000000000022
:10C31000000000000000000080FFFFFFAF0070FF82
:10C32000FFFFBF0000000000000000000000000050
:10C3300000000000B0FFFFFF7F0030FFFFFFFF01A4
:10C3400000000000000000000000000000000000ED
:10C35000F1FFFFFF3F0000FEFFFFFF0600000000AF
:10C36000000000000000000000000000F6FFFFFFDA
:10C370000D0000F9FFFFFF0C0000000000000000AE
:10C380000000000000000000FCFFFFFF090000F4B7
:10C39000FFFFFF4F00000000000000000000000051
:10C3A00000000040FFFFFFFF030000D0FFFFFFCFB2
:10C3B000000000000000000000000000000000C0BD
:10C3C000FFFFFFCF00000070FFFFFFFF070000002E
:10C3D0000000000000000000000000F6FFFFFF6FFB
:10C3E00000000010FEFFFFFF3F0000000000000003
:10C3F00000000000000030FEFFFFFF0D0000000005
:10C40000F6FFFFFFDF020000000000000000000058
:10C410000000D1FFFFFFFF0600000000C0FFFFFF8C
:10C42000FF1C000000000000000000000010FCFFE6
:10C43000FFFFCF000000000030FFFFFFFFDF030021
:10C44000000000000000000000D2FFFFFFFF3F00DF
:10C450000000000000F7FFFFFFFF7F00000000006A
:10C460000000000060FEFFFFFFFF0700000000006B
:10C4700000A0FFFFFFFFFF5D000000000000005074
:10C48000FCFFFFFFFF9F0000000000000000FBFF1B
:10C49000FFFFFFFF9E150000001084FEFFFFFFFF5F
:10C4A000FF0B0000000000000000B0FFFFFFFFFFD7
:10C4B000FFFFCEBBCBFEFFFFFFFFFFFFAF00000083
:10C4C00000000000000000F8FFFFFFFFFFFFFFFF7C
:10C4D000FFFFFFFFFFFFFFFF08000000000000005C
:10C4E00000000050FEFFFFFFFFFFFFFFFFFFFFFF09
:10C4F000FFFFFF5E000000000000000000000000E1
:10C5000091FFFFFFFFFFFFFFFFFFFFFFFFFF9F0107
:10C510000000000000000000000000000092FEFF8C
:10C52000FFFFFFFFFFFFFFFFFF9F02000000000073
:10C530000000000000000000000061FBFFFFFFFFA3
:10C54000FFFFFFFF6B010000000000000000000083
:10C55000000000000000000073B9EDFEEEBD79148C
:10C5600000000000000000000000A2AAAAAAAAAAD7
:10C57000AAAAAA9968240000000000000000F3FFA6
:10C58000FFFFFFFFFFFFFFFFFFFFBE3700000000C0
:10C590000000F3FFFFFFFFFFFFFFFFFFFFFFFFFFB5
:10C5A0005C0000000000F3FFFFFFFFFFFFFFFFFF45
:10C5B000FFFFFFFFFF4D00000000F3FFFFFFFFFF45
:10C5C000FFFFFFFFFFFFFFFFFFFF08000000F3FF7B
:10C5D000FFFFFFFFFFFFFFFFFFFFFFFFFFFFBF01A9
:10C5E0000000F3FFFFFFFFFFFFFFFFFFFFFFFFFF65
:10C5F000FFFFFF1C0000F3FFFFFF08000000002109
:10C6000064E9FFFFFFFFFFAF0000F3FFFFFF08003B
:10C61000000000000000B4FFFFFFFFFF0600F3FF73
:10C62000FFFF080000000000000000E4FFFFFFFF24
:10C630001E00F3FFFFFF08000000000000000020C4
:10C64000FDFFFFFF7F00F3FFFFFF08000000000079
:10C6500000000000E2FFFFFFDF00F3FFFFFF080024
:10C66000000000000000000070FFFFFFFF03F3FF69
:10C67000FFFF0800000000000000000010FEFFFFA8
:10C68000FF06F3FFFFFF08000000000000000000AD
:10C6900000FAFFFFFF09F3FFFFFF080000000000A2
:10C6A0000000000000F7FFFFFF0BF3FFFFFF080093
:10C6B000000000000000000000F4FFFFFF0CF3FF8B
:10C6C000FFFF0800000000000000000000F3FFFF73
:10C6D000FF0DF3FFFFFF0800000000000000000056
:10C6E00000F3FFFFFF0DF3FFFFFF08000000000055
:10C6F0000000000000F4FFFFFF0CF3FFFFFF080045
:10C70000000000000000000000F6FFFFFF0AF3FF3A
:10C71000FFFF0800000000000000000000F9FFFF1C
:10C72000FF08F3FFFFFF080000000000000000000A
:10C7300000FDFFFFFF05F3FFFFFF08000000000002
:10C740000000000030FFFFFFFF01F3FFFFFF0800C4
:10C750000000000000000000B0FFFFFFBF00F3FF7B
:10C76000FFFF08000000000000000000F6FFFFFFD0
:10C770006F00F3FFFFFF0800000000000000004012
:10C78000FFFFFFFF0D00F3FFFFFF080000000000A8
:10C79000000000F5FFFFFFFF0500F3FFFFFF0800AB
:10C7A000000000000000A2FFFFFFFFBF0000F3FF3A
:10C7B000FFFF08000000000030B6FFFFFFFFFF2E64
:10C7C0000000F3FFFFFF9C9999A9AADCFFFFFFFF80
:10C7D000FFFFEF030000F3FFFFFFFFFFFFFFFFFF7F
:10C7E000FFFFFFFFFFFF3E000000F3FFFFFFFFFF23
:10C7F000FFFFFFFFFFFFFFFFFFCF02000000F3FF7F
:10C80000FFFFFFFFFFFFFFFFFFFFFFFFFF0800002D
:10C810000000F3FFFFFFFFFFFFFFFFFFFFFFFFFF32
:10C820002A0000000000F3FFFFFFFFFFFFFFFFFFF4
:10C83000FFFFCF28000000000000F3FFFFFFFFFF15
:10C84000FFFFFFDEAC580200000000000000F3FF15
:10C85000FFFF0800000000000000000000000000D2
:10C860000000F3FFFFFF08000000000000000000D0
:10C87000000000000000F3FFFFFF080000000000C0
:10C8800000000000000000000000F3FFFFFF0800B0
:10C890000000000000000000000000000000F3FFA6
:10C8A000FFFF080000000000000000000000000082
:10C8B0000000F3FFFFFF0800000000000000000080
:10C8C000000000000000F3FFFFFF08000000000070
:10C8D00000000000000000000000F3FFFFFF080060
:10C8E0000000000000000000000000000000F3FF56
:10C8F000FFFF080000000000000000000000000032
:10C900000000F3FFFFFF080000000000000000002F
:10C91000000000000000F3FFFFFF0800000000001F
:10C9200000000000000000000000F3FFFFFF08000F
:10C930000000000000000000000000000000F3FF05
:10C94000FFFF0800000000000000000000000000E1
:10C950000000F3FFFFFF08000000000000000000DF
:10C96000000000000000F3FFFFFF080000000000CF
:10C9700000000000000000000000F3FFFFFF0800BF
:10C980000000000000000000000000000000F3FFB5
:10C99000FFFF080000000000000000000000000091
:10C9A0000000F3FFFFFF080000000000000000008F
:10C9B000000000000000F3FFFFFF0800000000007F
:10C9C00000000000000000000000F3FFFFFF08006F
:10C9D0000000000000000000000000000000F3FF65
:10C9E000FFFF080000000000000000000000000041
:10C9F000000081888888040000000000000000001A
:10CA00000000000000000000000000000000000026
:10CA100073B9EDFEEEBD79030000000000000000D8
:10CA20000000000000000000000051EAFFFFFFFFCF
:10CA3000FFFFFFFF5B01000000000000000000009E
:10CA4000000000000082FEFFFFFFFFFFFFFFFFFF6F
:10CA5000FF8E020000000000000000000000000047
:10CA600091FFFFFFFFFFFFFFFFFFFFFFFFFF9F01A2
:10CA7000000000000000000000000050FEFFFFFF6B
:10CA8000FFFFFFFFFFFFFFFFFFFFFF5E0000000053
:10CA900000000000000000F8FFFFFFFFFFFFFFFFA6
:10CAA000FFFFFFFFFFFFFFFF080000000000000086
:10CAB0000000B0FFFFFFFFFFFFFFCEBBCBFEFFFF7D
:10CAC000FFFFFFFFBF000000000000000000FBFFB1
:10CAD000FFFFFFFF8E150000001084FDFFFFFFFF2A
:10CAE000FF0B0000000000000090FFFFFFFFFF5C55
:10CAF0000000000000000050FCFFFFFFFFAF00003F
:10CB00000000000000F7FFFFFFFF6E0000000000C4
:10CB10000000000060FEFFFFFFFF070000000000B4
:10CB200030FFFFFFFFDF02000000000000000000F8
:10CB300000D2FFFFFFFF3F0000000000C0FFFFFF2B
:10CB4000FF1C000000000000000000000010FCFFBF
:10CB5000FFFFCF0000000000F6FFFFFFDF01000035
:10CB600000000000000000000000D1FFFFFFFF06F2
:10CB700000000000FDFFFFFF2E000000000000008D
:10CB800000000000000030FFFFFFFF1E00000060FB
:10CB9000FFFFFFFF06000000000000000000000093
:10CBA000000000F6FFFFFF7F000000C0FFFFFFCF87
:10CBB000000000000000000000000000000000C0B5
:10CBC000FFFFFFDF000000F3FFFFFF4F000000004A
:10CBD000000000000000000000000040FFFFFFFF19
:10CBE000040000F9FFFFFF0C00000000000000003F
:10CBF0000000000000000000FDFFFFFF090000FD35
:10CC0000FFFFFF0600000000000000000000000021
:10CC100000000000F6FFFFFF0E0030FFFFFFFF01E6
:10CC20000000000000000000000000000000000004
:10CC3000F1FFFFFF3F0070FFFFFFCF00000000008B
:10CC4000000000000000000000000000B0FFFFFF37
:10CC50007F00A0FFFFFF8F00000000000000000029
:10CC6000000000000000000080FFFFFFAF00C0FFD9
:10CC7000FFFF4F0000000000000000000000000067
:10CC80000000000040FFFFFFDF00F0FFFFFF2F006C
:10CC90000000000000000000000000000000000094
:10CCA00020FFFFFFFF00F2FFFFFF0E00000000006B
:10CCB00000000000000000000000000000FEFFFF78
:10CCC000FF02F4FFFFFF0C00000000000000000066
:10CCD000000000000000000000FCFFFFFF04F5FF63
:10CCE000FFFF0B000000000000000000000000003B
:10CCF0000000000000FBFFFFFF05F6FFFFFF0A003A
:10CD00000000000000000000000000000000000023
:10CD100000F9FFFFFF06F7FFFFFF0900000000001A
:10CD200000000000000000000000000000F9FFFF0C
:10CD3000FF07F7FFFFFF09000000000000000000F0
:10CD4000000000000000000000F8FFFFFF07F7FFF1
:10CD5000FFFF0800000000000000000000000000CD
:10CD60000000000000F8FFFFFF08F7FFFFFF0900C9
:10CD700000000000000000000000000000000000B3
:10CD800000F9FFFFFF07F6FFFFFF090000000000AA
:10CD900000000000000000000000000000F9FFFF9C
:10CDA000FF07F6FFFFFF0A00000000000000000080
:10CDB000000000000000000000FAFFFFFF06F5FF82
:10CDC000FFFF0B000000000000000000000000005A
:10CDD0000000000000FBFFFFFF05F3FFFFFF0D0059
:10CDE0000000000000000000000000000000000043
:10CDF00000FDFFFFFF03F2FFFFFF0F000000000038
:10CE000000000000000000000000000000FFFFFF25
:10CE1000FF01E0FFFFFF2F00000000000000000006
:10CE2000000000000000000020FFFFFFEF00C0FF37
:10CE3000FFFF5F0000000000000000000000000095
:10CE40000000000050FFFFFFCF0090FFFFFF9F009A
:10CE500000000000000000000000000000000000D2
:10CE600090FFFFFF9F0060FFFFFFDF00000000005A
:10CE7000000000000000000000000000C0FFFFFFF5
:10CE80005F0020FFFFFFFF03000000000000000024
:10CE90000000000000000000F2FFFFFF1F0000FC88
:10CEA000FFFFFF080000000000000000000000007D
:10CEB00000000000F8FFFFFF0C0000F7FFFFFF1E5F
:10CEC0000000000000000000000000000000000062
:10CED000FEFFFFFF060000F2FFFFFF7F00000000E3
:10CEE000000000000000000000000060FFFFFFFFE6
:10CEF000010000B0FFFFFFEF010000000000000094
:10CF000000000000000000E1FFFFFF9F0000004064
:10CF1000FFFFFFFF0A00000000000000000000000B
:10CF2000000000F9FFFFFF3F00000000FCFFFFFFD3
:10CF30006F0000000000000000000000000050FF33
:10CF4000FFFFFF0900000000F4FFFFFFFF040000E7
:10CF500000000000000000000000F4FFFFFFEF02EF
:10CF60000000000090FFFFFFFF4E000000000000E7
:10CF7000000000000040FEFFFFFF6F000000000007
:10CF800010FDFFFFFFFF0700000000000000000091
:10CF900000F6FFFFFFFF0B000000000000F3FFFFA3
:10CFA000FFFFBF020000000000000000B2FFFFFF13
:10CFB000FFDF0100000000000060FFFFFFFFFFAF88
:10CFC0000300000000000093FFFFFFFFFF3E000092
:10CFD000000000000000F6FFFFFFFFFFDF69130104
:10CFE0001153D9FFFFFFFFFFEF0400000000000016
:10CFF000000060FFFFFFFFFFFFFFFFFFFFFFFFFFDE
:10D00000FFFFFFFF3E00000000000000000000D313
:10D01000FFFFFFFFFFFFFFFFFFFFFFFFFFFFFFCF50
:10D02000020000000000000000000010F9FFFFFFF8
:10D03000FFFFFFFFFFFFFFFFFFFFFF0800000000F3
:10D04000000000000000000040FCFFFFFFFFFFFFAA
:10D05000FFFFFFFFFFFF2A000000000000000000AC
:10D06000000000000040FAFFFFFFFFFFFFFFFFFF8F
:10D07000FF3B000000000000000000000000000076
:10D08000000010A6FDFFFFFFFFFFFFFFFF080000ED
:10D090000000000000000000000000000000000090
:10D0A000206498A99AF7FFFFFF0A00000000000023
:10D0B0000000000000000000000000000000000070
:10D0C00000D0FFFFFF0C0000000000000000000087
:10D0D00000000000000000000000000000B0FFFFA2
:10D0E000FF1F000000000000000000000000000022
:10D0F00000000000000000000090FFFFFF6F000034
:10D10000000000000000000000000000000000001F
:10D11000000000000050FFFFFFDF000000000000E3
:10D1200000000000000000000000000000000000FF
:10D130000010FFFFFFFF08000000000000000000DB
:10D140000000000000000000000000000000FBFFE5
:10D15000FFFF8F000000000000330000000000000F
:10D1600000000000000000000000F4FFFFFFFF7D52
:10D1700003000063D9AF00000000000000000000C1
:10D18000000000000000B0FFFFFFFFFFFFDEFEFF1A
:10D19000FFAF0000000000000000000000000000E1
:10D1A000000020FEFFFFFFFFFFFFFFFFFFAF0000BB
:10D1B000000000000000000000000000000000E38C
:10D1C000FFFFFFFFFFFFFFFFFFAF000000000000B9
:10D1D000000000000000000000000040FEFFFFFF14
:10D1E000FFFFFFFFFFAF0000000000000000000095
:10D1F0000000000000000000B1FFFFFFFFFFFFFF85
:10D20000FFAF000000000000000000000000000070
:10D210000000000000B4FFFFFFFFFFFFFFAF0000B2
:10D2200000000000000000000000000000000000FE
:10D23000000052C9EDEFDDAC6802F3FFFFFFFFFF16
:10D24000FFFFFFEFDEAC68020000000000000000FE
:10D25000000000F3FFFFFFFFFFFFFFFFFFFFFFFFE7
:10D26000EF4900000000000000000000F3FFFFFF96
:10D27000FFFFFFFFFFFFFFFFFFFFFF4C000000006D
:10D280000000000000F3FFFFFFFFFFFFFFFFFFFFB5
:10D29000FFFFFFFFFF1A0000000000000000F3FF87
:10D2A000FFFFFFFFFFFFFFFFFFFFFFFFFFFFDF03AA
:10D2B00000000000000000F3FFFFFFFFFFFFFFFF83
:10D2C000FFFFFFFFFFFFFFFF3E0000000000000028
:10D2D000F3FFFFFFADAAAAAAAABADCFFFFFFFFFF78
:10D2E000FFEF02000000000000F3FFFFFF08000056
:10D2F0000000000031D8FFFFFFFFFF0B000000001F
:10D300000000F3FFFFFF080000000000000000E63F
:10D31000FFFFFFFF5F000000000000F3FFFFFF08BA
:10D32000000000000000000010FCFFFFFFCF000025
:10D3300000000000F3FFFFFF0800000000000000F5
:10D340000000D1FFFFFFFF020000000000F3FFFF1D
:10D35000FF0800000000000000000040FFFFFFFF8A
:10D36000070000000000F3FFFFFF080000000000BE
:10D370000000000000FDFFFFFF0A0000000000F3B6
:10D38000FFFFFF0800000000000000000000F8FFA1
:10D39000FFFF0C0000000000F3FFFFFF080000008B
:10D3A00000000000000000F5FFFFFF0D000000007E
:10D3B00000F3FFFFFF080000000000000000000075
:10D3C000F3FFFFFF0E0000000000F3FFFFFF080067
:10D3D000000000000000000000F2FFFFFF0D000051
:10D3E000000000F3FFFFFF08000000000000000045
:10D3F0000000F3FFFFFF0C0000000000F3FFFFFF41
:10D400000800000000000000000000F4FFFFFF0B18
:10D410000000000000F3FFFFFF0800000000000014
:10D4200000000000F6FFFFFF090000000000F3FF0E
:10D43000FFFF0800000000000000000000F9FFFFEF
:10D44000FF060000000000F3FFFFFF0800000000DF
:10D45000000000000000FEFFFFFF020000000000CF
:10D46000F3FFFFFF0800000000000000000060FF65
:10D47000FFFFCF000000000000F3FFFFFF080000E7
:10D4800000000000000000D1FFFFFF6F000000005F
:10D490000000F3FFFFFF0800000000000000000094
:10D4A000FBFFFFFF0D000000000000F3FFFFFF087F
:10D4B000000000000000000090FFFFFFFF040000DC
:10D4C00000000000F3FFFFFF080000000000000064
:10D4D00030FCFFFFFF9F00000000000000F3FFFF93
:10D4E000FF0800000000000051FAFFFFFFFF0B00E3
:10D4F000000000000000F3FFFFFF7B77777787993C
:10D50000EBFFFFFFFFFFBF0100000000000000F382
:10D51000FFFFFFFFFFFFFFFFFFFFFFFFFFFFFF0911
:10D520000000000000000000F3FFFFFFFFFFFFFF0F
:10D53000FFFFFFFFFFFFFF5E000000000000000094
:10D5400000F3FFFFFFFFFFFFFFFFFFFFFFFFFF8E67
:10D5500001000000000000000000F3FFFFFFFFFFDC
:10D56000FFFFFFFFFFFFFF8F010000000000000032
:10D57000000000F3FFFFFFFFFFFFFFFFFFFFFFFFC4
:10D58000BF0000000000000000000000F3FFFFFFEC
:10D59000FFFFFFFFFFFFFFFFFFFF0900000000008C
:10D5A0000000000000F3FFFFFF080000000030FE55
:10D5B000FFFFFF7F00000000000000000000F3FFFD
:10D5C000FFFF080000000000F4FFFFFFFF05000060
:10D5D00000000000000000F3FFFFFF080000000053
:10D5E0000070FFFFFFFF4F00000000000000000080
:10D5F000F3FFFFFF08000000000000F9FFFFFFEF4E
:10D60000020000000000000000F3FFFFFF08000020
:10D6100000000000B0FFFFFFFF1D00000000000041
:10D620000000F3FFFFFF0800000000000010FDFFF6
:10D63000FFFFCF0000000000000000F3FFFFFF0825
:10D6400000000000000000E2FFFFFFFF0A000000F2
:10D6500000000000F3FFFFFF0800000000000000D2
:10D6600030FFFFFFFF8F00000000000000F3FFFF0E
:10D67000FF080000000000000000F5FFFFFFFF06AC
:10D68000000000000000F3FFFFFF080000000000A2
:10D6900000000080FFFFFFFF4F000000000000F3CC
:10D6A000FFFFFF08000000000000000000FAFFFF7D
:10D6B000FFEF030000000000F3FFFFFF0800000081
:10D6C000000000000000C1FFFFFFFF2D0000000070
:10D6D00000F3FFFFFF080000000000000000001042
:10D6E000FDFFFFFFCF0100000000F3FFFFFF080078
:10D6F000000000000000000000E3FFFFFFFF0B0040
:10D70000000000F3FFFFFF08000000000000000021
:10D71000000040FFFFFFFF9F00000000F3FFFFFF3E
:10D72000080000000000000000000000F7FFFFFFFD
:10D73000FF07000000F3FFFFFF08000000000000EB
:10D74000000000000090FFFFFFFF5F000000F3FFFC
:10D75000FFFF08000000000000000000000000FBC8
:10D76000FFFFFFEF030000F3FFFFFF0800000000D2
:10D770000000000000000000D1FFFFFFFF2E0000AE
:10D78000F3FFFFFF080000000000000000000000A1
:10D790000020FEFFFFFFDF0100F3FFFFFF08000096
:10D7A0000000000000000000000000F4FFFFFFFF89
:10D7B0000B00F3FFFFFF0800000000000000000066
:10D7C0000000000050FFFFFFFFAF00F3FFFFFF0866
:10D7D0000000000000000000000000000000F8FF52
:10D7E000FFFFFF0800000000000000005297AAAAF7
:10D7F0009A784602000000000000000000000000CF
:10D800000061EBFFFFFFFFFFFFFFEF8B1500000044
:10D8100000000000000000B4FFFFFFFFFFFFFFFF5C
:10D82000FFFFFFFF8C0300000000000000B3FFFFBC
:10D83000FFFFFFFFFFFFFFFFFFFFFFFFDF280000ED
:10D8400000000080FFFFFFFFFFFFFFFFFFFFFFFF64
:10D85000FFFFFFFFFF0900000010FBFFFFFFFFFFBE
:10D86000FFFFFFFFFFFFFFFFFFFFFFFF0B000000B9
:10D87000D2FFFFFFFFFFFFFFFFFFFFFFFFFFFFFFE5
:10D88000FFFFFF0B000010FDFFFFFFFFFF8B3512B6
:10D89000102164C9FFFFFFFFFFFF0B0000A0FFFF87
:10D8A000FFFFEF270000000000000040D9FFFFFF4E
:10D8B000FF0B0000F5FFFFFFFF1800000000000055
:10D8C00000000000A4FFFFFF0B0000FDFFFFFF5F53
:10D8D00000000000000000000000000092FEFF0BAE
:10D8E0000050FFFFFFFF06000000000000000000E6
:10D8F00000000000A2FF0B00B0FFFFFFAF00000020
:10D90000000000000000000000000000E50B00F037
:10D91000FFFFFF3F000000000000000000000000CB
:10D92000000000200600F3FFFFFF0D0000000000D4
:10D9300000000000000000000000000000F5FFFFF4
:10D94000FF0B0000000000000000000000000000CD
:10D9500000000000F6FFFFFF0A00000000000000CA
:10D960000000000000000000000000F6FFFFFF0BB9
:10D9700000000000000000000000000000000000A7
:10D980000000F4FFFFFF0D00000000000000000099
:10D99000000000000000000000F3FFFFFF2F000068
:10D9A0000000000000000000000000000000000077
:10D9B000F1FFFFFF8F0000000000000000000000EA
:10D9C00000000000000000C0FFFFFFEF03000000A8
:10D9D000000000000000000000000000000090FFB8
:10D9E000FFFFFF2D0000000000000000000000000D
:10D9F000000000000030FFFFFFFFEF1700000000F5
:10DA000000000000000000000000000000FBFFFF1D
:10DA1000FFFFEF38000000000000000000000000E1
:10DA200000000000F3FFFFFFFFFFFFBE4702000002
:10DA3000000000000000000000000060FFFFFFFF8A
:10DA4000FFFFFFFFEF8B3601000000000000000029
:10DA5000000000F9FFFFFFFFFFFFFFFFFFFFDF6A8E
:10DA60000300000000000000000080FFFFFFFFFF38
:10DA7000FFFFFFFFFFFFFFEF5A0100000000000063
:10DA80000000E5FFFFFFFFFFFFFFFFFFFFFFFFFFBE
:10DA9000AF030000000000000010F8FFFFFFFFFFD1
:10DAA000FFFFFFFFFFFFFFFFBF03000000000000BC
:10DAB0000010D7FFFFFFFFFFFFFFFFFFFFFFFFFF8C
:10DAC0008F00000000000000000083FCFFFFFFFF4C
:10DAD000FFFFFFFFFFFFFFFF1B0000000000000033
:10DAE00000001074CAFFFFFFFFFFFFFFFFFFFFCF23
:10DAF0000100000000000000000000003085DAFF97
:10DB0000FFFFFFFFFFFFFF09000000000000000013
:10DB100000000000000041B8FFFFFFFFFFFF4F00C3
:10DB20000000000000000000000000000000006194
:10DB3000FDFFFFFFFFBF000000000000000000002D
:10DB40000000000000000060FEFFFFFFFF03000078
:10DB5000000000000000000000000000000000D2F3
:10DB6000FFFFFFFF070000000000000000000000B2
:10DB700000000000000030FFFFFFFF0B000000006E
:10DB80000000000000000000000000000000FAFF9C
:10DB9000FFFF0D000000000000000000000000007A
:10DBA0000000000000F5FFFFFF0E00000000000075
:10DBB000000000000000000000000000F2FFFFFF76
:10DBC0000F00000000000000000000000000000046
:10DBD000000000F0FFFFFF1F000000000000000039
:10DBE00000000000000000000000F0FFFFFF0F0039
:10DBF0000000000000000000000000000000000025
:10DC000000F2FFFFFF0D1500000000000000000003
:10DC10000000000000000000F4FFFFFF0ACC02003B
:10DC2000000000000000000000000000000000F9FB
:10DC3000FFFFFF06FC6E0000000000000000000077
:10DC4000000000000020FEFFFFFF02FCFF3C000080
:10DC5000000000000000000000000000B0FFFFFF17
:10DC6000AF00FCFFFF2A00000000000000000000E1
:10DC7000000000FAFFFFFF3F00FCFFFFFF4A00002B
:10DC8000000000000000000000C2FFFFFFFF0A00CC
:10DC9000FCFFFFFFFF8D0400000000000000009269
:10DCA000FFFFFFFFEF0100FCFFFFFFFFFFEF7A1315
:10DCB0000000000041C7FFFFFFFFFF4F0000FCFF17
:10DCC000FFFFFFFFFFFFFFCEBCCBEDFFFFFFFFFF1E
:10DCD000FFFF050000FCFFFFFFFFFFFFFFFFFFFF4F
:10DCE000FFFFFFFFFFFFFFFF4E000000D6FFFFFF1B
:10DCF000FFFFFFFFFFFFFFFFFFFFFFFFFFFFCF0261
:10DD000000000000A4FFFFFFFFFFFFFFFFFFFFFF7A
:10DD1000FFFFFFFFEF0600000000000061FBFFFFB8
:10DD2000FFFFFFFFFFFFFFFFFFFFDF170000000007
:10DD3000000000001095FCFFFFFFFFFFFFFFFFFF4B
:10DD4000AE0500000000000000000000001064A804
:10DD5000DBEEFFEFCE9B360000000000000000DD90
:10DD6000DDDDDDDDDDDDDDDDDDDDDDDDDDDDDDDDE3
:10DD7000DDDDDDDDDDDDDD4DFFFFFFFFFFFFFFFF53
:10DD8000FFFFFFFFFFFFFFFFFFFFFFFFFFFFFFFFA3
:10DD90004FFFFFFFFFFFFFFFFFFFFFFFFFFFFFFF43
:10DDA000FFFFFFFFFFFFFFFFFF4FFFFFFFFFFFFF33
:10DDB000FFFFFFFFFFFFFFFFFFFFFFFFFFFFFFFF73
:10DDC000FFFF4FFFFFFFFFFFFFFFFFFFFFFFFFFF13
:10DDD000FFFFFFFFFFFFFFFFFFFFFF4FFFFFFFFF03
:10DDE000FFFFFFFFFFFFFFFFFFFFFFFFFFFFFFFF43
:10DDF000FFFFFFFF4FFFFFFFFFFFFFFFFFFFFFFFE3
:10DE0000FFFFFFFFFFFFFFFFFFFFFFFFFF4F0000D0
:10DE10000000000000000000F3FFFFFF080000000A
:10DE200000000000000000000000000000000000F2
:10DE300000F3FFFFFF0800000000000000000000EA
:10DE400000000000000000000000F3FFFFFF0800DA
:10DE500000000000000000000000000000000000C2
:10DE6000000000F3FFFFFF080000000000000000BA
:10DE7000000000000000000000000000F3FFFFFFB2
:10DE8000080000000000000000000000000000008A
:10DE90000000000000F3FFFFFF080000000000008A
:10DEA0000000000000000000000000000000F3FF80
:10DEB000FFFF08000000000000000000000000005C
:10DEC00000000000000000F3FFFFFF08000000005A
:10DED0000000000000000000000000000000000042
:10DEE000F3FFFFFF0800000000000000000000003A
:10DEF000000000000000000000F3FFFFFF0800002A
:10DF00000000000000000000000000000000000011
:10DF10000000F3FFFFFF0800000000000000000009
:10DF20000000000000000000000000F3FFFFFF08F9
:10DF300000000000000000000000000000000000E1
:10DF400000000000F3FFFFFF0800000000000000D9
:10DF500000000000000000000000000000F3FFFFD0
:10DF6000FF080000000000000000000000000000AA
:10DF7000000000000000F3FFFFFF080000000000A9
:10DF8000000000000000000000000000000000F39E
:10DF9000FFFFFF080000000000000000000000007C
:10DFA0000000000000000000F3FFFFFF0800000079
:10DFB0000000000000000000000000000000000061
:10DFC00000F3FFFFFF080000000000000000000059
:10DFD00000000000000000000000F3FFFFFF080049
:10DFE0000000000000000000000000000000000031
:10DFF000000000F3FFFFFF08000000000000000029
:10E00000000000000000000000000000F3FFFFFF20
:10E0100008000000000000000000000000000000F8
:10E020000000000000F3FFFFFF08000000000000F8
:10E030000000000000000000000000000000F3FFEE
:10E04000FFFF0800000000000000000000000000CA
:10E0500000000000000000F3FFFFFF0800000000C8
:10E0600000000000000000000000000000000000B0
:10E07000F3FFFFFF080000000000000000000000A8
:10E08000000000000000000000F3FFFFFF08000098
:10E090000000000000000000000000000000000080
:10E0A0000000F3FFFFFF0800000000000000000078
:10E0B0000000000000000000000000F3FFFFFF0868
:10E0C0000000000000000000000000000000000050
:10E0D00000000000F3FFFFFF080000000000000048
:10E0E00000000000000000000000000000F3FFFF3F
:10E0F000FF08000000000000000000000000000019
:10E10000000000000000F3FFFFFF08000000000017
:10E11000000000000000000000000000000000F30C
:10E12000FFFFFF08000000000000000000000000EA
:10E130000000000000000000F3FFFFFF08000000E7
:10E1400000000000000000000000000000000000CF
:10E1500000F3FFFFFF0800000000000000000000C7
:10E1600000000000000000000000F3FFFFFF0800B7
:10E17000000000000000000000000000000000009F
:10E18000000000F3FFFFFF08000000000000000097
:10E19000000000000000000000000000F3FFFFFF8F
:10E1A0000800000000000000000000000000000067
:10E1B0000000000000F3FFFFFF0800000000000067
:10E1C0000000000000000000000000000000F3FF5D
:10E1D000FFFF080000000000000000000000000039
:10E1E00000000000000000F3FFFFFF080000000037
:10E1F000000000000000000000000000000000001F
:10E20000F3FFFFFF08000000000000000000000016
:10E21000000000000000000000F3FFFFFF08000006
:10E2200000000000000000000000000000000000EE
:10E230000000F3FFFFFF08000000000000000000E6
:10E240000000000000000000000000F3FFFFFF08D6
:10E2500000000000000000000000000000000000BE
:10E2600000000000F3FFFFFF0800000000000000B6
:10E2700000000000000000000000000000F3FFFFAD
:10E28000FF08000000000000000000000000000087
:10E29000000000000000F3FFFFFF08000000000086
:10E2A000000000000000000000000000000000F37B
:10E2B000FFFFFF0800000000000000000000000059
:10E2C0000000000000000000F3FFFFFF0800000056
:10E2D000000000000000000000000000000000003E
:10E2E00000F3FFFFFF080000000000000000000036
:10E2F00000000000000000000000F3FFFFFF080026
:10E30000000000000000000000000000000000000D
:10E3100000000082888888040000000000000000DF
:10E3200000008088888805000000000000000000D0
:10E33000000000001088888858F1FFFFFF0A0000E5
:10E34000000000000000000000000020FFFFFF9F11
:10E35000F1FFFFFF0A0000000000000000000000C5
:10E36000000020FFFFFF9FF1FFFFFF0A00000000F9
:10E3700000000000000000000020FFFFFF9FF1FFF1
:10E38000FFFF0A0000000000000000000000000085
:10E3900020FFFFFF9FF1FFFFFF0A000000000000C9
:10E3A0000000000000000020FFFFFF9FF1FFFFFFC3
:10E3B0000A0000000000000000000000000020FF34
:10E3C000FFFF9FF1FFFFFF0A0000000000000000B8
:10E3D000000000000020FFFFFF9FF1FFFFFF0A0089
:10E3E00000000000000000000000000020FFFFFF10
:10E3F0009FF1FFFFFF0A0000000000000000000086
:10E4000000000020FFFFFF9FF1FFFFFF0A00000058
:10E410000000000000000000000020FFFFFF9FF14F
:10E42000FFFFFF0A000000000000000000000000E5
:10E430000020FFFFFF9FF1FFFFFF0A000000000028
:10E44000000000000000000020FFFFFF9FF1FFFF21
:10E45000FF0A000000000000000000000000002093
:10E46000FFFFFF9FF1FFFFFF0A0000000000000018
:10E4700000000000000020FFFFFF9FF1FFFFFF0AE8
:10E480000000000000000000000000000020FFFF6E
:10E49000FF9FF1FFFFFF0A000000000000000000E6
:10E4A0000000000020FFFFFF9FF1FFFFFF0A0000B8
:10E4B000000000000000000000000020FFFFFF9FA0
:10E4C000F1FFFFFF0A000000000000000000000054
:10E4D000000020FFFFFF9FF1FFFFFF0A0000000088
:10E4E00000000000000000000020FFFFFF9FF1FF80
:10E4F000FFFF0A0000000000000000000000000014
:10E5000020FFFFFF9FF1FFFFFF0A00000000000057
:10E510000000000000000020FFFFFF9FF1FFFFFF51
:10E520000A0000000000000000000000000020FFC2
:10E53000FFFF9FF1FFFFFF0A000000000000000046
:10E54000000000000020FFFFFF9FF1FFFFFF0A0017
:10E5500000000000000000000000000020FFFFFF9E
:10E560009FF1FFFFFF0A0000000000000000000014
:10E5700000000020FFFFFF9FF1FFFFFF0A000000E7
:10E580000000000000000000000020FFFFFF9FF1DE
:10E59000FFFFFF0A00000000000000000000000074
:10E5A0000020FFFFFF9FF1FFFFFF0A0000000000B7
:10E5B000000000000000000020FFFFFF9FF1FFFFB0
:10E5C000FF0A000000000000000000000000002022
:10E5D000FFFFFF9FF1FFFFFF0A00000000000000A7
:10E5E00000000000000020FFFFFF9FF1FFFFFF0A77
:10E5F0000000000000000000000000000020FFFFFD
:10E60000FF9FF1FFFFFF0A00000000000000000074
:10E610000000000020FFFFFF9FF1FFFFFF0A000046
:10E62000000000000000000000000020FFFFFF9F2E
:10E63000F1FFFFFF0A0000000000000000000000E2
:10E64000000020FFFFFF9FF1FFFFFF0A0000000016
:10E6500000000000000000000020FFFFFF9FF0FF0F
:10E66000FFFF0B00000000000000000000000000A1
:10E6700020FFFFFF9FF0FFFFFF0B000000000000E6
:10E680000000000000000020FFFFFF8FE0FFFFFF01
:10E690000B0000000000000000000000000030FF40
:10E6A000FFFF8FD0FFFFFF0C000000000000000004
:10E6B000000000000040FFFFFF6FC0FFFFFF0E00E3
:10E6C00000000000000000000000000060FFFFFFED
:10E6D0005FA0FFFFFF0F000000000000000000002F
:10E6E00000000070FFFFFF3F80FFFFFF3F000000C2
:10E6F00000000000000000000000A0FFFFFF1F60FE
:10E70000FFFFFF6F0000000000000000000000009D
:10E7100000E0FFFFFF0E30FFFFFFBF000000000022
:10E720000000000000000000F3FFFFFF0A00FEFFF2
:10E73000FFFF01000000000000000000000000F8E2
:10E74000FFFFFF0700FAFFFFFF08000000000000C6
:10E75000000000000010FEFFFFFF0300F5FFFFFFB9
:10E760002F000000000000000000000080FFFFFFFD
:10E77000DF0000E0FFFFFFBF00000000000000001E
:10E78000000000F3FFFFFF7F000070FFFFFFFF08A6
:10E7900000000000000000000020FDFFFFFF1E0041
:10E7A0000010FEFFFFFF9F010000000000000000BE
:10E7B000D3FFFFFFFF08000000F5FFFFFFFF4D0044
:10E7C00000000000000081FFFFFFFFDF01000000EC
:10E7D00090FFFFFFFFFF7D030000001095FEFFFF8D
:10E7E000FFFF3F0000000000FBFFFFFFFFFFFFBD3A
:10E7F000ABCBFEFFFFFFFFFFFF050000000000C1E5
:10E80000FFFFFFFFFFFFFFFFFFFFFFFFFFFFFF6FA8
:10E8100000000000000010FAFFFFFFFFFFFFFFFFF6
:10E82000FFFFFFFFFFEF050000000000000060FE9B
:10E83000FFFFFFFFFFFFFFFFFFFFFFFF2B000000B9
:10E8400000000000000091FEFFFFFFFFFFFFFFFF41
:10E85000FFFF5D000000000000000000000071FCF0
:10E86000FFFFFFFFFFFFFFEF4A0000000000000076
:10E870000000000000001085CAEDFFEEBD69030036
:10E880000000000000008788888803000000000066
:10E89000000000000000000000000000828888885E
:10E8A00004F9FFFFFF0A0000000000000000000064
:10E8B00000000000000000F9FFFFFF05F4FFFFFF6C
:10E8C0001E0000000000000000000000000000002A
:10E8D0000000FEFFFFEF00D0FFFFFF5F0000000021
:10E8E00000000000000000000000000040FFFFFFEB
:10E8F0009F0080FFFFFFBF0000000000000000003D
:10E9000000000000000000A0FFFFFF3F0030FFFFFD
:10E91000FFFF0100000000000000000000000000F8
:10E920000000E1FFFFFF0D0000FCFFFFFF060000FD
:10E9300000000000000000000000000000F5FFFFE4
:10E94000FF070000F7FFFFFF0C00000000000000C1
:10E950000000000000000000FBFFFFFF020000F2CB
:10E96000FFFFFF2F0000000000000000000000007B
:10E97000000010FFFFFFCF000000B0FFFFFF7F008F
:10E980000000000000000000000000000060FFFF29
:10E99000FF6F00000060FFFFFFDF000000000000CD
:10E9A0000000000000000000B0FFFFFF1F0000009B
:10E9B00010FEFFFFFF030000000000000000000049
:10E9C000000000F2FFFFFF0A00000000FAFFFFFF57
:10E9D0000800000000000000000000000000F7FF39
:10E9E000FFFF0500000000F4FFFFFF0D0000000026
:10E9F000000000000000000000FCFFFFEF0000002E
:10EA00000000E0FFFFFF4F000000000000000000DA
:10EA100000000030FFFFFF9F000000000080FFFFAC
:10EA2000FF9F00000000000000000000000080FFC9
:10EA3000FFFF4F000000000030FFFFFFEF0000006D
:10EA4000000000000000000000D0FFFFFF0D0000EC
:10EA500000000000FDFFFFFF0500000000000000B7
:10EA600000000000F4FFFFFF08000000000000F7B6
:10EA7000FFFFFF0A0000000000000000000000F996
:10EA8000FFFFFF02000000000000F2FFFFFF1F0079
:10EA900000000000000000000000FEFFFFCF0000AB
:10EAA0000000000000B0FFFFFF6F0000000000004A
:10EAB0000000000050FFFFFF6F000000000000009A
:10EAC00060FFFFFFBF00000000000000000000A08A
:10EAD000FFFFFF1F0000000000000010FFFFFFFF0E
:10EAE00002000000000000000000E1FFFFFF0B003B
:10EAF00000000000000000FAFFFFFF070000000018
:10EB00000000000000F6FFFFFF050000000000000D
:10EB10000000F5FFFFFF0C000000000000000000F7
:10EB2000FBFFFFEF010000000000000000E0FFFF1E
:10EB3000FF2F000000000000000010FFFFFF9F00FB
:10EB4000000000000000000090FFFFFF8F000000A9
:10EB5000000000000060FFFFFF4F00000000000009
:10EB600000000030FFFFFFDF000000000000000099
:10EB7000C0FFFFFF0D00000000000000000000FDCE
:10EB8000FFFFFF0300000000000000F2FFFFFF088E
:10EB900000000000000000000000F7FFFFFF090078
:10EBA000000000000000F7FFFFFF0300000000006E
:10EBB0000000000000F2FFFFFF0E00000000000058
:10EBC00000FDFFFFCF00000000000000000000007B
:10EBD000C0FFFFFF4F00000000000030FFFFFF7F7D
:10EBE000000000000000000000000060FFFFFFAF19
:10EBF00000000000000080FFFFFF2F000000000069
:10EC000000000000000010FFFFFFEF010000000007
:10EC100000E0FFFFFF0B000000000000000000000C
:10EC20000000FAFFFFFF050000000000F4FFFFFFF7
:10EC300005000000000000000000000000F5FFFFDC
:10EC4000FF0B0000000000F9FFFFEF0100000000D3
:10EC50000000000000000000E0FFFFFF1F000000B8
:10EC60000000FEFFFFAF00000000000000000000F9
:10EC700000000090FFFFFF6F0000000050FFFFFF4B
:10EC80004F0000000000000000000000000030FF06
:10EC9000FFFFCF00000000A0FFFFFF0E00000000FC
:10ECA00000000000000000000000FDFFFFFF020068
:10ECB0000000F1FFFFFF080000000000000000005E
:10ECC0000000000000F8FFFFFF07000000F6FFFF54
:10ECD000FF03000000000000000000000000000032
:10ECE000F2FFFFFF0D000000FBFFFFDF0000000050
:10ECF0000000000000000000000000C0FFFFFF3F18
:10ED0000000020FFFFFF7F00000000000000000067
:10ED100000000000000060FFFFFF8F000070FFFF99
:10ED2000FF2F0000000000000000000000000000B5
:10ED30000010FFFFFFDF0000C0FFFFFF0B0000001F
:10ED400000000000000000000000000000FBFFFFCA
:10ED5000FF0400F2FFFFFF060000000000000000BB
:10ED60000000000000000000F5FFFFFF0900F8FFB1
:10ED7000FFFF010000000000000000000000000094
:10ED8000000000E0FFFFFF0E00FDFFFFAF000000EE
:10ED9000000000000000000000000000000090FFE4
:10EDA000FFFF5F30FFFFFF4F00000000000000008A
:10EDB00000000000000000000040FFFFFFAF90FFD8
:10EDC000FFFF0E0000000000000000000000000037
:10EDD0000000000000FDFFFFFFE1FFFFFF09000052
:10EDE0000000000000000000000000000000000023
:10EDF000F8FFFFFFFAFFFFFF030000000000000024
:10EE00000000000000000000000000F2FFFFFFFF14
:10EE1000FFFFDF0000000000000000000000000015
:10EE2000000000000000C0FFFFFFFFFFFF7F0000A9
:10EE300000000000000000000000000000000000D2
:10EE40000070FFFFFFFFFFFF2F0000000000000029
:10EE500000000000000000000000000010FFFFFFA5
:10EE6000FFFFFF0B0000000000000000000000009A
:10EE70000000000000000000FBFFFFFFFFFF060096
:10EE80000000000000000000000000000000000082
:10EE9000000000F5FFFFFFFFFF0100000000000081
:10EEA0000000000000000000000000000000E1FF82
:10EEB000FFFFFFAF00000000000000000000008323
:10EEC0008888880400000000000000000000008224
:10EED0008888880500000000000000000000008114
:10EEE00088888803F2FFFFFF0C000000000000008C
:10EEF00000000000F7FFFFFF0D0000000000000011
:10EF000000000000F5FFFFFF04D0FFFFFF1F00001F
:10EF1000000000000000000000FBFFFFFF2F0000CA
:10EF2000000000000000000000F8FFFFFF0090FF5D
:10EF3000FFFF4F0000000000000000000000FEFF87
:10EF4000FFFF6F0000000000000000000000FCFF59
:10EF5000FFBF0050FFFFFF8F000000000000000017
:10EF6000000030FFFFFFFF9F0000000000000000D6
:10EF7000000010FFFFFF7F0010FFFFFFCF00000029
:10EF80000000000000000070FFFFFFFFDF00000036
:10EF90000000000000000050FFFFFF3F0000FCFFEA
:10EFA000FFFF01000000000000000000B0FFFFFFB5
:10EFB000FFFF0200000000000000000080FFFFFFD4
:10EFC0000E0000F9FFFFFF04000000000000000039
:10EFD00000E0FFFFFFFFFF06000000000000000050
:10EFE00000C0FFFFFF0B0000F5FFFFFF080000005F
:10EFF000000000000000F3FFFFFFFFFF090000001A
:10F00000000000000000F1FFFFFF070000F1FFFF1C
:10F01000FF0C000000000000000000F7FFFFFFFFF2
:10F02000FF0D000000000000000000F4FFFFFF03E0
:10F030000000C0FFFFFF1F000000000000000000F4
:10F04000FAFFFFFEFFFF2F0000000000000000009D
:10F05000F8FFFFEF00000080FFFFFF4F00000000FF
:10F060000000000000FEFFFFF7FFFF5F0000000050
:10F070000000000000FCFFFFAF00000040FFFFFFAA
:10F080008F000000000000000030FFFFEFF1FFFFE5
:10F090009F000000000000000010FFFFFF6F000055
:10F0A0000000FEFFFFCF000000000000000070FF26
:10F0B000FFAFC0FFFFDF000000000000000040FFC6
:10F0C000FFFF2F00000000FBFFFFFF01000000001A
:10F0D000000000A0FFFF7F80FFFFFF010000000095
:10F0E00000000080FFFFFF0D00000000F7FFFFFFA2
:10F0F0000400000000000000E0FFFF3F40FFFFFFB2
:10F100000500000000000000C0FFFFFF0A00000033
:10F1100000F3FFFFFF0800000000000000F3FFFF06
:10F120000E10FFFFFF0900000000000000F1FFFFCC
:10F13000FF0600000000E0FFFFFF0C0000000000E1
:10F140000000F6FFFF0B00FCFFFF0D0000000000B9
:10F150000000F4FFFFFF0200000000A0FFFFFF1F00
:10F1600000000000000000FAFFFF0700F8FFFF1F8B
:10F1700000000000000000F8FFFFDF0000000000BA
:10F1800060FFFFFF5F00000000000000FEFFFF03C4
:10F1900000F4FFFF5F00000000000000FCFFFF9F85
:10F1A000000000000020FFFFFF8F000000000000B3
:10F1B00030FFFFEF0000F1FFFF9F000000000000A4
:10F1C00010FFFFFF5F000000000000FDFFFFCF0009
:10F1D000000000000060FFFFBF0000B0FFFFCF0095
:10F1E000000000000040FFFFFF1F000000000000C3
:10F1F000F9FFFFFF010000000000A0FFFF7F0000FB
:10F2000080FFFFFF01000000000080FFFFFF0C00F7
:10F210000000000000F5FFFFFF050000000000E017
:10F22000FFFF4F000040FFFFFF050000000000B09F
:10F23000FFFFFF09000000000000F1FFFFFF0800D2
:10F2400000000000F2FFFF0E000000FFFFFF0900BA
:10F2500000000000F0FFFFFF05000000000000C0FC
:10F26000FFFFFF0C0000000000F6FFFF0B00000096
:10F27000FBFFFF0C0000000000F4FFFFFF01000097
:10F280000000000090FFFFFF1F0000000000FAFFD9
:10F29000FF07000000F8FFFF1F0000000000F8FF5C
:10F2A000FFCF0000000000000050FFFFFF5F0000E4
:10F2B000000000FDFFFF04000000F4FFFF5F0000FE
:10F2C000000000FBFFFF8F0000000000000010FFA7
:10F2D000FFFF8F0000000020FFFFFF00000000F094
:10F2E000FFFF8F0000000000FFFFFF4F0000000045
:10F2F00000000000FCFFFFCF0000000060FFFFBF28
:10F3000000000000B0FFFFCF0000000040FFFFFF43
:10F310001F0000000000000000F8FFFFFF010000D8
:10F3200000A0FFFF8F0000000070FFFFFF01000042
:10F330000070FFFFFF0B0000000000000000F4FF62
:10F34000FFFF05000000D0FFFF4F0000000040FF5E
:10F35000FFFF05000000B0FFFFFF080000000000F5
:10F36000000000E0FFFFFF09000000F2FFFF1F00A8
:10F3700000000000FEFFFF08000000E0FFFFFF04A8
:10F380000000000000000000B0FFFFFF0C000000C4
:10F39000F6FFFF0C0000000000FBFFFF0C00000068
:10F3A000F3FFFFEF00000000000000000070FFFF0F
:10F3B000FF1F000000F9FFFF080000000000F7FF3A
:10F3C000FF1F000000F7FFFFBF000000000000006B
:10F3D000000030FFFFFF5F000000FDFFFF040000A2
:10F3E000000000F4FFFF4F000000FBFFFF7F000064
:10F3F0000000000000000000FEFFFF9F000020FF53
:10F40000FFFF010000000000E0FFFF8F000000FE92
:10F41000FFFF3F00000000000000000000FAFFFFB7
:10F42000CF000060FFFFCF000000000000B0FFFF32
:10F43000CF000030FFFFFF0E0000000000000000C2
:10F440000000F6FFFFFF010090FFFF8F00000000AB
:10F45000000070FFFFFF010070FFFFFF0A000000C7
:10F4600000000000000000F2FFFFFF0500D0FFFFDA
:10F470004F00000000000030FFFFFF0400B0FFFF5E
:10F48000FF0600000000000000000000D0FFFFFFAA
:10F490000900F2FFFF1F00000000000000FEFFFF58
:10F4A0000800E0FFFFFF0300000000000000000074
:10F4B0000090FFFFFF0C00F5FFFF0C0000000000B4
:10F4C0000000FBFFFF0C00F3FFFFEF000000000057
:10F4D00000000000000050FFFFFF1F00F9FFFF08C1
:10F4E00000000000000000F7FFFF1F00F7FFFFAF64
:10F4F000000000000000000000000010FFFFFF5FA0
:10F5000000FDFFFF0500000000000000F3FFFF4FBB
:10F5100000FBFFFF6F000000000000000000000083
:10F5200000FDFFFF9F20FFFFFF0100000000000023
:10F5300000E0FFFF8F00FEFFFF2F00000000000033
:10F54000000000000000F9FFFFDF50FFFFCF0000C8
:10F55000000000000000B0FFFFBF30FFFFFF0D0004
:10F560000000000000000000000000F5FFFFFF9118
:10F57000FFFF9F000000000000000070FFFFFF7110
:10F58000FFFFFF0900000000000000000000000075
:10F59000F1FFFFFFD5FFFF5F00000000000000004B
:10F5A00030FFFFFFB4FFFFFF050000000000000078
:10F5B0000000000000C0FFFFFFFAFFFF1F00000077
:10F5C000000000000000FEFFFFE8FFFFFF02000058
:10F5D0000000000000000000000080FFFFFFFFFFB0
:10F5E000FF0D000000000000000000FBFFFFFEFF19
:10F5F000FFDF0000000000000000000000000040ED
:10F60000FFFFFFFFFFFF09000000000000000000F7
:10F61000F7FFFFFFFFFF9F00000000000000000059
:10F620000000000000FEFFFFFFFFFF0500000000DC
:10F630000000000000F3FFFFFFFFFF5F000000007D
:10F6400000000000000000000000FBFFFFFFFFFFC4
:10F6500001000000000000000000E0FFFFFFFFFFCE
:10F660001F0000000000000000000000000000F784
:10F67000FFFFFFFFDF00000000000000000000B0FF
:10F68000FFFFFFFFFF0C0000000000000000000073
:10F6900000000000F3FFFFFFFF9F000000000000DC
:10F6A0000000000070FFFFFFFFFF080000000000E7
:10F6B000000000000000000000E0FFFFFFFF5F000F
:10F6C00000000000000000000030FFFFFFFFFF040B
:10F6D0000000000000000000000000000000A0FF8B
:10F6E000FFFFFF2F0000000000000000000000FEF0
:10F6F000FFFFFFFF0100000000000000000000000D
:10F7000000000060FFFFFFFF0D0000000000000090
:10F7100000000000FAFFFFFFCF0000000000000023
:10F72000000000000000000020FFFFFFFF090000B4
:10F73000000000000000000000F7FFFFFF8F000046
:10F740000000000000004055555555010000000024
:10F7500000000000000000000000205555555540F5
:10F76000FFFFFFFF09000000000000000000000094
:10F77000000000D0FFFFFF9F00F9FFFFFF4F0000D8
:10F78000000000000000000000000000F8FFFFFF84
:10F790001D00D1FFFFFFDF0100000000000000009E
:10F7A0000000000030FFFFFFFF030040FFFFFFFFEE
:10F7B00009000000000000000000000000D1FFFF71
:10F7C000FF8F000000F9FFFFFF4F00000000000066
:10F7D000000000000000F8FFFFFF0C000000D1FF58
:10F7E000FFFFDF010000000000000000000040FFFC
:10F7F000FFFFEF0200000030FFFFFFFF08000000E6
:10F8000000000000000000D1FFFFFF6F00000000BB
:10F8100000F8FFFFFF3F00000000000000000000B4
:10F82000F9FFFFFF0B0000000000D0FFFFFFDF002B
:10F83000000000000000000040FFFFFFEF0100009B
:10F8400000000030FFFFFFFF080000000000000084
:10F8500000D1FFFFFF5F00000000000000F8FFFF85
:10F86000FF3F0000000000000000F9FFFFFF09005B
:10F87000000000000000C0FFFFFFDF0000000000EC
:10F88000000040FFFFFFDF0100000000000000302B
:10F89000FFFFFFFF08000000000000D1FFFFFF4F47
:10F8A000000000000000000000F7FFFFFF3F000025
:10F8B00000000000FAFFFFFF080000000000000049
:10F8C0000000C0FFFFFFCF000000000050FFFFFF5F
:10F8D000CF0000000000000000000020FEFFFFFF3E
:10F8E0000800000000E1FFFFFF3F000000000000F3
:10F8F0000000000000F7FFFFFF3F00000000FAFFDC
:10F90000FFFF070000000000000000000000B0FF43
:10F91000FFFFCF00000050FFFFFFBF00000000000E
:10F920000000000000000020FEFFFFFF070000E1D4
:10F93000FFFFFF2E0000000000000000000000009C
:10F9400000F6FFFFFF3F0000FAFFFFFF0500000089
:10F9500000000000000000000000B0FFFFFFCF002B
:10F9600060FFFFFFAF00000000000000000000008B
:10F9700000000020FEFFFFFF07E2FFFFFF1D000069
:10F9800000000000000000000000000000F6FFFF83
:10F99000FF2FFBFFFFFF040000000000000000003D
:10F9A000000000000000A0FFFFFFEFFFFFFF9F002F
:10F9B0000000000000000000000000000000001037
:10F9C000FEFFFFFFFFFFFF1D000000000000000022
:10F9D000000000000000000000F5FFFFFFFFFFFF38
:10F9E0000300000000000000000000000000000014
:10F9F0000000A0FFFFFFFFFF7F00000000000000ED
:10FA0000000000000000000000000010FEFFFFFFEB
:10FA1000FF0C0000000000000000000000000000DB
:10FA20000000000000F5FFFFFFFF040000000000E1
:10FA30000000000000000000000000000000F8FFCF
:10FA4000FFFFFF0C000000000000000000000000AD
:10FA500000000000000030FFFFFFFFFF7F000000FC
:10FA6000000000000000000000000000000000D1C5
:10FA7000FFFFFFFFFFFF0300000000000000000089
:10FA80000000000000000000F9FFFFFFFFFFFF0C77
:10FA90000000000000000000000000000000000066
:10FAA00050FFFFFFFFFFFFFF8F000000000000007E
:10FAB000000000000000000000E1FFFFFF6EFFFFFC
:10FAC000FFFF030000000000000000000000000035
:10FAD0000000FAFFFFFF05FAFFFFFF0D0000000026
:10FAE0000000000000000000000060FFFFFF9F001A
:10FAF000E1FFFFFF8F000000000000000000000099
:10FB0000000000E2FFFFFF1D0050FFFFFFFF0400A9
:10FB1000000000000000000000000000FCFFFFFFEC
:10FB2000040000FAFFFFFF1D0000000000000000BD
:10FB30000000000070FFFFFF9F000000E1FFFFFFDB
:10FB40009F000000000000000000000000F3FFFF25
:10FB5000FF1D00000050FFFFFFFF04000000000039
:10FB6000000000000000FDFFFFFF0400000000FA9D
:10FB7000FFFFFF1D0000000000000000000080FFEC
:10FB8000FFFF9F0000000000E1FFFFFF9F0000005B
:10FB900000000000000000F4FFFFFF1D0000000057
:10FBA0000060FFFFFFFF05000000000000000010E4
:10FBB000FDFFFFFF03000000000000FBFFFFFF1E32
:10FBC0000000000000000000A0FFFFFF8F00000009
:10FBD00000000000E2FFFFFFAF0000000000000097
:10FBE00000F5FFFFFF0D0000000000000060FFFFB8
:10FBF000FFFF0500000000000020FEFFFFFF0300E4
:10FC000000000000000000FBFFFFFF1E00000000DE
:10FC10000000B0FFFFFF8F000000000000000000A8
:10FC2000E2FFFFFFBF000000000000F7FFFFFF0C36
:10FC300000000000000000000060FFFFFFFF060062
:10FC400000000020FFFFFFFF030000000000000095
:10FC5000000000FBFFFFFF2E00000000C0FFFFFFC1
:10FC60007F0000000000000000000000E2FFFFFF36
:10FC7000BF00000000F8FFFFFF0C000000000000C4
:10FC8000000000000060FFFFFFFF06000030FFFFE4
:10FC9000FFFF02000000000000000000000000FB69
:10FCA000FFFFFF2E0000D1FFFFFF7F0000000000DC
:10FCB0000000000000000000E2FFFFFFCF0000F99D
:10FCC000FFFFFF0C0000000000000000000000002B
:10FCD0000070FFFFFFFF0750FFFFFFEF0200000073
:10FCE0000000000000000000000000FCFFFFFF2FEC
:10FCF000E1FFFFFF6F0000000000000000000000B7
:10FD000000000000F2FFFFFFCF8588888807000011
:10FD10000000000000000000000000000083888850
:10FD20008806F3FFFFFF6F000000000000000000E6
:10FD3000000000000000FDFFFFFF0580FFFFFFEF58
:10FD4000010000000000000000000000000070FF43
:10FD5000FFFFBF0010FDFFFFFF09000000000000D3
:10FD600000000000000000E2FFFFFF2F0000F5FF91
:10FD7000FFFF3F0000000000000000000000000046
:10FD8000FBFFFFFF070000B0FFFFFFCF00000000F8
:10FD9000000000000000000050FFFFFFDF00000037
:10FDA00020FFFFFFFF070000000000000000000030
:10FDB00000D1FFFFFF4F00000000F7FFFFFF1E0014
:10FDC00000000000000000000000F8FFFFFF090035
:10FDD000000000D0FFFFFFAF0000000000000000A7
:10FDE000000030FFFFFFEF010000000040FFFFFFB9
:10FDF000FF04000000000000000000C0FFFFFF6FD4
:10FE0000000000000000FAFFFFFF0D0000000000EE
:10FE100000000000F6FFFFFF0B000000000000E202
:10FE2000FFFFFF7F000000000000000010FEFFFF4A
:10FE3000FF0200000000000070FFFFFFEF02000063
:10FE4000000000000090FFFFFF8F00000000000096
:10FE50000000FCFFFFFF0A00000000000000F4FFAC
:10FE6000FFFF0D0000000000000000F3FFFFFF4F48
:10FE700000000000000000FCFFFFFF040000000085
:10FE80000000000090FFFFFFDF0100000000007095
:10FE9000FFFFFFAF00000000000000000010FEFFA9
:10FEA000FFFF080000000000E2FFFFFF1E0000004F
:10FEB00000000000000000F6FFFFFF2F0000000020
:10FEC00000FAFFFFFF060000000000000000000035
:10FED000C0FFFFFFBF0000000040FFFFFFBF0000AA
:10FEE00000000000000000000030FFFFFFFF0500E1
:10FEF0000000D1FFFFFF2F00000000000000000005
:10FF0000000000F8FFFFFF1D000000F8FFFFFF08E2
:10FF1000000000000000000000000000D1FFFFFF13
:10FF20008F000020FFFFFFDF000000000000000046
:10FF3000000000000050FFFFFFFF0300B0FFFFFFC5
:10FF40004F0000000000000000000000000000FB67
:10FF5000FFFFFF0B00F6FFFFFF0A0000000000009C
:10FF60000000000000000000F2FFFFFF6F10FEFF26
:10FF7000FFEF010000000000000000000000000092
:10FF80000080FFFFFFEF91FFFFFF6F000000000008
:10FF90000000000000000000000010FDFFFFFFFB5C
:10FFA000FFFFFF0C00000000000000000000000048
:10FFB00000000000F4FFFFFFFFFFFFFF0300000051
:10FFC00000000000000000000000000000A0FFFF93
:10FFD000FFFFFFFF8F000000000000000000000096
:10FFE00000000000000020FEFFFFFFFFFF1D0000DB
:10FFF0000000000000000000000000000000000001
:020000040801F1
:10000000F7FFFFFFFFFF04000000000000000000FA
:10001000000000000000000000C0FFFFFFFFAF0075
:1000200000000000000000000000000000000000D0
:10003000000040FFFFFFFF1E000000000000000066
:10004000000000000000000000000000F9FFFFFFBA
:100050000800000000000000000000000000000098
:100060000000000000F3FFFFFF0800000000000098
:100070000000000000000000000000000000F3FF8E
:10008000FFFF08000000000000000000000000006A
:1000900000000000000000F3FFFFFF080000000068
:1000A0000000000000000000000000000000000050
:1000B000F3FFFFFF08000000000000000000000048
:1000C000000000000000000000F3FFFFFF08000038
:1000D0000000000000000000000000000000000020
:1000E0000000F3FFFFFF0800000000000000000018
:1000F0000000000000000000000000F3FFFFFF0808
:1001000000000000000000000000000000000000EF
:1001100000000000F3FFFFFF0800000000000000E7
:1001200000000000000000000000000000F3FFFFDE
:10013000FF080000000000000000000000000000B8
:10014000000000000000F3FFFFFF080000000000B7
:10015000000000000000000000000000000000F3AC
:10016000FFFFFF080000000000000000000000008A
:100170000000000000000000F3FFFFFF0800000087
:10018000000000000000000000000000000000006F
:1001900000F3FFFFFF080000000000000000000067
:1001A00000000000000000000000F3FFFFFF080057
:1001B000000000000000000000000000000000003F
:1001C000000000F3FFFFFF08000000000000000037
:1001D000000000000000000000000000F3FFFFFF2F
:1001E0000800000000000000000000000000000007
:1001F0000000000000F3FFFFFF0800000000000007
:100200000000000000000000000000000000F3FFFC
:10021000FFFF0800000000000000000000000000D8
:1002200000000000000000F3FFFFFF0800000000D6
:1002300000000000000000000000000000000000BE
:10024000F3FFFFFF080000000000000000000000B6
:10025000000000000000000000F3FFFFFF080000A6
:10026000000000000000000000000000000000008E
:100270000000F3FFFFFF0800000000000000000086
:100280000000000000000000000000F3FFFFFF0876
:10029000000000000000000000000000000000005E
:1002A00000000000F3FFFFFF080000000000000056
:1002B00000000000000000000000000000F3FFFF4D
:1002C000FF080000000000000000000000FBFFFF2E
:1002D000FFFFFFFFFFFFFFFFFFFFFFFFFFFFFFFF2E
:1002E000FFFF7F0000FBFFFFFFFFFFFFFFFFFFFFA0
:1002F000FFFFFFFFFFFFFFFFFFFF7F0000FBFFFF90
:10030000FFFFFFFFFFFFFFFFFFFFFFFFFFFFFFFFFD
:10031000FFFF7F0000FBFFFFFFFFFFFFFFFFFFFF6F
:10032000FFFFFFFFFFFFFFFFFFFF7F0000FBFFFF5F
:10033000FFFFFFFFFFFFFFFFFFFFFFFFFFFFFFFFCD
:10034000FFFF7F0000FBFFFFFFFFFFFFFFFFFFFF3F
:10035000FFFFFFFFFFFFFFFFFFFF7F0000DADDDD94
:10036000DDDDDDDDDDDDDDDDDDDDDDDDDDDDFEFF7A
:10037000FFFF7F0000000000000000000000000000
:10038000000000000010FDFFFFFF2E000000000035
:1003900000000000000000000000000000B0FFFFAF
:1003A000FFFF04000000000000000000000000004B
:1003B0000000000000F8FFFFFF6F000000000000D9
:1003C00000000000000000000000000050FFFFFFE0
:1003D000FF09000000000000000000000000000015
:1003E00000000000E3FFFFFFBF000000000000006E
:1003F000000000000000000000000010FDFFFFFFF3
:100400001D000000000000000000000000000000CF
:10041000000000B0FFFFFFEF03000000000000003D
:100420000000000000000000000000F9FFFFFF5F77
:1004300000000000000000000000000000000000BC
:10044000000060FFFFFFFF08000000000000000048
:1004500000000000000000000000F4FFFFFFAF00FC
:10046000000000000000000000000000000000008C
:100470000020FEFFFFFF1C00000000000000000045
:10048000000000000000000000C1FFFFFFEF0200BD
:10049000000000000000000000000000000000005C
:1004A00000FAFFFFFF4F0000000000000000000006
:1004B000000000000000000070FFFFFFFF060000CA
:1004C000000000000000000000000000000000002C
:1004D000F4FFFFFF9F00000000000000000000008C
:1004E0000000000000000020FEFFFFFF0C000000E5
:1004F000000000000000000000000000000000D12B
:10050000FFFFFFDF0100000000000000000000000E
:1005100000000000000000FBFFFFFF3E00000000A5
:10052000000000000000000000000000000080FF4C
:10053000FFFFFF05000000000000000000000000B9
:10054000000000000000F5FFFFFF8F00000000002A
:100550000000000000000000000000000030FEFF6E
:10056000FFFF0B0000000000000000000000000082
:100570000000000000D1FFFFFFDF010000000000CD
:1005800000000000000000000000000000FBFFFF72
:10059000FF2E00000000000000000000000000002E
:1005A0000000000090FFFFFFFF04000000000000BB
:1005B000000000000000000000000000F6FFFFFF48
:1005C0007F000000000000000000000000000000AC
:1005D00000000040FFFFFFFF0900000000000000D6
:1005E0000000000000000000000000E2FFFFFFCF5D
:1005F00000000000000000000000000000000000FB
:10060000000010FCFFFFFF1D0000000000000000C4
:1006100000000000000000000000A0FFFFFFFF033B
:1006200000000000000000000000000000000000CA
:100630000000F7FFFFFF5F00000000000000000067
:1006400000000000000000000040FFFFFFFF080066
:10065000000000000000000000000000000000009A
:1006600000E2FFFFFFBF00000000000000000000EC
:10067000000000000000000010FDFFFFFF1D000053
:10068000000000000000000000000000000000006A
:10069000B0FFFFFFEF0200000000000000000000BC
:1006A0000000000000000000F8FFFFFF4F00000006
:1006B00000000000000000000000000000000050EA
:1006C000FFFFFFFF07000000000000000000000027
:1006D00000000000000000E3FFFFFFAF000000008B
:1006E000000000000000000000000000000010FDFD
:1006F000FFFFFF0C000000000000000000000000F1
:10070000000000000000B0FFFFFFEF02000000004B
:100710000000000000000000000000000000F9FFE1
:10072000FFFF3F000000000000000000000000008C
:10073000000000000060FFFFFFFF06000000000057
:1007400000000000000000000000000000F4FFFFB7
:10075000FF8F00000000000000000000000000000B
:100760000000000020FEFFFFFF0B00000000000063
:10077000000000000000000000000000C0FFFFFFBC
:10078000DF01000000000000000000000000000089
:1007900000000000F1FFFFFFEFEEEEEEEEEEEEEEFA
:1007A000EEEEEEEEEEEEEEEEEEEEEE04F1FFFFFF1D
:1007B000FFFFFFFFFFFFFFFFFFFFFFFFFFFFFFFF49
:1007C000FFFFFF05F1FFFFFFFFFFFFFFFFFFFFFF41
:1007D000FFFFFFFFFFFFFFFFFFFFFF05F1FFFFFF31
:1007E000FFFFFFFFFFFFFFFFFFFFFFFFFFFFFFFF19
:1007F000FFFFFF05F1FFFFFFFFFFFFFFFFFFFFFF11
:10080000FFFFFFFFFFFFFFFFFFFFFF05F1FFFFFF00
:10081000FFFFFFFFFFFFFFFFFFFFFFFFFFFFFFFFE8
:10082000FFFFFF05F1FFFFFFFFFFFFFFFFFFFFFFE0
:10083000FFFFFFFFFFFFFFFFFFFFFF05FAFFFFFFC7
:10084000FFFFFFFFFFFF0AFAFFFFFFFFFFFFFFFFB2
:10085000FF0AFAFFFFFFFFFFFFFFFFFF0AFAFFFF9C
:10086000FFFFFFFFFFFFFF0AFAFFFFFFFFFFFFFF92
:10087000FFFF0AFAFFFFAF99999999999906FAFF34
:10088000FF2F00000000000000FAFFFF2F00000013
:1008900000000000FAFFFF2F00000000000000FA37
:1008A000FFFF2F00000000000000FAFFFF2F0000F4
:1008B0000000000000FAFFFF2F0000000000000011
:1008C000FAFFFF2F00000000000000FAFFFF2F00DA
:1008D000000000000000FAFFFF2F000000000000F1
:1008E00000FAFFFF2F00000000000000FAFFFF2FBA
:1008F00000000000000000FAFFFF2F0000000000D1
:100900000000FAFFFF2F00000000000000FAFFFFC8
:100910002F00000000000000FAFFFF2F0000000081
:10092000000000FAFFFF2F00000000000000FAFFA7
:10093000FF2F00000000000000FAFFFF2F00000062
:1009400000000000FAFFFF2F00000000000000FA86
:10095000FFFF2F00000000000000FAFFFF2F000043
:100960000000000000FAFFFF2F0000000000000060
:10097000FAFFFF2F00000000000000FAFFFF2F0029
:10098000000000000000FAFFFF2F00000000000040
:1009900000FAFFFF2F00000000000000FAFFFF2F09
:1009A00000000000000000FAFFFF2F000000000020
:1009B0000000FAFFFF2F00000000000000FAFFFF18
:1009C0002F00000000000000FAFFFF2F00000000D1
:1009D000000000FAFFFF2F00000000000000FAFFF7
:1009E000FF2F00000000000000FAFFFF2F000000B2
:1009F00000000000FAFFFF2F00000000000000FAD6
:100A0000FFFF2F00000000000000FAFFFF2F000092
:100A10000000000000FAFFFF2F00000000000000AF
:100A2000FAFFFF2F00000000000000FAFFFF2F0078
:100A3000000000000000FAFFFF2F0000000000008F
:100A400000FAFFFF2F00000000000000FAFFFF2F58
:100A500000000000000000FAFFFF2F00000000006F
:100A60000000FAFFFF2F00000000000000FAFFFF67
:100A70002F00000000000000FAFFFF2F0000000020
:100A8000000000FAFFFF2F00000000000000FAFF46
:100A9000FF2F00000000000000FAFFFF2F00000001
:100AA00000000000FAFFFF2F00000000000000FA25
:100AB000FFFF2F00000000000000FAFFFF2F0000E2
:100AC0000000000000FAFFFF2F00000000000000FF
:100AD000FAFFFF2F00000000000000FAFFFF2F00C8
:100AE000000000000000FAFFFF2F000000000000DF
:100AF00000FAFFFF2F00000000000000FAFFFF2FA8
:100B000000000000000000FAFFFF2F0000000000BE
:100B10000000FAFFFF2F00000000000000FAFFFFB6
:100B20002F00000000000000FAFFFF2F000000006F
:100B3000000000FAFFFF2F00000000000000FAFF95
:100B4000FF2F00000000000000FAFFFFFFFFFFFF83
:100B5000FFFFFF0AFAFFFFFFFFFFFFFFFFFF0AFA99
:100B6000FFFFFFFFFFFFFFFFFF0AFAFFFFFFFFFF8F
:100B7000FFFFFFFF0AFAFFFFFFFFFFFFFFFFFF0A74
:100B80009699999999999999999906F1FFFFCF00AA
:100B900000000000000000000000000000A0FFFFB7
:100BA000FF030000000000000000000000000050F3
:100BB000FFFFFF0800000000000000000000000030
:100BC0000000FEFFFF0E000000000000000000001B
:100BD00000000000F8FFFF5F0000000000000000C0
:100BE000000000000000F2FFFFBF00000000000056
:100BF0000000000000000000C0FFFFFF0200000036
:100C00000000000000000000000060FFFFFF070080
:100C100000000000000000000000000010FEFFFFC8
:100C20000D0000000000000000000000000000F9BE
:100C3000FFFF4F0000000000000000000000000067
:100C400000F4FFFF9F000000000000000000000013
:100C5000000000D0FFFFEF010000000000000000D6
:100C6000000000000070FFFFFF0600000000000011
:100C70000000000000000010FFFFFF0C000000005B
:100C800000000000000000000000FBFFFF2F00003C
:100C9000000000000000000000000000F5FFFF8FD2
:100CA0000000000000000000000000000000E0FF65
:100CB000FFDF000000000000000000000000000056
:100CC00080FFFFFF040000000000000000000000A3
:100CD000000020FFFFFF0A000000000000000000ED
:100CE0000000000000FCFFFF1F00000000000000EB
:100CF00000000000000000F6FFFF7F000000000081
:100D0000000000000000000000E1FFFFCF00000035
:100D10000000000000000000000000A0FFFFFF0333
:100D20000000000000000000000000000040FFFF85
:100D3000FF090000000000000000000000000000AB
:100D4000FDFFFF0E0000000000000000000000009A
:100D50000000F7FFFF5F000000000000000000003F
:100D600000000000F2FFFFBF0000000000000000D4
:100D7000000000000000B0FFFFFF020000000000C4
:100D8000000000000000000050FFFFFF070000000F
:100D90000000000000000000000000FEFFFF0D004A
:100DA00000000000000000000000000000F8FFFF4D
:100DB0004F0000000000000000000000000000F3F1
:100DC000FFFFAF0000000000000000000000000076
:100DD00000C0FFFFEF010000000000000000000065
:100DE00000000060FFFFFF060000000000000000A0
:100DF000000000000010FEFFFF0C000000000000DB
:100E00000000000000000000FAFFFF3F00000000AB
:100E100000000000000000000000F4FFFF8F000051
:100E2000000000000000000000000000D0FFFFEF05
:100E3000000000000000000000000000000070FF43
:100E4000FFFF05000000000000000000000000009F
:100E500020FFFFFF0B00000000000000000000006A
:100E6000000000FBFFFF1F0000000000000000006A
:100E70000000000000F5FFFF7F0000000000000000
:100E800000000000000000E0FFFFDF0000000000A5
:100E900000000000000000000090FFFFFF030000C2
:100EA000000000000000000000000030FFFFFF090C
:100EB0000000000000000000000000000000FCFF37
:100EC000FF1E000000000000000000000000000005
:100ED000F6FFFF6F000000000000000000000000AF
:100EE0000000F1FFFFBF0000000000000000000054
:100EF00000000000A0FFFFFF020000000000000053
:100F000000000000000040FFFFFF0800000000009C
:100F1000000000000000000000FDFFFF0D000000C9
:100F20000000000000000000000000F8FFFF4F007C
:100F300000000000000000000000000000F2FFFFC1
:100F4000AF0000000000000000000000000000B042
:100F5000FFFFFF0100000000000000000000000093
:100F60000050FFFFFF06000000000000000000002E
:100F700000000000FEFFFF0C000000000000000069
:100F8000000000000000F9FFFF3F0000000000002B
:100F90000000000000000000F3FFFF9F00000000C1
:100FA00000000000000000000000C0FFFFEF000094
:100FB00000000000000000000000000070FFFFFFC4
:100FC000050000000000000000000000000010FF0D
:100FD000FFFF0B0000000000000000000000000008
:100FE00000FAFFFF2F0000000000000000000000DA
:100FF000000000F4FFFF7F00000000000000000080
:101000000000000000D0FFFFDF0000000000000033
:101010000000000000000080FFFFFF04000000004F
:1010200000000000000000000020FFFFFF0A000099
:10103000000000000000000000000000FBFFFF1E99
:101040000000000000000000000000000000F5FFAC
:10105000FF6F000000000000000000000000000022
:10106000E1FFFFCF000000000000000000000000D2
:10107000000090FFFFFF02000000000000000000E1
:101080000000000030FFFFFF08000000000000002B
:1010900000000000000000FCFFFF0E000000000048
:1010A000000000000000000000F7FFFF5FF5FFFFF9
:1010B000FFFFFFFFFFFFFF0FF5FFFFFFFFFFFFFF3A
:1010C000FFFF0FF5FFFFFFFFFFFFFFFFFF0FF5FF24
:1010D000FFFFFFFFFFFFFFFF0FF5FFFFFFFFFFFF1A
:1010E000FFFFFF0F93999999999999FEFFFF0F00C0
:1010F000000000000000FCFFFF0F000000000000E7
:1011000000FCFFFF0F00000000000000FCFFFF0FCD
:1011100000000000000000FCFFFF0F0000000000C6
:101120000000FCFFFF0F00000000000000FCFFFFBC
:101130000F00000000000000FCFFFF0F0000000097
:10114000000000FCFFFF0F00000000000000FCFF9B
:10115000FF0F00000000000000FCFFFF0F00000078
:1011600000000000FCFFFF0F00000000000000FC7A
:10117000FFFF0F00000000000000FCFFFF0F000059
:101180000000000000FCFFFF0F0000000000000056
:10119000FCFFFF0F00000000000000FCFFFF0F003D
:1011A000000000000000FCFFFF0F00000000000036
:1011B00000FCFFFF0F00000000000000FCFFFF0F1D
:1011C00000000000000000FCFFFF0F000000000016
:1011D0000000FCFFFF0F00000000000000FCFFFF0C
:1011E0000F00000000000000FCFFFF0F00000000E7
:1011F000000000FCFFFF0F00000000000000FCFFEB
:10120000FF0F00000000000000FCFFFF0F000000C7
:1012100000000000FCFFFF0F00000000000000FCC9
:10122000FFFF0F00000000000000FCFFFF0F0000A8
:101230000000000000FCFFFF0F00000000000000A5
:10124000FCFFFF0F00000000000000FCFFFF0F008C
:10125000000000000000FCFFFF0F00000000000085
:1012600000FCFFFF0F00000000000000FCFFFF0F6C
:1012700000000000000000FCFFFF0F000000000065
:101280000000FCFFFF0F00000000000000FCFFFF5B
:101290000F00000000000000FCFFFF0F0000000036
:1012A000000000FCFFFF0F00000000000000FCFF3A
:1012B000FF0F00000000000000FCFFFF0F00000017
:1012C00000000000FCFFFF0F00000000000000FC19
:1012D000FFFF0F00000000000000FCFFFF0F0000F8
:1012E0000000000000FCFFFF0F00000000000000F5
:1012F000FCFFFF0F00000000000000FCFFFF0F00DC
:10130000000000000000FCFFFF0F000000000000D4
:1013100000FCFFFF0F00000000000000FCFFFF0FBB
:1013200000000000000000FCFFFF0F0000000000B4
:101330000000FCFFFF0F00000000000000FCFFFFAA
:101340000F00000000000000FCFFFF0F0000000085
:10135000000000FCFFFF0F00000000000000FCFF89
:10136000FF0F00000000000000FCFFFF0F00000066
:1013700000000000FCFFFF0F00000000000000FC68
:10138000FFFF0F00000000000000FCFFFF0F000047
:101390000000000000FCFFFF0F0000000000000044
:1013A000FCFFFF0F00000000000000FCFFFF0F002B
:1013B000000000000000FCFFFF0FF5FFFFFFFFFF34
:1013C000FFFFFFFF0FF5FFFFFFFFFFFFFFFFFF0F17
:1013D000F5FFFFFFFFFFFFFFFFFF0FF5FFFFFFFF21
:1013E000FFFFFFFFFF0FF5FFFFFFFFFFFFFFFFFF07
:1013F0000F939999999999999999990900000000E1
:101400000000000000000070888803000000000059
:1014100000000000000000000000000000000000CC
:1014200000F7FFFF1D0000000000000000000000AA
:101430000000000000000000000030FFFFFFAF00D0
:10144000000000000000000000000000000000009C
:1014500000000000D1FFFFFFFF06000000000000B9
:101460000000000000000000000000000000FAFF83
:10147000FFFFFF2E00000000000000000000000041
:101480000000000000000060FFFFFFFFFFCF000032
:10149000000000000000000000000000000000004C
:1014A00000E2FFFFFFFFFFFF090000000000000057
:1014B0000000000000000000000000FCFFFFCFFF64
:1014C000FFFF5F00000000000000000000000000BF
:1014D0000000000080FFFFFF1DF8FFFFEF0200008B
:1014E0000000000000000000000000000000F4FF09
:1014F000FFFF04C0FFFFFF0B000000000000000022
:101500000000000000000020FEFFFF8F0020FEFF13
:10151000FF8F00000000000000000000000000003D
:1015200000B0FFFFFF0C0000F6FFFFFF040000000B
:101530000000000000000000000000F7FFFFEF02C5
:101540000000A0FFFFFF1D000000000000000000E1
:101550000000000030FFFFFF5F00000010FDFFFFF4
:10156000AF00000000000000000000000000D1FFFC
:10157000FFFF0900000000F3FFFFFF06000000006E
:101580000000000000000000FAFFFFDF0100000083
:101590000070FFFFFF3F000000000000000000009F
:1015A0000060FFFFFF3F000000000000FBFFFFDFC7
:1015B0000100000000000000000000F3FFFFFF0733
:1015C000000000000000E2FFFFFF09000000000033
:1015D0000000000010FDFFFFBF0000000000000041
:1015E00050FFFFFF5F00000000000000000090FFC0
:1015F000FFFF1E0000000000000000F9FFFFEF02E7
:101600000000000000000000F5FFFFFF04000000E4
:101610000000000000C0FFFFFF0C00000000000001
:101620000020FEFFFF8F00000000000000000030DF
:10163000FEFFFF8F00000000000000C0FFFFFF0C56
:1016400000000000000000000000F6FFFFFF0400A3
:101650000000000000F8FFFFEF02000000000000A3
:1016600000000000A0FFFFFF1E000000000040FF80
:10167000FFFF6F000000000000000000000010FDF0
:10168000FFFFBF0000000000E1FFFFFF0A000000B5
:10169000000000000000000000F4FFFFFF07000052
:1016A0000000FBFFFFDF0100000000000000000061
:1016B00000000080FFFFFF3F00000070FFFFFF4FB2
:1016C0000000000000000000000000000000FCFF1F
:1016D000FFDF010000F3FFFFFF0700000000000034
:1016E0000000000000000000E2FFFFFF0A0010FD04
:1016F000FFFFBF000000000000000000000000002D
:10170000000050FFFFFF6F00A0FFFFFF2E00000052
:1017100000000000000000000000000000F9FFFFD2
:10172000EF02F6FFFFFF05000000000000000000D0
:1017300000000000000000D1FFFFFF0CB2BBBBBBEC
:10174000BBBBBBBBBBBBBBBBBBBBBBBBBBBBBBBBE9
:10175000BBBBBBBBBBBBF2FFFFFFFFFFFFFFFFFF3E
:10176000FFFFFFFFFFFFFFFFFFFFFFFFFFFFFFFF89
:10177000F2FFFFFFFFFFFFFFFFFFFFFFFFFFFFFF86
:10178000FFFFFFFFFFFFFFFFFFFFF2FFFFFFFFFF76
:10179000FFFFFFFFFFFFFFFFFFFFFFFFFFFFFFFF59
:1017A000FFFFFFFFF2FFFFFFFFFFFFFFFFFFFFFF56
:1017B000FFFFFFFFFFFFFFFFFFFFFFFFFFFF84882B
:1017C00088887800000000E1FFFFFFFF04000000B0
:1017D00040FFFFFFFF0B00000000F8FFFFFF3F008E
:1017E000000000B0FFFFFFBF0000000020FEFFFF71
:1017F000FF0300000000F5FFFFFF0A00000000905B
:10180000FFFFFF2F0000000000FCFFFFAF00000003
:101810000000E2FFFFFF020000000050FFFFFF0991
:101820000000000000F9FFFF2F0000000000D1FFC2
:10183000FF8F000000000030FFFFEF0100000000FC
:1018400000F6FFFF08000000003075B9DDFEFFDE86
:10185000AC58020000000000000062C9FFFFFFFF5B
:10186000FFFFFFFFFFDF28000000000010FFFFFF69
:10187000FFFFFFFFFFFFFFFFFFFF19000000001049
:10188000FFFFFFFFFFFFFFFFFFFFFFFFFFEF040072
:10189000000010FFFFFFFFFFFFFFFFFFFFFFFFFF45
:1018A000FF6F00000010FFFFFFFFFFFFFFFFFFFFC4
:1018B000FFFFFFFFFF04000010FFFFFFFFEFAC89F9
:1018C00088B9FCFFFFFFFFFF1E000010FFFFCF588D
:1018D000020000000010A4FFFFFFFF8F000010FFB8
:1018E0006B010000000000000000C2FFFFFFEF01DD
:1018F0000000160000000000000000000010FDFFC6
:10190000FFFF0600000000000000000000000000D3
:1019100000F3FFFFFF0A00000000000000000000CD
:1019200000000000B0FFFFFF0D00000000000000FD
:101930000000000000000060FFFFFF0F000000003B
:101940000000000000000000000050FFFFFF1F002B
:101950000000000000000000000000000030FFFF59
:10196000FF2F000000000000000000000000000049
:1019700030FFFFFF2F00000000000000105386A979
:10198000CBDDEEFFFFFFFF2F000000000020A6FDD3
:10199000FFFFFFFFFFFFFFFFFFFF2F0000000071B1
:1019A000FCFFFFFFFFFFFFFFFFFFFFFFFF2F000018
:1019B0000091FFFFFFFFFFFFFFFFFFFFFFFFFFFFA4
:1019C0002F000050FEFFFFFFFFFFFFFFFFFFFFFFA5
:1019D000FFFFFF2F0000F9FFFFFFFFFFFFFFFFFFEB
:1019E000FFEFEEFFFFFF2F00A0FFFFFFFFFFFFDF76
:1019F0009B5734120030FFFFFF2F00F7FFFFFFFF60
:101A0000DF4801000000000030FFFFFF2F20FFFF34
:101A1000FFFFCF050000000000000030FFFFFF2F98
:101A2000A0FFFFFFFF08000000000000000030FFE3
:101A3000FFFF2FF1FFFFFF6F00000000000000001C
:101A40000030FFFFFF2FF6FFFFFF0A00000000003D
:101A50000000000030FFFFFF2FF9FFFFFF03000031
:101A60000000000000000030FFFFFF2FFCFFFFDF41
:101A70000000000000000000000030FFFFFF2FFD0D
:101A8000FFFFBF0000000000000000000030FFFF6B
:101A9000FF2FFEFFFFAF000000000000000000006D
:101AA00030FFFFFF2FFEFFFFBF000000000000001F
:101AB00000000030FFFFFF2FFDFFFFDF00000000F0
:101AC00000000000000030FFFFFF2FFBFFFFFF02C0
:101AD000000000000000000000B2FFFFFF2FF8FF31
:101AE000FFFF08000000000000000060FEFFFFFF95
:101AF0002FF4FFFFFF4F0000000000000030FCFF4C
:101B0000FFFFFF2FE0FFFFFFEF06000000000030A7
:101B1000FAFFFFFFFFFF2F70FFFFFFFFCF3700002F
:101B20001074FCFFFFFFFFFFFF2F10FDFFFFFFFF03
:101B3000FFEFDDFEFFFFFFFFFFFFFFFF2F00F4FFC2
:101B4000FFFFFFFFFFFFFFFFFFFFFF8EFFFFFF2FE6
:101B50000060FFFFFFFFFFFFFFFFFFFFFFBF32FF40
:101B6000FFFF2F0000E5FFFFFFFFFFFFFFFFFFEF7D
:101B70000730FFFFFF2F000030FDFFFFFFFFFFFFDB
:101B8000FFFF290030FFFFFF2F00000060FDFFFF77
:101B9000FFFFFFDF17000020CCCCCC2C00000000A2
:101BA00040B8EDEFCD69020000000000000000FC2D
:101BB000FFFF9F0000000000000000000000000088
:101BC000000000FCFFFF9F0000000000000000007C
:101BD00000000000000000FCFFFF9F00000000006C
:101BE0000000000000000000000000FCFFFF9F005C
:101BF000000000000000000000000000000000FCE9
:101C0000FFFF9F0000000000000000000000000037
:101C1000000000FCFFFF9F0000000000000000002B
:101C200000000000000000FCFFFF9F00000000001B
:101C30000000000000000000000000FCFFFF9F000B
:101C4000000000000000000000000000000000FC98
:101C5000FFFF9F00000000000000000000000000E7
:101C6000000000FCFFFF9F000000000000000000DB
:101C700000000000000000FCFFFF9F0000000000CB
:101C80000000000000000000000000FCFFFF9F00BB
:101C9000000000000000000000000000000000FC48
:101CA000FFFF9F0000000000000000000000000097
:101CB000000000FCFFFF9F0000000000000000008B
:101CC00000000000000000FCFFFF9F00000000007B
:101CD0000000000000000000000000FCFFFF9F006B
:101CE000000000000000000000000000000000FCF8
:101CF000FFFF9F0000000084DAFEEFAC160000003A
:101D0000000000FCFFFF9F000010E8FFFFFFFFFF47
:101D1000FF3A0000000000FCFFFF9F0010E7FFFFFC
:101D2000FFFFFFFFFFFF0800000000FCFFFF9F0018
:101D3000D5FFFFFFFFFFFFFFFFFFCF01000000FC0B
:101D4000FFFF9F91FFFFFFFFFFFFFFFFFFFFFF1D53
:101D5000000000FCFFFFBFFDFFFFFFFFFFFFFFFFD5
:101D6000FFFFFFBF000000FCFFFFFFFFFFFFFFFFC3
:101D7000FFFFFFFFFFFFFFFF080000FCFFFFFFFF6B
:101D8000FFFFBF47122174FCFFFFFFFF3F0000FC75
:101D9000FFFFFFFFFF7E020000000040FDFFFFFF8E
:101DA000BF0000FCFFFFFFFF7E01000000000000FD
:101DB000C1FFFFFFFF0300FCFFFFFFAF01000000BA
:101DC0000000000020FDFFFFFF0A00FCFFFFEF0501
:101DD000000000000000000000F5FFFFFF1F00FCF6
:101DE000FFFF9F00000000000000000000C0FFFF98
:101DF000FF5F00FCFFFF9F000000000000000000EC
:101E00000050FFFFFF9F00FCFFFF9F00000000004D
:101E1000000000000010FFFFFFCF00FCFFFF9F004D
:101E200000000000000000000000FBFFFFFF01FCBD
:101E3000FFFF9F0000000000000000000000F8FF0E
:101E4000FFFF03FCFFFF9F000000000000000000F8
:101E50000000F6FFFFFF05FCFFFF9F0000000000F1
:101E6000000000000000F3FFFFFF06FCFFFF9F00E3
:101E700000000000000000000000F2FFFFFF08FC6F
:101E8000FFFF9F0000000000000000000000F1FFC5
:101E9000FFFF08FCFFFF9F000000000000000000A3
:101EA0000000F0FFFFFF09FCFFFF9F0000000000A3
:101EB000000000000000F0FFFFFF09FCFFFF9F0093
:101EC00000000000000000000000F0FFFFFF09FC20
:101ED000FFFF9F0000000000000000000000F0FF76
:101EE000FFFF08FCFFFF9F00000000000000000053
:101EF0000000F1FFFFFF08FCFFFF9F000000000053
:101F0000000000000000F2FFFFFF06FCFFFF9F0043
:101F100000000000000000000000F4FFFFFF04FCD0
:101F2000FFFF9F0000000000000000000000F6FF1F
:101F3000FFFF02FCFFFF9F00000000000000000008
:101F40000000FAFFFFEF00FCFFFF9F000000000011
:101F5000000000000000FDFFFFAF00FCFFFF9F003E
:101F600000000000000000000030FFFFFF6F00FCD9
:101F7000FFFF9F00000000000000000000A0FFFF26
:101F8000FF1F00FCFFFF9F0000000000000000009A
:101F900000F2FFFFFF0A00FCFFFF9F0000000000AF
:101FA0000000000000FBFFFFFF0400FCFFFF9F009C
:101FB000000000000000000080FFFFFFCF0000FCD9
:101FC000FFFF9F000000000000000000F9FFFFFF7E
:101FD0004F0000FCFFFFFF5B00000000000000B3AB
:101FE000FFFFFFFF0A0000FCFFFFFFFF9E14000041
:101FF0000010A5FFFFFFFFDF010000FCFFFFFFFF58
:10200000FFFFBDABBAFDFFFFFFFFFF3F000000FC7D
:10201000FFFFFFFFFFFFFFFFFFFFFFFFFFFFFF04CB
:10202000000000FCFFFFFFFFFFFFFFFFFFFFFFFFC0
:10203000FFFF4E00000000FCFFFFFFFFFFFFFFFF60
:10204000FFFFFFFFFFDF0300000000FCFFFF7FC575
:10205000FFFFFFFFFFFFFFFFFF180000000000FC75
:10206000FFFF3F0093FEFFFFFFFFFFEF290000008F
:1020700000000000000000000040A7DCFEDE9B1511
:10208000000000000000000000000000000041A867
:10209000ECFEEEAC4801000000000000000000A5CE
:1020A000FFFFFFFFFFFFFFBF160000000000000062
:1020B000D5FFFFFFFFFFFFFFFFFFFF4A000000000B
:1020C00000B2FFFFFFFFFFFFFFFFFFFFFFFF4C001E
:1020D000000040FEFFFFFFFFFFFFFFFFFFFFFFFFCE
:1020E0008F000000F5FFFFFFFFFFFFFFFFFFFFFF77
:1020F000FFFF8F000050FFFFFFFFFFCF796687EBE8
:10210000FFFFFFFF8F0000E3FFFFFFFF8E020000D5
:10211000000083FEFFFF8F0010FDFFFFFFAF0100F7
:10212000000000000060FDFF8F0080FFFFFFFF0741
:10213000000000000000000060FE8F00F2FFFFFFC3
:102140007F00000000000000000000A18F00F9FFE8
:10215000FFFF0B0000000000000000000000661000
:10216000FFFFFFEF02000000000000000000000081
:102170000060FFFFFF8F0000000000000000000073
:10218000000000B0FFFFFF2F000000000000000073
:102190000000000000F1FFFFFF0B00000000000046
:1021A00000000000000000F4FFFFFF070000000037
:1021B000000000000000000000F6FFFFFF04000028
:1021C0000000000000000000000000F9FFFFFF0118
:1021D00000000000000000000000000000FAFFFF07
:1021E000EF0000000000000000000000000000FC04
:1021F000FFFFDF0000000000000000000000000002
:1022000000FDFFFFCF000000000000000000000004
:10221000000000FDFFFFBF00000000000000000004
:102220000000000000FDFFFFBF00000000000000F4
:1022300000000000000000FDFFFFCF0000000000D4
:10224000000000000000000000FCFFFFDF000000B5
:102250000000000000000000000000FBFFFFEF0096
:1022600000000000000000000000000000F9FFFF77
:10227000FF0100000000000000000000000000F767
:10228000FFFFFF040000000000000000000000004D
:1022900000F5FFFFFF070000000000000000000045
:1022A000000000F1FFFFFF0B000000000000000035
:1022B0000000000000D0FFFFFF2F00000000000022
:1022C0000000000000000080FFFFFF8F0000000002
:1022D00000000000000000000030FFFFFFEF0200E0
:1022E000000000000000000000000000FCFFFFFFF5
:1022F0000B00000000000000000000006600F5FF79
:10230000FFFF6F00000000000000000000A18F0030
:10231000C0FFFFFFFF06000000000000000070FE8D
:102320008F0030FFFFFFFF9F010000000000005002
:10233000FDFF8F0000F8FFFFFFFF7E02000000009E
:1023400083FDFFFF8F0000A0FFFFFFFFFFCF796637
:1023500087EBFFFFFFFF8F000000FBFFFFFFFFFF8A
:10236000FFFFFFFFFFFFFFFF8F00000090FFFFFF59
:10237000FFFFFFFFFFFFFFFFFFFF8F00000000E6F2
:10238000FFFFFFFFFFFFFFFFFFFFFFFF3B0000001E
:102390000010F9FFFFFFFFFFFFFFFFFFEF29000025
:1023A0000000000010C7FFFFFFFFFFFFFFAF150099
:1023B000000000000000000052B8EDFFDEAC470155
:1023C000000000000000000000000000000000000D
:1023D0000000B0FFFFFF0900000000000000000047
:1023E000000000000000B0FFFFFF09000000000037
:1023F00000000000000000000000B0FFFFFF090027
:102400000000000000000000000000000000B0FF1D
:10241000FFFF0900000000000000000000000000B5
:102420000000B0FFFFFF09000000000000000000F6
:10243000000000000000B0FFFFFF090000000000E6
:1024400000000000000000000000B0FFFFFF0900D6
:102450000000000000000000000000000000B0FFCD
:10246000FFFF090000000000000000000000000065
:102470000000B0FFFFFF09000000000000000000A6
:10248000000000000000B0FFFFFF09000000000096
:1024900000000000000000000000B0FFFFFF090086
:1024A0000000000000000000000000000000B0FF7D
:1024B000FFFF090000000000000000000000000015
:1024C0000000B0FFFFFF0900000000000000000056
:1024D000000000000000B0FFFFFF09000000000046
:1024E00000000000000000000000B0FFFFFF090036
:1024F0000000000000000000000000000000B0FF2D
:10250000FFFF090000000000000084DBFEDEAD4795
:102510000100B0FFFFFF09000000000010D8FFFF1E
:10252000FFFFFFFFAE04B0FFFFFF09000000000047
:10253000E8FFFFFFFFFFFFFFFFDFB6FFFFFF090020
:10254000000000D3FFFFFFFFFFFFFFFFFFFFFFFFC4
:10255000FFFF0900000050FEFFFFFFFFFFFFFFFF2E
:10256000FFFFFFFFFFFF09000000F5FFFFFFFFFF78
:10257000FFFFFFFFFFFFFFFFFFFF09000040FFFF1E
:10258000FFFFFFFFCECBDCFFFFFFFFFFFFFF0900D8
:1025900000E2FFFFFFFFBF2600000030A6FEFFFFA6
:1025A000FFFF090000FBFFFFFFDF04000000000049
:1025B0000061FCFFFFFF090050FFFFFFFF1A000052
:1025C000000000000000B0FFFFFF0900D0FFFFFF88
:1025D000AF000000000000000000B0FFFFFF090096
:1025E000F6FFFFFF1D000000000000000000B0FF2C
:1025F000FFFF0900FCFFFFFF0500000000000000D6
:102600000000B0FFFFFF0930FFFFFFBF0000000028
:10261000000000000000B0FFFFFF0980FFFFFF5F28
:1026200000000000000000000000B0FFFFFF09C034
:10263000FFFFFF0E00000000000000000000B0FFE0
:10264000FFFF09F1FFFFFF0900000000000000008C
:102650000000B0FFFFFF09F4FFFFFF0600000000CD
:10266000000000000000B0FFFFFF09F6FFFFFF03BE
:1026700000000000000000000000B0FFFFFF09F8AC
:10268000FFFFFF0000000000000000000000B0FF9E
:10269000FFFF09FAFFFFEF0000000000000000004C
:1026A0000000B0FFFFFF09FBFFFFDF00000000009C
:1026B000000000000000B0FFFFFF09FBFFFFDF008C
:1026C00000000000000000000000B0FFFFFF09FC58
:1026D000FFFFCF0000000000000000000000B0FF7E
:1026E000FFFF09FBFFFFDF0000000000000000000B
:1026F0000000B0FFFFFF09FBFFFFEF00000000003C
:10270000000000000000B0FFFFFF09FAFFFFEF002C
:1027100000000000000000000000B0FFFFFF09F90A
:10272000FFFFFF0100000000000000000000B0FFFC
:10273000FFFF09F7FFFFFF0300000000000000009B
:102740000000B0FFFFFF09F5FFFFFF0600000000DB
:10275000000000000000B0FFFFFF09F2FFFFFF09CB
:1027600000000000000000000000B0FFFFFF09E0D3
:10277000FFFFFF0E00000000000000000000B0FF9F
:10278000FFFF09B0FFFFFF3F000000000000000056
:102790000000B0FFFFFF0960FFFFFFAF0000000077
:1027A000000000000000B0FFFFFF0920FFFFFFFF57
:1027B00003000000000000000000E6FFFFFF09002A
:1027C000FBFFFFFF1D0000000000000000B2FFFF44
:1027D000FFFF0900F4FFFFFFBF0100000000000041
:1027E00081FEFFFFFFFF0900C0FFFFFFFF4D00005C
:1027F00000000071FEFFFFFFFFFF090030FFFFFF39
:10280000FFFF7C230141B7FFFFFFFFFFFFFF090030
:1028100000F8FFFFFFFFFFFFFFFFFFFFFFFFFFFFCE
:10282000FFFF090000B0FFFFFFFFFFFFFFFFFFFFFB
:10283000FFFFCCFFFFFF09000010FCFFFFFFFFFFC1
:10284000FFFFFFFFFFAFB1FFFFFF09000000B1FF77
:10285000FFFFFFFFFFFFFFFFEF05B0FFFFFF0900D6
:10286000000000F8FFFFFFFFFFFFFFFF1900B0FFB0
:10287000FFFF090000000020F9FFFFFFFFFFEF2826
:102880000000B0FFFFFF0900000000001095ECFF02
:10289000DE8B0400000000000000000000000000CB
:1028A000000041A8ECFEEEAC370000000000000084
:1028B0000000000000A4FFFFFFFFFFFFFF8E0200EB
:1028C0000000000000000000C4FFFFFFFFFFFFFF4B
:1028D000FFFF8F0100000000000000A1FFFFFFFFCD
:1028E000FFFFFFFFFFFFFF3D00000000000030FD85
:1028F000FFFFFFFFFFFFFFFFFFFFFFEF04000000F0
:102900000000E4FFFFFFFFFFFFFFFFFFFFFFFFFFF0
:102910003F0000000030FEFFFFFFFF7B342243B783
:10292000FFFFFFFFEF01000000D2FFFFFFEF1800E5
:102930000000000092FFFFFFFF0A000000FBFFFF06
:10294000FF2C00000000000000E4FFFFFF4F00002C
:1029500060FFFFFFAF010000000000000030FFFF3C
:10296000FFBF0000E1FFFFFF0C00000000000000BF
:102970000000F7FFFFFF0300F7FFFFEF010000007B
:10298000000000000000D0FFFFFF0800FDFFFF6F08
:102990000000000000000000000060FFFFFF0C507E
:1029A000FFFFFF0D0000000000000000000010FF0E
:1029B000FFFF1F90FFFFFF08000000000000000065
:1029C000000000FDFFFF4FE0FFFFFF0200000000DE
:1029D00000000000000000F9FFFF7FF2FFFFEF00A2
:1029E0000000000000000000000000F8FFFF8FF56D
:1029F000FFFFBF000000000000000000000000F723
:102A0000FFFFAFF8FFFFDFAAAAAAAAAAAAAAAAAA4A
:102A1000AAAAAAFCFFFFAFFAFFFFFFFFFFFFFFFF1D
:102A2000FFFFFFFFFFFFFFFFFFFFBFFBFFFFFFFFFA
:102A3000FFFFFFFFFFFFFFFFFFFFFFFFFFFFBFFCE9
:102A4000FFFFFFFFFFFFFFFFFFFFFFFFFFFFFFFF96
:102A5000FFFFBFFDFFFFFFFFFFFFFFFFFFFFFFFFC8
:102A6000FFFFFFFFFFFFBFFDFFFFFFFFFFFFFFFFB8
:102A7000FFFFFFFFFFFFFFFFFFFFBFFCFFFF9F0008
:102A8000000000000000000000000000000000FC4A
:102A9000FFFFAF0000000000000000000000000089
:102AA000000000FBFFFFBF0000000000000000006E
:102AB00000000000000000F9FFFFDF000000000040
:102AC0000000000000000000000000F7FFFFFF0111
:102AD000000000000000000000000000000000F402
:102AE000FFFFFF05000000000000000000000000E4
:102AF000000000F1FFFFFF0A0000000000000000DE
:102B000000000000000000C0FFFFFF1F00000000E9
:102B1000000000000000000000000070FFFFFF8FB9
:102B20000000000000000000000000000000002085
:102B3000FFFFFFFF03000000000000000000000096
:102B400000000000FAFFFFFF1D0000000000000071
:102B50000000000000100800F3FFFFFFBF010000AD
:102B6000000000000000000000D40D0090FFFFFFF7
:102B7000FF3D00000000000000000000B3FF0D005A
:102B800010FDFFFFFFFF170000000000000010C550
:102B9000FFFF0D0000F4FFFFFFFFEF380000000013
:102BA0000051EAFFFFFF0D000050FFFFFFFFFFFF96
:102BB000BE897787DBFFFFFFFFFF0D000000F5FFF9
:102BC000FFFFFFFFFFFFFFFFFFFFFFFFFFFF0D0006
:102BD000000030FDFFFFFFFFFFFFFFFFFFFFFFFFD4
:102BE000FFFF0D0000000091FFFFFFFFFFFFFFFF51
:102BF000FFFFFFFFFFDF060000000000B3FFFFFF45
:102C0000FFFFFFFFFFFFFFFF9E040000000000002A
:102C10000082FCFFFFFFFFFFFFFFDF490000000015
:102C20000000000000002085CAEDFFEEBC68020035
:102C30000000000000000000000051B9EDFFEEBCF4
:102C4000690300000000000092FFFFFFFFFFFFFF8D
:102C50000B000000000080FFFFFFFFFFFFFFFF0BE6
:102C60000000000010FBFFFFFFFFFFFFFFFF0B0056
:102C7000000000A0FFFFFFFFFFFFFFFFFF0B0000B2
:102C80000000F6FFFFFFFFFFFFFFFFFF0B0000004C
:102C900020FFFFFFFFFF9C7887DBFF0B0000009009
:102CA000FFFFFFEF17000000005106000000E1FFEA
:102CB000FFFF2D00000000000000000000F6FFFFF5
:102CC000FF0300000000000000000000FAFFFFAF5B
:102CD0000000000000000000000000FDFFFF5F009A
:102CE00000000000000000000010FFFFFF1F0000B8
:102CF000000000000000000030FFFFFF0E00000099
:102D00000000000000000040FFFFFF0C000000007A
:102D100000000000000050FFFFFF0C00000000005A
:102D2000000000000060FFFFFF0B0000000000003B
:102D30000000313373FFFFFF3C3333333333330051
:102D400000F5FFFFFFFFFFFFFFFFFFFFFFFF00009A
:102D5000F5FFFFFFFFFFFFFFFFFFFFFFFF0000F595
:102D6000FFFFFFFFFFFFFFFFFFFFFFFF0000F5FF7B
:102D7000FFFFFFFFFFFFFFFFFFFFFF0000F5FFFF6B
:102D8000FFFFFFFFFFFFFFFFFFFF0000F5FFFFFF5B
:102D9000FFFFFFFFFFFFFFFFFF0000000060FFFFDE
:102DA000FF0F0000000000000000000060FFFFFFB8
:102DB0000F0000000000000000000060FFFFFF0F98
:102DC0000000000000000000000060FFFFFF0F0097
:102DD00000000000000000000060FFFFFF0F000087
:102DE000000000000000000060FFFFFF0F00000077
:102DF0000000000000000060FFFFFF0F0000000067
:102E000000000000000060FFFFFF0F000000000056
:102E1000000000000060FFFFFF0F00000000000046
:102E20000000000060FFFFFF0F0000000000000036
:102E300000000060FFFFFF0F000000000000000026
:102E4000000060FFFFFF0F00000000000000000016
:102E50000060FFFFFF0F0000000000000000000006
:102E600060FFFFFF0F000000000000000000006096
:102E7000FFFFFF0F0000000000000000000060FFE7
:102E8000FFFF0F0000000000000000000060FFFFD7
:102E9000FF0F0000000000000000000060FFFFFFC7
:102EA0000F0000000000000000000060FFFFFF0FA7
:102EB0000000000000000000000060FFFFFF0F00A6
:102EC00000000000000000000060FFFFFF0F000096
:102ED000000000000000000060FFFFFF0F00000086
:102EE0000000000000000060FFFFFF0F0000000076
:102EF00000000000000060FFFFFF0F000000000066
:102F0000000000000060FFFFFF0F00000000000055
:102F10000000000060FFFFFF0F0000000000000045
:102F200000000060FFFFFF0F000000000000000035
:102F3000000060FFFFFF0F00000000000000000025
:102F40000060FFFFFF0F0000000000000000000015
:102F500060FFFFFF0F0000000000000000000060A5
:102F6000FFFFFF0F0000000000000000000060FFF6
:102F7000FFFF0F0000000000000000000060FFFFE6
:102F8000FF0F0000000000000000000060FFFFFFD6
:102F90000F0000000000000000000060FFFFFF0FB6
:102FA0000000000000000000000060FFFFFF0F00B5
:102FB00000000000000000000060FFFFFF0F0000A5
:102FC0000000000000000000207777770600000076
:102FD000000000000000000000000000207599893A
:102FE0005703000000000000000000000000008205
:102FF000FDFFFFFFFFEF490020666666040000004A
:103000000000A3FFFFFFFFFFFFFFFF6D70FFFFFF4B
:10301000090000000091FFFFFFFFFFFFFFFFFFFF20
:10302000DDFFFFFF0900000020FCFFFFFFFFFFFFA7
:10303000FFFFFFFFFFFFFFFF09000000E3FFFFFFAF
:10304000FFFFFFFFFFFFFFFFFFFFFFFF0900002063
:10305000FEFFFFFFFFFFFFFFFFFFFFFFFFFFFFFF81
:10306000090000D1FFFFFFFFEF5913103185FCFF6E
:10307000FFFFFFFF090000F9FFFFFFEF170000004F
:10308000000010B6FFFFFFFF090040FFFFFFFF2C0D
:103090000000000000000000D3FFFFFF0900D0FF88
:1030A000FFFFCF010000000000000000B0FFFFFFA5
:1030B0000900F6FFFFFF1E000000000000000000F6
:1030C000B0FFFFFF0900FCFFFFFF0500000000004C
:1030D00000000000B0FFFFFF0940FFFFFFBF00003E
:1030E0000000000000000000B0FFFFFF0990FFFF9C
:1030F000FF4F00000000000000000000B0FFFFFFD5
:1031000009D0FFFFFF0D00000000000000000000DC
:10311000B0FFFFFF09F2FFFFFF0900000000000001
:1031200000000000B0FFFFFF09F5FFFFFF060000F1
:103130000000000000000000B0FFFFFF09F7FFFFE4
:10314000FF0300000000000000000000B0FFFFFFD0
:1031500009F9FFFFFF000000000000000000000070
:10316000B0FFFFFF09FAFFFFEF00000000000000C2
:1031700000000000B0FFFFFF09FBFFFFDF000000C1
:103180000000000000000000B0FFFFFF09FBFFFF90
:10319000CF0000000000000000000000B0FFFFFFB3
:1031A00009FCFFFFCF00000000000000000000004D
:1031B000B0FFFFFF09FBFFFFDF0000000000000081
:1031C00000000000B0FFFFFF09FBFFFFEF00000061
:1031D0000000000000000000B0FFFFFF09FAFFFF41
:1031E000FF0000000000000000000000B0FFFFFF33
:1031F00009F8FFFFFF0200000000000000000000CF
:10320000B0FFFFFF09F6FFFFFF0400000000000011
:1032100000000000B0FFFFFF09F4FFFFFF07000000
:103220000000000000000000B0FFFFFF09F1FFFFF9
:10323000FF0B00000000000000000000B0FFFFFFD7
:1032400009C0FFFFFF1F0000000000000000000099
:10325000B0FFFFFF0980FFFFFF7F000000000000BC
:1032600000000000B0FFFFFF0930FFFFFFEF01008B
:103270000000000000000000D2FFFFFF0900FDFF7A
:10328000FFFF0A000000000000000060FEFFFFFFDB
:103290000900F6FFFFFF8F0000000000000040FB68
:1032A000FFFFFFFF0900D1FFFFFFFF2B0000000021
:1032B0000050FCFFFFFFFFFF090050FFFFFFFFFF73
:1032C0007B230131A6FEFFFFFFFFFFFF090000FA8D
:1032D000FFFFFFFFFFFFFFFFFFFFFFFFFFFFFFFFFE
:1032E000090000C1FFFFFFFFFFFFFFFFFFFFFFFF20
:1032F000DEFFFFFF09000010FDFFFFFFFFFFFFFFE4
:10330000FFFFFFCFB2FFFFFF09000000B1FFFFFF8B
:10331000FFFFFFFFFFFFFF08B0FFFFFF09000000F6
:1033200000E7FFFFFFFFFFFFFFFF3B00B0FFFFFFD6
:10333000080000000010D8FFFFFFFFFFEF3A000079
:10334000B0FFFFFF0800000000000073B9CCBC799B
:1033500014000000C0FFFFFF060000000000000096
:103360000000000000000000D0FFFFFF050000008B
:10337000000000000000000000000000E0FFFFFF70
:10338000020000000000000000000000000000003B
:10339000F2FFFFFF0000000000000000000000003E
:1033A00000000000F6FFFFCF00000000000000005A
:1033B0000000000000000000FCFFFF8F0000000084
:1033C000000000000000000000000040FFFFFF3F81
:1033D000000000000000000000000000000000D11C
:1033E000FFFFFF0D00000041000000000000000092
:1033F000000010FBFFFFFF06000000F39E15000019
:10340000000000000000D4FFFFFFEF00000000F309
:10341000FFFF8B140000000020C6FFFFFFFF5F00CE
:10342000000000F3FFFFFFFFCEABAACAFEFFFFFFC5
:10343000FFFF0A00000000F3FFFFFFFFFFFFFFFF99
:10344000FFFFFFFFFFCF0000000000F3FFFFFFFFC3
:10345000FFFFFFFFFFFFFFFFFF1B0000000000F367
:10346000FFFFFFFFFFFFFFFFFFFFFFFF8F000000D9
:10347000000000F3FFFFFFFFFFFFFFFFFFFFFFBFA5
:103480000300000000000040C8FFFFFFFFFFFFFF38
:10349000FFFF9D030000000000000000003086BA1E
:1034A000EDFEEFCE9B3600000000000000FCFFFFA9
:1034B0009F0000000000000000000000000000006D
:1034C000FCFFFF9F00000000000000000000000063
:1034D000000000FCFFFF9F00000000000000000053
:1034E000000000000000FCFFFF9F00000000000043
:1034F000000000000000000000FCFFFF9F00000033
:10350000000000000000000000000000FCFFFF9F22
:10351000000000000000000000000000000000FCAF
:10352000FFFF9F00000000000000000000000000FE
:103530000000FCFFFF9F00000000000000000000F2
:103540000000000000FCFFFF9F00000000000000E2
:103550000000000000000000FCFFFF9F00000000D2
:103560000000000000000000000000FCFFFF9F00C2
:103570000000000000000000000000000000FCFF50
:10358000FF9F00000000000000000000000000009D
:1035900000FCFFFF9F000000000000000000000092
:1035A00000000000FCFFFF9F000000000000000082
:1035B00000000000000000FCFFFF9F000000000072
:1035C00000000000000000000000FCFFFF9F000062
:1035D00000000000000000000000000000FCFFFFF1
:1035E0009F0000000051C9EEEFBD48000000000040
:1035F000FCFFFF9F000000A4FFFFFFFFFFFF6D0027
:10360000000000FCFFFF9F0000C4FFFFFFFFFFFF63
:10361000FFFF3D000000FCFFFF9F00B2FFFFFFFF28
:10362000FFFFFFFFFFEF040000FCFFFF9F60FEFFB6
:10363000FFFFFFFFFFFFFFFFFF3E0000FCFFFF9FBC
:10364000FAFFFFFFFFFFFFFFFFFFFFFFCF0000FCC0
:10365000FFFFFFFFFFFFFFFFFFFFFFFFFFFFFFFF7A
:103660000800FCFFFFFFFFFFFFDF58121063FAFFA7
:10367000FFFFFF1E00FCFFFFFFFFFFBF0400000075
:103680000030FCFFFFFF6F00FCFFFFFFFFBF0300E8
:103690000000000000D1FFFFFFCF00FCFFFFFFEFA5
:1036A000050000000000000030FFFFFFFF00FCFFEE
:1036B000FFFF1A000000000000000000FAFFFFFFFB
:1036C00003FCFFFFAF00000000000000000000F559
:1036D000FFFFFF06FCFFFF9F00000000000000004E
:1036E0000000F2FFFFFF08FCFFFF9F00000000004A
:1036F0000000000000F0FFFFFF09FCFFFF9F00003B
:103700000000000000000000D0FFFFFF0AFCFFFFE8
:103710009F00000000000000000000C0FFFFFF0B42
:10372000FCFFFF9F00000000000000000000B0FF51
:10373000FFFF0BFCFFFF9F000000000000000000E7
:1037400000A0FFFFFF0BFCFFFF9F00000000000038
:1037500000000000A0FFFFFF0BFCFFFF9F00000028
:103760000000000000000090FFFFFF0BFCFFFF9F28
:103770000000000000000000000090FFFFFF0BFCB5
:10378000FFFF9F0000000000000000000090FFFF0E
:10379000FF0BFCFFFF9F0000000000000000000086
:1037A00090FFFFFF0BFCFFFF9F00000000000000E8
:1037B00000000090FFFFFF0BFCFFFF9F00000000D8
:1037C00000000000000090FFFFFF0BFCFFFF9F00C8
:1037D00000000000000000000090FFFFFF0BFCFF56
:1037E000FF9F0000000000000000000090FFFFFFAE
:1037F0000BFCFFFF9F000000000000000000009095
:10380000FFFFFF0BFCFFFF9F000000000000000017
:10381000000090FFFFFF0BFCFFFF9F000000000077
:10382000000000000090FFFFFF0BFCFFFF9F000067
:10383000000000000000000090FFFFFF0BFCFFFFF6
:103840009F0000000000000000000090FFFFFF0B41
:10385000FCFFFF9F0000000000000000000090FF40
:10386000FFFF0BFCFFFF9F000000000000000000B6
:103870000090FFFFFF0BFCFFFF9F00000000000017
:103880000000000090FFFFFF0BFCFFFF9F00000007
:103890000000000000000090FFFFFF0BFCFFFF9FF7
:1038A0000000000000000000000090FFFFFF0BFC84
:1038B000FFFF9F0000000000000000000090FFFFDD
:1038C000FF0BFCFFFF9F0000000000000000000055
:1038D00090FFFFFF0BFCFFFF9F00000000000000B7
:1038E00000000090FFFFFF0BFCFFFF9F00000000A7
:1038F00000000000000090FFFFFF0BFCFFFF9F0097
:1039000000000000000000000090FFFFFF0BFCFF24
:10391000FF9F0000000000000000000090FFFFFF7C
:103920000BFCFFFF9F000000000000000000009063
:10393000FFFFFF0BA2AAAAAA1AF2FFFFFF2FF2FFB6
:10394000FFFF2FF2FFFFFF2FF2FFFFFF2FF2FFFF1E
:10395000FF2FF2FFFFFF2FF2FFFFFF2F00000000FD
:103960000000000000000000000000000000000057
:1039700000000000000000000000000000000080C7
:10398000CCCCCC08A0FFFFFF0AA0FFFFFF0AA0FFDE
:10399000FFFF0AA0FFFFFF0AA0FFFFFF0AA0FFFF33
:1039A000FF0AA0FFFFFF0AA0FFFFFF0AA0FFFFFF23
:1039B0000AA0FFFFFF0AA0FFFFFF0AA0FFFFFF0A08
:1039C000A0FFFFFF0AA0FFFFFF0AA0FFFFFF0AA062
:1039D000FFFFFF0AA0FFFFFF0AA0FFFFFF0AA0FFF3
:1039E000FFFF0AA0FFFFFF0AA0FFFFFF0AA0FFFFE3
:1039F000FF0AA0FFFFFF0AA0FFFFFF0AA0FFFFFFD3
:103A00000AA0FFFFFF0AA0FFFFFF0AA0FFFFFF0AB7
:103A1000A0FFFFFF0AA0FFFFFF0AA0FFFFFF0AA011
:103A2000FFFFFF0AA0FFFFFF0AA0FFFFFF0AA0FFA2
:103A3000FFFF0AA0FFFFFF0AA0FFFFFF0AA0FFFF92
:103A4000FF0AA0FFFFFF0AA0FFFFFF0AA0FFFFFF82
:103A50000AA0FFFFFF0AA0FFFFFF0A00000000000E
:103A6000000040AAAAAA8A0000000000000070FF1F
:103A7000FFFFCF0000000000000070FFFFFFCF003D
:103A800000000000000070FFFFFFCF0000000000FA
:103A9000000070FFFFFFCF0000000000000070FF7B
:103AA000FFFFCF0000000000000070FFFFFFCF000D
:103AB00000000000000070FFFFFFCF0000000000CA
:103AC00000000000000000000000000000000000F6
:103AD00000000000000000000000000000000000E6
:103AE00000000000000000000000000000000000D6
:103AF00000000000000000000000000000000000C6
:103B000000000000000000000000000000000000B5
:103B10000000303333333333333313000000F1FF0D
:103B2000FFFFFFFFFFFF5F000000F1FFFFFFFFFF50
:103B3000FFFF5F000000F1FFFFFFFFFFFFFF5F00DF
:103B40000000F1FFFFFFFFFFFFFF5F000000F1FF3C
:103B5000FFFFFFFFFFFF5F000000F1FFFFFFFFFF20
:103B6000FFFF5F0000000000000000FFFFFF5F009C
:103B700000000000000000FFFFFF5F0000000000E9
:103B8000000000FFFFFF5F0000000000000000FFDA
:103B9000FFFF5F0000000000000000FFFFFF5F006C
:103BA00000000000000000FFFFFF5F0000000000B9
:103BB000000000FFFFFF5F0000000000000000FFAA
:103BC000FFFF5F0000000000000000FFFFFF5F003C
:103BD00000000000000000FFFFFF5F000000000089
:103BE000000000FFFFFF5F0000000000000000FF7A
:103BF000FFFF5F0000000000000000FFFFFF5F000C
:103C000000000000000000FFFFFF5F000000000058
:103C1000000000FFFFFF5F0000000000000000FF49
:103C2000FFFF5F0000000000000000FFFFFF5F00DB
:103C300000000000000000FFFFFF5F000000000028
:103C4000000000FFFFFF5F0000000000000000FF19
:103C5000FFFF5F0000000000000000FFFFFF5F00AB
:103C600000000000000000FFFFFF5F0000000000F8
:103C7000000000FFFFFF5F0000000000000000FFE9
:103C8000FFFF5F0000000000000000FFFFFF5F007B
:103C900000000000000000FFFFFF5F0000000000C8
:103CA000000000FFFFFF5F0000000000000000FFB9
:103CB000FFFF5F0000000000000000FFFFFF5F004B
:103CC00000000000000000FFFFFF5F000000000098
:103CD000000000FFFFFF5F0000000000000000FF89
:103CE000FFFF5F0000000000000000FFFFFF5F001B
:103CF00000000000000000FFFFFF5F000000000068
:103D0000000000FFFFFF5F0000000000000000FF58
:103D1000FFFF5F0000000000000000FFFFFF5F00EA
:103D200000000000000010FFFFFF5F000000000027
:103D3000000010FFFFFF5F0000000000000030FFE8
:103D4000FFFF4F0000000000000040FFFFFF3F00AA
:103D500000000000000070FFFFFF2F0000000000C7
:103D60000000A0FFFFFF1F00000000000000E1FFB7
:103D7000FFFF0C00000000000000F8FFFFFF08013B
:103D8000000000000050FFFFFFFF04E649000000B4
:103D900020FAFFFFFFCF00F6FFCF9AB9FDFFFFFF2C
:103DA000FF5F00F6FFFFFFFFFFFFFFFFFF0A00F6C8
:103DB000FFFFFFFFFFFFFFFFDF0100F6FFFFFFFF39
:103DC000FFFFFFFF2C0000F6FFFFFFFFFFFFFFAF2D
:103DD000010000F6FFFFFFFFFFFFBF030000002010
:103DE00075BAEDEFCD6A0200000000F7FFFFDF00BB
:103DF000000000000000000000000000000000F7CC
:103E0000FFFFDF00000000000000000000000000D5
:103E1000000000F7FFFFDF000000000000000000CE
:103E200000000000000000F7FFFFDF0000000000BE
:103E30000000000000000000000000F7FFFFDF00AE
:103E4000000000000000000000000000000000F77B
:103E5000FFFFDF0000000000000000000000000085
:103E6000000000F7FFFFDF0000000000000000007E
:103E700000000000000000F7FFFFDF00000000006E
:103E80000000000000000000000000F7FFFFDF005E
:103E9000000000000000000000000000000000F72B
:103EA000FFFFDF0000000000000000000000000035
:103EB000000000F7FFFFDF0000000000000000002E
:103EC00000000000000000F7FFFFDF00000000001E
:103ED0000000000000000000000000F7FFFFDF000E
:103EE000000000000000000000000000000000F7DB
:103EF000FFFFDF00000000000000000000000000E5
:103F0000000000F7FFFFDF000000000000000000DD
:103F100000000000000000F7FFFFDF0000000000CD
:103F20000000000000000000000000F7FFFFDF00BD
:103F3000000000000000000000000000000000F78A
:103F4000FFFFDF00000000000000000000C3CCCC39
:103F5000CCAC01F7FFFFDF00000000000000000014
:103F600030FEFFFFFF2E00F7FFFFDF000000000024
:103F700000000000E3FFFFFFEF0200F7FFFFDF009C
:103F80000000000000000020FEFFFFFF2E0000F7F1
:103F9000FFFFDF0000000000000000E2FFFFFFEF76
:103FA000020000F7FFFFDF0000000000000020FD1E
:103FB000FFFFFF2E000000F7FFFFDF000000000002
:103FC0000000D2FFFFFFEF02000000F7FFFFDF005D
:103FD000000000000010FDFFFFFF2E00000000F7B2
:103FE000FFFFDF000000000000D1FFFFFFEF020035
:103FF000000000F7FFFFDF000000000010FCFFFFE3
:10400000FF2D0000000000F7FFFFDF0000000000B0
:10401000C1FFFFFFDF020000000000F7FFFFDF002D
:1040200000000010FCFFFFFF2D000000000000F763
:10403000FFFFDF00000000B1FFFFFFDF0200000014
:10404000000000F7FFFFDF00000000FBFFFFFF2D77
:1040500000000000000000F7FFFFDF000000B0FFDD
:10406000FFFFDF0200000000000000F7FFFFDF009D
:104070000000FAFFFFFF2D0000000000000000F725
:10408000FFFFDF0000A0FFFFFFDF020000000000D5
:10409000000000F7FFFFDF0000F9FFFFFF2D000029
:1040A00000000000000000F7FFFFDF0090FFFFFFAF
:1040B000DF02000000000000000000F7FFFFDF004B
:1040C000F8FFFFFF2D00000000000000000000F7D7
:1040D000FFFFDF80FFFFFFFF050000000000000082
:1040E000000000F7FFFFDFF8FFFFFFFF2E000000DA
:1040F00000000000000000F7FFFFFFFFFFFFFFFFD1
:10410000DF02000000000000000000F7FFFFFFFFDB
:10411000FFFFFFFFFF1C000000000000000000F791
:10412000FFFFFFFFFFFFFFFFFFCF010000000000C8
:10413000000000F7FFFFFFFFDFB2FFFFFFFF0B00F4
:1041400000000000000000F7FFFFFFFF1C10FCFF55
:10415000FFFFAF0000000000000000F7FFFFFFCFEF
:104160000100D1FFFFFFFF0900000000000000F781
:10417000FFFFFF1B000020FDFFFFFF8F000000007E
:10418000000000F7FFFFEF01000000E2FFFFFFFF6C
:1041900007000000000000F7FFFFDF000000003014
:1041A000FEFFFFFF6F000000000000F7FFFFDF00D1
:1041B00000000000F4FFFFFFFF050000000000F713
:1041C000FFFFDF000000000050FFFFFFFF4F000077
:1041D000000000F7FFFFDF000000000000F6FFFF17
:1041E000FFEF0300000000F7FFFFDF00000000000A
:1041F0000080FFFFFFFF2E00000000F7FFFFDF0041
:10420000000000000000F9FFFFFFDF02000000F7E0
:10421000FFFFDF00000000000000A0FFFFFFFF1D08
:10422000000000F7FFFFDF0000000000000000FBBF
:10423000FFFFFFCF010000F7FFFFDF0000000000DD
:10424000000000C1FFFFFFFF0B0000F7FFFFDF00D2
:104250000000000000000010FDFFFFFFAF0000F7AE
:10426000FFFFDF000000000000000000E2FFFFFF92
:10427000FF0900F7FFFFDF00000000000000000062
:1042800030FEFFFFFF8F00F7FFFFDF0000000000A0
:104290000000000000F4FFFFFFFF07F7FFFFDF0053
:1042A00000000000000000000050FFFFFFFF6FFA59
:1042B000FFFFAFFAFFFFAFFAFFFFAFFAFFFFAFFA62
:1042C000FFFFAFFAFFFFAFFAFFFFAFFAFFFFAFFA52
:1042D000FFFFAFFAFFFFAFFAFFFFAFFAFFFFAFFA42
:1042E000FFFFAFFAFFFFAFFAFFFFAFFAFFFFAFFA32
:1042F000FFFFAFFAFFFFAFFAFFFFAFFAFFFFAFFA22
:10430000FFFFAFFAFFFFAFFAFFFFAFFAFFFFAFFA11
:10431000FFFFAFFAFFFFAFFAFFFFAFFAFFFFAFFA01
:10432000FFFFAFFAFFFFAFFAFFFFAFFAFFFFAFFAF1
:10433000FFFFAFFAFFFFAFFAFFFFAFFAFFFFAFFAE1
:10434000FFFFAFFAFFFFAFFAFFFFAFFAFFFFAFFAD1
:10435000FFFFAFFAFFFFAFFAFFFFAFFAFFFFAFFAC1
:10436000FFFFAFFAFFFFAFFAFFFFAFFAFFFFAFFAB1
:10437000FFFFAFFAFFFFAFFAFFFFAFFAFFFFAFFAA1
:10438000FFFFAFFAFFFFAFFAFFFFAFFAFFFFAFFA91
:10439000FFFFAFFAFFFFAFFAFFFFAFFAFFFFAFFA81
:1043A000FFFFAF000000000000000073DAFEDE9B9C
:1043B00005000000000000000073DAFEEFAC2600EC
:1043C000000000C9CCCC7C000000C6FFFFFFFFFF4F
:1043D000EF17000000000010D8FFFFFFFFFFFF3BBA
:1043E000000000FCFFFF9F0000D6FFFFFFFFFFFF64
:1043F000FFDF0400000010E8FFFFFFFFFFFFFFFFEB
:10440000080000FCFFFF9F00B2FFFFFFFFFFFFFF60
:10441000FFFF5F000000E5FFFFFFFFFFFFFFFFFF63
:10442000AF0000FCFFFF9F60FEFFFFFFFFFFFFFFED
:10443000FFFFFF0400A1FFFFFFFFFFFFFFFFFFFFE4
:10444000FF0800FCFFFF9FFAFFFFFFFFFFFFFFFFDA
:10445000FFFFFF1E30FDFFFFFFFFFFFFFFFFFFFF1E
:10446000FF3F00FCFFFFFFFFFFFFFFFFFFFFFFFF1E
:10447000FFFFFF9FF6FFFFFFFFFFFFFFFFFFFFFFB5
:10448000FFCF00FCFFFFFFFFFFFFBF37012174FDDF
:10449000FFFFFFFFFFFFFFFFCF47121173FCFFFF7E
:1044A000FFFF04FCFFFFFFFFFF9F020000000091E1
:1044B000FFFFFFFFFFFFFFAF030000000070FFFFE3
:1044C000FFFF09FCFFFFFFFFAF020000000000003C
:1044D000F9FFFFFFFFFFCF03000000000000F7FF20
:1044E000FFFF1EFCFFFFFFDF0400000000000000D4
:1044F000D0FFFFFFFFEF0600000000000000B0FF4C
:10450000FFFF3FFCFFFFFF1A00000000000000005B
:1045100070FFFFFFFF2B000000000000000050FFB5
:10452000FFFF6FFCFFFFAF00000000000000000075
:1045300030FFFFFFAF00000000000000000010FF90
:10454000FFFF9FFCFFFF9F00000000000000000035
:1045500000FFFFFF9F00000000000000000000FDC2
:10456000FFFFBFFCFFFF9F000000000000000000F5
:1045700000FDFFFFAF00000000000000000000FB96
:10458000FFFFCFFCFFFF9F000000000000000000C5
:1045900000FCFFFFAF00000000000000000000FA78
:1045A000FFFFDFFCFFFF9F00000000000000000095
:1045B00000FBFFFFBF00000000000000000000F84B
:1045C000FFFFDFFCFFFF9F00000000000000000075
:1045D00000FAFFFFBF00000000000000000000F82C
:1045E000FFFFEFFCFFFF9F00000000000000000045
:1045F00000FAFFFFBF00000000000000000000F70D
:10460000FFFFEFFCFFFF9F00000000000000000024
:1046100000F9FFFFBF00000000000000000000F7ED
:10462000FFFFEFFCFFFF9F00000000000000000004
:1046300000F9FFFFBF00000000000000000000F7CD
:10464000FFFFEFFCFFFF9F000000000000000000E4
:1046500000F9FFFFBF00000000000000000000F7AD
:10466000FFFFEFFCFFFF9F000000000000000000C4
:1046700000F9FFFFBF00000000000000000000F78D
:10468000FFFFEFFCFFFF9F000000000000000000A4
:1046900000F9FFFFBF00000000000000000000F76D
:1046A000FFFFEFFCFFFF9F00000000000000000084
:1046B00000F9FFFFBF00000000000000000000F74D
:1046C000FFFFEFFCFFFF9F00000000000000000064
:1046D00000F9FFFFBF00000000000000000000F72D
:1046E000FFFFEFFCFFFF9F00000000000000000044
:1046F00000F9FFFFBF00000000000000000000F70D
:10470000FFFFEFFCFFFF9F00000000000000000023
:1047100000F9FFFFBF00000000000000000000F7EC
:10472000FFFFEFFCFFFF9F00000000000000000003
:1047300000F9FFFFBF00000000000000000000F7CC
:10474000FFFFEFFCFFFF9F000000000000000000E3
:1047500000F9FFFFBF00000000000000000000F7AC
:10476000FFFFEFFCFFFF9F000000000000000000C3
:1047700000F9FFFFBF00000000000000000000F78C
:10478000FFFFEFFCFFFF9F000000000000000000A3
:1047900000F9FFFFBF00000000000000000000F76C
:1047A000FFFFEFFCFFFF9F00000000000000000083
:1047B00000F9FFFFBF00000000000000000000F74C
:1047C000FFFFEFFCFFFF9F00000000000000000063
:1047D00000F9FFFFBF00000000000000000000F72C
:1047E000FFFFEFFCFFFF9F00000000000000000043
:1047F00000F9FFFFBF00000000000000000000F70C
:10480000FFFFEFFCFFFF9F00000000000000000022
:1048100000F9FFFFBF00000000000000000000F7EB
:10482000FFFFEFFCFFFF9F00000000000000000002
:1048300000F9FFFFBF00000000000000000000F7CB
:10484000FFFFEFFCFFFF9F000000000000000000E2
:1048500000F9FFFFBF00000000000000000000F7AB
:10486000FFFFEFFCFFFF9F000000000000000000C2
:1048700000F9FFFFBF00000000000000000000F78B
:10488000FFFFEFFCFFFF9F000000000000000000A2
:1048900000F9FFFFBF00000000000000000000F76B
:1048A000FFFFEFFCFFFF9F00000000000000000082
:1048B00000F9FFFFBF00000000000000000000F74B
:1048C000FFFFEFFCFFFF9F00000000000000000062
:1048D00000F9FFFFBF00000000000000000000F72B
:1048E000FFFFEFFCFFFF9F00000000000000000042
:1048F00000F9FFFFBF00000000000000000000F70B
:10490000FFFFEFFCFFFF9F00000000000000000021
:1049100000F9FFFFBF00000000000000000000F7EA
:10492000FFFFEFFCFFFF9F00000000000000000001
:1049300000F9FFFFBF00000000000000000000F7CA
:10494000FFFFEF000000000000000051C9EEEFBDC6
:10495000480000000000C9CCCC7C000000A4FFFF90
:10496000FFFFFFFF6D00000000FCFFFF9F0000C481
:10497000FFFFFFFFFFFFFFFF3D000000FCFFFF9F69
:1049800000B2FFFFFFFFFFFFFFFFFFEF040000FC8F
:10499000FFFF9F60FEFFFFFFFFFFFFFFFFFFFF3EE8
:1049A0000000FCFFFF9FFAFFFFFFFFFFFFFFFFFF7D
:1049B000FFFFCF0000FCFFFFFFFFFFFFFFFFFFFF38
:1049C000FFFFFFFFFFFF0800FCFFFFFFFFFFFFDF10
:1049D00058121063FAFFFFFFFF1E00FCFFFFFFFFEE
:1049E000FFBF040000000030FCFFFFFF6F00FCFF72
:1049F000FFFFFFBF03000000000000D1FFFFFFCF5B
:104A000000FCFFFFFFEF050000000000000030FF8A
:104A1000FFFFFF00FCFFFFFF1A0000000000000086
:104A20000000FAFFFFFF03FCFFFFAF0000000000E3
:104A30000000000000F5FFFFFF06FCFFFF9F0000E5
:104A40000000000000000000F2FFFFFF08FCFFFF75
:104A50009F00000000000000000000F0FFFFFF09C1
:104A6000FCFFFF9F00000000000000000000D0FFDE
:104A7000FFFF0AFCFFFF9F00000000000000000095
:104A800000C0FFFFFF0BFCFFFF9F000000000000C5
:104A900000000000B0FFFFFF0BFCFFFF9F000000C5
:104AA00000000000000000A0FFFFFF0BFCFFFF9FC5
:104AB00000000000000000000000A0FFFFFF0BFC52
:104AC000FFFF9F0000000000000000000090FFFFBB
:104AD000FF0BFCFFFF9F0000000000000000000033
:104AE00090FFFFFF0BFCFFFF9F0000000000000095
:104AF00000000090FFFFFF0BFCFFFF9F0000000085
:104B000000000000000090FFFFFF0BFCFFFF9F0074
:104B100000000000000000000090FFFFFF0BFCFF02
:104B2000FF9F0000000000000000000090FFFFFF5A
:104B30000BFCFFFF9F000000000000000000009041
:104B4000FFFFFF0BFCFFFF9F0000000000000000C4
:104B5000000090FFFFFF0BFCFFFF9F000000000024
:104B6000000000000090FFFFFF0BFCFFFF9F000014
:104B7000000000000000000090FFFFFF0BFCFFFFA3
:104B80009F0000000000000000000090FFFFFF0BEE
:104B9000FCFFFF9F0000000000000000000090FFED
:104BA000FFFF0BFCFFFF9F00000000000000000063
:104BB0000090FFFFFF0BFCFFFF9F000000000000C4
:104BC0000000000090FFFFFF0BFCFFFF9F000000B4
:104BD0000000000000000090FFFFFF0BFCFFFF9FA4
:104BE0000000000000000000000090FFFFFF0BFC31
:104BF000FFFF9F0000000000000000000090FFFF8A
:104C0000FF0BFCFFFF9F0000000000000000000001
:104C100090FFFFFF0BFCFFFF9F0000000000000063
:104C200000000090FFFFFF0BFCFFFF9F0000000053
:104C300000000000000090FFFFFF0BFCFFFF9F0043
:104C400000000000000000000090FFFFFF0BFCFFD1
:104C5000FF9F0000000000000000000090FFFFFF29
:104C60000BFCFFFF9F000000000000000000009010
:104C7000FFFFFF0BFCFFFF9F000000000000000093
:104C8000000090FFFFFF0BFCFFFF9F0000000000F3
:104C9000000000000090FFFFFF0B0000000000007C
:104CA0000000315445240000000000000000000016
:104CB000000000000050D9FFFFFFFFBE27000000EA
:104CC00000000000000000000081FEFFFFFFFFFF6A
:104CD000FFFF5C0000000000000000000070FEFF0D
:104CE000FFFFFFFFFFFFFFFF3C0000000000000090
:104CF0000010FBFFFFFFFFFFFFFFFFFFFFFF0600AE
:104D0000000000000000D2FFFFFFFFFFFFFFFFFFDA
:104D1000FFFFFF9F00000000000020FDFFFFFFFFDE
:104D2000FFFFFFFFFFFFFFFFFF090000000000D1B2
:104D3000FFFFFFFFDF48121063EAFFFFFFFF6F0076
:104D400000000000FAFFFFFFDF040000000010F881
:104D5000FFFFFFFF0300000050FFFFFFFF1A0000EE
:104D60000000000030FEFFFFFF0C000000D0FFFF3E
:104D7000FF9F0000000000000000E2FFFFFF7F0037
:104D80000000F6FFFFFF0B000000000000000040E5
:104D9000FFFFFFEF010000FDFFFFFF02000000002A
:104DA0000000000000F9FFFFFF060030FFFFFF9F3B
:104DB00000000000000000000000F1FFFFFF0C00F9
:104DC00080FFFFFF2F0000000000000000000090A7
:104DD000FFFFFF2F00D0FFFFFF0C000000000000CE
:104DE0000000000040FFFFFF6F00F1FFFFFF080021
:104DF00000000000000000000000FEFFFFAF00F414
:104E0000FFFFFF050000000000000000000000FBA5
:104E1000FFFFDF00F7FFFFFF0200000000000000BF
:104E200000000000F8FFFFFF01F9FFFFFF00000096
:104E3000000000000000000000F6FFFFFF02FBFF83
:104E4000FFDF000000000000000000000000F5FF90
:104E5000FFFF04FCFFFFCF00000000000000000087
:104E6000000000F4FFFFFF05FCFFFFBF0000000093
:104E70000000000000000000F3FFFFFF06FDFFFF41
:104E8000BF000000000000000000000000F2FFFF73
:104E9000FF06FDFFFFBF0000000000000000000053
:104EA0000000F3FFFFFF06FCFFFFCF000000000043
:104EB00000000000000000F3FFFFFF05FCFFFFDF24
:104EC000000000000000000000000000F4FFFFFFF1
:104ED00005FAFFFFEF0000000000000000000000E6
:104EE00000F5FFFFFF03F8FFFFFF010000000000D7
:104EF000000000000000F7FFFFFF02F6FFFFFF04C5
:104F00000000000000000000000000FAFFFFEF00BA
:104F1000F4FFFFFF0600000000000000000000009A
:104F2000FDFFFFCF00F1FFFFFF0A000000000000BF
:104F30000000000020FFFFFF9F00B0FFFFFF1F00E9
:104F400000000000000000000060FFFFFF5F007035
:104F5000FFFFFF6F00000000000000000000C0FF26
:104F6000FFFF1F0020FFFFFFDF0000000000000028
:104F7000000000F4FFFFFF0A0000FBFFFFFF070037
:104F80000000000000000000FDFFFFFF040000F42F
:104F9000FFFFFF3F000000000000000090FFFFFF48
:104FA000CF000000B0FFFFFFDF02000000000000A4
:104FB00000F7FFFFFF4F00000020FFFFFFFF5E0034
:104FC000000000000091FFFFFFFF0A00000000F654
:104FD000FFFFFFFF3A0000000061FDFFFFFFDF0160
:104FE00000000000A0FFFFFFFFFFAD6766B8FEFFF7
:104FF000FFFFFF3F000000000000FBFFFFFFFFFF7F
:10500000FFFFFFFFFFFFFFFF04000000000000A004
:10501000FFFFFFFFFFFFFFFFFFFFFFFF4E0000004E
:105020000000000000F7FFFFFFFFFFFFFFFFFFFF93
:10503000CF02000000000000000020FBFFFFFFFF88
:10504000FFFFFFFFEF07000000000000000000006E
:1050500030EAFFFFFFFFFFFFCF1700000000000056
:105060000000000000001084DAFEEFCD69020000AD
:105070000000000000000000000000000073DAFEE5
:10508000EFAC26000000000000EBEEEE8E000010FA
:10509000D7FFFFFFFFFFFF3B0000000000FCFFFF0A
:1050A0009F0010E7FFFFFFFFFFFFFFFF1900000059
:1050B00000FCFFFF9F00E5FFFFFFFFFFFFFFFFFF7B
:1050C000DF02000000FCFFFF9FA1FFFFFFFFFFFFCB
:1050D000FFFFFFFFFF2D000000FCFFFFBFFDFFFFF4
:1050E000FFFFFFFFFFFFFFFFFFCF010000FCFFFFFF
:1050F000FFFFFFFFFFFFFFFFFFFFFFFFFFFF0900B5
:1051000000FCFFFFFFFFFFFFBF47012184FDFFFF02
:10511000FFFF4F0000FCFFFFFFFFFF7E01000000CC
:105120000050FEFFFFFFCF0000FCFFFFFFFF7E01EE
:10513000000000000000D1FFFFFFFF0400FCFFFFA4
:10514000FFAF010000000000000020FEFFFFFF0A8B
:1051500000FCFFFFEF05000000000000000000F56C
:10516000FFFFFF1F00FCFFFF9F000000000000008A
:10517000000000C0FFFFFF5F00FCFFFF9F0000007A
:105180000000000000000050FFFFFF9F00FCFFFF39
:105190009F0000000000000000000010FFFFFFDF84
:1051A00000FCFFFF9F000000000000000000000066
:1051B000FBFFFFFF01FCFFFF9F000000000000005D
:1051C00000000000F8FFFFFF03FCFFFF9F0000004E
:1051D0000000000000000000F5FFFFFF05FCFFFFDE
:1051E0009F0000000000000000000000F3FFFFFF30
:1051F00007FCFFFF9F00000000000000000000000F
:10520000F2FFFFFF08FCFFFF9F000000000000000E
:1052100000000000F1FFFFFF09FCFFFF9F000000FE
:105220000000000000000000F0FFFFFF09FCFFFF8E
:105230009F0000000000000000000000F0FFFFFFE2
:1052400009FCFFFF9F0000000000000000000000BC
:10525000F0FFFFFF09FCFFFF9F00000000000000BF
:1052600000000000F1FFFFFF08FCFFFF9F000000AF
:105270000000000000000000F2FFFFFF07FCFFFF3E
:105280009F0000000000000000000000F3FFFFFF8F
:1052900005FCFFFF9F000000000000000000000070
:1052A000F6FFFFFF04FCFFFF9F000000000000006E
:1052B00000000000F9FFFFFF01FCFFFF9F0000005E
:1052C0000000000000000000FCFFFFDF00FCFFFF0B
:1052D0009F0000000000000000000020FFFFFF9F73
:1052E00000FCFFFF9F0000000000000000000070B5
:1052F000FFFFFF4F00FCFFFF9F00000000000000C9
:10530000000000D0FFFFFF0E00FCFFFF9F00000029
:1053100000000000000000F7FFFFFF0800FCFFFF97
:105320009F00000000000000000030FFFFFFFF02B0
:1053300000FCFFFF9F000000000000000000D2FF03
:10534000FFFF9F0000FCFFFFBF0100000000000006
:105350000030FDFFFFFF2E0000FCFFFFFF9F040059
:105360000000000010F8FFFFFFFF060000FCFFFF39
:10537000FFFFEF6924011063FAFFFFFFFFAF00009A
:1053800000FCFFFFFFFFFFFFFFFFFFFFFFFFFFFF2F
:10539000FF1C000000FCFFFFFFFFFFFFFFFFFFFF00
:1053A000FFFFFFFFCF01000000FCFFFFFFFFFFFF3B
:1053B000FFFFFFFFFFFFFFFF1B00000000FCFFFFE0
:1053C000DFFEFFFFFFFFFFFFFFFFFF7F000000008A
:1053D00000FCFFFF9F71FEFFFFFFFFFFFFFFAF021B
:1053E0000000000000FCFFFF9F0050EAFFFFFFFFEE
:1053F000FF8D02000000000000FCFFFF9F00000086
:1054000052879979250000000000000000FCFFFF92
:105410009F000000000000000000000000000000ED
:1054200000FCFFFF9F0000000000000000000000E3
:105430000000000000FCFFFF9F00000000000000D3
:10544000000000000000000000FCFFFF9F000000C3
:1054500000000000000000000000000000FCFFFF52
:105460009F0000000000000000000000000000009D
:1054700000FCFFFF9F000000000000000000000093
:105480000000000000FCFFFF9F0000000000000083
:10549000000000000000000000FCFFFF9F00000073
:1054A00000000000000000000000000000FCFFFF02
:1054B0009F0000000000000000000000000000004D
:1054C00000FCFFFF9F000000000000000000000043
:1054D0000000000000FCFFFF9F0000000000000033
:1054E000000000000000000000FCFFFF9F00000023
:1054F00000000000000000000000000000FCFFFFB2
:105500009F000000000000000000000000000000FC
:1055100000FCFFFF9F0000000000000000000000F2
:105520000000000000FCFFFF9F00000000000000E2
:10553000000000000000000000000000000000006B
:1055400084DBFEDEAC47000000000000000000002D
:10555000000020E8FFFFFFFFFFFFAE0450EEEEEE7D
:10556000090000000010F8FFFFFFFFFFFFFFFFCF63
:1055700095FFFFFF0900000000D3FFFFFFFFFFFFC3
:10558000FFFFFFFFFFFFFFFF0900000050FFFFFFCD
:10559000FFFFFFFFFFFFFFFFFFFFFFFF090000000E
:1055A000F6FFFFFFFFFFFFFFFFFFFFFFFFFFFFFF14
:1055B00009000040FFFFFFFFFFEFACAACBFEFFFF9B
:1055C000FFFFFFFF090000E2FFFFFFFF9F04000055
:1055D0000020A5FEFFFFFFFF090000FBFFFFFFAF5C
:1055E0000200000000000061FCFFFFFF090050FF07
:1055F000FFFFFF070000000000000000B0FFFFFFFA
:105600000900D0FFFFFF8F00000000000000000035
:10561000B0FFFFFF0900F6FFFFFF0C0000000000D5
:1056200000000000B0FFFFFF0900FCFFFFFF0300C8
:105630000000000000000000B0FFFFFF0930FFFF86
:10564000FF9F00000000000000000000B0FFFFFF0F
:105650000980FFFFFF3F0000000000000000000085
:10566000B0FFFFFF09D0FFFFFF0D000000000000AA
:1056700000000000B0FFFFFF09F1FFFFFF0800007E
:105680000000000000000000B0FFFFFF09F4FFFF72
:10569000FF0500000000000000000000B0FFFFFF59
:1056A00009F7FFFFFF0200000000000000000000FB
:1056B000B0FFFFFF09F8FFFFFF000000000000003F
:1056C00000000000B0FFFFFF09FAFFFFEF0000003D
:1056D0000000000000000000B0FFFFFF09FBFFFF1B
:1056E000DF0000000000000000000000B0FFFFFF2E
:1056F00009FBFFFFCF0000000000000000000000D9
:10570000B0FFFFFF09FCFFFFCF000000000000001A
:1057100000000000B0FFFFFF09FBFFFFDF000000FB
:105720000000000000000000B0FFFFFF09FBFFFFCA
:10573000EF0000000000000000000000B0FFFFFFCD
:1057400009FAFFFFEF000000000000000000000069
:10575000B0FFFFFF09F9FFFFFF010000000000009C
:1057600000000000B0FFFFFF09F7FFFFFF0400008B
:105770000000000000000000B0FFFFFF09F5FFFF80
:10578000FF0600000000000000000000B0FFFFFF67
:1057900009F2FFFFFF0A0000000000000000000007
:1057A000B0FFFFFF09E0FFFFFF0E00000000000058
:1057B00000000000B0FFFFFF09A0FFFFFF5F000037
:1057C0000000000000000000B0FFFFFF0960FFFFC5
:1057D000FFCF00000000000000000000B0FFFFFF4E
:1057E0000910FFFFFFFF04000000000000000000A0
:1057F000F7FFFFFF0900FAFFFFFF1D000000000098
:10580000000000C2FFFFFFFF0900F4FFFFFFCF0110
:1058100000000000000081FEFFFFFFFF0900B0FF55
:10582000FFFFFF4D000000000082FEFFFFFFFFFFB3
:10583000090030FFFFFFFFFF7C131042B7FFFFFF9F
:10584000FFFFFFFF090000F7FFFFFFFFFFFFFFFF64
:10585000FFFFFFFFFFFFFFFF090000A0FFFFFFFFAB
:10586000FFFFFFFFFFFFFFFFCCFFFFFF090000105E
:10587000FBFFFFFFFFFFFFFFFFFFFF9FB0FFFFFFEB
:1058800009000000A1FFFFFFFFFFFFFFFFFFEF0583
:10589000B0FFFFFF0900000000E7FFFFFFFFFFFF71
:1058A000FFFF1900B0FFFFFF090000000020E9FF23
:1058B000FFFFFFFFEF290000B0FFFFFF090000001E
:1058C00000001095ECFFDE8B04000000B0FFFFFF2E
:1058D00009000000000000000000000000000000BF
:1058E000B0FFFFFF09000000000000000000000002
:1058F00000000000B0FFFFFF0900000000000000F2
:105900000000000000000000B0FFFFFF09000000E1
:10591000000000000000000000000000B0FFFFFFDA
:10592000090000000000000000000000000000006E
:10593000B0FFFFFF090000000000000000000000B1
:1059400000000000B0FFFFFF0900000000000000A1
:105950000000000000000000B0FFFFFF0900000091
:10596000000000000000000000000000B0FFFFFF8A
:10597000090000000000000000000000000000001E
:10598000B0FFFFFF09000000000000000000000061
:1059900000000000B0FFFFFF090000000000000051
:1059A0000000000000000000B0FFFFFF0900000041
:1059B000000000000000000000000000B0FFFFFF3A
:1059C00009000000000000000000000000000000CE
:1059D000B0FFFFFF09000000000000000000000011
:1059E00000000000B0FFFFFF090000000000000001
:1059F0000000000000000000B0FFFFFF09FCFFFFF7
:105A00009F0000000051B9FEFFCE4AFCFFFF9F003F
:105A1000000092FEFFFFFFFF7FFCFFFF9F00009151
:105A2000FFFFFFFFFFFF7FFCFFFF9F0060FEFFFF08
:105A3000FFFFFFFF7FFCFFFF9F20FBFFFFFFFFFF3C
:105A4000FFFF7FFCFFFF9FE4FFFFFFFFFFFFFFFF64
:105A50007FFCFFFFDFFFFFFFFFFFFFFFFFFF7FFC7C
:105A6000FFFFFFFFFFFFFF8C565475B97EFCFFFF61
:105A7000FFFFFFDF17000000000000FCFFFFFFFF3B
:105A8000EF0700000000000000FCFFFFFFFF19000F
:105A900000000000000000FCFFFFFF5E00000000AF
:105AA0000000000000FCFFFFCF020000000000002B
:105AB000000000FCFFFF9F0000000000000000004D
:105AC00000FCFFFF9F00000000000000000000FC41
:105AD000FFFF9F00000000000000000000FCFFFF2F
:105AE0009F00000000000000000000FCFFFF9F007E
:105AF000000000000000000000FCFFFF9F0000000D
:105B000000000000000000FCFFFF9F0000000000FC
:105B10000000000000FCFFFF9F00000000000000EC
:105B2000000000FCFFFF9F000000000000000000DC
:105B300000FCFFFF9F00000000000000000000FCD0
:105B4000FFFF9F00000000000000000000FCFFFFBE
:105B50009F00000000000000000000FCFFFF9F000D
:105B6000000000000000000000FCFFFF9F0000009C
:105B700000000000000000FCFFFF9F00000000008C
:105B80000000000000FCFFFF9F000000000000007C
:105B9000000000FCFFFF9F0000000000000000006C
:105BA00000FCFFFF9F00000000000000000000FC60
:105BB000FFFF9F00000000000000000000FCFFFF4E
:105BC0009F00000000000000000000FCFFFF9F009D
:105BD000000000000000000000FCFFFF9F0000002C
:105BE00000000000000000FCFFFF9F00000000001C
:105BF0000000000000FCFFFF9F000000000000000C
:105C0000000000FCFFFF9F000000000000000000FB
:105C100000FCFFFF9F00000000000000000000FCEF
:105C2000FFFF9F00000000000000000000FCFFFFDD
:105C30009F00000000000000000000FCFFFF9F002C
:105C4000000000000000000000FCFFFF9F000000BB
:105C500000000000000000FCFFFF9F0000000000AB
:105C6000000000000000000000003096DCFEEFCDD8
:105C70007A2500000000000000000082FDFFFFFF09
:105C8000FFFFFFFFAE15000000000000A2FFFFFFB6
:105C9000FFFFFFFFFFFFFFFF4A0000000060FEFF65
:105CA000FFFFFFFFFFFFFFFFFFFFFF09000000F8FE
:105CB000FFFFFFFFFFFFFFFFFFFFFFFFFF0A0000E7
:105CC00080FFFFFFFFFFFFFFFFFFFFFFFFFFFF0A58
:105CD0000000F5FFFFFFFFBF58445497FCFFFFFF94
:105CE000FF0A0010FEFFFFFF7E010000000010B65B
:105CF000FFFFFF0A0070FFFFFFBF01000000000070
:105D0000000071FEFF0A00D0FFFFFF1D0000000031
:105D1000000000000071FE0A00F2FFFFFF05000016
:105D20000000000000000000A10A00F5FFFFFF02D4
:105D300000000000000000000000000100F7FFFF6D
:105D4000FF0000000000000000000000000000F75D
:105D5000FFFFFF0100000000000000000000000045
:105D600000F6FFFFFF05000000000000000000003B
:105D7000000000F5FFFFFF0C000000000000000025
:105D80000000000000F2FFFFFFAF01000000000074
:105D900000000000000000D0FFFFFFFF6D010000C9
:105DA00000000000000000000060FFFFFFFFFFAEEA
:105DB000260000000000000000000010FDFFFFFFB3
:105DC000FFFFFFBE58020000000000000000F4FFCB
:105DD000FFFFFFFFFFFFFFEF8B040000000000004C
:105DE00050FFFFFFFFFFFFFFFFFFFFEF3900000045
:105DF000000000D3FFFFFFFFFFFFFFFFFFFFFF2BB0
:105E0000000000000000E7FFFFFFFFFFFFFFFFFFB4
:105E1000FFFF06000000000000A5FFFFFFFFFFFFDF
:105E2000FFFFFFFF8F0000000000000041C8FEFFE1
:105E3000FFFFFFFFFFFFFF05000000000000000064
:105E40003086FCFFFFFFFFFFFF1E00000000000088
:105E5000000000000073FCFFFFFFFF7F0000000058
:105E6000000000000000000030FAFFFFFFDF00002C
:105E7000000000000000000000000070FFFFFFFFB6
:105E80000200000000000000000000000000FBFF16
:105E9000FFFF040000000000000000000000000000
:105EA000F5FFFFFF050000000000000000000000FB
:105EB0000000F2FFFFFF06000000000000000000ED
:105EC00000000000F2FFFFFF056A00000000000074
:105ED000000000000000F4FFFFFF03FB2B000000A8
:105EE0000000000000000000F8FFFFEF00FBFF18BB
:105EF00000000000000000000020FEFFFFAF00FBDC
:105F0000FFEF290000000000000000C2FFFFFF4F6C
:105F100000FBFFFFFF6B02000000000071FEFFFFAF
:105F2000FF0B00FBFFFFFFFFDF7A454465C8FFFF63
:105F3000FFFFEF0200FBFFFFFFFFFFFFFFFFFFFF81
:105F4000FFFFFFFF4F0000FBFFFFFFFFFFFFFFFF13
:105F5000FFFFFFFFFFEF040000D5FFFFFFFFFFFF84
:105F6000FFFFFFFFFFFFFF2B00000000A4FFFFFF6C
:105F7000FFFFFFFFFFFFFFFF6E000000000000516A
:105F8000EAFFFFFFFFFFFFFFFF5B000000000000D4
:105F900000000063B9ECFEEFCD7A140000000000B1
:105FA00000000090FFFFFF0B000000000000000059
:105FB0000090FFFFFF0B00000000000000000090B9
:105FC000FFFFFF0B00000000000000000090FFFF3B
:105FD000FF0B00000000000000000090FFFFFF0B1F
:105FE00000000000000000000090FFFFFF0B000019
:105FF0000000000000000090FFFFFF0B0000000009
:10600000000000000090FFFFFF0B000000000000F8
:1060100000000090FFFFFF0B0000000000000000E8
:106020000090FFFFFF0B0000000000000000009048
:10603000FFFFFF0B00000000000000000090FFFFCA
:10604000FF0B00000000000000F9FFFFFFFFFFFF53
:10605000FFFFFFFFFFFFDFF9FFFFFFFFFFFFFFFF76
:10606000FFFFFFFFDFF9FFFFFFFFFFFFFFFFFFFF66
:10607000FFFFDFF9FFFFFFFFFFFFFFFFFFFFFFFF56
:10608000DFF9FFFFFFFFFFFFFFFFFFFFFFFFDFF96C
:10609000FFFFFFFFFFFFFFFFFFFFFFFFDF3233A325
:1060A000FFFFFF3C33333333333323000090FFFFD4
:1060B000FF0B00000000000000000090FFFFFF0B3E
:1060C00000000000000000000090FFFFFF0B000038
:1060D0000000000000000090FFFFFF0B0000000028
:1060E000000000000090FFFFFF0B00000000000018
:1060F00000000090FFFFFF0B000000000000000008
:106100000090FFFFFF0B0000000000000000009067
:10611000FFFFFF0B00000000000000000090FFFFE9
:10612000FF0B00000000000000000090FFFFFF0BCD
:1061300000000000000000000090FFFFFF0B0000C7
:106140000000000000000090FFFFFF0B00000000B7
:10615000000000000090FFFFFF0B000000000000A7
:1061600000000090FFFFFF0B000000000000000097
:106170000090FFFFFF0B00000000000000000090F7
:10618000FFFFFF0B00000000000000000090FFFF79
:10619000FF0B00000000000000000090FFFFFF0B5D
:1061A00000000000000000000090FFFFFF0B000057
:1061B0000000000000000090FFFFFF0B0000000047
:1061C000000000000090FFFFFF0B00000000000037
:1061D00000000090FFFFFF0B000000000000000027
:1061E0000090FFFFFF0C0000000000000000009086
:1061F000FFFFFF0C00000000000000000080FFFF18
:10620000FF0D00000000000000000070FFFFFF0F06
:1062100000000000000000000060FFFFFF3F0000E2
:106220000000000000000030FFFFFF9F00000000A2
:10623000000000000010FFFFFFEF01000000000061
:1062400000000000FCFFFFFF0B000000000000004A
:106250000000F7FFFFFFCF0200000030B800000091
:10626000E1FFFFFFFFCF8987B9FEDF00000080FF5D
:10627000FFFFFFFFFFFFFFFFDF00000000FCFFFF4D
:10628000FFFFFFFFFFFFDF00000000D2FFFFFFFF67
:10629000FFFFFFFFDF0000000010FBFFFFFFFFFF1D
:1062A000FFFFDF000000000050FCFFFFFFFFFFFFCB
:1062B000BF00000000000030A7DCFFDE9B4701F1BB
:1062C000FFFFFF0400000000000000000000FEFFD0
:1062D000FF6FF1FFFFFF040000000000000000005E
:1062E00000FEFFFF6FF1FFFFFF0400000000000051
:1062F00000000000FEFFFF6FF1FFFFFF0400000041
:1063000000000000000000FEFFFF6FF1FFFFFF0430
:1063100000000000000000000000FEFFFF6FF1FF22
:10632000FFFF0400000000000000000000FEFFFF6F
:106330006FF1FFFFFF0400000000000000000000FC
:10634000FEFFFF6FF1FFFFFF0400000000000000F0
:10635000000000FEFFFF6FF1FFFFFF0400000000E0
:10636000000000000000FEFFFF6FF1FFFFFF0400D0
:10637000000000000000000000FEFFFF6FF1FFFFC3
:10638000FF0400000000000000000000FEFFFF6F9F
:10639000F1FFFFFF0400000000000000000000FE0D
:1063A000FFFF6FF1FFFFFF0400000000000000008E
:1063B0000000FEFFFF6FF1FFFFFF04000000000080
:1063C0000000000000FEFFFF6FF1FFFFFF04000070
:1063D0000000000000000000FEFFFF6FF1FFFFFF64
:1063E0000400000000000000000000FEFFFF6FF14D
:1063F000FFFFFF0400000000000000000000FEFF9F
:10640000FF6FF1FFFFFF040000000000000000002C
:1064100000FEFFFF6FF1FFFFFF040000000000001F
:1064200000000000FEFFFF6FF1FFFFFF040000000F
:1064300000000000000000FEFFFF6FF1FFFFFF04FF
:1064400000000000000000000000FEFFFF6FF1FFF1
:10645000FFFF0400000000000000000000FEFFFF3E
:106460006FF1FFFFFF0400000000000000000000CB
:10647000FEFFFF6FF1FFFFFF0400000000000000BF
:10648000000000FEFFFF6FF1FFFFFF0400000000AF
:10649000000000000000FEFFFF6FF1FFFFFF04009F
:1064A000000000000000000000FEFFFF6FF1FFFF92
:1064B000FF0500000000000000000000FEFFFF6F6D
:1064C000F1FFFFFF0500000000000000000000FEDB
:1064D000FFFF6FF1FFFFFF0600000000000000005B
:1064E0000000FEFFFF6FF0FFFFFF0700000000004D
:1064F0000000000000FEFFFF6FE0FFFFFF0900004B
:106500000000000000000000FEFFFF6FD0FFFFFF53
:106510000C00000000000000000000FEFFFF6FC044
:10652000FFFFFF0F00000000000000000010FEFF52
:10653000FF6F90FFFFFF6F000000000000000000F1
:10654000D4FFFFFF6F50FFFFFFCF000000000000EF
:10655000000081FFFFFFFF6F20FFFFFFFF0800002B
:106560000000000060FDFFFFFFFF6F00FBFFFFFF6B
:106570008F010000000061FDFFFFFFFFFF6F00F5CE
:10658000FFFFFFFF7D240131A6FEFFFFFFFFFFFF9E
:106590006F00D0FFFFFFFFFFFFFFFFFFFFFFFFFFC9
:1065A000FFFFFF6F0030FFFFFFFFFFFFFFFFFFFF59
:1065B000FFFF5EFEFFFF6F0000F7FFFFFFFFFFFF23
:1065C000FFFFFFFFCF02FEFFFF6F000080FFFFFF16
:1065D000FFFFFFFFFFFFEF0700FEFFFF6F00000060
:1065E000E5FFFFFFFFFFFFFFFF2A0000FEFFFF6F39
:1065F00000000010E8FFFFFFFFFFEF29000000CBC5
:10660000CCCC5C000000001095ECFFDE9B15000078
:10661000000000000000F6FFFFFF0800000000007F
:1066200000000000000000E0FFFFFF0CE1FFFFFFA3
:106630000E000000000000000000000000F5FFFF59
:10664000FF0590FFFFFF5F0000000000000000005A
:10665000000000FAFFFFEF0030FFFFFFBF00000067
:10666000000000000000000010FFFFFF8F0000FC92
:10667000FFFFFF020000000000000000000070FFAC
:10668000FFFF2F0000F6FFFFFF07000000000000E3
:1066900000000000D0FFFFFF0B0000E1FFFFFF0D37
:1066A00000000000000000000000F3FFFFFF0500F5
:1066B0000090FFFFFF4F00000000000000000000FE
:1066C000F9FFFFEF00000030FFFFFFAF0000000008
:1066D000000000000010FEFFFF8F00000000FCFF24
:1066E000FFEF01000000000000000060FFFFFF2F2F
:1066F00000000000F6FFFFFF0600000000000000A1
:1067000000B0FFFFFF0B00000000E1FFFFFF0C00E7
:1067100000000000000000F2FFFFFF050000000085
:10672000A0FFFFFF3F0000000000000000F8FFFF97
:10673000EF000000000040FFFFFF9F00000000008E
:10674000000000FDFFFF8F000000000000FDFFFFC4
:10675000EF0000000000000040FFFFFF2F000000DE
:10676000000000F7FFFFFF05000000000000A0FF91
:10677000FFFF0B000000000000F1FFFFFF0B000017
:1067800000000000F1FFFFFF05000000000000A076
:10679000FFFFFF2F000000000000F6FFFFEF0000EA
:1067A000000000000040FFFFFF7F0000000000002D
:1067B000FCFFFF8F0000000000000000FDFFFFDF76
:1067C000000000000030FFFFFF2F0000000000006D
:1067D0000000F7FFFFFF040000000090FFFFFF0B29
:1067E0000000000000000000F1FFFFFF0A000000B1
:1067F00000E0FFFFFF050000000000000000A0FF18
:10680000FFFF1F00000000F5FFFFEF000000000089
:106810000000000040FFFFFF6F00000000FBFFFFD3
:106820008F00000000000000000000FDFFFFCF000F
:10683000000020FFFFFF2F0000000000000000000C
:1068400000F7FFFFFF03000070FFFFFF0B000000D9
:1068500000000000000000F1FFFFFF090000D0FF72
:10686000FFFF0500000000000000000000A0FFFF87
:10687000FF1E0000F4FFFFEF00000000000000001A
:1068800000000040FFFFFF5F0000FAFFFF8F0000E5
:1068900000000000000000000000FDFFFFBF00102E
:1068A000FEFFFF2F000000000000000000000000BD
:1068B000F7FFFFFF0260FFFFFF0B0000000000007A
:1068C000000000000000F1FFFFFF08C0FFFFFF0510
:1068D000000000000000000000000000A0FFFFFF1B
:1068E0000DF2FFFFEF0000000000000000000000BC
:1068F000000040FFFFFF4FF8FFFF8F000000000087
:10690000000000000000000000FDFFFFAFFEFFFFE1
:106910002F0000000000000000000000000000F751
:10692000FFFFFFFFFFFF0B00000000000000000062
:106930000000000000F1FFFFFFFFFFFF0500000067
:106940000000000000000000000000A0FFFFFFFFAB
:10695000FFEF000000000000000000000000000049
:106960000040FFFFFFFFFF8F00000000000000005D
:106970000000000000000000FDFFFFFFFF2F0000EF
:106980000000000000000000000000000000F7FF11
:10699000FFFFFF0B000000000000000000000000EF
:1069A00000000000F1FFFFFFFF05000000000000F5
:1069B00000000000000000000000A0FFFFFFDF005B
:1069C00000000000000000000000000000000000C7
:1069D00040FFFFFF8F000000000000000000F8FFF4
:1069E000FFFF020000000000000000F4FFFF2F0086
:1069F0000000000000000060FFFFFF0EF4FFFFFF3B
:106A0000060000000000000000F8FFFF7F0000000B
:106A1000000000000090FFFFFF0BE0FFFFFF0900F8
:106A200000000000000000FDFFFFCF00000000009C
:106A3000000000C0FFFFFF07B0FFFFFF0D000000D8
:106A40000000000030FFFFFFFF0200000000000018
:106A500000F1FFFFFF0370FFFFFF1F0000000000B9
:106A6000000080FFFFFFFF0700000000000000F4AF
:106A7000FFFFEF0030FFFFFF5F000000000000009D
:106A8000D0FFFFFFFF0C00000000000000F7FFFF39
:106A9000AF0000FEFFFF8F00000000000000F2FFCB
:106AA000FFFFFF2F00000000000000FBFFFF6F0052
:106AB00000FAFFFFCF00000000000000F7FFFFFF1B
:106AC000FF7F00000000000000FEFFFF3F0000F617
:106AD000FFFFFF01000000000000FCFFFFFFFFCFF1
:106AE00000000000000020FFFFFF0E0000F2FFFF8B
:106AF000FF04000000000020FFFFFFFFFFFF020077
:106B00000000000060FFFFFF0A0000E0FFFFFF073A
:106B1000000000000070FFFFBFFFFFFF0600000045
:106B2000000090FFFFFF060000A0FFFFFF0B00002A
:106B3000000000B0FFFF4FFCFFFF0B000000000053
:106B4000C0FFFFFF02000060FFFFFF0E000000001B
:106B500000F1FFFF0EF7FFFF1F0000000000F1FF34
:106B6000FFDF00000020FFFFFF3F0000000000F6F5
:106B7000FFFF09F2FFFF6F0000000000F4FFFF9F1E
:106B800000000000FDFFFF6F0000000000FBFFFFA2
:106B900004C0FFFFBF0000000000F7FFFF5F000020
:106BA0000000F9FFFFAF0000000010FFFFEF0070D2
:106BB000FFFFFF0100000000FBFFFF2F00000000AF
:106BC000F5FFFFDF0000000050FFFF9F0020FFFFE8
:106BD000FF0600000000FEFFFF0D00000000F1FFB7
:106BE000FFFF02000000A0FFFF4F0000FCFFFF0BB3
:106BF00000000020FFFFFF0900000000C0FFFFFFB2
:106C000005000000E1FFFF0E0000F7FFFF1F00007E
:106C10000060FFFFFF050000000080FFFFFF09008C
:106C20000000F5FFFF0A0000F2FFFF6F0000009078
:106C3000FFFFFF010000000040FFFFFF0D0000000C
:106C4000FAFFFF050000C0FFFFBF000000C0FFFF0C
:106C5000CF000000000010FFFFFF1F000000FEFF3C
:106C6000EF01000070FFFFFF010000F1FFFF8F0048
:106C70000000000000FCFFFF5F000040FFFFAF00CE
:106C8000000020FFFFFF050000F4FFFF4F000000A1
:106C9000000000F8FFFF8F000090FFFF5F00000082
:106CA00000FCFFFF0A0000F7FFFF1F0000000000CC
:106CB00000F4FFFFCF0000E0FFFF1E00000000F720
:106CC000FFFF1F0000FBFFFF0C000000000000E0C2
:106CD000FFFFFF0100F3FFFF0A00000000F2FFFFCB
:106CE0005F0000FEFFFF08000000000000B0FFFF93
:106CF000FF0400F8FFFF0500000000D0FFFFAF0019
:106D000020FFFFFF0400000000000070FFFFFF07EE
:106D100000FDFFFF010000000080FFFFEF0160FFAA
:106D2000FFFF0100000000000030FFFFFF0B30FFFD
:106D3000FFAF000000000030FFFFFF0590FFFFBF26
:106D40000000000000000000FEFFFF0E80FFFF5F5C
:106D5000000000000000FDFFFF0AC0FFFF7F0000F1
:106D6000000000000000FAFFFF3FC0FFFF1F00000F
:106D700000000000F8FFFF0EF1FFFF4F00000000D1
:106D800000000000F6FFFF6FF2FFFF0B00000000A5
:106D90000000F3FFFF5FF4FFFF0E000000000000A3
:106DA0000000F2FFFFAFF7FFFF0600000000000049
:106DB000D0FFFFAFF7FFFF0B000000000000000056
:106DC000D0FFFFDFFCFFFF0100000000000080FF9C
:106DD000FFEFFBFFFF070000000000000000A0FF26
:106DE000FFFFFFFFBF0000000000000030FFFFFFBB
:106DF000FFFFFF03000000000000000060FFFFFF36
:106E0000FFFF6F0000000000000000FDFFFFFFFF1C
:106E1000EF00000000000000000020FFFFFFFFFF68
:106E20001F0000000000000000F8FFFFFFFFAF00A0
:106E3000000000000000000000FDFFFFFFFF0B004E
:106E400000000000000000F3FFFFFFFF6F000000E4
:106E500000000000000000F9FFFFFFFF0600000037
:106E60000000000000D0FFFFFFFF3F000000000017
:106E70000000000000F5FFFFFFFF01000000000020
:106E800000000080FFFFFFFF0E0000000000000078
:106E9000000000F1FFFFFFBF000000000000000045
:106EA0000030FFFFFFFF0A000000000000000000AC
:106EB00000C0FFFFFF6F00000000000000000000A6
:106EC000FDFFFFFF06000000000000000000008042
:106ED000FFFFFF2F00000000000000000000F8FF8F
:106EE000FFFF020000000000000000000040FFFF64
:106EF000FF0C00000000000000000000F3FFFFDFB7
:106F0000000000000000C2CCCCCCBC01000000009E
:106F100000000000000000CACCCCCC0880FFFFFFBE
:106F2000FF0B0000000000000000000080FFFFFFDA
:106F3000DF0100FBFFFFFF7F0000000000000000FA
:106F40000000F4FFFFFF3F0000D1FFFFFFFF030041
:106F50000000000000000020FEFFFFFF06000030E0
:106F6000FFFFFFFF1D0000000000000000C0FFFF4A
:106F7000FF9F00000000F7FFFFFFAF0000000000D0
:106F8000000000F8FFFFFF0C00000000A0FFFFFF63
:106F9000FF0600000000000040FFFFFFEF020000BE
:106FA000000010FDFFFFFF3F000000000000E2FFB7
:106FB000FFFF4F000000000000E3FFFFFFDF0100C4
:106FC00000000000FBFFFFFF060000000000006063
:106FD000FFFFFFFF0A0000000080FFFFFF9F00008F
:106FE000000000000000F9FFFFFF6F00000000F448
:106FF000FFFFFF0C0000000000000000C0FFFFFFCB
:10700000FF03000010FEFFFFEF0200000000000081
:10701000000020FEFFFFFF1D0000B0FFFFFF4F003C
:10702000000000000000000000F4FFFFFFAF0000C0
:10703000F8FFFFFF070000000000000000000080D4
:10704000FFFFFFFF0640FFFFFFAF00000000000052
:10705000000000000000FBFFFFFF2EE1FFFFFF1C10
:10706000000000000000000000000000D1FFFFFF52
:10707000CFFBFFFFEF020000000000000000000057
:10708000000040FFFFFFFFFFFFFF4F000000000078
:10709000000000000000000000F7FFFFFFFFFFFFFF
:1070A000070000000000000000000000000000A039
:1070B000FFFFFFFFFFAF0000000000000000000026
:1070C000000000000010FDFFFFFFFF1C000000009B
:1070D000000000000000000000000000E3FFFFFFD0
:1070E000FF0200000000000000000000000000009F
:1070F0000000D1FFFFFFFF060000000000000000BD
:107100000000000000000000FAFFFFFFFF3F00004A
:107110000000000000000000000000000070FFFF01
:10712000FFFFFFDF01000000000000000000000082
:10713000000000F4FFFFFFFFFFFF0B000000000056
:10714000000000000000000010FEFFFFFFFFFFFF37
:107150007F00000000000000000000000000B0FF01
:10716000FFFF8EFFFFFFFF04000000000000000093
:1071700000000000F8FFFFFF06FAFFFFFF2E0000EF
:1071800000000000000000000050FFFFFFAF00D132
:10719000FFFFFFCF0000000000000000000000E340
:1071A000FFFFFF1D0030FFFFFFFF09000000000090
:1071B0000000000010FDFFFFFF030000F7FFFFFFCE
:1071C0005F000000000000000000A0FFFFFF6F0054
:1071D0000000B0FFFFFFEF03000000000000000010
:1071E000F7FFFFFF0A00000010FEFFFFFF1D000079
:1071F000000000000040FFFFFFDF0100000000F47E
:10720000FFFFFFAF00000000000000E2FFFFFF3FB4
:10721000000000000080FFFFFFFF070000000000EB
:1072200000FCFFFFFF07000000000000FBFFFFFF66
:107230003F000000000090FFFFFFBF0000000000C3
:107240000000E2FFFFFFDF0100000000F5FFFFFF8D
:107250001D0000000000000050FFFFFFFF0B0000BA
:107260000030FEFFFFFF040000000000000000F9F6
:10727000FFFFFF8F000000D1FFFFFF7F0000000035
:107280000000000000C0FFFFFFFF050000FBFFFF44
:10729000FF0B00000000000000000020FEFFFFFFC9
:1072A0002E0070FFFFFFEF01000000000000000053
:1072B0000000F5FFFFFFCF00F4FFFFFF4F000000CD
:1072C000000000000000000090FFFFFFFF09F6FF34
:1072D000FFFF08000000000000000000000000E0C8
:1072E000FFFFFF0BE1FFFFFF1E000000000000009A
:1072F0000000000000F5FFFFFF0590FFFFFF6F009B
:107300000000000000000000000000FCFFFFDF00A4
:1073100020FFFFFFCF000000000000000000000081
:1073200030FFFFFF7F0000FBFFFFFF0300000000B6
:1073300000000000000090FFFFFF1F0000F5FFFFAE
:10734000FF0900000000000000000000E1FFFFFF57
:10735000090000D0FFFFFF1F000000000000000038
:107360000000F7FFFFFF03000070FFFFFF7F00003A
:107370000000000000000000FDFFFFCF0000001033
:10738000FFFFFFDF00000000000000000040FFFFE3
:10739000FF5F00000000FAFFFFFF04000000000094
:1073A000000000A0FFFFFF0E00000000F4FFFFFF41
:1073B0000A0000000000000000F2FFFFFF080000CC
:1073C0000000C0FFFFFF2F0000000000000000F8D9
:1073D000FFFFFF020000000060FFFFFF8F000000C2
:1073E0000000000000FEFFFFAF000000000010FEE4
:1073F000FFFFEF0000000000000050FFFFFF4F0004
:107400000000000000F9FFFFFF0500000000000081
:10741000C0FFFFFF0C000000000000F2FFFFFF0BA9
:10742000000000000000F3FFFFFF06000000000066
:1074300000B0FFFFFF2F000000000000F9FFFFEF8A
:107440000100000000000050FFFFFF9F000000004F
:107450000010FEFFFF8F0000000000000000FDFF95
:10746000FFEF010000000070FFFFFF2F0000000091
:1074700000000000F7FFFFFF0600000000D0FFFF44
:10748000FF0A0000000000000000F1FFFFFF0C00F9
:10749000000000F4FFFFFF040000000000000000F7
:1074A000A0FFFFFF3F00000000FAFFFFDF00000029
:1074B00000000000000040FFFFFFAF00000020FFC1
:1074C000FFFF6F00000000000000000000FCFFFF55
:1074D000FF01000080FFFFFF1E0000000000000011
:1074E000000000F6FFFFFF070000E0FFFFFF0900BC
:1074F000000000000000000000E1FFFFFF0D0000A1
:10750000F5FFFFFF020000000000000000000090F7
:10751000FFFFFF4F0000FBFFFFBF00000000000067
:10752000000000000020FFFFFFAF0030FFFFFF4F13
:10753000000000000000000000000000FBFFFFFF53
:107540000290FFFFFF0D000000000000000000009F
:107550000000F5FFFFFF08E1FFFFFF07000000004C
:107560000000000000000000D0FFFFFF0EF6FFFF4C
:10757000EF0100000000000000000000000070FFAC
:10758000FFFF5FFDFFFF9F00000000000000000004
:107590000000000010FFFFFFEFFFFFFF3F000000B3
:1075A0000000000000000000000000FAFFFFFFFFE5
:1075B000FFFF0B00000000000000000000000000C2
:1075C00000F4FFFFFFFFFFFF0500000000000000C8
:1075D00000000000000000C0FFFFFFFFFFDF000011
:1075E0000000000000000000000000000060FFFF3D
:1075F000FFFFFF7F0000000000000000000000000F
:1076000000000010FEFFFFFFFF1F00000000000051
:1076100000000000000000000000F9FFFFFFFF096C
:10762000000000000000000000000000000000005A
:10763000F2FFFFFFFF030000000000000000000059
:10764000000000000000B0FFFFFFCF0000000000BE
:1076500000000000000000000000000050FFFFFFDD
:107660005F000000000000000000000000000000BB
:10767000000090FFFFFF0E0000000000000000006F
:107680000000000000000000E1FFFFFF0800000014
:107690000000000000000000000000000000F7FFF4
:1076A000FFFF0100000000000000000000000000DB
:1076B00000000000FDFFFFAF000000000000000020
:1076C00000000000000000000050FFFFFF3F00002E
:1076D000000000000000000000000000000000C0EA
:1076E000FFFFFF0C00000000000000000000000091
:1076F0000000000000F4FFFFFF0600000000000093
:107700000000000000000000000000FAFFFFEF0092
:107710000000000000000000000000000000000069
:1077200020FFFFFF8F0000000000000000000000AD
:1077300000000000000090FFFFFF2F00000000008D
:10774000000000000000000000000000E1FFFFFF5B
:107750000A0000000000000000000000000000001F
:107760000000F7FFFFFF0400000000000000000021
:107770000000000000000000FDFFFFCF000000003F
:107780000000000000000000000000000050FFFFAB
:10779000FF6F00000000000000000000000000007B
:1077A000000000C0FFFFFF1E0000000000000000FE
:1077B000000000000000000000F4FFFFFF080000D0
:1077C000000000000000000000000000000000FABF
:1077D000FFFFFF02000000000000000000000000AA
:1077E0000000000020FFFFFFBF00000000000000BD
:1077F000000000000000C0FFFFFFFFFFFFFFFFFFD2
:10780000FFFFFFFFFFFFFF3FC0FFFFFFFFFFFFFF87
:10781000FFFFFFFFFFFFFFFFFF3FC0FFFFFFFFFF77
:10782000FFFFFFFFFFFFFFFFFFFFFF3FC0FFFFFF67
:10783000FFFFFFFFFFFFFFFFFFFFFFFFFF3FC0FF57
:10784000FFFFFFFFFFFFFFFFFFFFFFFFFFFFFF3F08
:10785000C0FFFFFFFFFFFFFFFFFFFFFFFFFFFFFF77
:10786000FF1E20222222222222222222222262FF04
:10787000FFFFFF0400000000000000000000000007
:10788000D1FFFFFF7F0000000000000000000000AB
:107890000000FBFFFFFF0A000000000000000000E6
:1078A00000000080FFFFFFCF01000000000000008B
:1078B0000000000000F5FFFFFF2E000000000000A8
:1078C00000000000000030FEFFFFFF040000000089
:1078D0000000000000000000D1FFFFFF8F0000004B
:1078E00000000000000000000000FAFFFFFF0B0096
:1078F000000000000000000000000070FFFFFFDF3C
:1079000001000000000000000000000000F4FFFF84
:10791000FF3E00000000000000000000000020FE0C
:10792000FFFFFF0500000000000000000000000055
:10793000C0FFFFFF9F0000000000000000000000EB
:107940000000F9FFFFFF0C00000000000000000035
:1079500000000060FFFFFFEF0200000000000000D9
:107960000000000000F3FFFFFF4F000000000000D8
:1079700000000000000010FDFFFFFF0700000000F6
:107980000000000000000000B0FFFFFFAF0000009B
:1079900000000000000000000000F8FFFFFF1C00D6
:1079A000000000000000000000000050FFFFFFEF9B
:1079B00002000000000000000000000000E2FFFFE5
:1079C000FF4F00000000000000000000000010FD5C
:1079D000FFFFFF08000000000000000000000000A2
:1079E000A0FFFFFFBF00000000000000000000003B
:1079F0000000F7FFFFFF1D00000000000000000076
:107A000000000040FFFFFFEF030000000000000047
:107A10000000000000E2FFFFFF5F00000000000028
:107A200000000000000000FCFFFFFF090000000054
:107A3000000000000000000090FFFFFFCF000000EA
:107A400000000000000000000000F6FFFFFF2E0015
:107A5000000000000000000000000030FFFFFFFFFA
:107A600004000000000000000000000000D1FFFF43
:107A7000FF7F00000000000000000000000000FB8D
:107A8000FFFFFF0A000000000000000000000000EF
:107A900080FFFFFFEF44444444444444444444448E
:107AA0004434F4FFFFFFFFFFFFFFFFFFFFFFFFFF77
:107AB000FFFFFFDFF5FFFFFFFFFFFFFFFFFFFFFF00
:107AC000FFFFFFFFFFDFF5FFFFFFFFFFFFFFFFFFF0
:107AD000FFFFFFFFFFFFFFDFF5FFFFFFFFFFFFFFE0
:107AE000FFFFFFFFFFFFFFFFFFDFF5FFFFFFFFFFD0
:107AF000FFFFFFFFFFFFFFFFFFFFFFDFF5FFFFFFC0
:107B0000FFFFFFFFFFFFFFFFFFFFFFFFFFDF0000A3
:107B1000000000000000000000001085DBFEFFFFF9
:107B20007F000000000000000000000030FAFFFFAE
:107B3000FFFFFF7F0000000000000000000010FBBE
:107B4000FFFFFFFFFFFF7F000000000000000000BC
:107B500000E4FFFFFFFFFFFFFF7F000000000000C9
:107B600000000050FFFFFFFFFFFFFFFF7F0000004E
:107B7000000000000000F3FFFFFFFFCF89676636BB
:107B8000000000000000000010FDFFFFFF7E01006C
:107B9000000000000000000000000070FFFFFFBFB9
:107BA0000100000000000000000000000000E0FFF5
:107BB000FFFF1C00000000000000000000000000AB
:107BC00000F4FFFFFF0300000000000000000000C1
:107BD00000000000F8FFFFBF0000000000000000F0
:107BE00000000000000000FCFFFF6F00000000002C
:107BF00000000000000000000000FEFFFF3F00004A
:107C000000000000000000000000000000FFFFFF77
:107C10001F00000000000000000000000000001035
:107C2000FFFFFF0F00000000000000000000000048
:107C3000000010FFFFFF0E00000000000000000029
:107C4000000000000010FFFFFF0E00000000000019
:107C5000000000000000000010FFFFFF0E00000009
:107C6000000000000000000000000010FFFFFF0EF9
:107C7000000000000000000000000000000010FFF5
:107C8000FFFF0E00000000000000000000000000E8
:107C90000010FFFFFF0E00000000000000000000C9
:107CA0000000000020FFFFFF0E00000000000000A9
:107CB0000000000000000030FFFFFF0E0000000089
:107CC0000000000000000000000040FFFFFF0D006A
:107CD0000000000000000000000000000060FFFF46
:107CE000FF0C000000000000000000000000000089
:107CF00090FFFFFF0A0000000000000000000000ED
:107D0000000000C0FFFFFF060000000000000000B0
:107D1000000000000000F3FFFFFF03000000000070
:107D2000000000000000000000F9FFFFCF0000008D
:107D3000000000000000000000000020FEFFFF5FC8
:107D40000000000000000000000000000000C0FF74
:107D5000FFFF0B000000000000000000000000001A
:107D600000F9FFFFEF02000000000000000000002B
:107D7000000000A0FFFFFF4E000000000000000018
:107D8000000000000060FDFFFFEF040000000000A5
:107D900000000000001032A6FEFFFFFF2D000000D3
:107DA00000000000000000F4FFFFFFFFFFFF8F0155
:107DB00000000000000000000000F4FFFFFFFFFFD4
:107DC000AF030000000000000000000000F4FFFF0F
:107DD000FFFFCF02000000000000000000000000D4
:107DE000F4FFFFFFFFBF01000000000000000000E3
:107DF000000000F4FFFFFFFFFF8E01000000000005
:107E0000000000000000F4FFFFFFFFFFFF6E000016
:107E1000000000000000000000203254C8FFFFFFF7
:107E2000FF1B000000000000000000000000000038
:107E300081FFFFFFDF0200000000000000000000E3
:107E400000000000C2FFFFFF2D0000000000000046
:107E50000000000000000010FBFFFFDF0100000039
:107E60000000000000000000000000D1FFFFFF093B
:107E7000000000000000000000000000000030FFD3
:107E8000FFFF4F00000000000000000000000000A5
:107E90000000FAFFFFAF000000000000000000003B
:107EA0000000000000F4FFFFFF02000000000000DF
:107EB0000000000000000000D0FFFFFF05000000F0
:107EC0000000000000000000000000A0FFFFFF090C
:107ED000000000000000000000000000000060FF43
:107EE000FFFF0B0000000000000000000000000089
:107EF0000040FFFFFF0C0000000000000000000039
:107F00000000000030FFFFFF0D0000000000000037
:107F10000000000000000020FFFFFF0E0000000036
:107F20000000000000000000000010FFFFFF0E0036
:107F30000000000000000000000000000010FFFF33
:107F4000FF0E000000000000000000000000000024
:107F500010FFFFFF0E000000000000000000000006
:107F600000000010FFFFFF0E0000000000000000F6
:107F700000000000000010FFFFFF0E0000000000E6
:107F800000000000000000000010FFFFFF0E0000D6
:107F900000000000000000000000000010FFFFFFD4
:107FA0000E000000000000000000000000000000C3
:107FB000FFFFFF0F000000000000000000000000B5
:107FC000000000FEFFFF2F00000000000000000086
:107FD000000000000000FCFFFF5F00000000000048
:107FE000000000000000000000F9FFFF9F000000FB
:107FF000000000000000000000000000F6FFFFEF9E
:10800000010000000000000000000000000000F17E
:10801000FFFFFF080000000000000000000000005B
:108020000000A0FFFFFF5F00000000000000000054
:10803000000000000020FFFFFFFF1800000000000C
:10804000000000000000000000F7FFFFFFEF6913D1
:10805000000000000000000000000000A0FFFFFF83
:10806000FFFFFFFFFF7F0000000000000000000096
:10807000FAFFFFFFFFFFFFFF7F000000000000008E
:1080800000000060FEFFFFFFFFFFFF7F0000000019
:108090000000000000000092FFFFFFFFFFFF7F00D5
:1080A000000000000000000000000071EBFFFFFF77
:1080B000FF7F000000000000000000000000000042
:1080C0004365666636F4FFFF8FF4FFFF8FF4FFFF12
:1080D0008FF4FFFF8FF4FFFF8FF4FFFF8FF4FFFF9C
:1080E0008FF4FFFF8FF4FFFF8FF4FFFF8FF4FFFF8C
:1080F0008FF4FFFF8FF4FFFF8FF4FFFF8FF4FFFF7C
:108100008FF4FFFF8FF4FFFF8FF4FFFF8FF4FFFF6B
:108110008FF4FFFF8FF4FFFF8FF4FFFF8FF4FFFF5B
:108120008FF4FFFF8FF4FFFF8FF4FFFF8FF4FFFF4B
:108130008FF4FFFF8FF4FFFF8FF4FFFF8FF4FFFF3B
:108140008FF4FFFF8FF4FFFF8FF4FFFF8FF4FFFF2B
:108150008FF4FFFF8FF4FFFF8FF4FFFF8FF4FFFF1B
:108160008FF4FFFF8FF4FFFF8FF4FFFF8FF4FFFF0B
:108170008FF4FFFF8FF4FFFF8FF4FFFF8FF4FFFFFB
:108180008FF4FFFF8FF4FFFF8FF4FFFF8FF4FFFFEB
:108190008FF4FFFF8FF4FFFF8FF4FFFF8FF4FFFFDB
:1081A0008FF4FFFF8FF4FFFF8FF4FFFF8FF4FFFFCB
:1081B0008FF4FFFF8FF4FFFF8FF4FFFF8FF4FFFFBB
:1081C0008FF4FFFF8FF4FFFF8FF4FFFF8FF4FFFFAB
:1081D0008FF4FFFF8FF4FFFF8FF4FFFF8FF4FFFF9B
:1081E0008FF4FFFF8FF4FFFF8FF4FFFF8FF4FFFF8B
:1081F0008FF4FFFF8F82888848FAFFFFEFBC4801A9
:10820000000000000000000000000000FAFFFFFF77
:10821000FFFF9E020000000000000000000000FAC6
:10822000FFFFFFFFFFFF8F000000000000000000C5
:108230000000FAFFFFFFFFFFFFFF2C00000000001F
:108240000000000000FAFFFFFFFFFFFFFFEF030049
:108250000000000000000000646676A8FDFFFFFF3C
:10826000FF1D0000000000000000000000000020D2
:10827000E8FFFFFFAF00000000000000000000006A
:1082800000000030FDFFFFFF0400000000000000C0
:1082900000000000000000E2FFFFFF0B00000000F4
:1082A0000000000000000000000060FFFFFF1F0052
:1082B0000000000000000000000000000010FEFFB1
:1082C000FF5F000000000000000000000000000050
:1082D00000FAFFFF8F000000000000000000000017
:1082E00000000000F7FFFFBF0000000000000000DA
:1082F00000000000000000F4FFFFCF0000000000BD
:1083000000000000000000000000F3FFFFDF00009D
:1083100000000000000000000000000000F2FFFF6D
:10832000DF0000000000000000000000000000006E
:10833000F2FFFFDF0000000000000000000000006E
:10834000000000F2FFFFDF0000000000000000005E
:10835000000000000000F2FFFFDF0000000000004E
:10836000000000000000000000F2FFFFDF0000003E
:10837000000000000000000000000000F2FFFFDF2E
:10838000000000000000000000000000000000F2FB
:10839000FFFFEF00000000000000000000000000F0
:1083A0000000F2FFFFFF00000000000000000000DE
:1083B0000000000000F1FFFFFF01000000000000CE
:1083C0000000000000000000F0FFFFFF03000000BD
:1083D0000000000000000000000000D0FFFFFF06CA
:1083E0000000000000000000000000000000A0FFEE
:1083F000FFFF090000000000000000000000000076
:108400000060FFFFFF1E00000000000000000000F1
:108410000000000010FEFFFF6F00000000000000E1
:108420000000000000000000F9FFFFDF0000000076
:108430000000000000000000000000E1FFFFFF0955
:10844000000000000000000000000000000050FFDD
:10845000FFFF6F00000000000000000000000000AF
:108460000000F7FFFFFF0700000000000000000011
:10847000000000000070FFFFFFCF040000000000BC
:10848000000000000000000000E4FFFFFFDF5923B0
:1084900001000000000000000000000020FAFFFFC3
:1084A000FFFFFFFF0F0000000000000000000000C1
:1084B00040FCFFFFFFFFFF0F000000000000000076
:1084C0000000000040FDFFFFFFFF0F000000000064
:1084D0000000000000000020FDFFFFFFFF0F000074
:1084E00000000000000000000020FAFFFFFFFFFF77
:1084F0000F0000000000000000000010F8FFFFFF68
:10850000FFFFFF0F00000000000000000000D3FF8D
:10851000FFFFEF7B45230200000000000000000089
:1085200050FEFFFFEF070000000000000000000009
:10853000000000F4FFFFFF1A000000000000000030
:10854000000000000030FEFFFF8F00000000000070
:108550000000000000000000C0FFFFFF0A00000054
:108560000000000000000000000000F7FFFFEF0126
:108570000000000000000000000000000000FDFFFF
:10858000FF7F00000000000000000000000000006D
:1085900050FFFFFF1F00000000000000000000006F
:1085A00000000090FFFFFF0A000000000000000034
:1085B000000000000000C0FFFFFF070000000000F7
:1085C000000000000000000000F0FFFFFF030000BB
:1085D000000000000000000000000000F1FFFFFFAD
:1085E000010000000000000000000000000000F298
:1085F000FFFFFF000000000000000000000000007E
:108600000000F2FFFFEF000000000000000000008B
:108610000000000000F2FFFFDF000000000000008B
:108620000000000000000000F2FFFFDF000000007B
:108630000000000000000000000000F2FFFFDF006B
:108640000000000000000000000000000000F2FF39
:10865000FFDF00000000000000000000000000003C
:1086600000F2FFFFDF00000000000000000000003B
:1086700000000000F2FFFFDF00000000000000002B
:1086800000000000000000F3FFFFDF00000000001A
:1086900000000000000000000000F4FFFFCF000019
:1086A00000000000000000000000000000F5FFFFD7
:1086B000BF000000000000000000000000000000FB
:1086C000F9FFFF9F00000000000000000000000014
:1086D000000000FCFFFF6F00000000000000000031
:1086E000000000000040FFFFFF3F0000000000000E
:1086F0000000000000000000C0FFFFFF0D000000B0
:108700000000000000000000000000F9FFFFFF066D
:1087100000000000000000000000000000B2FFFFA9
:10872000FFDF01000000000000000000001032B672
:10873000FFFFFFFF4F000000000000000000FAFFF5
:10874000FFFFFFFFFFFFFF07000000000000000029
:1087500000FAFFFFFFFFFFFFFF7F000000000000A7
:1087600000000000FAFFFFFFFFFFFFDF0400000032
:1087700000000000000000FAFFFFFFFFFFEF1800FD
:1087800000000000000000000000FAFFFFFFFFAE45
:108790001600000000000000000000000064666693
:1087A000562400000000000000000000000000004F
:1087B0000000000010A5EDEFAD2700000000000054
:1087C000000000000000F6FFFF2F00000000E7FFA0
:1087D000FFFFFFFF3B000000000000000000000062
:1087E000F7FFFF1F000000B1FFFFFFFFFFFFFF08C3
:1087F00000000000000000000000F7FFFF0F000075
:1088000020FDFFFFFFFFFFFFFFBF01000000000092
:1088100000000000F9FFFF0E0000C1FFFFFFFFFF97
:10882000FFFFFFFF1B000000000000000000FBFF37
:10883000FF0C0000F9FFFFFFFFFFFFFFFFFFBF007E
:108840000000000000000000FDFFFF0A0040FFFFE5
:10885000FFFF6B55E8FFFFFFFF090000000000006D
:108860000010FFFFFF0700B0FFFFFF3D000010F802
:10887000FFFFFF7F0000000000000040FFFFFF053A
:1088800000F3FFFFEF0200000060FFFFFFFF0400A6
:10889000000000000080FFFFFF0100FAFFFF5F0003
:1088A00000000000F6FFFFFF3E000000000000D0C7
:1088B000FFFFCF0010FFFFFF0C000000000070FF63
:1088C000FFFFDF020000000000F4FFFF7F0040FF19
:1088D000FFFF05000000000000F9FFFFFF1C000083
:1088E000000000FDFFFF2F0090FFFFFF01000000D0
:1088F000000000B0FFFFFFCF0100000080FFFFFF7E
:108900000A00D0FFFFCF0000000000000010FDFFB4
:10891000FFFF3D000010F9FFFFFF0300F0FFFF8F96
:108920000000000000000000E2FFFFFFFF6B65E8B1
:10893000FFFFFFBF0000F3FFFF6F0000000000001B
:10894000000040FFFFFFFFFFFFFFFFFFFF2E0000C3
:10895000F5FFFF3F000000000000000000F4FFFFF3
:10896000FFFFFFFFFFFFFF050000F7FFFF1F0000F5
:108970000000000000000040FEFFFFFFFFFFFFFFC0
:108980007F000000F8FFFF0F000000000000000063
:108990000000C2FFFFFFFFFFFFFF06000000F9FF1E
:1089A000FF0E0000000000000000000000E7FFFFD5
:1089B000FFFFFF3C00000000FAFFFF0D0000000079
:1089C000000000000000000095ECFFCE3800000021
:1089D000000000000000002085CAEEFFDE9C36008B
:1089E00000000000000083FDFFFFFFFFFFFFFF7D91
:1089F0000100000010D7FFFFFFFFFFFFFFFFFFFF99
:108A00006E000000E8FFFFFFFFFFFFFFFFFFFFFF1B
:108A1000FF1B0000FBFFFFFFFFFFFFFFFFFFFFFF4C
:108A2000FFCF0100F3FFFFFFFFFFDECCFEFFFFFFE4
:108A3000FFFF0B00B0FFFFEF6A13000010A5FFFF60
:108A4000FFFF7F0040FFAF05000000000000B2FF05
:108A5000FFFFEF01009C020000000000000000F991
:108A6000FFFFFF060000000000000000000000B053
:108A7000FFFFFF0B000000000000000000000030BE
:108A8000FFFFFF0E000000000000000000000000DB
:108A9000FDFFFF2F000000000000000000000000AC
:108AA000F9FFFF3F00000000000000000000000090
:108AB000F7FFFF4F00000000000000000000000072
:108AC000F7FFFF4F00000000000000000000000062
:108AD000F7FFFF3F00000000000000000000000062
:108AE000F9FFFF2F00000000000000000000000060
:108AF000FCFFFF0E0000000000000000000000105E
:108B0000FFFFFF0B000000000000000000000070ED
:108B1000FFFFFF060000000000000000000000E270
:108B2000FFFFEF010000000000000000000010FC4B
:108B3000FFFF8F0000000000000000000000B1FFF8
:108B4000FFFF1E0000000000000000000010FCFFFE
:108B5000FFFF0500000000000000000000D3FFFF41
:108B6000FF7F0000000000000000000060FFFFFF2A
:108B7000FF0800000000000000000010FBFFFFFFE6
:108B80007F00000000000000000000D3FFFFFFEFA7
:108B90000400000000000000000050FFFFFFFF2C59
:108BA00000000000000000000000F5FFFFFF8F0044
:108BB00000000000000000000030FEFFFFEF040096
:108BC000000000000000000000C0FFFFFF2C0000BC
:108BD000000000000000000000F5FFFFDF010000C2
:108BE000000000000000000000FAFFFF2E0000005F
:108BF000000000000000000000FEFFFF0700000072
:108C0000000000000000000020FFFFFF0100000046
:108C1000000000000000000040FFFFBF0000000057
:108C2000000000000000000060FFFF8F0000000057
:108C3000000000000000000070FFFF6F0000000057
:108C4000000000000000000070FFFF5F0000000057
:108C5000000000000000000070FFFF4F0000000057
:108C6000000000000000000070EEEE4E000000006A
:108C700000000000000000000000000000000000F4
:108C800000000000000000000000000000000000E4
:108C900000000000000000000000000000000000D4
:108CA00000000000000000000000000000000000C4
:108CB00000000000000000000000000000000000B4
:108CC00000000000000000000000000000000000A4
:108CD0000000000000000000000000000000000094
:108CE0000000000000000000000000000000000084
:108CF00000000000000000000094AA160000000020
:108D0000000000000000000090FFFFDF02000000F4
:108D10000000000000000000F4FFFFFF0A00000058
:108D20000000000000000000F9FFFFFF0E0000003F
:108D30000000000000000000FAFFFFFF1F0000001D
:108D40000000000000000000FAFFFFFF0F0000001D
:108D50000000000000000000F6FFFFFF0C00000014
:108D60000000000000000000C1FFFFFF0400000041
:108D7000000000000000000010D9EF4B00000000D0
:108D800000000000B1CF02F8FF0AFAFF0BF4FF0564
:108D9000304700000000000000304700F4FF06FAF2
:108DA000FF0BF8FF0AB1CF02A1CF020030FD09008E
:108DB00030ED09F7FF0B00C0FF6F00C0FF6FF8FF39
:108DC0000D00E0FF7F00E0FF7FF3FF060080FF2E35
:108DD0000080FF2E20470000007502000075020091
:108DE0000000000000000000000000000000000083
:108DF0000000000000000010660000000000750286
:108E00000000D1FF0A00000080FF2E0000F5FF1FC8
:108E1000000000E0FF7F0000F3FF0E000000C0FF35
:108E20005F000080EE0500000030ED0922222222C2
:108E30002222220010FB2CFDFFFFFFFFFFFF01900D
:108E4000FF9FFDFFFFFFFFFFFF01A0FFBFFDFFFF33
:108E5000FFFFFFFF0140FF5F000000000000000077
:108E6000007304000000000000000000000000008B
:108E700000000000000000000000000000000000F2
:108E800000007304000000000000000040FF5F00CD
:108E900000000000000000A0FFBF00000000000074
:108EA000000090FF9F000000000000000010FB2C5D
:108EB000222222222222220010FB2CFDFFFFFFFF94
:108EC000FFFF0480FFBFFDFFFFFFFFFFFF0490FFD8
:108ED000CFFDFFFFFFFFFFFF0430FF6F000060FFCB
:108EE0000B000000007304000060FF0B0000000096
:108EF0000000000060FF0B000000000000000060A8
:108F0000FF0B000000007304000060FF0B00000076
:108F100030FF6F000060FF0B00000090FFCF0000EB
:108F200060FF0B00000080FFAF0000204403000042
:108F30000010FB2C304700F3FF07F8FF0DF6FF0B86
:108F4000A0CF0230470000106700F5FF0600D1FFF8
:108F50000BFAFF0C00F5FF1FF8FF0A00F3FF0EB13C
:108F6000BF020070DE04A1CF020030FD09F7FF0B45
:108F700000C0FF6FF8FF0D00E0FF7FF3FF060080E9
:108F8000FF2E2047000000750200000000000000D6
:108F9000000000000000000000106600000000005B
:108FA000D1FF0A00000000F5FF1F00000000F3FFE2
:108FB0000E0000000080EE05000022222222222264
:108FC0002200FDFFFFFFFFFFFF04FDFFFFFFFFFF8C
:108FD000FF04FDFFFFFFFFFFFF04222222222222C7
:108FE0002200FDFFFFFFFFFFFF04FDFFFFFFFFFF6C
:108FF000FF04FDFFFFFFFFFFFF04000050FF0B0019
:109000000000000050FF0B000000000050FF0B00AC
:109010000000000050FF0B000000000050FF0B009C
:109020000000000050FF0B000000000050FF0B008C
:1090300000000000208805000000304700F3FF0713
:10904000F8FF0DF6FF0BA0CF02304700F3FF07F843
:10905000FF0DF6FF0BA0CF02A1CF02000000000021
:1090600000F7FF0B000000000000F8FF0D000000FB
:10907000000000F3FF06205700000000204700E238
:10908000FF08000000000000F7FF0E0000000000D5
:1090900000F6FF0C00000000000090DF03105700F6
:1090A000000000000000D1FF09000000000000F6F1
:1090B000FF0F000000000000F4FF0E0000000000A1
:1090C0000080DE04203500E3FF06F8FF0CF7FF0BFD
:1090D000A1CF026516FD3FFD3FFD3FFD3FFD3FFD7A
:1090E0003FFD3FFD3FFD3FFD3FFD3FFD3F21222274
:1090F0002222222222FDFFFFFFFFFFFFEFFDFFFFE5
:10910000FFFFFFFFEFFDFFFFFFFFFFFFEF20470027
:10911000F3FF06F8FF0CF7FF0BA1CF02304700F377
:10912000FF07F8FF0DF6FF0BA0CF0200D1FFFFFFF6
:10913000DF01000000000000000000000030FFFF21
:10914000FF2F0020FEFFFFFF0B00000000000000CB
:109150000000000050FFFFFF1F0000F4FFFFFF9F13
:10916000000000000000000000000060FFFFFF0F93
:10917000000060FFFFFFFF0600000000000000008D
:10918000000070FFFFFF0D000000F9FFFFFF3F0030
:1091900000000000000000000090FFFFFF0C000036
:1091A00000C0FFFFFFDF0100000000000000000022
:1091B000A0FFFFFF0A00000010FDFFFFFF0B0000F3
:1091C00000000000000000C0FFFFFF0900000000D9
:1091D000F3FFFFFF8F000000000000000000D0FF41
:1091E000FFFF080000000060FFFFFFFF0500000018
:1091F0000000000000F0FFFFFF060000000000F983
:10920000FFFFFF2E0000000000000000F2FFFFFF44
:10921000040000000000C0FFFFFFDF0100000000AD
:10922000000000F4FFFFFF02000000000010FDFF3F
:10923000FFFF0A00000000000000F7FFFFEF000042
:109240000000000000F3FFFFFF7F000000000000AF
:1092500000FBFFFFBF0000000000000050FFFFFF09
:10926000FF04000000000010FFFFFF6F000000007F
:1092700000000000F9FFFFFF2E000000000060FF6B
:10928000FFFF2F0000000000000091FFFFFFFFBF65
:109290000000000000C0FFFFFF0B00000000000006
:1092A00050FEFFFFFFFFFF0800000000F4FFFFFF7C
:1092B00005000000000000F9FFFFFFFFFFFF4F0067
:1092C000000000FCFFFFDF000000000000A0FFFF27
:1092D000FFFFFFFFFFDF01000080FFFFFF5F0000D7
:1092E00000000000F9FFFFFF7FF9FFFFFF0A000009
:1092F000F5FFFFFF0B000000000060FFFFFFDF0332
:10930000B0FFFFFF6F0050FFFFFFEF020000000003
:1093100000F2FFFFFF1D0020FEFFFFEF12F9FFFF2D
:10932000FF4F000000000000FBFFFFEF020000F411
:10933000FFFFFFDDFFFFFFFF05000000000040FF13
:10934000FFFF7F00000080FFFFFFFFFFFFFF5F00C8
:109350000000000000B0FFFFFF0D00000000FCFF58
:10936000FFFFFFFFDF03000000000000F2FFFFFF30
:109370000600000000E2FFFFFFFFFF1900000000F1
:10938000000000F7FFFFEF000000000050FFFFFFAC
:10939000FF3B0000000000000000FCFFFF9F0000FA
:1093A00000000000F9FFFFFF0700000000000000C0
:1093B00010FFFFFF5F000000000000D1FFFFFF3F34
:1093C0000000000000000050FFFFFF1F0000000031
:1093D000000030FFFFFFCF0000000000000080FF12
:1093E000FFFF0C00000000000000F8FFFFFF080076
:1093F0000000000000B0FFFFFF09000000000000B7
:1094000000C0FFFFFF4F000000000000E0FFFFFF73
:10941000060000000000000030FFFFFFDF01000039
:10942000000000F1FFFFFF0300000000000000004B
:10943000F7FFFFFF0A0000000000F4FFFFFF01003C
:1094400000000000000000C0FFFFFF5F0000000000
:1094500000F6FFFFEF00000000000000000030FFFA
:10946000FFFFEF0100000000F8FFFFCF0000000049
:10947000000000000000F7FFFFFF0A00000000FAF4
:10948000FFFF9F00000000000000000000C0FFFF81
:10949000FF5F00000000FDFFFF7F000000000000F4
:1094A0000000000030FFFFFFEF02000000FFFFFFA1
:1094B0005F0000000000000000000000F8FFFFFF58
:1094C0000A000020FFFFFF3F000000000000000036
:1094D000000000D1FFFFFF5F000040FFFFFF1F0003
:1094E0000000000000000000000050FFFFFFEF013F
:1094F0000060FFFFFF0D0000000000000000000002
:109500000000FAFFFFFF090080FFFFFF0B000000D3
:10951000000000000000000000E2FFFFFF4F00B06D
:10952000FFFFFF0900000000000000000000000035
:1095300070FFFFFFDF00D0FFFFFF0700000000000B
:109540000000000000000000FDFFFFFF08F0FFFF2B
:10955000FF0400000000000000000000000000F414
:10956000FFFFFF2F717777770100000000000000F8
:1095700000000000000060777777470090FFFFFF52
:10958000FFFFFFFFEFCE7A030000000000000000A5
:10959000B0FFFFFFFFFFFFFFFFFFFFDF170000002F
:1095A00000000000D0FFFFFFFFFFFFFFFFFFFFFFF6
:1095B000EF05000000000000F0FFFFFFFFFFFFFFCE
:1095C000FFFFFFFFFF9F000000000000F2FFFFFF12
:1095D000FFFFFFFFFFFFFFFFFFFF0900000000008C
:1095E000F4FFFFFFFFFFFFFFFFFFFFFFFFFF6F0025
:1095F00000000000101111111111111132A6FEFF0F
:10960000FFFFEF010000000000000000000000006C
:109610000000A1FFFFFFFF070000000000000000A6
:1096200000000000000000F8FFFFFF0D0000000038
:109630000000000000000000000000C0FFFFFF3F2E
:1096400000000000000000000000000000000050CA
:10965000FFFFFF7F0000000000000000000000008E
:1096600000000000FEFFFF9F00000000000000005F
:109670000000000000000000FBFFFFBF0000000032
:10968000000000000000000000000000F9FFFFCF14
:1096900000000000000000000000000000000000CA
:1096A000F8FFFFDF000000000000000000000000E5
:1096B00000000000F7FFFFDF0000000000000000D6
:1096C0000000000000000000F7FFFFDF00000000C6
:1096D000000000000000000000000000F7FFFFDFB6
:1096E000000000000000000000000000000000007A
:1096F000F7FFFFDF00000000000000000000000096
:1097000000000000F7FFFFDF000000000000000085
:109710000000000000000000F7FFFFDF0000000075
:10972000000000000000000000000000F7FFFFDF65
:109730000000000000000000000000000000000029
:10974000F7FFFFDF00000000000000000000000045
:1097500000000000F7FFFFDF000000000000000035
:109760000000000000000000F7FFFFDF0000000025
:10977000000000000000000000000000F7FFFFDF15
:1097800000000000000000000000000000000000D9
:10979000F7FFFFDF000000000000000000000000F5
:1097A00000000000F7FFFFDF0000000000000000E5
:1097B0000000000000000000F7FFFFDF00000000D5
:1097C000000000000000000000000000F7FFFFDFC5
:1097D0000000000000000000000000000000000089
:1097E000F7FFFFDF000000000000000000000000A5
:1097F00000000000F7FFFFDF000000000000000095
:109800000000000000000000F7FFFFDF0000000084
:10981000000000000000000000000000F7FFFFDF74
:109820000000000000000000000000000000000038
:10983000F7FFFFDF00000000000000000000000054
:1098400000000000F7FFFFDF000000000000000044
:109850000000000000000000F7FFFFDF0000000034
:10986000000000000000000000000000F7FFFFDF24
:1098700000000000000000000000000000000000E8
:10988000F7FFFFDF00000000000000000000000004
:1098900000000000F7FFFFDF0000000000000000F4
:1098A0000000000000000000F7FFFFDF000000FBE9
:1098B000FFFFFFFFFFFFFFFFFFFFFFFFFFFFFFFFB8
:1098C000FFFFBFFBFFFFFFFFFFFFFFFFFFFFFFFFEC
:1098D000FFFFFFFFFFFF9FFBFFFFFFFFFFFFFFFFFC
:1098E000FFFFFFFFFFFFFFFFFFFF7FFBFFFFFFFF0C
:1098F000FFFFFFFFFFFFFFFFFFFFFFFFFFFF4FFB2C
:10990000FFFFFFFFFFFFFFFFFFFFFFFFFFFFFFFF67
:10991000FFFF2FFBFFFFFFFFFFFFFFFFFFFFFFFF2B
:10992000FFFFFFFFFFFF0F11111111111111111195
:109930001111111122221211111101000000FFFF5B
:10994000FFEFAD270000000000000020FFFFFFFF39
:10995000FFFF3B00000000000040FFFFFFFFFFFF94
:10996000FF06000000000060FFFFFFFFFFFFFF5F3A
:10997000000000000080FFFFFFFFFFFFFFEF02007D
:10998000000000A0FFFFFFFFFFFFFFFF0900000036
:10999000001011112194FEFFFFFF1F0000000000C6
:1099A00000000000D2FFFFFF5F0000000000000089
:1099B000000050FFFFFF8F000000000000000000CB
:1099C00000FEFFFFAF00000000000000000000FBF1
:1099D000FFFFBF00000000000000000000FAFFFFD2
:1099E000BF00000000000000000000FAFFFFBF0001
:1099F000000000000000000000FAFFFFBF000000B0
:109A000000000000000000FAFFFFBF00000000009F
:109A10000000000000FAFFFFBF000000000000008F
:109A2000000000FAFFFFBF0000000000000000007F
:109A300000FAFFFFBF00000000000000000000FA75
:109A4000FFFFBF00000000000000000000FAFFFF61
:109A5000BF00000000000000000000FAFFFFBF0090
:109A6000000000000000000000FAFFFFBF0000003F
:109A700000000000000000FAFFFFBF00000000002F
:109A80000000000000FAFFFFBF000000000000001F
:109A9000000000FAFFFFBF0000000000000000000F
:109AA00000FAFFFFBF00000000000000000000FA05
:109AB000FFFFBF00000000000000000000FAFFFFF1
:109AC000BF00000000000000000000FAFFFFBF0020
:109AD000000000000000000000FAFFFFBF000000CF
:109AE00000000000000000FAFFFFBF0000000000BF
:109AF0000000000000FBFFFFBF00000000000000AE
:109B0000000040FFFFFFBF00000000000000000059
:109B1000D1FFFFFFBF000000000000000000FBFFBE
:109B2000FFFFCF0000000000000000A0FFFFFFFFCC
:109B3000FF0100000000000010FAFFFFFFFFFF051B
:109B4000000000000000C2FFFF69FFFFFF090000E6
:109B500000000060FEFFEF11FFFFFF0D000000009E
:109B600040FCFFFF5F00FCFFFF3F00002084FDFF83
:109B7000FFFF0900F8FFFF7F00F2FFFFFFFFFFCFAD
:109B80000000F4FFFFBF00F2FFFFFFFFFF1C00001B
:109B9000E0FFFFFF01F2FFFFFFFFCF010000A0FF8A
:109BA000FFFF05F2FFFFFFFF0900000060FFFFFF5E
:109BB00009F2FFFFFF4C0000000010FFFFFF0DF255
:109BC000FFDF49000000000000FCEF8B054133017E
:109BD0000000000000000065030000FEFFFFFFFF23
:109BE000FFFFFFFFFFFFFFFFFFFFFFFFFFCFFEFFB6
:109BF000FFFFFFFFFFFFFFFFFFFFFFFFFFFFFFFF75
:109C0000AFFEFFFFFFFFFFFFFFFFFFFFFFFFFFFFB5
:109C1000FFFFFF8FFEFFFFFFFFFFFFFFFFFFFFFFC5
:109C2000FFFFFFFFFFFF6FFEFFFFFFFFFFFFFFFFD5
:109C3000FFFFFFFFFFFFFFFFFF4FFEFFFFFFFFFFE5
:109C4000FFFFFFFFFFFFFFFFFFFFFFFF2F111111BE
:109C5000111111111111111111F8FFFF1A11110138
:109C6000000000000000000000000030FFFFFF05C2
:109C70000000000000000000000000000000A0FF45
:109C8000FFFF0300000000000000000000000000D3
:109C900000E0FFFFFF0200000000000000000000E5
:109CA00000000000F2FFFFFF0200000000000000C3
:109CB00000000000000000F3FFFFFF0200000000B2
:109CC00000000000000000000000F4FFFFFF0200A1
:109CD00000000000000000000000000000F4FFFF92
:109CE000FF02000000000000000000000000000073
:109CF000F4FFFFFF02000000000000000000000071
:109D0000000000F4FFFFFF02000000000000000060
:109D1000000000000000F4FFFFFF02000000000050
:109D2000000000000000000000F4FFFFFF02000040
:109D3000000000000000000000000000F4FFFFFF32
:109D4000020000000000000000000000000000F41D
:109D5000FFFFFF0200000000000000000000000004
:109D60000000F4FFFFFF0200000000000000000000
:109D70000000000000F4FFFFFF02000000000000F0
:109D80000000000000000000F4FFFFFF02000000E0
:109D90000000000000000000000000F4FFFFFF02D0
:109DA0000000000000000000000000000000F4FFC0
:109DB000FFFF0200000000000000000000000000A3
:109DC00000F4FFFFFF0200000000000000000000A0
:109DD00000000000F4FFFFFF020000000000000090
:109DE00000000000000000F4FFFFFF020000000080
:109DF00000000000000000000000F4FFFFFF020070
:109E000000000000000000000000000000F4FFFF60
:109E1000FF02000000000000000000000000000041
:109E2000F4FFFFFF0200000000000000000000003F
:109E3000000000F4FFFFFF0200000000000000002F
:109E4000000000000000F4FFFFFF0200000000001F
:109E5000000000000000000000F4FFFFFF0200000F
:109E6000000000000000000000000000F4FFFFFF01
:109E7000020000000000000000000000000000F4EC
:109E8000FFFFFF02000000000000000000000000D3
:109E90000000F4FFFFFF02000000000000000000CF
:109EA0000000000000F4FFFFFF02000000000000BF
:109EB0000000000000000000F4FFFFFF02000000AF
:109EC0000000000000000000000000F4FFFFFF029F
:109ED0000000000000000000000000000000F4FF8F
:109EE000FFFF020000000000000000000000000072
:109EF00000F4FFFFFF02000000000000000000006F
:109F000000000000F4FFFFFF02000000000000005E
:109F100000000000000000F4FFFFFF02000000004E
:109F200000000000000000000000F4FFFFFF02003E
:109F300000000000000000000000000000F4FFFF2F
:109F4000FF02000000000000000000000000000010
:109F5000F4FFFFFF0200000000000000000000000E
:109F60000000005155555501000000E0FFFFFFFFC4
:109F7000FFFFFFFFFFFFFFFFDE8B1500000000006B
:109F8000F1FFFFFFFFFFFFFFFFFFFFFFFFFFFFFFEF
:109F90004A00000000F4FFFFFFFFFFFFFFFFFFFF8D
:109FA000FFFFFFFFFFFF1A000000F6FFFFFFFFFFAC
:109FB000FFFFFFFFFFFFFFFFFFFFFFDF030000F8D2
:109FC000FFFFFFFFFFFFFFFFFFFFFFFFFFFFFFFFA1
:109FD000FF2E0000FAFFFFFFFFFFFFFFFFFFFFFF65
:109FE000FFFFFFFFFFFFCF00001111111111111131
:109FF00011111111112174FCFFFFFFFF0700000078
:10A0000000000000000000000000000050FEFFFF04
:10A01000FF1E000000000000000000000000000023
:10A020000000E2FFFFFF6F000000000000000000E2
:10A030000000000000000050FFFFFFBF0000000014
:10A0400000000000000000000000000000FCFFFF16
:10A05000EF00000000000000000000000000000011
:10A060000000F7FFFFFF02000000000000000000FA
:10A0700000000000000000F3FFFFFF0400000000EC
:10A08000000000000000000000000000F1FFFFFFE2
:10A0900005000000000000000000000000000000BB
:10A0A00000F0FFFFFF0600000000000000000000BD
:10A0B000000000000000E0FFFFFF060000000000BD
:10A0C0000000000000000000000000E0FFFFFF06AD
:10A0D0000000000000000000000000000000000080
:10A0E000E0FFFFFF0600000000000000000000008D
:10A0F0000000000000E0FFFFFF060000000000007D
:10A1000000000000000000000000E0FFFFFF06402C
:10A1100098CAED0D0000000000000000000000E003
:10A12000FFFFFF0670FFFFFF0D00000000000000B2
:10A1300000000000E0FFFFFF0670FFFFFF0D0000C2
:10A14000000000000000000000E0FFFFFF0670FFBD
:10A15000FFFF0D0000000000000000000000E0FF15
:10A16000FFFF0670FFFFFF0D000000000000000071
:10A17000000000E0FFFFFF0670FFFFFF0D00000082
:10A180000000000000000000E0FFFFFF0670FFFF7E
:10A19000FF0D0000000000000000000000E0FFFFD5
:10A1A000FF0670FFFFFF0D00000000000000000030
:10A1B0000000E0FFFFFF0670FFFFFF0D0000000042
:10A1C00000000000000000E0FFFFFF0670FFFFFF3F
:10A1D0000D0000000000000000000000E0FFFFFF95
:10A1E0000670FFFFFF0D00000000000000000000EF
:10A1F00000E0FFFFFF0670FFFFFF0D000000000002
:10A20000000000000000E0FFFFFF0670FFFFFF0DF1
:10A210000000000000000000000000E0FFFFFF065B
:10A2200070FFFFFF0D0000000000000000000000B4
:10A23000E0FFFFFF0670FFFFFF0D000000000000C1
:10A240000000000000E0FFFFFF0670FFFFFF0D00B1
:10A2500000000000000000000000E0FFFFFF0670AB
:10A26000FFFFFF0D0000000000000000000000E004
:10A27000FFFFFF0670FFFFFF0D0000000000000061
:10A2800000000000E0FFFFFF0670FFFFFF0D000071
:10A29000000000000000000000E0FFFFFF0670FF6C
:10A2A000FFFF0D0000000000000000000000E0FFC4
:10A2B000FFFF0670FFFFFF0D000000000000000020
:10A2C000000000E0FFFFFF0670FFFFFF0D00000031
:10A2D0000000000000000000E0FFFFFF0670FFFF2D
:10A2E000FF0D0000000000000000000000E0FFFF84
:10A2F000FF0670FFFFFF0D000000000000000000DF
:10A300000000E0FFFFFF0670FFFFFF0D00000000F0
:10A3100000000000000000E0FFFFFF0670FFFFFFED
:10A320000D0000000000000000000000E0FFFFFF43
:10A330000670FFFFFF0D000000000000000000009D
:10A3400000E0FFFFFF064099999908000000000017
:10A350000000000000008099999904F2FFFFFFFFC0
:10A36000FFFF0AF4FFFFFFFFFFFF0AF7FFFFFFFFFA
:10A37000FFFF0AF9FFFFFFFFFFFF0AFBFFFFFFFFE1
:10A38000FFFF0AFDFFFFFFFFFFFF0A111111B1FFE1
:10A39000FFFF0A000000A0FFFFFF0A000000A0FF6F
:10A3A000FFFF0A000000A0FFFFFF0A000000A0FF5F
:10A3B000FFFF0A000000A0FFFFFF0A000000A0FF4F
:10A3C000FFFF0A000000A0FFFFFF0A000000A0FF3F
:10A3D000FFFF0A000000A0FFFFFF0A000000A0FF2F
:10A3E000FFFF0A000000A0FFFFFF0A000000A0FF1F
:10A3F000FFFF0A000000A0FFFFFF0A000000A0FF0F
:10A40000FFFF0A000000A0FFFFFF0A000000A0FFFE
:10A41000FFFF0A000000A0FFFFFF0A000000A0FFEE
:10A42000FFFF0A000000A0FFFFFF0A000000A0FFDE
:10A43000FFFF0A000000A0FFFFFF0A000000A0FFCE
:10A44000FFFF0A000000A0FFFFFF0A000000A0FFBE
:10A45000FFFF0A000000A0FFFFFF0A000000A0FFAE
:10A46000FFFF0A000000A0FFFFFF0A000000A0FF9E
:10A47000FFFF0A000000A0FFFFFF0A000000A0FF8E
:10A48000FFFF0A000000A0FFFFFF0A000000A0FF7E
:10A49000FFFF0A000000A0FFFFFF0A000000A0FF6E
:10A4A000FFFF0A000000A0FFFFFF0A000000A0FF5E
:10A4B000FFFF0A000000A0FFFFFF0A000000A0FF4E
:10A4C000FFFF0A000000A0FFFFFF0A000000A0FF3E
:10A4D000FFFF0A0000006099999906FAFFFFFFFF4D
:10A4E000FFFFFFFFFF0DFAFFFFFFFFFFFFFFFFFF73
:10A4F0000BFAFFFFFFFFFFFFFFFFFF08FAFFFFFF61
:10A50000FFFFFFFFFFFF06FAFFFFFFFFFFFFFFFF59
:10A51000FF04FAFFFFFFFFFFFFFFFFFF0211111112
:10A52000111192FFFFEF38000000000040FDFFEF27
:10A5300017000000000000F7FFFF3D0000000000D2
:10A540000070FFFFDF02000000000000F4FFFF3F8B
:10A5500000000000000010FDFFFF090000000000E7
:10A560000070FFFFFF02000000000000D0FFFFBFEF
:10A5700000000000000000F4FFFF7F00000000006A
:10A580000000F8FFFF4F00000000000000FCFFFF8C
:10A590002F00000000000000FEFFFF1F0000000071
:10A5A000000010FFFFFF0F00000000000020FFFF71
:10A5B000FF0F00000000000030FFFFFF1F00000041
:10A5C00000000030FFFFFF2F00000000000030FF00
:10A5D000FFFF3F00000000000020FFFFFF4F0000D2
:10A5E0000000000010FFFFFF6F00000000000000EF
:10A5F000FFFFFF7F00000000000000FEFFFF9F0044
:10A60000000000000000FDFFFFAF000000000000A0
:10A6100000FCFFFFCF00000000000000FBFFFFEF89
:10A6200000000000000000F9FFFFFF010000000033
:10A630000000F8FFFFFF02000000000000F6FFFF2F
:10A64000FF04000000000000F5FFFFFF060000000F
:10A65000000000F3FFFFFF08000000000000F1FF12
:10A66000FFFF0A000000000000E0FFFFFF0C0000F9
:10A6700000000000C0FFFFFF0E000000000000A06F
:10A68000FFFFFF1F00000000000080FFFFFF3F00F2
:10A69000000000000060FFFFFF5F000000000000FE
:10A6A00040FFFFFF7F00000000000020FFFFFF9F32
:10A6B00000000000000000FEFFFFBF0000000000DF
:10A6C0000000FCFFFFDF00000000000000FAFFFFB9
:10A6D000FF00000000000000F7FFFFFF0200000085
:10A6E0000000009399999902000000B0FFFFFFFF5E
:10A6F000FFFFFFFFFFFFFFFFFFEFCE7A0300000029
:10A700000000D0FFFFFFFFFFFFFFFFFFFFFFFFFF86
:10A71000FFFFFFEF1800000000F0FFFFFFFFFFFF4B
:10A72000FFFFFFFFFFFFFFFFFFFFFFEF070000003E
:10A73000F2FFFFFFFFFFFFFFFFFFFFFFFFFFFFFF36
:10A74000FFFFFFAF010000F4FFFFFFFFFFFFFFFF70
:10A75000FFFFFFFFFFFFFFFFFFFFFF0B0000F6FF04
:10A76000FFFFFFFFFFFFFFFFFFFFFFFFFFFFFFFFF9
:10A77000FFFF8F0000111111D2FFFF7F2222121163
:10A780001111113295FEFFFFFFFF0200000000F7DC
:10A79000FFFF1E00000000000000000081FFFFFF1F
:10A7A000FF0A00000000FEFFFF0A0000000000009A
:10A7B00000000000F6FFFFFF1F00000040FFFFFF4A
:10A7C0000700000000000000000000A0FFFFFF5F86
:10A7D00000000090FFFFFF040000000000000000E8
:10A7E000000020FFFFFF9F000000C0FFFFFF0300ED
:10A7F00000000000000000000000FCFFFFCF000090
:10A8000000F0FFFFFF020000000000000000000059
:10A8100000F8FFFFEF000000F2FFFFFF0100000063
:10A820000000000000000000F6FFFFFF000000F342
:10A83000FFFFFF010000000000000000000000F525
:10A84000FFFFFF000000F4FFFFFF01000000000019
:10A85000000000000000F5FFFFFF010000F5FFFF12
:10A86000FF010000000000000000000000F5FFFFF5
:10A87000FF010000F5FFFFFF0100000000000000E5
:10A8800000000000F5FFFFFF010000F5FFFFFF01E2
:10A890000000000000000000000000F5FFFFFF01C5
:10A8A0000000F5FFFFFF01000000000000000000B5
:10A8B0000000F5FFFFFF010000F5FFFFFF010000B2
:10A8C000000000000000000000F5FFFFFF01000095
:10A8D000F5FFFFFF01000000000000000000000085
:10A8E000F5FFFFFF010000F5FFFFFF010000000082
:10A8F00000000000000000F5FFFFFF010000F5FF71
:10A90000FFFF010000000000000000000000F5FF54
:10A91000FFFF010000F5FFFFFF0100000000000045
:10A920000000000000F5FFFFFF010000F5FFFFFF42
:10A93000010000000000000000000000F5FFFFFF24
:10A94000010000F5FFFFFF01000000000000000013
:10A95000000000F5FFFFFF010000F5FFFFFF010011
:10A9600000000000000000000000F5FFFFFF0100F4
:10A9700000F5FFFFFF0100000000000000000000E4
:10A9800000F5FFFFFF010000F5FFFFFF01000000E1
:10A990000000000000000000F5FFFFFF010000F5CF
:10A9A000FFFFFF010000000000000000000000F5B4
:10A9B000FFFFFF010000F5FFFFFF010000000000A6
:10A9C000000000000000F5FFFFFF010000F5FFFFA1
:10A9D000FF010000000000000000000000F5FFFF84
:10A9E000FF010000F5FFFFFF010000000000000074
:10A9F00000000000F5FFFFFF010000F5FFFFFF0171
:10AA00000000000000000000000000F5FFFFFF0153
:10AA10000000F5FFFFFF0100000000000000000043
:10AA20000000F5FFFFFF010000F5FFFFFF01000040
:10AA3000000000000000000000F5FFFFFF01000023
:10AA4000F5FFFFFF01000000000000000000000013
:10AA5000F5FFFFFF010000F5FFFFFF010000000010
:10AA600000000000000000F5FFFFFF010000F5FFFF
:10AA7000FFFF010000000000000000000000F5FFE3
:10AA8000FFFF010000F5FFFFFF01000000000000D4
:10AA90000000000000F5FFFFFF010000F5FFFFFFD1
:10AAA000010000000000000000000000F5FFFFFFB3
:10AAB000010000F5FFFFFF010000000000000000A2
:10AAC000000000F5FFFFFF010000F5FFFFFF0100A0
:10AAD00000000000000000000000F5FFFFFF010083
:10AAE00000F5FFFFFF010000000000000000000073
:10AAF00000F5FFFFFF010000F5FFFFFF0100000070
:10AB00000000000000000000F5FFFFFF010000F55D
:10AB1000FFFFFF010000000000000000000000F542
:10AB2000FFFFFF01000093999999000000000000C9
:10AB30000000000000009399999900F7FFFFEF00D3
:10AB40000000000040B9DCFEFFDE8B0400000000C6
:10AB500000F7FFFFEF000000000080FFFFFFFFFF96
:10AB6000FFDF0700000000F7FFFFEF00000000001C
:10AB700080FFFFFFFFFFFFFFDF03000000F7FFFF85
:10AB8000EF000000000080FFFFFFFFFFFFFFFF4E10
:10AB9000000000F7FFFFEF000000000080FFFFFF54
:10ABA000FFFFFFFFFFEF030000F7FFFFEF000000D4
:10ABB000000080FFFFEFFEFFFFFFFFFF0D0000F72B
:10ABC000FFFFEF0000000000606913001083FEFF2C
:10ABD000FFFF7F0000F7FFFFEF0000000000000014
:10ABE00000000000C2FFFFFFEF0100F7FFFFEF00D2
:10ABF0000000000000000000000010FCFFFFFF0745
:10AC000000F7FFFFEF000000000000000000000060
:10AC100000F3FFFFFF0C00F7FFFFEF000000000054
:10AC200000000000000000A0FFFFFF2F00F7FFFF63
:10AC3000EF00000000000000000000000030FFFFF7
:10AC4000FF7F00F7FFFFEF000000000000000000A2
:10AC500000000000FDFFFFAF00F7FFFFEF00000066
:10AC600000000000000000000000F9FFFFEF00F707
:10AC7000FFFFEF00000000000000000000000000E7
:10AC8000F6FFFFFF01F7FFFFEF00000000000000EC
:10AC9000000000000000F3FFFFFF03F7FFFFEF00DD
:10ACA000000000000000000000000000F1FFFFFFB6
:10ACB00005F7FFFFEF0000000000000000000000AB
:10ACC0000000E0FFFFFF07F7FFFFEF0000000000BC
:10ACD0000000000000000000D0FFFFFF08F7FFFFAA
:10ACE000EF00000000000000000000000000C0FFB6
:10ACF000FFFF09F7FFFFEF00000000000000000069
:10AD000000000000B0FFFFFF09F7FFFFEF000000A9
:10AD100000000000000000000000B0FFFFFF0AF686
:10AD2000FFFFEF0000000000000000000000000036
:10AD3000B0FFFFFF0AF6FFFFEF0000000000000079
:10AD4000000000000000B0FFFFFF09F6FFFFFF005A
:10AD5000000000000000000000000000C0FFFFFF36
:10AD600009F5FFFFFF0100000000000000000000E7
:10AD70000000D0FFFFFF08F4FFFFFF02000000000B
:10AD80000000000000000000E0FFFFFF07F2FFFFEF
:10AD9000FF03000000000000000000000000F1FFC1
:10ADA000FFFF06F1FFFFFF050000000000000000AC
:10ADB00000000000F2FFFFFF04E0FFFFFF080000BB
:10ADC00000000000000000000000F5FFFFFF02B0DF
:10ADD000FFFFFF0B0000000000000000000000006B
:10ADE000F8FFFFEF0080FFFFFF0E000000000000F3
:10ADF000000000000000FCFFFFBF0050FFFFFF3F0E
:10AE0000000000000000000000000010FFFFFF8FA6
:10AE10000010FFFFFF8F0000000000000000000096
:10AE20000060FFFFFF4F0000FCFFFFDF000000009D
:10AE300000000000000000B0FFFFFF1E0000F7FF51
:10AE4000FFFF0400000000000000000000F3FFFF0F
:10AE5000FF0A0000F2FFFFFF0C00000000000000EE
:10AE6000000000FBFFFFFF040000B0FFFFFF6F00CA
:10AE7000000000000000000060FFFFFFDF00000096
:10AE800040FFFFFFEF020000000000000000E3FFB2
:10AE9000FFFF6F00000000FBFFFFFF1D0000000030
:10AEA00000000020FDFFFFFF0C00000000E2FFFF9C
:10AEB000FFDF02000000000000E4FFFFFFFF0300CF
:10AEC00000000060FFFFFFFF6E000000000092FF27
:10AED000FFFFFF7F000000000000F9FFFFFFFF8D74
:10AEE000240031A6FFFFFFFFFF0A00000000000062
:10AEF000A0FFFFFFFFFFFFFFFFFFFFFFFFFFAF0010
:10AF000000000000000000F9FFFFFFFFFFFFFFFF50
:10AF1000FFFFFFFF09000000000000000060FEFFCF
:10AF2000FFFFFFFFFFFFFFFFFF5E000000000000CC
:10AF300000000000A2FFFFFFFFFFFFFFFFFF9F01D8
:10AF4000000000000000000000000082FDFFFFFF85
:10AF5000FFFFFF7C01000000000000000000000077
:10AF600000003096CADCBC8A15000000000000001A
:10AF700000F2FFFFFFFFFFFF0AF4FFFFFFFFFFFFED
:10AF80000AF7FFFFFFFFFFFF0AF9FFFFFFFFFFFFC9
:10AF90000AFBFFFFFFFFFFFF0AFDFFFFFFFFFFFFB1
:10AFA0000A111111B1FFFFFF0A000000A0FFFFFF0F
:10AFB0000A000000A0FFFFFF0A000000A0FFFFFF43
:10AFC0000A000000A0FFFFFF0A000000A0FFFFFF33
:10AFD0000A000000A0FFFFFF0A000000A0FFFFFF23
:10AFE0000A000000A0FFFFFF0A000000A0FFFFFF13
:10AFF0000A000000A0FFFFFF0A000000A0FFFFFF03
:10B000000A000000A0FFFFFF0A000000A0FFFFFFF2
:10B010000A000000A0FFFFFF0A000000A0FFFFFFE2
:10B020000A000000A0FFFFFF0A000000A0FFFFFFD2
:10B030000A000000A0FFFFFF0A000000A0FFFFFFC2
:10B040000A0000006099999906C0FFFFFFFFFFFF0B
:10B05000FFFFFFDE9C160000000000E0FFFFFFFF87
:10B06000FFFFFFFFFFFFFFFF4B00000000F1FFFFAE
:10B07000FFFFFFFFFFFFFFFFFFFFFF2B000000F3BD
:10B08000FFFFFFFFFFFFFFFFFFFFFFFFFFEF0400DA
:10B0900000F5FFFFFFFFFFFFFFFFFFFFFFFFFFFFC9
:10B0A0004F0000F7FFFFFFFFFFFFFFFFFFFFFFFF66
:10B0B000FFFFEF0200111111111111111111216384
:10B0C000FBFFFFFFFF0B000000000000000000007E
:10B0D000000030FCFFFFFF5F0000000000000000E8
:10B0E0000000000000B1FFFFFFCF000000000000E3
:10B0F0000000000000000010FDFFFFFF0300000043
:10B1000000000000000000000000F5FFFFFF080045
:10B11000000000000000000000000000D0FFFFFF62
:10B120000C0000000000000000000000000080FF94
:10B13000FFFF0F0000000000000000000000000002
:10B1400050FFFFFF2F000000000000000000000083
:10B15000000020FFFFFF4F00000000000000000083
:10B160000000000000FFFFFF5F0000000000000083
:10B1700000000000000000FFFFFF6F000000000063
:10B18000000000000000000000FEFFFF6F00000054
:10B190000000000000000000000000FEFFFF6F0044
:10B1A00000000000000000000000000000FEFFFFA3
:10B1B0006F0000000000000000000000000000FE22
:10B1C000FFFF6F0000000000000000000000000012
:10B1D00000FEFFFF6F000000000000000000000004
:10B1E000000000FEFFFF6F000000000000000000F4
:10B1F0000000000000FEFFFF6F00000000000000E4
:10B2000000000000000000FEFFFF6F0000000000D3
:10B21000000000000000000000FEFFFF6F000000C3
:10B220000000000000000000000000FEFFFF6F00B3
:10B2300000000000000000000000000000FEFFFF12
:10B240006F0000000000000000000000000000FE91
:10B25000FFFF6F0000000000000000000000000081
:10B2600000FEFFFF6F000000000000000000000073
:10B27000000000FEFFFF6F00000000000000000063
:10B280000000000000FEFFFF6F0000000000000053
:10B2900000000000000000FEFFFF6F000000000043
:10B2A000000000000000000000FEFFFF6F00000033
:10B2B0000000000000000000000000FEFFFF6F0023
:10B2C00000000000000000000000000000FEFFFF82
:10B2D0006F0000000000000000000000000000FE01
:10B2E000FFFF6F00000000000000000000000000F1
:10B2F00000FEFFFF6F0000000000000000000000E3
:10B30000000000FEFFFF6F000000000000000000D2
:10B310000000000000FEFFFF6F00000000000000C2
:10B3200000000000000000FEFFFF6F0000000000B2
:10B33000000000000000000000FEFFFF6F000000A2
:10B340000000000000000000000000FEFFFF6F0092
:10B3500000000000000000000000000000FEFFFFF1
:10B360006F0000000000000000000000000000FE70
:10B37000FFFF6F0000000000000000000000000060
:10B3800000FEFFFF6F000000000000000000000052
:10B39000000000FEFFFF6F00000000000000000042
:10B3A0000000000000FEFFFF6F0000000000000032
:10B3B00000000000000000FEFFFF6F000000000022
:10B3C000000000000000000000FEFFFF6F00000012
:10B3D0000000000000000000000000FEFFFF6F0002
:10B3E00000000000000000000000000000FEFFFF61
:10B3F0006F0000000000000000000000000000FEE0
:10B40000FFFF6F00000000000000000000000000CF
:10B4100000FEFFFF6F0000000000000000000000C1
:10B42000000000FEFFFF6F000000000000000000B1
:10B430000000000000FEFFFF6F00000000000000A1
:10B4400000000000000000FEFFFF6F000000000091
:10B45000000000000000000000FEFFFF6F00000081
:10B460000000000000000000000000FEFFFF6F0071
:10B4700000000000000000000000000000FEFFFFD0
:10B480006F0000000000000000000000000000FE4F
:10B49000FFFF6F000000000000000000000000003F
:10B4A00000FEFFFF6F90FFFFFFFFFFFFEFCD69037F
:10B4B00000000000000000B0FFFFFFFFFFFFFFFFE4
:10B4C000FFDF28000000000000D0FFFFFFFFFFFFAC
:10B4D000FFFFFFFFFF2A0000000000F1FFFFFFFF5A
:10B4E000FFFFFFFFFFFFFFEF0600000000F3FFFF7D
:10B4F000FFFFFFFFFFFFFFFFFFFF9F00000000F5C2
:10B50000FFFFFFFFFFFFFFFFFFFFFFFFFF0A00003E
:10B5100000101111111111113285FCFFFFFFFF9F67
:10B5200000000000000000000000000030FBFFFFF2
:10B53000FFFF0500000000000000000000000060A8
:10B54000FFFFFFFF1E0000000000000000000000E1
:10B550000000F4FFFFFF9F0000000000000000005B
:10B560000000000060FFFFFFFF020000000000007D
:10B5700000000000000000FBFFFFFF0800000000CB
:10B58000000000000000000000F3FFFFFF0E0000BD
:10B590000000000000000000000000B0FFFFFF4FAF
:10B5A0000000000000000000000000000050FFFF4D
:10B5B000FF8F0000000000000000000000000010ED
:10B5C000FFFFFFBF000000000000000000000000BF
:10B5D0000000FBFFFFEF0000000000000000000083
:10B5E00000000000F8FFFFFF020000000000000064
:10B5F000000000000000F6FFFFFF04000000000054
:10B600000000000000000000F4FFFFFF0600000043
:10B6100000000000000000000000F2FFFFFF070034
:10B62000000000000000000000000000F1FFFFFF2C
:10B630000800000000000000000000000000F0FF13
:10B64000FFFF0900000000000000000000000000F3
:10B65000F0FFFFFF090000000000000000000000F4
:10B660000000F0FFFFFF09000000000000000000E4
:10B6700000000000F1FFFFFF0800000000000000D4
:10B68000000000000000F2FFFFFF080000000000C3
:10B690000000000000000000F3FFFFFF06000000B4
:10B6A00000000000000000000000F5FFFFFF0500A3
:10B6B000000000000000000000000000F7FFFFFF96
:10B6C0000300000000000000000000000000FAFF7E
:10B6D000FFFF01000000000000000000000000006B
:10B6E000FEFFFFDF0000000000000000000000007F
:10B6F0000040FFFFFF9F000000000000000000006E
:10B7000000000090FFFFFF5F00000000000000004D
:10B710000000000000F2FFFFFF1F0000000000001B
:10B7200000000000000000F9FFFFFF0A0000000019
:10B73000000000000000000040FFFFFFFF030000CA
:10B7400000000000000000000000E3FFFFFFBF005A
:10B75000000000000000000000000040FEFFFFFFAE
:10B760003F000000000000000000000020F9FFFF83
:10B77000FFFF080000000000000000001063FBFF56
:10B78000FFFFFFBF000000F6FFFFFFFFFFFFFFFF0F
:10B79000FFFFFFFFFF1C000000F6FFFFFFFFFFFFA2
:10B7A000FFFFFFFFFFFFCF01000000F6FFFFFFFFDD
:10B7B000FFFFFFFFFFFFFFFF0900000000F6FFFF94
:10B7C000FFFFFFFFFFFFFFFFFF3C0000000000F650
:10B7D000FFFFFFFFFFFFFFFFFFEF4A000000000039
:10B7E00000F6FFFFFFFFFFFFFFDE8B1400000000ED
:10B7F00000000010111111111111010000000000D2
:10B8000000000000000000104300000000000000E5
:10B81000000000000000000092CAFEFF01000000CE
:10B820000000000000000000000000F4FFFFFF0126
:10B830000000000000000000000000000000F4FF15
:10B84000FFFF0100000000000000000000000000F9
:10B8500000F4FFFFFF0100000000000000000000F6
:10B8600000000000F4FFFFFF0100000000000000E6
:10B8700000000000000000F4FFFFFF0100000000D6
:10B8800000000000000000000000F4FFFFFF0100C6
:10B8900000000000000000000000000000F4FFFFB6
:10B8A000FF01000000000000000000000000000098
:10B8B000F4FFFFFF01000000000000000000000096
:10B8C000000000F4FFFFFF01000000000000000086
:10B8D000000000000000F4FFFFFF01000000000076
:10B8E000000000000000000000F4FFFFFF01000066
:10B8F000000000000000000000000000F4FFFFFF57
:10B90000010000000000000000000000000000F442
:10B91000FFFFFFFFFFFFFFFFFFFFFFFFFFFFFFFF37
:10B92000FF0DF4FFFFFFFFFFFFFFFFFFFFFFFFFF24
:10B93000FFFFFFFF0AF4FFFFFFFFFFFFFFFFFFFF17
:10B94000FFFFFFFFFFFFFF08F4FFFFFFFFFFFFFF09
:10B95000FFFFFFFFFFFFFFFFFFFF05F4FFFFFFFFFC
:10B96000FFFFFFFFFFFFFFFFFFFFFFFFFF03F4FFEE
:10B97000FFFFFFFFFFFFFFFFFFFFFFFFFFFFFFDFF7
:10B98000001011111111111111111111111111FECC
:10B99000FFFF8F000000000000000000000000001A
:10B9A0000040FFFFFF3F000000000000000000001B
:10B9B0000000000090FFFFFF0D00000000000000ED
:10B9C00000000000000000E0FFFFFF080000000092
:10B9D00000000000000000000000F4FFFFFF030073
:10B9E00000000000000000000000000000F9FFFF60
:10B9F000DF00000000000000000000000000000068
:10BA0000FEFFFF8F000000000000000000000000AB
:10BA1000000040FFFFFF3F000000000000000000AA
:10BA2000000000000090FFFFFF0D0000000000007C
:10BA30000000000000000000E0FFFFFF0800000021
:10BA40000000000000000000000000F4FFFFFF0302
:10BA50000000000000000000000000000000F9FFEE
:10BA6000FFDF0000000000000000000000000000F8
:10BA700000FEFFFF8F00000000000000000000003B
:10BA800000000040FFFFFF3F00000000000000003A
:10BA9000000000000000A0FFFFFF0D0000000000FC
:10BAA000000000000000000000E0FFFFFF080000B1
:10BAB000000000000000000000000000F5FFFFFF94
:10BAC000030000000000000000000000000000FA79
:10BAD000FFFFDF0000000000000000000000000089
:10BAE0000010FEFFFF8F00000000000000000000BB
:10BAF0000000000050FFFFFF3F00000000000000BA
:10BB000000000000000000A0FFFFFF0D000000008B
:10BB100000000000000000000000E1FFFFFF08003F
:10BB200000000000000000000000000000F5FFFF22
:10BB3000FF03000000000000000000000000000003
:10BB4000FAFFFFDF0000000000000000000000001E
:10BB5000000010FEFFFF8F0000000000000000004A
:10BB6000000000000050FFFFFF3F00000000000049
:10BB70000000000000000000A0FFFFFF0D0000001B
:10BB80000000000000000000000000F1FFFFFF08BF
:10BB90000000000000000000000000000000F5FFB1
:10BBA000FFFF030000000000000000000000000094
:10BBB00000FAFFFFDF0000000000000000000000AE
:10BBC00000000010FFFFFF8F0000000000000000D9
:10BBD00000000000000050FFFFFF3F0000000000D9
:10BBE000000000000000000000B0FFFFFF0D00009B
:10BBF000000000000000000000000000F1FFFFFF57
:10BC0000080000000000000000000000000000F636
:10BC1000FFFFFF0300000000000000000000000024
:10BC20000000FBFFFFDF000000000000000000003C
:10BC30000000000010FFFFFF8F0000000000000068
:10BC40000000000000000060FFFFFF3F0000000058
:10BC500000000000000000000000B0FFFFFF0D002A
:10BC600000000000000000000000000000F1FFFFE5
:10BC7000FF080000000000000000000000000000BD
:10BC8000F6FFFFFF030000000000000000000000BE
:10BC9000000000969999890000000000000000F55E
:10BCA000FFFFFFFFFFFFFFFFFFFFFFFFFFFFDEAC18
:10BCB000370000000000F7FFFFFFFFFFFFFFFFFF5F
:10BCC000FFFFFFFFFFFFFFFF7D01000000F9FFFF07
:10BCD000FFFFFFFFFFFFFFFFFFFFFFFFFFFFFFFF74
:10BCE0005D000000FBFFFFFFFFFFFFFFFFFFFFFF07
:10BCF000FFFFFFFFFFFFFFFF080000FDFFFFFFFF4B
:10BD0000FFFFFFFFFFFFFFFFFFFFFFFFFFFFFF8FB3
:10BD10000000FFFFFFFFFFFFFFFFFFFFFFFFFFFF31
:10BD2000FFFFFFFFFFFFFF0400111111E5FFFF1AE6
:10BD3000111111111111112163FAFFFFFFFF1D00F5
:10BD4000000010FEFFFF07000000000000000000E0
:10BD500020FBFFFFFF6F00000080FFFFFF050000DA
:10BD6000000000000000000090FFFFFFCF00000077
:10BD7000C0FFFFFF04000000000000000000000002
:10BD8000FDFFFFFF020000F0FFFFFF0400000000C6
:10BD900000000000000000F6FFFFFF050000F2FFBA
:10BDA000FFFF040000000000000000000000F1FFA1
:10BDB000FFFF080000F2FFFFFF040000000000008A
:10BDC0000000000000C0FFFFFF0A0000F2FFFFFFBD
:10BDD000040000000000000000000000A0FFFFFFC2
:10BDE0000B0000F2FFFFFF04000000000000000055
:10BDF00000000090FFFFFF0C0000F2FFFFFF0400B7
:10BE00000000000000000000000080FFFFFF0C00A9
:10BE100000F2FFFFFF04000000000000000000002F
:10BE20000080FFFFFF0C0000F2FFFFFF0400000096
:10BE3000000000000000000080FFFFFF0C0000F287
:10BE4000FFFFFF0400000000000000000000008071
:10BE5000FFFFFF0C0000F2FFFFFF040000000000E6
:10BE600000000000000080FFFFFF0C0000F2FFFF59
:10BE7000FF04000000000000000000000080FFFF41
:10BE8000FF0C0000F2FFFFFF0400000000000000B4
:10BE90000000000080FFFFFF0C0000F2FFFFFF0426
:10BEA000000000000000000000000080FFFFFF0C09
:10BEB0000000F2FFFFFF040000000000000000008F
:10BEC000000080FFFFFF0C0000F2FFFFFF040000F6
:10BED00000000000000000000080FFFFFF0C0000D9
:10BEE000F2FFFFFF0400000000000000000000005F
:10BEF00080FFFFFF0C0000F2FFFFFF0400000000C6
:10BF00000000000000000080FFFFFF0C0000F2FFB7
:10BF1000FFFF04000000000000000000000080FFA0
:10BF2000FFFF0C0000F2FFFFFF0400000000000014
:10BF3000000000000080FFFFFF0C0000F2FFFFFF89
:10BF400004000000000000000000000080FFFFFF70
:10BF50000C0000F2FFFFFF040000000000000000E2
:10BF600000000080FFFFFF0C0000F2FFFFFF040055
:10BF70000000000000000000000080FFFFFF0C0038
:10BF800000F2FFFFFF0400000000000000000000BE
:10BF90000080FFFFFF0C0000F2FFFFFF0400000025
:10BFA000000000000000000080FFFFFF0C0000F216
:10BFB000FFFFFF0400000000000000000000008000
:10BFC000FFFFFF0C0000F2FFFFFF04000000000075
:10BFD00000000000000080FFFFFF0C0000F2FFFFE8
:10BFE000FF04000000000000000000000080FFFFD0
:10BFF000FF0C0000F2FFFFFF040000000000000043
:10C000000000000080FFFFFF0C0000F2FFFFFF04B4
:10C01000000000000000000000000080FFFFFF0C97
:10C020000000F2FFFFFF040000000000000000001D
:10C03000000080FFFFFF0C0000F2FFFFFF04000084
:10C0400000000000000000000080FFFFFF0C000067
:10C05000F2FFFFFFFFFFFFFFFFFFFFFFFFFFFFFFFD
:10C06000FFFFFFFF0C0000F2FFFFFFFFFFFFFFFFDE
:10C07000FFFFFFFFFFFFFFFFFFFFFF0C0000F2FFCE
:10C08000FFFFFFFFFFFFFFFFFFFFFFFFFFFFFFFFC0
:10C09000FFFF0C0000F2FFFFFFFFFFFFFFFFFFFFAE
:10C0A000FFFFFFFFFFFFFFFFFF0C0000F2FFFFFF9E
:10C0B000FFFFFFFFFFFFFFFFFFFFFFFFFFFFFFFF90
:10C0C0000C0000F2FFFFFFFFFFFFFFFFFFFFFFFF7E
:10C0D000FFFFFFFFFFFFFF0C0000101111111111F6
:10C0E0001111111111111111111111111111010061
:10C0F0000000000000000000000051B9EDFFCE7A02
:10C1000002000000000000F1FFFFFF04000000003B
:10C110000082FEFFFFFFFFFFCF050000000000B020
:10C12000FFFFFF090000000070FEFFFFFFFFFFFFA1
:10C13000FFCF030000000060FFFFFF0E00000010B3
:10C14000FBFFFFFFFFFFFFFFFFFF7F00000000106E
:10C15000FFFFFF3F000000C1FFFFFFFFFFFFFFFFEA
:10C16000FFFFFF0900000000FAFFFF8F000000FB47
:10C17000FFFFFFFFFFFFFFFFFFFFFF8F000000003B
:10C18000F5FFFFDF000070FFFFFFAF472353D8FF2D
:10C19000FFFFFFFF05000000E1FFFFFF0200F2FFCD
:10C1A000FF8F0100000000D5FFFFFFFF1E00000011
:10C1B000A0FFFFFF0700FAFFDF03000000000010F0
:10C1C000FAFFFFFF9F00000040FFFFFF0C20FFFF72
:10C1D0002D00000000000000A0FFFFFFFF02000094
:10C1E00000FEFFFF2F90FFFF030000000000000093
:10C1F00000FCFFFFFF09000000F9FFFF6FE1FF7F78
:10C20000000000000000000000F3FFFFFF1E000020
:10C2100000F4FFFFBFF6FF0D00000000000000006B
:10C2200000A0FFFFFF5F000000E0FFFFFFFCFF0634
:10C2300000000000000000000030FFFFFF9F000032
:10C240000080FFFFFFFFEF01000000000000000082
:10C250000000FCFFFFDF00000030FFFFFFFFAF002A
:10C2600000000000000000000000F8FFFFFF0100D8
:10C270000000FDFFFFFF5F00000000000000000065
:10C280000000F4FFFFFF03000000F8FFFFFF1F00A6
:10C2900000000000000000000000F1FFFFFF0600AA
:10C2A0000000F3FFFFFF0C00000000000000000092
:10C2B0000000E0FFFFFF07000000C0FFFFFF0A00D3
:10C2C00000000000000000000000D0FFFFFF090098
:10C2D0000000C0FFFFFF070000000000000000009A
:10C2E0000000B0FFFFFF09000000F0FFFFFF0400A7
:10C2F00000000000000000000000B0FFFFFF0A0087
:10C300000000F3FFFFFF010000000000000000003C
:10C310000000A0FFFFFF0A000000F6FFFFEF000093
:10C3200000000000000000000000A0FFFFFF0A0066
:10C330000000F9FFFFBF0000000000000000000047
:10C340000000B0FFFFFF0A000000FCFFFF8F0000AD
:10C3500000000000000000000000B0FFFFFF0A0026
:10C360000000FEFFFF6F0000000000000000000062
:10C370000000C0FFFFFF09000020FFFFFF3F00009B
:10C3800000000000000000000000D0FFFFFF0800D8
:10C390000050FFFFFF0F0000000000000000000041
:10C3A0000000F0FFFFFF06000080FFFFFF0C000011
:10C3B00000000000000000000000F2FFFFFF050089
:10C3C00000B0FFFFFF0A00000000000000000000B6
:10C3D0000000F5FFFFFF020000E0FFFFFF07000085
:10C3E00000000000000000000000F9FFFFEF000067
:10C3F00000F2FFFFFF04000000000000000000004A
:10C400000000FDFFFFBF000000F5FFFFFF0200007E
:10C4100000000000000000000030FFFFFF7F000070
:10C4200000F8FFFFEF000000000000000000000027
:10C430000090FFFFFF3F000000FBFFFFBF00000078
:10C44000000000000000000000F2FFFFFF0D0000F0
:10C4500000FEFFFF8F000000000000000000000051
:10C4600000FAFFFFFF07000010FFFFFF6F00000052
:10C47000000000000000000040FFFFFFEF0100008F
:10C4800040FFFFFF3F000000000000000000000030
:10C49000E2FFFFFF8F00000070FFFFFF1F000000A2
:10C4A0000000000000000020FDFFFFFF1D00000055
:10C4B000A0FFFFFF0D00000000000000000000E6EC
:10C4C000FFFFFFFF05000000D0FFFFFF0A00000094
:10C4D000000000000010C6FFFFFFFF9F00000000EB
:10C4E000F1FFFFFF0700000090AAAAAABAFDFFFF14
:10C4F000FFFFFF0B00000000F4FFFFFF040000003F
:10C50000F0FFFFFFFFFFFFFFFFFFBF010000000084
:10C51000F7FFFFFF02000000F2FFFFFFFFFFFFFF3A
:10C52000FFFF090000000000FAFFFFEF000000001D
:10C53000F4FFFFFFFFFFFFFFFF5E000000000000B1
:10C54000FDFFFFBF00000000F6FFFFFFFFFFFFFF42
:10C550007E01000000000010FFFFFF9F00000000B0
:10C56000F8FFFFFFFFFFDF5A00000000000000108F
:10C570007777773700000000747777776745010099
:10C5800000000000000000A0FFFFFFFFFFFF2FC022
:10C59000FFFFFFFFFFFF2FE0FFFFFFFFFFFF2FF277
:10C5A000FFFFFFFFFFFF2FF4FFFFFFFFFFFF2FF64F
:10C5B000FFFFFFFFFFFF2F11111141FFFFFF2F00B2
:10C5C000000030FFFFFF2F00000030FFFFFF2F00B3
:10C5D000000030FFFFFF2F00000030FFFFFF2F00A3
:10C5E000000030FFFFFF2F00000030FFFFFF2F0093
:10C5F000000030FFFFFF2F00000030FFFFFF2F0083
:10C60000000030FFFFFF2F00000030FFFFFF2F0072
:10C61000000030FFFFFF2F00000030FFFFFF2F0062
:10C62000000030FFFFFF2F00000030FFFFFF2F0052
:10C63000000030FFFFFF2F00000030FFFFFF2F0042
:10C64000000030FFFFFF2F00000030FFFFFF2F0032
:10C65000000030FFFFFF2F00000030FFFFFF2F0022
:10C66000000030FFFFFF2F00000030FFFFFF2F0012
:10C67000000030FFFFFF2F00000030FFFFFF2F0002
:10C68000000030FFFFFF2F00000030FFFFFF2F00F2
:10C69000000030FFFFFF2F00000030FFFFFF2F00E2
:10C6A000000030FFFFFF2F00000030FFFFFF2F00D2
:10C6B000000030FFFFFF2F00000030FFFFFF2F00C2
:10C6C000000030FFFFFF2F00000030FFFFFF2F00B2
:10C6D000000030FFFFFF2F00000030FFFFFF2F00A2
:10C6E000000030FFFFFF2F00000030FFFFFF2F0092
:10C6F000000030FFFFFF2F00000030FFFFFF2F0082
:10C70000000030FFFFFF2F00000030FFFFFF2F0071
:10C71000000030FFFFFF2F00000030FFFFFF2F0061
:10C72000000030FFFFFF2F00000030FFFFFF2F0051
:10C73000000030FFFFFF2F00000030FFFFFF2F0041
:10C74000000030FFFFFF2F00000030FFFFFF2F0031
:10C75000000030FFFFFF2F00000030FFFFFF2F0021
:10C76000000030FFFFFF2F00000030FFFFFF2F0011
:10C77000000030FFFFFF2F0000FFFFFFFFBD27007D
:10C7800000000020FFFFFFFFFFFF2B00000040FF25
:10C79000FFFFFFFFFFEF04000060FFFFFFFFFFFF51
:10C7A000FF3F000080FFFFFFFFFFFFFFDF0000A053
:10C7B000FFFFFFFFFFFFFFFF06001011112194FF95
:10C7C000FFFFFF0B000000000000F4FFFFFF1F0051
:10C7D000000000000090FFFFFF3F0000000000008D
:10C7E00030FFFFFF5F00000000000010FFFFFF6F41
:10C7F00000000000000000FFFFFF6F0000000000CD
:10C800000000FEFFFF6F00000000000000FEFFFFC1
:10C810006F00000000000000FEFFFF6F000000003E
:10C82000000000FEFFFF6F00000000000000FEFFA0
:10C83000FF6F00000000000000FEFFFF6F0000001F
:10C8400000000000FEFFFF6F00000000000000FE7F
:10C85000FFFF6F00000000000000FEFFFF6F000000
:10C860000000000000FEFFFF6F000000000000005D
:10C87000FEFFFF6F00000000000000FEFFFF6F00E2
:10C88000000000000000FEFFFF6F0000000000003D
:10C8900000FEFFFF6F00000000000000FEFFFF6FC2
:10C8A00000000000000000FEFFFF6F00000000001D
:10C8B0000000FEFFFF6F00000000000000FEFFFF11
:10C8C0006F00000000000000FEFFFF6F000000008E
:10C8D000000000FEFFFF6F00000000000000FEFFF0
:10C8E000FF6F00000000000000FEFFFF6F0000006F
:10C8F00000000000FEFFFF6F00000000000000FECF
:10C90000FFFF6F00000000000000FEFFFF6F00004F
:10C910000000000000FEFFFF6F00000000000000AC
:10C92000FEFFFF6F00000000000000FEFFFF6F0031
:10C93000000000000000FEFFFF6FF2FFFFFFFFFF9F
:10C94000FFFFFFFF6FF2FFFFFFFFFFFFFFFFFF6F24
:10C95000F2FFFFFFFFFFFFFFFFFF6FF2FFFFFFFF91
:10C96000FFFFFFFFFF6FF2FFFFFFFFFFFFFFFFFF74
:10C970006FF2FFFFFFFFFFFFFFFFFF6F10111111AD
:10C9800011111122221101A0FFFFFFFFFFFFFFFF86
:10C99000FFFFFFFFFFCE8A04000000000000C0FF81
:10C9A000FFFFFFFFFFFFFFFFFFFFFFFFFFFFEF396D
:10C9B0000000000000E0FFFFFFFFFFFFFFFFFFFFA1
:10C9C000FFFFFFFFFFFFFF1A00000000F2FFFFFF65
:10C9D000FFFFFFFFFFFFFFFFFFFFFFFFFFFFEF0373
:10C9E000000000F4FFFFFFFFFFFFFFFFFFFFFFFF5F
:10C9F000FFFFFFFFFFFF4F000000F6FFFFFFFFFFFD
:10CA0000FFFFFFFFFFFFFFFFFFFFFFFFFFEF020042
:10CA10000011111111E2FFFF5F11111111112174A9
:10CA2000FCFFFFFFFF0C000000000000FAFFFF0703
:10CA30000000000000000030FCFFFFFF7F0000004E
:10CA4000000060FFFFCF0000000000000000009029
:10CA5000FFFFFFEF0100000000E1FFFF4F000000BB
:10CA600000000000000000FBFFFFFF0700000000C7
:10CA7000F9FFFF0C00000000000000000000F2FFC2
:10CA8000FFFF0D00000020FFFFFF06000000000078
:10CA9000000000000090FFFFFF2F00000080FFFF5C
:10CAA000FF010000000000000000000030FFFFFF59
:10CAB0007F000000E1FFFFBF000000000000000059
:10CAC00000000000FDFFFFAF000000F5FFFF7F004A
:10CAD0000000000000000000000000F9FFFFDF0080
:10CAE0000000FAFFFF4F00000000000000000000FF
:10CAF0000000F6FFFFFF010000FEFFFF1F00000027
:10CB0000000000000000000000F4FFFFFF03003001
:10CB1000FFFFFF0E0000000000000000000000000A
:10CB2000F2FFFFFF040060FFFFFF0C0000000000A9
:10CB300000000000000000F0FFFFFF050080FFFF85
:10CB4000FF0A000000000000000000000000F0FFED
:10CB5000FFFF0600A0FFFFFF09000000000000002B
:10CB60000000000000E0FFFFFF0600B0FFFFFF082D
:10CB7000000000000000000000000000E0FFFFFFD8
:10CB80000700C0FFFFFF08000000000000000000D9
:10CB9000000000E0FFFFFF0600D0FFFFFF080000DD
:10CBA00000000000000000000000F0FFFFFF060092
:10CBB000D0FFFFFF080000000000000000000000A0
:10CBC00000F0FFFFFF0500D0FFFFFF08000000009E
:10CBD0000000000000000000F1FFFFFF0400C0FFA4
:10CBE000FFFF09000000000000000000000000F34B
:10CBF000FFFFFF0300B0FFFFFF0A0000000000007E
:10CC0000000000000000F4FFFFFF0100A0FFFFFF95
:10CC10000C000000000000000000000000F6FFFF14
:10CC2000EF000090FFFFFF0E00000000000000007A
:10CC300000000000F9FFFFCF000070FFFFFF1F00A2
:10CC40000000000000000000000000FCFFFF9F004B
:10CC50000050FFFFFF4F0000000000000000000038
:10CC60000010FFFFFF6F000020FFFFFF8F0000009C
:10CC7000000000000000000050FFFFFF3F00000028
:10CC8000FEFFFFCF0000000000000000000000A039
:10CC9000FFFFFF0D000000FAFFFFFF020000000091
:10CCA000000000000000F1FFFFFF09000000F6FF98
:10CCB000FFFF0900000000000000000000F8FFFF77
:10CCC000FF03000000F1FFFFFF2E00000000000046
:10CCD00000000010FEFFFFDF00000000A0FFFFFFCC
:10CCE000AF000000000000000000A0FFFFFF6F0089
:10CCF00000000030FFFFFFFF060000000000000002
:10CD000000F7FFFFFF0D0000000000FAFFFFFF6FBC
:10CD10000000000000000080FFFFFFFF0400000093
:10CD20000000E2FFFFFFFF2A000000000030FBFFD1
:10CD3000FFFFAF00000000000050FFFFFFFFFF5AA1
:10CD400002000062FBFFFFFFFF1D0000000000006B
:10CD500000F7FFFFFFFFFFEFDDFDFFFFFFFFFFEF2E
:10CD6000020000000000000070FFFFFFFFFFFFFF58
:10CD7000FFFFFFFFFFFF2D0000000000000000008C
:10CD8000E5FFFFFFFFFFFFFFFFFFFFFFAF01000019
:10CD90000000000000000010F9FFFFFFFFFFFFFF91
:10CDA000FFFFDF0500000000000000000000002081
:10CDB000D8FFFFFFFFFFFFFFBF05000000000000DE
:10CDC000000000000000000063B9EDFFEFBD580156
:10CDD00000000000000000000000423600000000DB
:10CDE00000000000000000000000000000A6ECFFB2
:10CDF0008F0000000000000000000000C0FFFFFFE7
:10CE00000900F8FFFFCF0000000000000000000054
:10CE100000D0FFFFFF0800F5FFFFFF01000000004A
:10CE2000000000000000E0FFFFFF0700F1FFFFFF30
:10CE30000400000000000000000000F0FFFFFF06FB
:10CE400000C0FFFFFF08000000000000000000001D
:10CE5000F1FFFFFF050090FFFFFF0C000000000046
:10CE60000000000000F2FFFFFF040050FFFFFF0F73
:10CE700000000000000000000000F3FFFFFF0300BF
:10CE800020FFFFFF4F00000000000000000000F442
:10CE9000FFFFFF020000FDFFFF7F00000000000019
:10CEA00000000000F5FFFFFF020000F9FFFFBF00D8
:10CEB000000000000000000000F6FFFFFF0100007E
:10CEC000F6FFFFEF00000000000000000000F7FF89
:10CED000FFFF000000F2FFFFFF0300000000000062
:10CEE000000000F8FFFFEF000000E0FFFFFF070079
:10CEF0000000000000000000F9FFFFDF000000A0BC
:10CF0000FFFFFF0B000000000000000000F9FFFF22
:10CF1000CF00000060FFFFFF0E00000000000000D7
:10CF20000000FAFFFFBF00000030FFFFFF3F0000DE
:10CF300000000000000000FBFFFFAF00000000FE4B
:10CF4000FFFF7F000000000000000000FDFFFF9FCA
:10CF500000000000FBFFFFAF000000000000000029
:10CF600000FEFFFF8F00000000F7FFFFEF00000052
:10CF7000000000000010FFFFFF6F00000000F3FF43
:10CF8000FFFF020000000000000020FFFFFF4F0035
:10CF9000000000E0FFFFFF0600000000000000406E
:10CFA000FFFFFF2F00000000B0FFFFFF0A0000009E
:10CFB0000000000060FFFFFF0F0000000070FFFF97
:10CFC000FF0D0000000000000090FFFFFF0D0000BB
:10CFD000000040FFFFFF2F00000000000000C0FF26
:10CFE000FFFF0A0000000010FFFFFF6F00000000BD
:10CFF000000000E0FFFFFF070000000000FCFFFF53
:10D000009F00000000000000F3FFFFFF040000008D
:10D010000000F8FFFFDF00000000000000F7FFFF46
:10D02000FF010000000000F4FFFFFF01000000000E
:10D030000000FBFFFFBF000000000000F1FFFFFF4A
:10D0400005000000000010FFFFFF7F00000000004F
:10D0500000C0FFFFFF09000000000060FFFFFF2F7E
:10D0600000000000000080FFFFFF0C000000000037
:10D07000D0FFFFFF0C00000000000050FFFFFF1F6B
:10D080000000000000F4FFFFFF06000000000000A9
:10D0900010FFFFFF5F0000000000FCFFFFEF01003A
:10D0A000000000000000FDFFFF8F0000000060FF97
:10D0B000FFFF8F0000000000000000F9FFFFBF002D
:10D0C000000000F3FFFFFF1E000000000000000052
:10D0D000F5FFFFCF00000020FDFFFFFF060000006E
:10D0E0000000000000F2FFFFCF000000D3FFFFFFB1
:10D0F000BF000000000000000000D0FFFFBF0000E4
:10D1000060FEFFFFFF1D000000000000000000A007
:10D11000FFFF9F0050FDFFFFFFEF03000000000036
:10D120000000000060FFFF5F83FEFFFFFFFF3E0087
:10D1300000000000000000000020FFFFEFFFFFFFE5
:10D14000FFFFDF020000000000000000001074FF7D
:10D15000FFFFFFFFFFFFFF1A0000000000000000BC
:10D160002095FCFFFFFFFFFFFFFFFF5D00000000B9
:10D1700000000041A7FEFFFFFFFFFFFFFFFFFF6D65
:10D180000000000000000000FEFFFFFFFFFFFFFFA8
:10D19000FFFFFF5B000000000000000000FEFFFF3B
:10D1A000FFFFFFFFFFFFBF160000000000000000B0
:10D1B0000000FEFFFFFFFFFFFFBE48010000000070
:10D1C00000000000000000FEFFFFFFFFAD36000082
:10D1D000000000000000000000000000FEFFFF8CC7
:10D1E000150000000000000000000000000000002A
:10D1F00000EE7A03000000000000000000000000C4
:10D20000000000000000020000000000000000001C
:10D21000000000000000000000000000000000000E
:10D2200000000000110100000000000000000000EC
:10D2300000000000000073CAFEFFFFCE690200007C
:10D2400000000000000000000020E8FFFFFFFFFFDB
:10D25000FFFFCF1700000000000000000010F9FFE2
:10D26000FFFFFFFFFFFFFFFFEF07000000000000D0
:10D270000000E5FFFFFFFFFFFFFFFFFFFFFFDF03F2
:10D2800000000000000070FFFFFFFFFFFFFFFFFF37
:10D29000FFFFFFFF6F000000000000F6FFFFFFFF31
:10D2A000FFFFFFFFFFFFFFFFFFFF06000000004042
:10D2B000FFFFFFFFFF7B23002184FCFFFFFFFF5FD9
:10D2C00000000000D1FFFFFFFF2A00000000003037
:10D2D000FBFFFFFFFF03000000F7FFFFFF5F000001
:10D2E000000000000060FFFFFFFF0C000000FDFFDA
:10D2F000FFFF050000000000000000E4FFFFFF7FCB
:10D30000000040FFFFFF9F00000000000000000041
:10D3100050FFFFFFEF010090FFFFFF1F0000000024
:10D32000000000000000F9FFFFFF0800C0FFFFFF42
:10D330000A00000000000000000000E1FFFFFF0EF7
:10D3400000F0FFFFFF0500000000000000000000EB
:10D3500070FFFFFF4F00F1FFFFFF03000000000020
:10D36000000000000010FFFFFF9F00F2FFFFFF0121
:10D370000000000000000000000000FAFFFFDF00D6
:10D38000F2FFFFFF010000000000000000000000AD
:10D39000F6FFFFFF02F2FFFFFF02000000000000A7
:10D3A0000000000000F2FFFFFF05F0FFFFFF040098
:10D3B00000000000000000000000E0FFFFFF07D0B9
:10D3C000FFFFFF070000000000000000000000C099
:10D3D000FFFFFF09A0FFFFFF0C000000000000009E
:10D3E00000000000A0FFFFFF0A60FFFFFF4F0000EA
:10D3F00000000000000000000090FFFFFF0C10FF85
:10D40000FFFFDF010000000000000000000080FFBF
:10D41000FFFF0C00F9FFFFFF1C00000000000000F0
:10D4200000000080FFFFFF0D00F2FFFFFFEF27006D
:10D43000000000000000000080FFFFFF0D0070FFF3
:10D44000FFFFFFFFAD070000000000000080FFFFAE
:10D45000FF0D0000FBFFFFFFFFFF0F0000000000BB
:10D46000000080FFFFFF0D0000B1FFFFFFFFFF0D79
:10D470000000000000000080FFFFFF0D000000F72B
:10D48000FFFFFFFF0C0000000000000080FFFFFF17
:10D490000D00000020E9FFFFFF0A0000000000006F
:10D4A0000080FFFFFF0D000000001085DBFF09007A
:10D4B00000000000000080FFFFFF0D0000000000E2
:10D4C000000010000000000000000080FFFFFF0DC2
:10D4D000000000000000000000000000000000004C
:10D4E00080FFFFFF0D0000000000000000000000B2
:10D4F000000000000080FFFFFF0D000000000000A2
:10D500000000000000000000000080FFFFFF0D0091
:10D51000000000000000000000000000000000808B
:10D52000FFFFFF0D000000000000000000000000F1
:10D530000000000080FFFFFF0D0000000000000061
:10D5400000000000000000000080FFFFFF0D000051
:10D55000000000000000000000000000000080FF4C
:10D56000FFFF0D00000000000000000000000000B0
:10D5700000000080FFFFFF0D000000000000000021
:10D58000000000000000000080FFFFFF0D00000011
:10D590000000000000000000000000000080FFFF0D
:10D5A000FF0D00000000000000000000000000006F
:10D5B000000080FFFFFF0D000000000000000000E1
:10D5C0000000000000000080FFFFFF0D00000000D1
:10D5D00000000000000000000000000080FFFFFFCE
:10D5E0000D0000000000000000000000000000002E
:10D5F0000080FFFFFF0D00000000000000000000A1
:10D6000000000000000080FFFFFF0D000000000090
:10D61000000000000000000000000080FFFFFF0D80
:10D6200000000000000000000000000000000000FA
:10D6300080FFFFFF0D000000000000000000000060
:10D64000000000000080FFFFFF0D00000000000050
:10D650000000000000000000000080FFFFFF0D0040
:10D66000000000000000000000000000000000803A
:10D67000FFFFFF0D000000000000000000000000A0
:10D680000000000080FFFFFF0D0000000000000010
:10D6900000000000000000000080FFFFFF0D000000
:10D6A000000000000000000000000000000080FFFB
:10D6B000FFFF0D000000000000000000000000005F
:10D6C00000000080FFFFFF0D0000000000000000D0
:10D6D000000000000000000080FFFFFF0D000000C0
:10D6E0000000000000000000000000000080FFFFBC
:10D6F000FF0D00000000000000000000000000001E
:10D70000000080FFFFFF0D0000000000000000008F
:10D710000000000000000080FFFFFF0D000000007F
:10D7200000000000000000000000000080FFFFFF7C
:10D730000D000000000000000000000000000000DC
:10D740000080FFFFFF0D000000000000000000004F
:10D7500000000000000080FFFFFF0D00000000003F
:10D760000000001011000000000000000000000098
:10D7700000000000002096DBFFFFEFBD4800000026
:10D7800000000000000000000060FCFFFFFFFFFF42
:10D79000FFFF9E0300000000000000000060FDFF8E
:10D7A000FFFFFFFFFFFFFFFFBF03000000000000BF
:10D7B0000010FBFFFFFFFFFFFFFFFFFFFFFF8F00DA
:10D7C000000000000000D2FFFFFFFFFFFFFFFFFF90
:10D7D000FFFFFFFF1B000000000020FEFFFFFFFF18
:10D7E000FFFFFFFFFFFFFFFFFFCF0100000000C0B2
:10D7F000FFFFFFFFDF58120031A6FEFFFFFFFF0B08
:10D8000000000000F7FFFFFFDF05000000000071CF
:10D81000FEFFFFFF8F00000010FEFFFFFF1B000058
:10D820000000000000C2FFFFFFFF04000080FFFFB8
:10D83000FFBF000000000000000010FCFFFFFF0D14
:10D840000000D0FFFFFF1E000000000000000000ED
:10D85000D1FFFFFF6F0000F3FFFFFF060000000095
:10D86000000000000050FFFFFFDF0000F6FFFFEFA9
:10D870000000000000000000000000FBFFFFFF04AC
:10D8800000F9FFFFAF0000000000000000000000F2
:10D89000F4FFFFFF0A00FBFFFF7F00000000000015
:10D8A0000000000000C0FFFFFF0E00FBFFFF6F0045
:10D8B0000000000000000000000070FFFFFF3F00BC
:10D8C000FBFFFF6F000000000000000000000030C0
:10D8D000FFFFFF7F00FBFFFF6F0000000000000064
:10D8E0000000000000FEFFFF9F00F9FFFF9F000007
:10D8F00000000000000000000000FCFFFFCF00F768
:10D90000FFFFCF000000000000000000000000FA50
:10D91000FFFFEF00F4FFFFFF020000000000000027
:10D9200000000000F8FFFFFF00F1FFFFFF0900000B
:10D93000000000000000000000F7FFFFFF01A0FF53
:10D94000FFFF4F0000000000000000000000F6FF95
:10D95000FFFF0240FFFFFFEF050000000000000096
:10D96000000000F6FFFFFF0200FBFFFFFFAF040017
:10D970000000000000000000F6FFFFFF0200F3FFC0
:10D98000FFFFFFEF8B0200000000000000F6FFFF2A
:10D99000FF020060FFFFFFFFFFFF05000000000027
:10D9A0000000F7FFFFFF010000F7FFFFFFFFFF048C
:10D9B00000000000000000F9FFFFEF00000040FD44
:10D9C000FFFFFFFF0200000000000000FCFFFFCF90
:10D9D0000000000071FDFFFFFF01000000000000DB
:10D9E00000FEFFFFAF000000000030A7EDFF0000C9
:10D9F000000000000040FFFFFF7F0000000000006B
:10DA00000000110000000000000090FFFFFF3F0039
:10DA1000000000000000000000000000000000E125
:10DA2000FFFFFF0E000000000000000000000000EB
:10DA300000000000F6FFFFFF0900000000000000EA
:10DA4000000000000000000010FEFFFFFF030000C8
:10DA50000000000000000000000000000090FFFF38
:10DA6000FFCF0000000000000000000000000000E8
:10DA70000000F5FFFFFF4F00000000000000000065
:10DA800000000000000040FFFFFFFF0B000000004F
:10DA90000000000000000000000000F6FFFFFFEFA4
:10DAA000020000000000000000000000000000A1D3
:10DAB000FFFFFFFF5F00000000000000000000000B
:10DAC00000000082FEFFFFFFFF08000000101111A0
:10DAD00011111111112153C8FFFFFFFFFF9F00001B
:10DAE000000070FFFFFFFFFFFFFFFFFFFFFFFFFFD3
:10DAF000FFFF070000000070FFFFFFFFFFFFFFFFB9
:10DB0000FFFFFFFFFFFF4E000000000070FFFFFF60
:10DB1000FFFFFFFFFFFFFFFFFFFF9F01000000006F
:10DB20000070FFFFFFFFFFFFFFFFFFFFFFFFAF03DF
:10DB300000000000000070FFFFFFFFFFFFFFFFFF7E
:10DB4000FFFF7C020000000000000070FFFFFFFFED
:10DB5000FFFFFFEFCD8A150000000000000000006D
:10DB6000F8FFFFFF0A000000000000000000C0FFF7
:10DB7000FFFF08E1FFFFFF3F000000000000000082
:10DB800000E0FFFFFF0670FFFFFFAF000000000096
:10DB900000000000F1FFFFFF0410FEFFFFFF020086
:10DBA00000000000000000F2FFFFFF0300F8FFFF8D
:10DBB000FF090000000000000000F4FFFFFF01006B
:10DBC000E1FFFFFF1E0000000000000000F6FFFF65
:10DBD000EF000090FFFFFF6F00000000000000005A
:10DBE000F8FFFFDF000020FFFFFFDF000000000064
:10DBF000000000FAFFFFBF000000FAFFFFFF040073
:10DC0000000000000000FCFFFF9F000000F4FFFF89
:10DC1000FF0A00000000000000FEFFFF7F00000080
:10DC2000C0FFFFFF2F00000000000020FFFFFF4F9C
:10DC300000000060FFFFFF7F00000000000040FFC9
:10DC4000FFFF1F00000000FEFFFFDF0000000000DC
:10DC50000070FFFFFF0D00000000F8FFFFFF040051
:10DC600000000000A0FFFFFF0900000000F2FFFF1E
:10DC7000FF0A0000000000E0FFFFFF0500000000B9
:10DC8000A0FFFFFF1F0000000000F3FFFFFF0100E7
:10DC900000000040FFFFFF7F0000000000F8FFFFD2
:10DCA000AF000000000000FDFFFFDF0000000000EB
:10DCB000FEFFFF5F000000000000F7FFFFFF030012
:10DCC000000050FFFFFF0D000000000000F1FFFF0B
:10DCD000FF09000000D0FFFFFF0700000000000068
:10DCE000A0FFFFFF1E000000F7FFFFEF0100000094
:10DCF00000000040FFFFFF6F000020FEFFFF6F00ED
:10DD000000000000000000FDFFFFBF0000D1FFFF8A
:10DD1000FF0C0000000000000000F7FFFFFF0210F2
:10DD2000FBFFFFEF020000000000000000F2FFFF19
:10DD3000FF08D3FFFFFF5F000000000000000000AD
:10DD4000B0FFFFFF9DFFFFFFFF0700000000000086
:10DD500000000050FFFFFFFFFFFFFF8F00000000EB
:10DD600000000000000010FEFFFFFFFFFFFF0600A5
:10DD700000000000000000000000F9FFFFFFFFFFAF
:10DD80003D000000000000000000000000F4FFFF64
:10DD9000FFFF7E0100000000000000000000000006
:10DDA000E0FFFFFF7E010000000000000000000017
:10DDB00000000080FFFFFF1E0000000000000000C8
:10DDC00000000000000030FFFFFF5F0000000000C7
:10DDD00000000000000000000000FDFFFFAF000099
:10DDE00000000000000000000000000000F8FFFF3D
:10DDF000EF01000000000000000000000000000033
:10DE0000F3FFFFFF0500000000000000000000001D
:10DE1000000000D0FFFFFF0A00000000000000002B
:10DE200000000000000090FFFFFF0E000000000057
:10DE300000000000000000000040FFFFFF4F000056
:10DE400000000000000000000000000000FEFFFFD6
:10DE50009F00000000000000000000000000000023
:10DE6000FAFFFFDF000000000000000000000000DB
:10DE7000000000F6FFFFFF020000000000000000AD
:10DE8000000000000000F2FFFFFF0600000000009D
:10DE9000000000000000000000C0FFFFFF0B0000BA
:10DEA00000000000000000000000000080FFFFFFF5
:10DEB0000E00000000000000000000000000005004
:10DEC000FFFFFF3F00000000000000000000000016
:10DED000000010FFFFFF7F000000000000000000B6
:10DEE000000000000000FCFFFFBF00000000000079
:10DEF000000000000000000000F8FFFFEF0000003D
:10DF0000000000000000000000000000F4FFFFFF20
:10DF1000040000000000000000000000000000F10C
:10DF2000FFFFFF08000000000000000000000000EC
:10DF30000000C0FFFFFF0C00000000000000000018
:10DF4000000000000080FFFFFF1F00000000000035
:10DF5000000000000000000040FFFFFF4F00000035
:10DF6000000000000000000000000000FFFFFF8F25
:10DF7000000000000000000000000000000000FBA6
:10DF8000FFFFCF00000000000000000000000000C4
:10DF90000000F7FFFFFF010000000000000000008C
:10DFA0000000000000F4FFFFFF050000000000007B
:10DFB0000000000000000000E0FFFFFF090000007B
:10DFC0000000000000000000000000B0FFFFFF0D97
:10DFD000000000000000000000000000000070FFD2
:10DFE000FFFF2F0000000000000000000000000004
:10DFF0000030FFFFFF6F00000000F3FFFFFF7F0016
:10E00000000000000000000000FBFFFFAF80FFFFEA
:10E01000FFEF02000000000000000000FCFFFF8F87
:10E0200000FDFFFFFF0A000000000000000000FEEE
:10E03000FFFF7F00F4FFFFFF5F0000000000000013
:10E040000010FFFFFF5F0090FFFFFFDF01000000F7
:10E050000000000030FFFFFF3F0010FEFFFFFF0841
:10E060000000000000000050FFFFFF2F0000F5FF40
:10E07000FFFF3F0000000000000070FFFFFF0F00E7
:10E0800000A0FFFFFFCF0000000000000080FFFFA6
:10E09000FF0E000020FEFFFFFF0600000000000052
:10E0A000B0FFFFFF0C000000F6FFFFFF1E000000A6
:10E0B000000000D0FFFFFF0A000000B0FFFFFF9F3D
:10E0C000000000000000F1FFFFFF0700000020FF3C
:10E0D000FFFFFF040000000000F3FFFFFF0400004B
:10E0E0000000F7FFFFFF0C0000000000F6FFFFFF3D
:10E0F0000100000000C0FFFFFF7F0000000000FAE9
:10E10000FFFFBF000000000030FFFFFFEF02000034
:10E110000000FEFFFF7F000000000000F9FFFFFF8E
:10E120000A00000040FFFFFF2F000000000000D1A8
:10E13000FFFFFF5F000000A0FFFFFF0B00000000DB
:10E14000000040FFFFFFDF010000F2FFFFFF0500BE
:10E15000000000000000FAFFFFFF080000F9FFFFC9
:10E16000DF0000000000000000E1FFFFFF3F003083
:10E17000FFFFFF6F000000000000000060FFFFFFD6
:10E18000CF00D1FFFFFF0C000000000000000000E6
:10E19000FBFFFFFF16FCFFFFFF0300000000000075
:10E1A000000000E2FFFFFFDEFFFFFF7F0000000036
:10E1B00000000000000070FFFFFFFFFFFFFF0900ED
:10E1C00000000000000000000000FCFFFFFFFFFF58
:10E1D000AF000000000000000000000000F3FFFF9F
:10E1E000FFFFFF0900000000000000000000000029
:10E1F00080FFFFFFFF6E0000000000000000000035
:10E2000000000010FDFFFFFF0500000000000000FF
:10E2100000000000000000F4FFFFFF0C0000000001
:10E220000000000000000000000090FFFFFF7F00E2
:10E230000000000000000000000000000010FEFFD1
:10E24000FFFF0300000000000000000000000000CD
:10E2500000F5FFFFFF0C00000000000000000000C0
:10E2600000000000B0FFFFFF7F0000000000000082
:10E270000000000000000020FEFFFFEF0200000091
:10E280000000000000000000000000F6FFFFFF0B90
:10E290000000000000000000000000000000C0FFBF
:10E2A000FFFF6F0000000000000000000000000001
:10E2B0000030FFFFFFEF0100000000000000000041
:10E2C0000000000000F8FFFFFF0A0000000000004F
:10E2D0000000000000000000D0FFFFFF5F00000012
:10E2E000000000000000000000000030FFFFFFEF12
:10E2F000010000000000000000000000000000F924
:10E30000FFFFFF0900F8FFFFFFFFFFFFFFFFFFFF19
:10E31000FFFFFFFFFFFF4F00F8FFFFFFFFFFFFFFC3
:10E32000FFFFFFFFFFFFFFFFFFCF00F8FFFFFFFF33
:10E33000FFFFFFFFFFFFFFFFFFFFFFFFAF00F8FF43
:10E34000FFFFFFFFFFFFFFFFFFFFFFFFFFFFFF7F5D
:10E3500000F8FFFFFFFFFFFFFFFFFFFFFFFFFFFFD3
:10E36000FFFF5F00F8FFFFFFFFFFFFFFFFFFFFFF63
:10E37000FFFFFFFFFF2F00111111111111111111DA
:10E3800011111111111111110100F1FFFFFFFFFF18
:10E39000FFFFFFFFFFFFFFFFFFFFFFFFFFFFFF0686
:10E3A000F3FFFFFFFFFFFFFFFFFFFFFFFFFFFFFF89
:10E3B000FFFFFFFFFF03F6FFFFFFFFFFFFFFFFFF72
:10E3C000FFFFFFFFFFFFFFFFFFFFFF01F8FFFFFF62
:10E3D000FFFFFFFFFFFFFFFFFFFFFFFFFFFFFFFF4D
:10E3E000EF00FAFFFFFFFFFFFFFFFFFFFFFFFFFF51
:10E3F000FFFFFFFFFFFFCF00FCFFFFFFFFFFFFFF5F
:10E40000FFFFFFFFFFFFFFFFFFFFFFFF8F00000089
:10E41000000000000000000000000000000020FFDD
:10E42000FFFF3F00000000000000000000000000AF
:10E430000000000060FFFFFF0D0000000000000072
:10E4400000000000000000000000B0FFFFFF090016
:10E4500000000000000000000000000000000000BC
:10E46000F1FFFFFF040000000000000000000000BA
:10E47000000000000000F5FFFFEF000000000000BA
:10E48000000000000000000000000000FAFFFFAFE5
:10E49000000000000000000000000000000000007C
:10E4A0000000FEFFFF5F0000000000000000000011
:10E4B0000000000000000040FFFFFF1F0000000000
:10E4C0000000000000000000000000000090FFFFBE
:10E4D000FF0B000000000000000000000000000032
:10E4E000000000E0FFFFFF06000000000000000049
:10E4F000000000000000000000F3FFFFFF0100002B
:10E500000094BADCDE00000000000000000000F80B
:10E51000FFFFCF00000000F7FFFFDF00000000005A
:10E520000000000000FDFFFF7F00000000F7FFFF7C
:10E53000DF00000000000000000020FFFFFF2F00B0
:10E54000000000F7FFFFDF000000000000000000F7
:10E5500070FFFFFF0D00000000F7FFFFDF0000006D
:10E56000000000000000C0FFFFFF0800000000F7EF
:10E57000FFFFDF000000000000000000F2FFFFFFCF
:10E580000300000000F7FFFFDF00000000000000B4
:10E590000000F6FFFFEF0000000000F7FFFFDF00C4
:10E5A0000000000000000000FBFFFF9F00000000D3
:10E5B00000F7FFFFDF000000000000000010FFFF79
:10E5C000FF4F0000000000F7FFFFDF000000000029
:10E5D00000000050FFFFFF0E0000000000F7FFFFEB
:10E5E000DF0000000000000000A0FFFFFF0A0000A5
:10E5F000000000F7FFFFDF0000000000000000E067
:10E60000FFFFFF050000000000F7FFFFDF00000034
:10E610000000000000F4FFFFFF010000000000F711
:10E62000FFFFDF0000000000000000F9FFFFBF0057
:10E630000000000000F7FFFFDF0000000000000006
:10E6400000FEFFFF6F000000000000F7FFFFDF008B
:10E6500000000000000030FFFFFF2F00000000005E
:10E6600000F7FFFFDF0000000000000080FFFFFF59
:10E670000C000000000000F7FFFFDF0000000000BA
:10E680000000D0FFFFFF07000000000000F7FFFFC1
:10E69000DF00000000000000F2FFFFFF03000000A9
:10E6A000000000F7FFFFDF00000000000000F7FFA0
:10E6B000FFDF00000000000000F7FFFFDF000000A8
:10E6C00000000000FCFFFF8F00000000000000F7CA
:10E6D000FFFFDF00000000000020FFFFFF4F0000F1
:10E6E0000000000000F7FFFFDF00000000000060F6
:10E6F000FFFFFF0E00000000000000F7FFFFDF003B
:10E700000000000000B0FFFFFF0900000000000053
:10E7100000F7FFFFDF000000000000F1FFFFFF0532
:10E7200000000000000000F7FFFFDF000000000015
:10E7300000F5FFFFFF0100000000000000F7FFFFF1
:10E74000DF000000000000FAFFFFAF000000000043
:10E75000000000F7FFFFDF000000000000FEFFFFE9
:10E760006F0000000000000000F7FFFFDF00000066
:10E77000000040FFFFFF1F0000000000000000F746
:10E78000FFFFDF000000000090FFFFFF0B00000014
:10E790000000000000F7FFFFDF00000000000000A5
:10E7A0000000000000000000000000F7FFFFDF0095
:10E7B0000000000000000000000000000000000059
:10E7C00000F7FFFFDF000000000000000000000075
:10E7D00000000000000000F7FFFFDF000000000065
:10E7E00000000000000000000000000000F7FFFF34
:10E7F000DF0000000000000000000000000000003A
:10E80000000000F7FFFFDF00000000000000000034
:10E81000000000000000000000F7FFFFDF00000024
:10E82000000000000000000000000000000000F7F1
:10E83000FFFFDF00000000000000000000000000FB
:10E840000000000000F7FFFFDF00000000000000F4
:10E850000000000000000000000000F7FFFFDF00E4
:10E8600000000000000000000000000000000000A8
:10E8700000F7FFFFDF0000000000000000000000C4
:10E8800000000000000000F7FFFFDF0000000000B4
:10E8900000000000000000000000000000F7FFFF83
:10E8A000DF00000000000000000000000000000089
:10E8B000000000F7FFFFDF00000000000000000084
:10E8C000000000000000000000F7FFFFDF00000074
:10E8D0000000000000000000000000000000F0FF49
:10E8E000FFFFFFFFFFFFFFDEAC370000000000F27C
:10E8F000FFFFFFFFFFFFFFFFFFFFFF7D01000000A5
:10E90000F4FFFFFFFFFFFFFFFFFFFFFFFF5E0000C1
:10E9100000F6FFFFFFFFFFFFFFFFFFFFFFFFFF0806
:10E920000000F9FFFFFFFFFFFFFFFFFFFFFFFFFFFB
:10E930008F0000FBFFFFFFFFFFFFFFFFFFFFFFFF59
:10E94000FFFF050011111111111111112163FAFFBF
:10E95000FFFFFF1D0000000000000000000000207D
:10E96000FAFFFFFF6F000000000000000000000041
:10E970000090FFFFFFCF000000000000000000003B
:10E98000000000FDFFFFFF0200000000000000008B
:10E9900000000000F5FFFFFF06000000000000007F
:10E9A0000000000000F1FFFFFF0900000000000070
:10E9B000000000000000B0FFFFFF0A0000000000A0
:10E9C0000000000000000090FFFFFF0C00000000AE
:10E9D000000000000000000080FFFFFF0C000000AE
:10E9E00000000000000000000080FFFFFF0D00009D
:10E9F0000000000000000000000080FFFFFF0D008D
:10EA0000000000000000000000000080FFFFFF0D7C
:10EA100000000000000000000000000080FFFFFF79
:10EA20000D00000000000000000000000080FFFF5B
:10EA3000FF0D00000000000000000000000080FF4B
:10EA4000FFFF0D000000000000000000000000803B
:10EA5000FFFFFF0D000000000000000000000000AC
:10EA600080FFFFFF0D00000000000000000000001C
:10EA70000080FFFFFF0D000000000000000000000C
:10EA8000000080FFFFFF0D000000000000000000FC
:10EA900000000080FFFFFF0D0000000000000000EC
:10EAA0000000000080FFFFFF0D00000000000000DC
:10EAB000000000000080FFFFFF0D000000000000CC
:10EAC00000000000000080FFFFFF0D0000000000BC
:10EAD0000000000000000080FFFFFF0D00000000AC
:10EAE000000000000000000080FFFFFF0D0000009C
:10EAF00000000000000000000080FFFFFF0D00008C
:10EB00000000000000000000000080FFFFFF0D007B
:10EB1000000000000000000000000080FFFFFF0D6B
:10EB200000000000000000000000000080FFFFFF68
:10EB30000D00000000000000000000000080FFFF4A
:10EB4000FF0D00000000000000000000000080FF3A
:10EB5000FFFF0D000000000000000000000000802A
:10EB6000FFFFFF0D0000000000000000000000009B
:10EB700080FFFFFF0D00000000000000000000000B
:10EB80000080FFFFFF0D00000000000000000000FB
:10EB9000000080FFFFFF0D000000000000000000EB
:10EBA00000000080FFFFFF0D0000000000000000DB
:10EBB0000000000080FFFFFF0D00000000000000CB
:10EBC000000000000080FFFFFF0D000000000000BB
:10EBD00000000000000080FFFFFF0D0000000000AB
:10EBE0000000000000000080FFFFFF0D000000009B
:10EBF000000000000000000080FFFFFF0D0000008B
:10EC00000000000000000000004099999907FDFFF6
:10EC1000FF7F000000000000F7FFFFDF00000000A2
:10EC20000000F1FFFFFF03FDFFFF7F000000000079
:10EC300000F7FFFFDF000000000000F1FFFFFF030F
:10EC4000FDFFFF7F000000000000F7FFFFDF000076
:10EC500000000000F1FFFFFF03FDFFFF7F00000049
:10EC6000000000F7FFFFDF000000000000F1FFFFE1
:10EC7000FF03FDFFFF7F000000000000F7FFFFDF44
:10EC8000000000000000F1FFFFFF03FDFFFF7F0019
:10EC90000000000000F7FFFFDF000000000000F1AF
:10ECA000FFFFFF03FDFFFF7F000000000000F7FFF4
:10ECB000FFDF000000000000F1FFFFFF03FDFFFF8A
:10ECC0007F000000000000F7FFFFDF0000000000F1
:10ECD00000F1FFFFFF03FDFFFF7F000000000000C9
:10ECE000F7FFFFDF000000000000F1FFFFFF03FD62
:10ECF000FFFF7F000000000000F8FFFFDF000000C2
:10ED0000000000F1FFFFFF03FDFFFF7F0000000098
:10ED10000000F9FFFFCF000000000000F1FFFFFF3F
:10ED200003FDFFFF7F000000000000FAFFFFAF00BF
:10ED30000000000000F1FFFFFF03FDFFFF7F000068
:10ED400000000000FCFFFF8F000000000000F1FF4A
:10ED5000FFFF03FDFFFF7F000000000000FFFFFF3B
:10ED60006F000000000000F1FFFFFF03FDFFFF7FC9
:10ED7000000000000040FFFFFF3F00000000000017
:10ED8000F1FFFFFF03FDFFFF7F000000000080FF99
:10ED9000FFFF0E000000000000F1FFFFFF03FDFF7A
:10EDA000FF7F0000000000D0FFFFFF0A000000000E
:10EDB0000000F1FFFFFF03FDFFFF7F0000000000E8
:10EDC000F6FFFFFF04000000000000F1FFFFFF035B
:10EDD000FDFFFF7F0000000010FEFFFFDF000000CE
:10EDE00000000000F1FFFFFF03FDFFFF7F000000B8
:10EDF00000A0FFFFFF6F00000000000000F1FFFF18
:10EE0000FF03FDFFFF7F00000000F9FFFFFF0C0084
:10EE1000000000000000F1FFFFFF03FDFFFF8F0077
:10EE20000000B2FFFFFFFF0300000000000000F23F
:10EE3000FFFFFF03FCFFFF8F000092FFFFFFFF6F4C
:10EE40000000000000000000F2FFFFFF02FBFFFFD8
:10EE5000AF53C9FFFFFFFFFF0700000000000000E5
:10EE600000F3FFFFFF01FAFFFFFFFFFFFFFFFFFFC0
:10EE70006F000000000000000000F4FFFFFF00F939
:10EE8000FFFFFFFFFFFFFFFFCF03000000000000B8
:10EE9000000000F6FFFFEF00F7FFFFFFFFFFFFFF9F
:10EEA000DF0600000000000000000000F8FFFFCFB8
:10EEB00000F4FFFFFFFFFFFFAE04000000000000B2
:10EEC0000000000000FAFFFFAF00F2FFFFFFDF9B32
:10EED0003700000000000000000000000000FDFFFF
:10EEE000FF7F00E0FFFFFF080000000000000000BF
:10EEF00000000000000020FFFFFF4F00A0FFFFFF09
:10EF00000C00000000000000000000000000006095
:10EF1000FFFFFF1F0060FFFFFF2F00000000000049
:10EF20000000000000000000B0FFFFFF0B0020FF0A
:10EF3000FFFF8F0000000000000000000000000044
:10EF400000F2FFFFFF070000FBFFFFEF00000000E3
:10EF500000000000000000000000F8FFFFFF0200BA
:10EF600000F5FFFFFF0700000000000000000000A8
:10EF7000000010FEFFFFBF000000E0FFFFFF1E00CB
:10EF8000000000000000000000000090FFFFFF4FA5
:10EF900000000070FFFFFFAF000000000000000055
:10EFA00000000000F5FFFFFF0C00000000FDFFFF68
:10EFB000FF080000000000000000000030FEFFFF1E
:10EFC000FF0400000000F4FFFFFF8F0000000000BE
:10EFD0000000000000E4FFFFFFAF00000000009011
:10EFE000FFFFFFFF1B000000000000000070FFFF9C
:10EFF000FFFF1D000000000000FCFFFFFFEF1800F6
:10F00000000000000060FDFFFFFFFF0300000000A4
:10F010000000C1FFFFFFFFFF7B24010032A6FEFFBF
:10F02000FFFFFF5F0000000000000010FCFFFFFF7B
:10F03000FFFFFFFFFFFFFFFFFFFFFFEF04000000E8
:10F04000000000000091FFFFFFFFFFFFFFFFFFFF39
:10F05000FFFFFFFF3D00000000000000000000D5A2
:10F06000FFFFFFFFFFFFFFFFFFFFFFFF8F0100001C
:10F07000000000000000000010D7FFFFFFFFFFFFAF
:10F08000FFFFFFFF9F0200000000000000000000E3
:10F09000000000A5FEFFFFFFFFFFFFFF7B01000058
:10F0A000000000000000000000000000003086BAF0
:10F0B000CCCCAC791400000000000000000000C0BF
:10F0C000FFFFFFFFFFFFFFFFFFFFFFFFFFFFEEACB4
:10F0D00037000000000000E0FFFFFFFFFFFFFFFF21
:10F0E000FFFFFFFFFFFFFFFFFF7D0100000000F1BA
:10F0F000FFFFFFFFFFFFFFFFFFFFFFFFFFFFFFFF20
:10F10000FFFF5E00000000F3FFFFFFFFFFFFFFFFB8
:10F11000FFFFFFFFFFFFFFFFFFFFFF09000000F6FB
:10F12000FFFFFFFFFFFFFFFFFFFFFFFFFFFFFFFFEF
:10F13000FFFFFF9F000000F8FFFFFFFFFFFFFFFF43
:10F14000FFFFFFFFFFFFFFFFFFFFFFFF06000011B4
:10F15000111121FFFFFF5F1111111111112163EA3C
:10F16000FFFFFFFF1E000000000010FFFFFF4F0029
:10F170000000000000000010FAFFFFFF7F00000009
:10F18000000010FFFFFF4F00000000000000000023
:10F1900080FFFFFFDF000000000010FFFFFF4F00B7
:10F1A000000000000000000000FCFFFFFF03000063
:10F1B000000010FFFFFF4F000000000000000000F3
:10F1C00000F5FFFFFF070000000010FFFFFF4F00EA
:10F1D000000000000000000000E0FFFFFF09000049
:10F1E000000010FFFFFF4F000000000000000000C3
:10F1F00000B0FFFFFF0B0000000010FFFFFF4F00FB
:10F2000000000000000000000090FFFFFF0C000065
:10F21000000010FFFFFF4F00000000000000000092
:10F220000080FFFFFF0D0000000010FFFFFF4F00F8
:10F2300000000000000000000070FFFFFF0D000054
:10F24000000010FFFFFF4F00000000000000000062
:10F250000070FFFFFF0D0000000010FFFFFF4F00D8
:10F2600000000000000000000070FFFFFF0D000024
:10F27000000010FFFFFF4F00000000000000000032
:10F280000070FFFFFF0D0000000010FFFFFF4F00A8
:10F2900000000000000000000070FFFFFF0D0000F4
:10F2A000000010FFFFFF4F00000000000000000002
:10F2B0000070FFFFFF0D0000000010FFFFFF4F0078
:10F2C00000000000000000000070FFFFFF0D0000C4
:10F2D000000010FFFFFF4F000000000000000000D2
:10F2E0000070FFFFFF0D0000000010FFFFFF4F0048
:10F2F00000000000000000000070FFFFFF0D000094
:10F30000000010FFFFFF4F000000000000000000A1
:10F310000070FFFFFF0D0000000010FFFFFF4F0017
:10F3200000000000000000000070FFFFFF0D000063
:10F33000000010FFFFFF4F00000000000000000071
:10F340000070FFFFFF0D0000000010FFFFFF4F00E7
:10F3500000000000000000000070FFFFFF0D000033
:10F36000000010FFFFFF4F00000000000000000041
:10F370000070FFFFFF0D0000000010FFFFFF4F00B7
:10F3800000000000000000000070FFFFFF0D000003
:10F39000000010FFFFFF4F00000000000000000011
:10F3A0000070FFFFFF0D0000000010FFFFFF4F0087
:10F3B00000000000000000000070FFFFFF0D0000D3
:10F3C000000010FFFFFF4F000000000000000000E1
:10F3D0000070FFFFFF0D0000000010FFFFFF4F0057
:10F3E00000000000000000000070FFFFFF0D0000A3
:10F3F000000010FFFFFF4F000000000000000000B1
:10F400000070FFFFFF0D0000000020FFFFFF4F0016
:10F4100000000000000000000070FFFFFF0D000072
:10F42000000040FFFFFF3F00000000000000000060
:10F430000070FFFFFF0D0000000080FFFFFF1F00B6
:10F4400000000000000000000070FFFFFF0D000042
:10F450000000D0FFFFFF0D000000000000000000D2
:10F460000070FFFFFF0D00000000F9FFFFFF0A0022
:10F4700000000000000000000070FFFFFF0D000012
:10F4800010B4FFFFFFFF05000000000000000000B7
:10F490000070FFFFFF0D60FFFFFFFFFFFFDF0000B9
:10F4A00000000000000000000070FFFFFF0D80FF63
:10F4B000FFFFFFFFFF5F00000000000000000000F2
:10F4C0000070FFFFFF0DA0FFFFFFFFFFFF0900001F
:10F4D00000000000000000000070FFFFFF0DC0FFF3
:10F4E000FFFFFFFF9F000000000000000000000081
:10F4F0000070FFFFFF0DF0FFFFFFFFDF05000000C2
:10F5000000000000000000000070FFFFFF0DF2FF90
:10F51000FFFFAD050000000000000000000000003B
:10F520000070FFFFFF0D101111010000000000002E
:10F530000000000000000000001011111101000087
:10F540002DE9F843040002F045F90500002C01D133
:10F55000012088E2DFF81485206840454AD0206801
:10F56000DFF80C15884245D02068DFF8081588427E
:10F5700040D02068DFF8001588423BD02068DFF8D3
:10F58000FC14884236D02068DFF8F414884231D069
:10F590002068DFF8F01488422CD02068DFF8E814E7
:10F5A000884227D02068DFF8E414884222D02068FF
:10F5B000DFF8DC1488421DD02068DFF8D8148842B8
:10F5C00018D02068DFF8D014884213D02068DFF804
:10F5D000CC1488420ED02068DFF8C414884209D0C9
:10F5E0002068DFF8C014884204D02068DFF8B8141F
:10F5F000884201D1012000E00020C0B2002800F0C4
:10F60000E680606A0028022084F83500002084F833
:10F610003400206840454AD02068DFF854148842FE
:10F6200045D02068DFF84C14884240D02068DFF8CD
:10F63000481488423BD02068DFF84014884236D016
:10F640002068DFF83C14884231D02068DFF8341499
:10F6500088422CD02068DFF83014884227D02068F8
:10F66000DFF82814884222D02068DFF8241488426A
:10F670001DD02068DFF81C14884218D02068DFF8FD
:10F680001814884213D02068DFF8101488420ED076
:10F690002068DFF80C14884209D02068DFF80414D1
:10F6A000884204D02068DFF80014884206D1206820
:10F6B0000068400840002168086005E02068006894
:10F6C000400840002168086020680068C0070BD52A
:10F6D00002F080F8401B0628F6D320206065032046
:10F6E00084F835000120BEE120680168DFF8BC0322
:10F6F0000140A0680143E06801432069014360695B
:10F700000143A0690143E0690143206A0143606A43
:10F71000042804D1E06A01430800216B0143DFF8AB
:10F7200090030068000C0004B0F1005F1FD3606814
:10F73000292802D360682F2811D360683F2802D39C
:10F74000606843280BD36068472802D36068492863
:10F7500005D360684F2804D36068532801D2012084
:10F7600000E00020C0B2002801D051F480112068D0
:10F7700001602068D0F814905FEAD9095FEAC909EE
:10F78000606A50EA0909606A042811D1A06A50EA47
:10F790000909E06A00280BD0200001F0F3FE0028E0
:10F7A00006D040206065012084F8350001205AE130
:10F7B0002068C0F81490200001F06AFE06003F2087
:10F7C00094F85C1011F01F018840B060A3E0DFF8EE
:10F7D000E4022168814222D02168DFF8DC229142D4
:10F7E0001DD02168DFF8D422914218D02168DFF8BB
:10F7F000D022914213D02168DFF8C82291420ED066
:10F800002168DFF8C422914209D02168DFF8BC22C8
:10F81000914204D02168DFF89826914201D101215C
:10F8200000E00021C9B200296ED02168814222D0B7
:10F830002068DFF8841288421DD02068DFF87C122F
:10F84000884218D02068DFF87812884213D02068E8
:10F85000DFF8701288420ED02068DFF86C12884200
:10F8600009D02068DFF86412884204D02068DFF8ED
:10F870004016884201D1012000E00020C0B20028DB
:10F88000022084F83500002084F8340020680068E5
:10F890006FF31010A168402902D15FF0100907E052
:10F8A000A168802902D14FF4804901E05FF000098E
:10F8B00059EA0009E06859EAD009206959EAD009F3
:10F8C000606959EAD009A06959EAD009E06959EAA2
:10F8D000D009206A59EA10192068C0F80090216800
:10F8E000DFF8EC0141181420B1FBF0F08000E06576
:10F8F000200001F0CDFD0700012094F85C1011F00C
:10F900001F018840786006E040206065032084F88D
:10F9100035000120A7E02068404572D02068DFF85C
:10F92000501188426DD02068DFF84811884268D0B5
:10F930002068DFF84411884263D02068DFF83C116A
:10F9400088425ED02068DFF83811884259D020689C
:10F95000DFF83011884254D02068DFF82C1188423B
:10F960004FD02068DFF8241188424AD02068DFF8A1
:10F970002011884245D02068DFF81811884240D015
:10F980002068DFF8141188423BD02068DFF80C11A2
:10F99000884236D02068DFF80811884231D02068CC
:10F9A000DFF8001188422CD02068DFF8FC10884274
:10F9B00027D02068DFF8FC10884222D02068DFF8CA
:10F9C000F81088421DD02068DFF8F010884218D067
:10F9D0002068DFF8EC10884213D02068DFF8E410CC
:10F9E00088420ED02068DFF8E010884209D02068F5
:10F9F000DFF8D810884204D02068DFF8B4148842B9
:10FA000001D1012000E00020C0B2002825D0200054
:10FA100001F005FEA068802801D1002060602079F7
:10FA200000F0FF00216E0860A06E616E48606068A3
:10FA300000280CD06068092809D2200001F045FE9A
:10FA40000020E16E0860606F216F486005E00020D3
:10FA5000E0660020206700206067002060650120CC
:10FA600084F835000020BDE8F28300001000024059
:10FA7000280002404000024058000240700002404E
:10FA800088000240A0000240B8000240100402407A
:10FA9000280402404004024058040240700402401E
:10FAA00088040240A0040240B80402403F8010FED7
:10FAB0000010005C085402581C540258305402587C
:10FAC00044540258585402586C54025880540258F6
:10FAD000F8ABFDA72DE9F84304000D0016001F0048
:10FAE0005FF00008002C01D10120DEE194F8340021
:10FAF000012801D10220D8E1012084F8340094F8D3
:10FB00003500012840F0C781022084F8350000202C
:10FB10006065DFF81C98206848454AD02068DFF807
:10FB20001418884245D02068DFF80C18884240D06D
:10FB30002068DFF8081888423BD02068DFF80018FA
:10FB4000884236D02068DFF8FC17884231D0206820
:10FB5000DFF8F41788422CD02068DFF8F0178842CD
:10FB600027D02068DFF8E817884222D02068DFF825
:10FB7000E41788421DD02068DFF8DC17884218D0CF
:10FB80002068DFF8D817884213D02068DFF8D01734
:10FB900088420ED02068DFF8CC17884209D0206850
:10FBA000DFF8C417884204D02068DFF8C017884205
:10FBB00006D120680068400840002168086005E020
:10FBC0002068006840084000216808603B0032005F
:10FBD0002900200001F020FB206848454AD0206819
:10FBE000DFF85017884245D02068DFF84C1788426C
:10FBF00040D02068DFF8441788423BD02068DFF807
:10FC00004017884236D02068DFF83817884231D054
:10FC10002068DFF8341788422CD02068DFF82C17D2
:10FC2000884227D02068DFF82817884222D0206831
:10FC3000DFF8201788421DD02068DFF81C178842A3
:10FC400018D02068DFF81417884213D02068DFF836
:10FC5000101788420ED02068DFF80817884209D0B4
:10FC60002068DFF80417884204D02068DFF8FC160B
:10FC7000884201D1012000E00020C0B2002810D04D
:10FC80000B202168096860F3440120680160206C42
:10FC9000002816D02068006850F00800216808602D
:10FCA0000FE005202168096860F3430120680160C6
:10FCB000206C002805D02068006850F004002168FE
:10FCC00008602068484571D02068DFF868168842CF
:10FCD0006CD02068DFF86016884267D02068DFF8B3
:10FCE0005C16884262D02068DFF8541688425DD0E6
:10FCF0002068DFF85016884258D02068DFF8481690
:10FD0000884253D02068DFF8441688424ED02068DD
:10FD1000DFF83C16884249D02068DFF83816884260
:10FD200044D02068DFF8301688423FD02068DFF8E2
:10FD30002C1688423AD02068DFF82416884235D045
:10FD40002068DFF82016884230D02068DFF81816C7
:10FD500088422BD02068DFF81416884226D020680D
:10FD6000DFF80C16884221D02068DFF80816884298
:10FD70001CD02068DFF80016884217D02068DFF812
:10FD8000FC15884212D02068DFF8F41588420DD0A7
:10FD90002068DFF88019884208D02068DFF87819D9
:10FDA000884203D020684249884201D1012000E006
:10FDB0000020C0B2002812D0206E0068C00305D514
:10FDC000206E006850F48070216E0860E06E00289C
:10FDD00005D0E06E006850F48070E16E0860206825
:10FDE00048454AD02068DFF84C15884245D0206845
:10FDF000DFF84415884240D02068DFF8401588427B
:10FE00003BD02068DFF83815884236D02068DFF80C
:10FE10003415884231D02068DFF82C1588422CD068
:10FE20002068DFF82815884227D02068DFF82015E1
:10FE3000884222D02068DFF81C1588421DD0206837
:10FE4000DFF81415884218D02068DFF810158842B2
:10FE500013D02068DFF8081588420ED02068DFF83C
:10FE60000415884209D02068DFF8FC14884204D0C9
:10FE70002068DFF8F814884206D12068006850F046
:10FE80000100216808600EE02068006850F0010061
:10FE90002168086007E04FF400606065002084F886
:10FEA0003400012080464046C0B2BDE8F283000025
:10FEB000945402582DE9F041040001F08BFC804677
:10FEC000002C01D1012031E294F83500022806D03F
:10FED00080206065002084F83400012026E2DFF8ED
:10FEE0005004216881424AD02168DFF848249142B9
:10FEF00045D02168DFF84024914240D02168DFF8E6
:10FF00003C2491423BD02168DFF83424914236D022
:10FF10002168DFF83024914231D02168DFF82824AD
:10FF200091422CD02168DFF82424914227D0216807
:10FF3000DFF81C24914222D02168DFF81824914276
:10FF40001DD02168DFF81024914218D02168DFF815
:10FF50000C24914213D02168DFF8042491420ED082
:10FF60002168DFF80024914209D02168DFF8F823E6
:10FF7000914204D02168DFF8F423914206D1216830
:10FF80000968490849002268116005E0216809688C
:10FF90004908490022681160216881424AD02168DD
:10FFA000DFF89023914245D02168DFF88C239142FD
:10FFB00040D02168DFF8842391423BD02168DFF8EC
:10FFC0008023914236D02168DFF87823914231D0E6
:10FFD0002168DFF8742391422CD02168DFF86C236C
:10FFE000914227D02168DFF86823914222D021680E
:10FFF000DFF8602391421DD02168DFF85C23914235
:020000040802F0
:1000000018D02168DFF85423914213D02168DFF81B
:10001000502391420ED02168DFF84823914209D045
:100020002168DFF84423914204D02168DFF83C23A3
:10003000914201D1012100E00021C9B200290DD077
:100040002168096831F01E01226811602168496940
:1000500031F0800122685161276806E02168096853
:1000600031F00E012268116027682168814267D053
:100070002068DFF8C012884262D02068DFF8B8122A
:1000800088425DD02068DFF8B412884258D02068DA
:10009000DFF8AC12884253D02068DFF8A8128842FB
:1000A0004ED02068DFF8A012884249D02068DFF8DF
:1000B0009C12884244D02068DFF8941288423FD0D6
:1000C0002068DFF8901288423AD02068A24988421E
:1000D00036D02068A149884232D02068A0498842A1
:1000E0002ED020689F4988422AD020689E498842A5
:1000F00026D020689D49884222D020689C498842A9
:100100001ED020689B4988421AD020689A498842AC
:1001100016D020689949884212D0206898498842B0
:100120000ED02068DFF8EC15884209D02068DFF88F
:10013000E815884204D02068DFF8E015884201D134
:10014000012000E00020C0B2002805D0206E006829
:1001500030F48070216E08603868C0070FD501F058
:1001600039FBB0EB08000628F6D320206065032099
:1001700084F83500002084F834000120D6E06C4873
:10018000216881423BD021686A4A914237D0216878
:10019000694A914233D02168684A91422FD0216840
:1001A000674A91422BD02168664A914227D0216844
:1001B000654A914223D02168644A91421FD0216848
:1001C000634A91421BD02168624A914217D021684C
:1001D000614A914213D02168604A91420FD0216850
:1001E0005F4A91420BD021685E4A914207D0216854
:1001F0005D4A914203D021685C4A914201D10121BC
:1002000000E00021C9B2002909D0A16D0D003F21F5
:1002100094F85C2012F01F029140A96008E0A16DE3
:100220000E00012194F85C2012F01F0291407160D1
:10023000216881425ED020683E4988425AD02068B9
:100240003D49884256D020683C49884252D02068B7
:100250003B4988424ED020683A4988424AD02068BB
:100260003949884246D020683849884242D02068BF
:10027000374988423ED02068364988423AD02068C3
:100280003549884236D020683449884232D02068C7
:10029000334988422ED02068324988422AD02068CB
:1002A0003149884226D020683049884222D02068CF
:1002B0002F4988421ED020682E4988421AD02068D3
:1002C0002D49884216D020682C49884212D02068D7
:1002D0002B4988420ED02068DFF83814884209D0B4
:1002E0002068DFF83414884204D02068DFF82C142A
:1002F000884201D1012000E00020C0B200280ED0C9
:10030000A06E616E4860E06E002808D0E06E006864
:1003100030F48070E16E0860606F216F48600120EA
:1003200084F83500002084F834000020BDE8F08116
:1003300010000240280002404000024058000240E5
:100340007000024088000240A0000240B800024055
:1003500010040240280402404004024058040240B5
:100360007004024088040240A0040240B804024025
:10037000085402581C54025830540258445402582D
:100380005854025838B50400002C01D10120BFE1B7
:1003900094F83500022803D0802060650120B7E181
:1003A000DFF88003216881424AD02168DFF8782392
:1003B000914245D02168DFF87423914240D02168F2
:1003C000DFF86C2391423BD02168DFF8682391422B
:1003D00036D02168DFF86023914231D02168DFF800
:1003E0005C2391422CD02168DFF85423914227D01E
:1003F0002168DFF85023914222D02168DFF848239A
:1004000091421DD02168DFF84423914218D0216821
:10041000DFF83C23914213D02168DFF83823914262
:100420000ED02168DFF83023914209D02168DFF82F
:100430002C23914204D02168DFF8E422914201D1BB
:10044000012100E00021C9B200295DD0042184F817
:1004500035102168814249D02068DFF8CC128842EB
:1004600044D02068DFF8C41288423FD02068DFF80B
:10047000C01288423AD02068DFF8B812884235D0DE
:100480002068DFF8B412884230D02068DFF8AC1260
:1004900088422BD02068DFF8A812884226D0206836
:1004A000DFF8A012884221D02068DFF89C12884231
:1004B0001CD02068DFF89412884217D02068DFF83B
:1004C0009012884212D02068DFF8881288420DD03E
:1004D0002068DFF88412884208D02068DFF87C1298
:1004E000884203D020688E49884206D1206800687F
:1004F000400840002168086009E120680068400861
:1005000040002168086002E12168814249D02168E9
:10051000DFF81422914244D02168DFF81022914282
:100520003FD02168DFF8082291423AD02168DFF8F5
:100530000422914235D02168DFF8FC21914230D06D
:100540002168DFF8F82191422BD02168DFF8F021F3
:10055000914226D02168DFF8EC21914221D0216818
:10056000DFF8E42191421CD02168DFF8E0219142BC
:1005700017D02168DFF8D821914212D02168DFF826
:10058000D42191420DD02168DFF8CC21914208D0CE
:100590002168DFF8C821914203D02168604A914266
:1005A00006D121680968490849002268116005E000
:1005B00021680968490849002268116021680968B2
:1005C00031F00E0122681160216881426FD02068ED
:1005D000DFF8541188426AD02068DFF85011884251
:1005E00065D02068DFF84811884260D02068DFF8C5
:1005F000441188425BD02068DFF83C11884256D015
:100600002068DFF83811884251D02068DFF83011B7
:1006100088424CD02068DFF82C11884247D02068EF
:10062000DFF82411884242D02068DFF82011884288
:100630003DD02068DFF81811884238D02068DFF8F4
:100640001411884233D02068DFF80C1188422ED074
:100650002068DFF80811884229D020683049884294
:1006600025D02068DFF8F810884220D02068DFF815
:10067000F41088421BD02068DFF8EC10884216D0B6
:100680002068DFF8E810884211D02068DFF8E01019
:1006900088420CD020681F49884208D020681E4933
:1006A000884204D02068DFF8CC10884201D10120B4
:1006B00000E00020C0B200281DD0206E006830F499
:1006C0008070216E0860A06D0500012094F85C1018
:1006D00011F01F0188406860A06E616E4860E06E96
:1006E000002808D0E06E006830F48070E16E086089
:1006F000606F216F4860012084F83500002084F885
:100700003400206D002802D02000216D8847002091
:1007100032BD00006C540258805402589454025860
:10072000B80402401000024028000240400002408D
:10073000580002407000024088000240A0000240C1
:10074000B800024010040240280402404004024065
:10075000580402407004024088040240A004024091
:10076000085402581C540258305402584454025839
:1007700058540258945402582DE9F84F04000020B0
:100780000090DFF8500A00684FF41651B0FBF1F802
:10079000D4F85890D4F858A0D9F80050DAF800608E
:1007A000DFF834BA206858454AD02068DFF82C1AA0
:1007B000884245D02068DFF8281A884240D0206857
:1007C000DFF8201A88423BD02068DFF81C1A8842E4
:1007D00036D02068DFF8141A884231D02068DFF85C
:1007E000101A88422CD02068DFF8081A884227D0D7
:1007F0002068DFF8041A884222D02068DFF8FC194C
:1008000088421DD02068DFF8F819884218D0206887
:10081000DFF8F019884213D02068DFF8EC1988421D
:100820000ED02068DFF8E419884209D02068DFF88C
:10083000E019884204D02068DFF8D819884201D135
:10084000012000E00020C0B2002800F0268308212B
:1008500094F85C0010F01F0011FA00F0054269D016
:10086000206858454AD02068DFF87029904245D06A
:100870002068DFF86C29904240D02068DFF86429B6
:1008800090423BD02068DFF86029904236D0206843
:10089000DFF85829904231D02068DFF8542990427F
:1008A0002CD02068DFF84C29904227D02068DFF850
:1008B0004829904222D02068DFF8402990421DD07C
:1008C0002068DFF83C29904218D02068DFF83429EE
:1008D000904213D02068DFF8302990420ED0206873
:1008E000DFF82829904209D02068DFF824299042B7
:1008F00004D02068DFF81C29904204D120680068E9
:1009000010F0040003E02068006810F008000028E0
:1009100010D02068006830F004002268106094F85D
:100920005C0010F01F008140C9F80810606D50F0A5
:100930000100606594F85C0010F01F002900C140C0
:10094000C80763D5206858454AD02068DFF88C185E
:10095000884245D02068DFF88818884240D0206857
:10096000DFF8801888423BD02068DFF87C18884286
:1009700036D02068DFF87418884231D02068DFF85C
:10098000701888422CD02068DFF86818884227D079
:100990002068DFF86418884222D02068DFF85C18ED
:1009A00088421DD02068DFF85818884218D0206887
:1009B000DFF85018884213D02068DFF84C188842BE
:1009C0000ED02068DFF84418884209D02068DFF88C
:1009D0004018884204D02068DFF83818884204D1D3
:1009E0002068406910F0800002E020680068002064
:1009F00000280BD0012094F85C1011F01F018840F2
:100A0000C9F80800606D50F002006065042194F898
:100A10005C0010F01F0011FA00F0054262D020685F
:100A200058454AD02068DFF8B427904245D0206866
:100A3000DFF8AC27904240D02068DFF8A82790422A
:100A40003BD02068DFF8A027904236D02068DFF83E
:100A50009C27904231D02068DFF8942790422CD018
:100A60002068DFF89027904227D02068DFF8882799
:100A7000904222D02068DFF8842790421DD0206861
:100A8000DFF87C27904218D02068DFF87827904262
:100A900013D02068DFF8702790420ED02068DFF86E
:100AA0006C27904209D02068DFF86427904204D078
:100AB0002068DFF86027904204D12068006810F0B9
:100AC000020002E020680068002000280AD094F8A4
:100AD0005C0010F01F008140C9F80810606D50F0F4
:100AE00004006065102194F85C0010F01F0011FAFA
:100AF00000F0054200F08680206858454AD0206802
:100B0000DFF8D826904245D02068DFF8D4269042FE
:100B100040D02068DFF8CC2690423BD02068DFF838
:100B2000C826904236D02068DFF8C026904231D0E7
:100B30002068DFF8BC2690422CD02068DFF8B4266D
:100B4000904227D02068DFF8B026904222D020685B
:100B5000DFF8A82690421DD02068DFF8A426904236
:100B600018D02068DFF89C26904213D02068DFF868
:100B7000982690420ED02068DFF89026904209D047
:100B80002068DFF88C26904204D02068DFF88426A5
:100B9000904204D12068006810F0080003E020684B
:100BA000006810F0040000282CD094F85C0010F0CD
:100BB0001F008140C9F8081020680068400311D563
:100BC00020680068000306D4206C00281AD020009A
:100BD000216C884716E0A06C002813D02000A16C7F
:100BE00088470FE020680068C00505D420680068C9
:100BF00030F0080021680860206C002802D0200036
:100C0000216C8847202194F85C0010F01F0011FA35
:100C100000F0054200F0BD80206858454AD02068A9
:100C2000DFF8B825904245D02068DFF8B42590421F
:100C300040D02068DFF8AC2590423BD02068DFF838
:100C4000A825904236D02068DFF8A025904231D008
:100C50002068DFF89C2590422CD02068DFF894258E
:100C6000904227D02068DFF89025904222D020685B
:100C7000DFF8882590421DD02068DFF88425904257
:100C800018D02068DFF87C25904213D02068DFF868
:100C9000782590420ED02068DFF87025904209D068
:100CA0002068DFF86C25904204D02068DFF86425C6
:100CB000904204D12068006810F0100003E0206822
:100CC000006810F00200002863D094F85C0010F077
:100CD0001F008140C9F8081094F8350004282CD171
:100CE0002068006830F016002168086020684069BC
:100CF00030F0800021684861206C002802D1A06C8F
:100D0000002805D02068006830F0080021680860DD
:100D10003F2094F85C1011F01F018840C9F80800CA
:100D2000012084F83500002084F83400206D00286C
:100D300002D02000216D88474AE220680068400305
:100D400011D520680068000306D5606C002820D00B
:100D50002000616C88471CE0E06B002819D020005F
:100D6000E16B884715E020680068C0050BD4206857
:100D7000006830F0100021680860012084F8350018
:100D8000002084F83400E06B002802D02000E16BE2
:100D90008847606D002800F01B82606DC00774D525
:100DA000042084F83500206858454AD02068DFF8D0
:100DB0002C14884245D02068DFF82414884240D0A3
:100DC0002068DFF8201488423BD02068DFF8181430
:100DD000884236D02068DFF81414884231D0206869
:100DE000DFF80C1488422CD02068DFF80814884201
:100DF00027D02068DFF80014884222D02068DFF86E
:100E0000FC1388421DD02068DFF8F413884218D004
:100E10002068DFF8F013884213D02068DFF8E81369
:100E200088420ED02068DFF8E413884209D0206899
:100E3000DFF8DC13884204D02068DFF8D81388423A
:100E400006D120680068400840002168086005E07D
:100E50002068006840084000216808600098401C35
:100E60000090804503D320680068C007F6D420684E
:100E70000068C00703D5032084F8350002E0012094
:100E800084F83500002084F83400E06C002800F07D
:100E90009F812000E16C88479AE12068DFF8C41642
:100EA000884222D02068DFF8C01688421DD0206812
:100EB000DFF8B816884218D02068DFF8B4168842E8
:100EC00013D02068DFF8AC1688420ED02068DFF817
:100ED000A816884209D02068DFF8A016884204D0FE
:100EE0002068DFF89C16884201D1012000E0002034
:100EF000C0B2002800F06C81206800680700042060
:100F000094F85C1011F01F0110FA01F10E4272D03A
:100F1000790770D594F85C1011F01F018840CAF869
:100F20000400380411D5F80307D5A06C002800F0A0
:100F30004F812000A16C88474AE1206C002800F016
:100F400047812000216C884742E1B8064BD42068D5
:100F500058453BD02068A149884237D02068A04935
:100F6000884233D020689F4988422FD020689E490C
:100F700088422BD020689D49884227D020689C4910
:100F8000884223D020689B4988421FD020689A4914
:100F900088421BD020689949884217D02068984918
:100FA000884213D02068974988420FD0206896491C
:100FB00088420BD020689549884207D02068944920
:100FC000884203D020689349884206D1206800688F
:100FD00030F008002168086005E02068006830F003
:100FE000040021680860206C002800F0F1802000D7
:100FF000216C8847ECE0022094F85C1011F01F018E
:1010000010FA01F10E4277D0B90775D594F85C104B
:1010100011F01F018840CAF80400380411D5F80304
:1010200007D4606C002800F0D3802000616C8847F2
:10103000CEE0E06B002800F0CB802000E16B884719
:10104000C6E0B80651D4206858453BD020686349B3
:10105000884237D020686249884233D0206861498D
:1010600088422FD02068604988422BD020685F4991
:10107000884227D020685E49884223D020685D4995
:1010800088421FD020685C4988421BD020685B4999
:10109000884217D020685A49884213D0206859499D
:1010A00088420FD02068584988420BD020685749A1
:1010B000884207D020685649884203D020685549A5
:1010C000884206D12068006830F01400216808606A
:1010D00005E02068006830F00A00216808600120FF
:1010E00084F83500002084F83400E06B00286FD0CD
:1010F0002000E16B88476BE0082094F85C1011F049
:101100001F018840064263D0380761D520685845E2
:101110003BD020683149884237D020683049884226
:1011200033D020682F4988422FD020682E4988422A
:101130002BD020682D49884227D020682C4988422E
:1011400023D020682B4988421FD020682A49884232
:101150001BD020682949884217D020682849884236
:1011600013D02068274988420FD02068264988423A
:101170000BD020682549884207D02068244988423E
:1011800003D020682349884206D12068006830F0E7
:101190001C002168086005E02068006830F00E003F
:1011A00021680860012094F85C1011F01F0188404C
:1011B000CAF8040001206065012084F83500002091
:1011C00084F83400E06C002802D02000E16C8847ED
:1011D000BDE8F18FBC00002410000240280002404E
:1011E0004000024058000240700002408800024067
:1011F000A0000240B800024010040240280402404F
:101200004004024058040240700402408804024036
:10121000A0040240B8040240F0B4856D866DDFF88A
:101220002C750468BC4272D00468DFF824C564459C
:101230006DD00468DFF81CC5644568D00468DFF829
:1012400018C5644563D00468DFF810C564455ED0F6
:101250000468DFF80CC5644559D00468DFF804C59C
:10126000644554D00468DFF800C564454FD0046875
:10127000DFF8F8C464454AD00468DFF8F4C4644574
:1012800045D00468DFF8ECC4644540D00468DFF85A
:10129000E8C464453BD00468DFF8E0C4644536D058
:1012A0000468DFF8DCC4644531D00468DFF8D4C4D6
:1012B00064452CD00468DFF8D0C4644527D00468A6
:1012C000DFF8A0C2644522D00468DFF89CC2644500
:1012D0001DD00468DFF894C2644518D00468DFF8B4
:1012E00090C2644513D00468DFF888C264450ED00C
:1012F0000468DFF884C2644509D00468DFF87CC262
:10130000644504D00468DFF884C4644501D1012435
:1013100000E00024E4B2002C0CD0846ED0F864C04D
:10132000CCF80440C46E002C04D0446FD0F870C0D8
:10133000CCF804400468BC424AD00468DFF810745A
:10134000BC4245D00468DFF80C74BC4240D004684D
:10135000DFF80474BC423BD00468DFF80074BC4280
:1013600036D00468DFF8F873BC4231D00468DFF887
:10137000F473BC422CD00468DFF8EC73BC4227D075
:101380000468DFF8E873BC4222D00468DFF8E07339
:10139000BC421DD00468DFF8DC73BC4218D004687E
:1013A000DFF8D473BC4213D00468DFF8D073BC42BA
:1013B0000ED00468DFF8C873BC4209D00468DFF8B7
:1013C000C473BC4204D00468DFF8BC73BC4201D1D2
:1013D000012400E00024E4B2002C1BD03F2490F84C
:1013E0005C7017F01F07BC40AC600468246834F4DC
:1013F000802407683C60046863608468402C04D1E2
:101400000468A2600468E16040E00468A1600468C8
:10141000E2603BE00468534FBC421CD00468524F6A
:10142000BC4218D00468514FBC4214D00468504FDD
:10143000BC4210D004684F4FBC420CD004684E4FE1
:10144000BC4208D004684D4FBC4204D00468DFF8A9
:101450003C73BC4201D1012400E00024E4B2002C22
:1014600014D0012490F85C7017F01F07BC40746022
:10147000046863608468402C04D10468A260046836
:10148000E16003E00468A1600468E260F0BC7047BA
:101490000168DFF8B82291423ED00168DFF8B0223F
:1014A000914239D00168DFF8AC22914234D0016812
:1014B000DFF8A42291422FD00168A84A91422BD094
:1014C0000168A74A914227D00168A64A914223D0D9
:1014D0000168A54A91421FD00168A44A91421BD0DD
:1014E0000168A34A914217D00168A24A914213D0E1
:1014F0000168A14A91420FD00168A04A91420BD0E5
:1015000001689F4A914207D001689E4A914203D0E8
:1015100001689D4A914201D1012100E00021C9B238
:10152000002918D0017801F0FF0110391822B1FB11
:10153000F2F1974A11F00703D25CC265042905D382
:101540000268920A9202121D826508E00268920AFD
:101550009202826503E00168090A09028165806DD3
:1015600070470000085402581C5402583054025866
:1015700044540258585402586C540258805402582B
:1015800094540258020000209169002917D1916AF1
:10159000002905D0022903D008D303290DD00DE07E
:1015A000D16AC90101D50121080036E0D16AB1F143
:1015B000C07F01D1012108002FE02EE02DE09169CC
:1015C000B1F5005F19D1916A002905D0022903D035
:1015D00005D3032909D00FE0012108001DE0D16ADD
:1015E000C90101D50121080017E0D16AB1F1C07F1E
:1015F00001D10121080010E00FE0916A00290229C1
:1016000002D9C91E03D008E00121080005E0D16A13
:10161000C90101D501210800FFE7C0B2704710B42D
:10162000036801685B4A91421BD001685A4A9142A3
:1016300017D00168594A914213D00168584A914223
:101640000FD00168574A91420BD00168564A914227
:1016500007D00168554A914203D001684B4A914234
:1016600001D1012100E00021C9B2002912D0017886
:1016700001F0FF0108391422B1FBF2F24C4911EBE1
:10168000820101664B494166012412F01F018C4022
:10169000846618E0017801F0FF0110391822B1FBCF
:1016A000F2F245498B4203D230498B4200D30832D3
:1016B000424911EB8201016641494166012412F061
:1016C0001F018C40846610BC7047017901F0FF0156
:1016D000002939D0092937D202682E4B9A421BD0F3
:1016E00002682D4B9A4217D002682C4B9A4213D0B5
:1016F00002682B4B9A420FD002682A4B9A420BD0B9
:101700000268294B9A4207D00268284B9A4203D0BC
:1017100002681E4B9A4201D1012200E00022D2B29F
:10172000002A06D0274A12EB8102C266264A0267C7
:1017300005E0264A12EB8102C266254A02670123B0
:1017400011F1FF0293404367704700001000024010
:101750002800024040000240580002407000024051
:1017600088000240A0000240B8000240100402407D
:101770002804024040040240580402407004024021
:1017800088040240A0040240B80402409454025865
:10179000E4AB0408085402581C5402583054025850
:1017A00044540258585402586C54025880540258F9
:1017B0000058025880580258B904024000080240FC
:1017C00080080240FC58025840590258FC08024068
:1017D0004009024001480068704700BF68C1032407
:1017E00038B5044600230220236020740022636081
:1017F0000E21626104F14C0023760025E3832284EC
:10180000E3862387E287A4F840306364A36401F091
:1018100013FB04F15A000122058045808580827106
:10182000C571204601F007FC204632BD38B504469C
:10183000208F30B9DD227849784801F07BFCAFF386
:101840000080E18E208F04EB4102558C411E2187E0
:10185000E18E491C88B2E1860A2824BF0A39E18654
:10186000204601F065F9218C02293CBF491C2184E6
:10187000E08B08B90221E183E08B401EE08380B257
:1018800004EB400128464D8332BD10B50446208F3D
:1018900030B9C5226249634801F04CFCAFF30080C7
:1018A000E08E04EB4002518C481E8041C00F10BDF9
:1018B0002DE9F04104461D46238F8846174633B96B
:1018C000C5225749574801F035FCAFF30080E18E3F
:1018D00004EB41004146468C204601F030FB5FEAB4
:1018E000000808BF002037D03B6841463846DA6818
:1018F0009047A6F5C061B1F5407F07D22860024647
:1019000033463946204600F053FF16E0A8F56061E3
:10191000802906D2286002463946204600F03CFE67
:101920000BE094F8611041B140F60212904504D1E9
:1019300028600146204600F00DFE50B12860427B31
:10194000817A520002F480720A43511E8941C90F04
:1019500000E0002184F86110286058E02DE9F04192
:1019600006461C46338F8846154633B9C5222C4996
:101970002C4801F0DFFBAFF30080F18E06EB410055
:101980004146478C304601F0DAFA5FEA000808BFAA
:1019900000203BD0D5F800E0079B069A4146284638
:1019A000DEF808C0E047A7F5C061B1F5407F07D277
:1019B000206002463B462946304600F0F9FE16E01C
:1019C000A8F56061802906D220600246294630468B
:1019D00000F0E2FD0BE096F8611041B140F6021212
:1019E000904504D120600146304600F0B3FD50B16F
:1019F0002060427B817A520002F480720A43511EB9
:101A00008941C90F00E0002186F86110206040463E
:101A1000BDE8F081000000005479040808AB040818
:101A200014710408F0AA0408012310E0911C027C40
:101A30004160114602290ADA00EB8101521C02744E
:101A40008968416100291EBF098800290376426820
:101A500012B1017E91B105E00168002918BF416013
:101A6000F7D114E0416900291CBF0A88002A03D07D
:101A70008B1C4361088870470021017642681188F9
:101A800029B10229D2D0911C4160108870470020F2
:101A900070473CB4049C016000210025416011683E
:101AA00081605168C16005744561057605870584CC
:101AB000A0F840504364846436BC01F0BCBA1CB545
:101AC000009304AC13462246FFF7E3FF13BD012148
:101AD00080F8601070472DE9F04F83B007463B8FC8
:101AE0000C4643B9C522DFF8641ADFF8640A01F036
:101AF00021FBAFF30080F88E07F1220131F810804E
:101B0000B8F1000F00F0C984B8F1800F31DA012C70
:101B10002FD1B8F13C0F08BF3E2000F0BF84B8F1D0
:101B20003E0F08BF3C2000F0B984B8F1280F08BF71
:101B3000292000F0B384B8F1290F08BF282000F055
:101B4000AD84B8F15B0F08BF5D2000F0A784B8F149
:101B50005D0F08BF5B2000F0A184B8F17B0F08BFC8
:101B60007D2000F09B84B8F17D0F08BF7B2000F042
:101B70009584388F012808D8CB22DFF81C1CDFF8A9
:101B80001C0C01F0D7FAAFF30080F88E401C80B235
:101B90000A2828BF0A3807F1220131F81060388F6F
:101BA000032808D2CB22DFF8F01BDFF8F00B01F09E
:101BB000C1FAAFF30080F88E811C89B20A2928BFD0
:101BC0000A3940F2516407F12202A64232F811505C
:101BD0003AD1A8F24B61152919D3B8F5CE6F1CBFC5
:101BE00040F27463984512D0A8F2D66106290ED946
:101BF000A8F2DF62062A21BFA8F2E7610229A8F253
:101C0000EA62042A03D3A8F6E4011A291CD807F1D2
:101C10002202464622F81040388F022809DA4FF493
:101C20008E72DFF87C1BDFF87C0B01F083FAAFF3D8
:101C30000080F98E491C89B20A2934BF490000216D
:101C400007F12200A0464652A8F22262192A0BD3BD
:101C5000A8F5C8610A2907D9A8F27160632803D3DF
:101C6000B8F1200F40F01984388F032808D8CB2210
:101C7000DFF8241BDFF8240B01F05CFAAFF30080DF
:101C8000F88EC01C80B20A2828BF0A3807F122014A
:101C900031F81040388F042808D8CB22DFF8F81A22
:101CA000DFF8F80A01F046FAAFF30080F98E091D5B
:101CB00089B20A2928BF0A3907F1220030F8110039
:101CC000A0F22262192A64D3A0F5C8610A2960D95A
:101CD000A0F2716063285CD3A8F22761222958D250
:101CE000A5F22760232854D8A4F22F62192A50D2D3
:101CF0004FF46170192118FB00F044F21A1315FB20
:101D00000101B86C6418E21A00281CBF018B00297D
:101D10003FD0D0F800C04FF0000901E00EF10109FA
:101D2000894536DA01EB090E1FFA82FA0EEBDE7EE8
:101D30004FEA6E0E0EEB8E0044003CF80400504556
:101D4000ECD391B2814238BF7146E9D30CEB040069
:101D5000841C1ED06088B0421BD1398F032908D261
:101D6000D222DFF8441ADFF8440A01F0E3F9AFF3B6
:101D70000080388FC11E3987F98EC91C88B2F98658
:101D80000A2824BF0A39F986012287F860202088B2
:101D9000D8E30024B8F1200F01943BD0A8F5C56129
:101DA000222937D9A6F24B620020152AADF802008D
:101DB0001AD3B6F5CE6F1CBF40F27460864213D0C2
:101DC000A6F2D662062A0FD9A6F2DF61062921BF44
:101DD000A6F2E762022AA6F2EA60042804D3A6F675
:101DE000E4011A2900F29980ADF80260388F2E467E
:101DF000032808D8CB22DFF8A019DFF8A00901F0EA
:101E000099F9AFF30080F98EC91C89B20A2928BF5D
:101E10000A397EE0A6F22C602528C3D8A5F22C61F1
:101E2000252906D9B5F5CE6F1CBF40F2D260854298
:101E3000B8D1B8F1200F0FBF4CF6D072A8F5C5612C
:101E40004FF4BE6011FB00F2B5F5CE6F08BF40F253
:101E5000526006D040F2D26085420CBF2720A5F226
:101E60002C60A6F22C6303EB830102EBC102821803
:101E7000B86C00281CBF418B002993D0D0F804C057
:101E8000A14601E00EF10109894516DA01EB090EC0
:101E900093B20EEBDE7E4FEA6E0E0EEB8E00440028
:101EA0003CF804009842EDD391B2814238BF7146AC
:101EB000EAD30CEB0400841C00E00024002C3FF467
:101EC00071AF02200190398F032908D8CB22DFF8A7
:101ED000C818DFF8C80801F02DF9AFF30080002022
:101EE000ADF80200019E388F761CB1B2814206D255
:101EF000FA8EB518ADB20A2D28BF0A3D5AE0CB22A2
:101F0000DFF89418DFF8940801F014F9AFF30080BB
:101F1000EEE707F1220030F81150002C41D1B8F162
:101F2000200F03D0A8F2266024283AD8A6F2226116
:101F3000B42936D240F24462964204BF40F2276090
:101F400085422ED0BDF8021040F24F6291422CD053
:101F5000B86C06F0FF0646EA082600281CBF818BF5
:101F600000291ED084684FF0000E01E00CF1010E34
:101F70008E451DDA01EB0E0CB2B20CEBDC7C4FEAA5
:101F80006C0C0CEB8C004300E05A9042EED3B1B2E3
:101F9000814238BF6146EBD3E018841C0CB10121AB
:101FA0000191BDF8020000289CD0019E761C9AE7A2
:101FB0000024F3E707F1220030F81500A0F24B618E
:101FC000152990D3B0F5CE6F1CBF40F274639842D0
:101FD00089D0A0F2D661062985D9A0F2DF62062A4F
:101FE00021BFA0F2E7610229A0F2EA62042AFFF40D
:101FF0007AAFA0F6E4011A297FF675AFA0F222624B
:10200000192A0CD3A0F5C8610A2908D9A0F2716079
:1020100063288941C943C90F8DF8001002E00022EE
:102020008DF8002097F860109DF800004E1EB64114
:10203000F60F00B9B61C002C00F0E78134F816103A
:10204000002940F0D8810198002800F0D481398F10
:102050008146451C1FFA89F0884208D3CB22DFF85D
:102060003817DFF8380701F065F8AFF30080F88E15
:1020700081441FFA89F9B9F10A0F28BFA9F10A09A9
:1020800007F1220140F2746A31F81920DFF808974D
:1020900014E0ABF10A0B0DE0388FAB466D1C1FFA54
:1020A0008BF1814227D2FA8E93441FFA8BFBBBF14E
:1020B0000A0FEED207F1220030F81B20A2F24B618A
:1020C0001529E9D3B2F5CE6F18BF5245E4D0A2F27C
:1020D000D6600628E0D9A2F2DF61062921BFA2F26C
:1020E000E7600228A2F2EA610429D5D3A2F6E4004F
:1020F0001A28D1D908E0CB224946DFF8A00601F022
:1021000019F8AFF30080CEE7029702982F46816C52
:10211000002938D01046A0F221631A2B05D2C868D6
:1021200000EBC201DFF8542B08E0A0F241630A2B58
:1021300006D2086900EBC201DFF8442B8D1823E0BA
:10214000A0F2716063281ED2C88BE0B149690023F8
:1021500001E00BF10103834215DA00EB030B0BEBFB
:10216000DB7B4FEA6B0B0BEB8B0C4FEA4C0C31F823
:102170000CE09645EDD3724538BF5846EBD301EBE2
:102180000C00851C00E00025029ABA467F1C1FFA4D
:102190008AF0118F884207D3CB224946DFF8FC052D
:1021A00000F0C8FFAFF300800298C18E8A441FFA86
:1021B0008AFABAF10A0F28BFAAF10A0A00F122012D
:1021C000814631F81A2040F2746A16E0ABF10A0B2E
:1021D0000FE0B9F83800BB467F1C1FFA8BF1814233
:1021E00028D2B9F8362093441FFA8BFBBBF10A0FB3
:1021F000ECD209F1220030F81B20A2F24B61152924
:10220000E7D3B2F5CE6F18BF5245E2D0A2F2D66046
:102210000628DED9A2F2DF61062921BFA2F2E7601B
:102220000228A2F2EA610429D3D3A2F6E4001A2814
:10223000CFD909E0CB22DFF86015DFF8600500F0A8
:1022400079FFAFF30080CCE74F46B96C00293AD054
:102250001046A0F221631A2B07D2D1F80CC0DFF888
:102260001C0A0CEBC20108442EE0A0F241630A2BC9
:1022700006D20869DFF8081A00EBC202501823E002
:10228000A0F2716063281ED2C88BE0B149690023B7
:1022900001E00BF10103834215DA00EB030B0BEBBA
:1022A000DB7B4FEA6B0B0BEB8B0C4FEA4C0C31F8E2
:1022B0000CE09645EDD3724538BF5846EBD301EBA1
:1022C0000C00801C00E00020002D1CBFE9880029C4
:1022D00006D028B14188002904BFC088002818D141
:1022E000022E0AD12188A1B140F24462904510D15A
:1022F000012000268DF80000E3E0032E09D160885C
:1023000038B140F24461884503D101268DF8006060
:10231000D2E0B86C424600283CD01146A1F22163BD
:102320001A2B07D2D0F80CC0DFF850190CEBC20002
:10233000451830E0A1F241630A2B07D2D0F810C053
:10234000DFF83C090CEBC2010D1824E0A1F2716129
:1023500063291FD2C18BE9B1D0F814E04FF0000916
:1023600001E005F10109894514DA01EB090505EBE6
:10237000D5756D1005EB85004FEA400C3EF80C005A
:102380009042EED3824238BF2946ECD30EEB0C00CC
:10239000851C00E00025388F012808D8CB22DFF803
:1023A000F813DFF8F80300F0C5FEAFF30080F88EF5
:1023B000401C80B20A2828BF0A3807F1220131F8F0
:1023C000100097F86010A0F22260B2289241D24328
:1023D000D20F491E8941C90F100008BF891C002D6A
:1023E0001CBF35F81100002805D08DF80020002210
:1023F0000E462C460192022E53D1A088002865D1AA
:10240000012100268DF800105BE0B86C00283ED05A
:102410004146A1F221631A2B07D2D0F80CC0DFF895
:102420005C080CEBC8010C182FE0A1F241630A2BE9
:1024300007D2D0F810C0DFF848180CEBC8004418D9
:1024400023E0A1F27161632921D2C18BF9B1D0F8E7
:1024500014E04FF0000901E005F1010989451EDA99
:1024600001EB090505EBD5756D1005EB85004FEA0D
:10247000400C3EF80C004045EED3804538BF29465D
:10248000ECD30EEB0C00801C0446002CB3D1B8F545
:10249000C86F04BF002087F86000404652E000206B
:1024A000F2E7032E06D1E08880B9012101268DF8DC
:1024B000001001E0012E03D1608838B9002605E044
:1024C00026B9218811B9608800B1012634F81600B8
:1024D0000028E2D09DF80020398F87F86020019D08
:1024E000A8B2814206D2D222AF49B04800F022FE03
:1024F000AFF300803A8FF98E521B3A876D18A8B25D
:10250000FD860A2824BFA5F10A02FA86BDF802005A
:10251000B0B1398F022907DA4FF48E72A049A14871
:1025200000F008FEAFF30080F88E401C80B20A284D
:1025300034BF40000020BDF8021007F12202115202
:1025400034F8160003B0BDE8F08F000014710408E1
:10255000F0AA040838B5044689B104F14C000E22F3
:1025600000F0FAFD04F15201CD7908786D0105F40F
:10257000807505436D42CD7004F14C0032BD0020E2
:1025800032BD10B50C46104619460368DA6890470C
:1025900000B10446204610BD2DE9F84F14008046D6
:1025A00007D108F154000023C3800381438100F068
:1025B0001FBC627BE679B4F8049040F6316B8A4622
:1025C000100100F480700643F708B9EB0B0508D042
:1025D000ED1E032D05D92D1F022D44D90F3D072DCA
:1025E0005DD808F14C0021460E2200F0B5FDB8F888
:1025F000380040B9C522DFF8AC17DFF8AC0700F0AF
:1026000099FDAFF30080B8F8360040F6336108EB6F
:102610004002538C8B4211D1DAF800405046E268F8
:102620009047417B007ACB0003F48073184349063E
:1026300048BFA0F5007008F15402D08008F15401A1
:10264000C8884A793618BE19CE8048890E7036047B
:10265000F61402F09F0206F0600616434A784E71A7
:10266000121A4A7017E008F14C0021460E2200F0C1
:1026700073FD08F1540002894179D21B02701204E3
:10268000D21402F0600201F09F010A4301894271F5
:102690008E1BF61B068108F14C00BDE8F28F40F658
:1026A0001B6C08F15407E1451FBF40F61D618945C9
:1026B00040F61F60814526D108F14C0021460E22CC
:1026C00008F14C0400F048FDA9F101039BB2524609
:1026D00021464046FFF755FF417B007ACA0002F4CD
:1026E00080721043490648BFA0F50070F880617BF6
:1026F000A07A490001F4807108430246400900EBCA
:102700009200788139E0207AD30003F48073034388
:10271000510648BFA3F5007340F60960FB8040F600
:10272000136B81451EBFD94540F61961894522D1F9
:1027300008F14C0021460E2208F14C0400F00CFD7B
:10274000607BA57A400000F480700543D9450CBF3A
:1027500040F60C63A9F101039BB252462146404664
:10276000FFF70FFF417B807A490001F4807101433C
:102770006D1A7D8101E000217981607B217AC200A0
:1027800002F480721143400648BFA1F500718E1B10
:1027900020463E81BDE8F28F80710408CCA8040871
:1027A000EC710408FCAA0408AC79040814AB040812
:1027B0002DE9F8431400814609F15405DFF8EC8552
:1027C00008D1A5F806800020A5F80880A5F80A80A1
:1027D000BDE8F283617BE679A0880B0103F4807386
:1027E0001E43042ECCBFB70801274FF4C263C01AA2
:1027F00009285FD90A3800F0A2803138012859D958
:10280000801E00F09C80401E012853D9801E00F0DD
:102810009680401E03284DD9001F012840F28F806A
:10282000801E042846D9401F00F08980401E0128E0
:1028300040D9801E00F0838011383BD0001F39D072
:102840006238052884BF0938032833D9001F76D0A1
:10285000401E2FD0C01E01282CD9C01E6FD0401E94
:10286000012827D9801E6AD040F2F713C01A012828
:1028700020D9801E63D0401E01281BD9801E5ED047
:10288000401E022816D9C01E022858D9C01E012891
:1028900010D9801E53D0401E02280BD9C01E4ED026
:1028A000401E012806D9801E012848D9801E032811
:1028B00000F28B80B5F90600404504BFB5F9083039
:1028C00043450CD1207ACA0002F4807202434906C3
:1028D00048BFA2F50072961BEA802E8191E009F1B3
:1028E0004C0021460E2200F037FCB5F90A004045A5
:1028F00008D0677BA1797F0107F480773943A0EB8B
:1029000051006870B5F9060040450AD03018697961
:1029100028700004C01400F0600001F09F0108431B
:1029200068716A792978D00000F4807001435206FA
:1029300048BFA1F500718E1BE9802E8141E0B5F9F9
:102940000600404504BFB5F9083043450BD1207A55
:10295000CA0002F480720243490648BFA2F5007221
:10296000921B2A814DE009F14C0021460E2200F015
:10297000F3FBB5F90A00404508D0617BA279490113
:1029800001F480710A43A0EB52006870B5F90800A9
:1029900040450AD0C71B2F7068793F04FF1407F029
:1029A000600700F09F0007436F716A792978D000B3
:1029B00000F480700143520648BFA1F500718E1BE0
:1029C0002E8109F14C00BDE8F283207ACA0002F49E
:1029D00080720243490648BFA2F50072EA80E88887
:1029E0004CF6CD43861B2E81627BA07994F90910A9
:1029F000520102F4807202435200534301EB9341AF
:102A000069812046BDE8F2832DE9F84F1546A942B9
:102A100006468B4699464DD2A5EB0B04A4B2012C79
:102A200048DBDFF88C03DFF88CA30090DFF88883A5
:102A3000308F98B1378FCB22DFF88013DFF8800317
:102A40007B1E338700F076FBAFF30080F08E3F18DB
:102A5000781E80B20A2828BF0A3807E0EA224146D9
:102A6000504600F067FBAFF30080E3E7B6F8401094
:102A700006F1220232F81070491C032907D2B6F879
:102A80004000401CA6F84000F08F50B907E00098C5
:102A9000F022CC4900F04EFBAFF30080EFE70220BC
:102AA000F087F18F481E641EF08780B206EB40006D
:102AB0004787BDD1308F584506D2D222C249C3487C
:102AC00000F038FBAFF30080328FA2EB0B023287AD
:102AD000F08E83441FFA8BF10A29A6F836B021D371
:102AE000ABF10A02F2861DE0308F6D1EA9B239F8F3
:102AF0001140401C0A2806D9F022B549B54800F01B
:102B000019FBAFF30080308F401C3087F08E08B97E
:102B10000A20F086F18E06F12200491EF18689B264
:102B200020F81140A8B20028DED13046BDE8F24FAF
:102B30002DE9F84FDFF8A09240F22315DFF89CA2B0
:102B4000DFF89CB240F21118044614E00A3F0EE090
:102B5000208F0A2826D2218F491C4F1E218789B237
:102B60008F4227D2E18E7F18BFB20A2FEED204F136
:102B7000220020F81760B4F84000002849D0218FC7
:102B80000A2949D0E38F411E04EB4302568FA4F873
:102B90004010E18F491C88B20228E187D8D3891EF2
:102BA000E187D5E742465946504600F0C3FAAFF3F5
:102BB0000080D0E72A4649468A4800F0BBFAAFF3C6
:102BC0000080CFE70A3E20E02046FEF72DFF0746B3
:102BD000208F0A2806D342465946504600F0AAFAEA
:102BE000AFF30080218F491C4E1E218789B28E428F
:102BF00006D32A4649467B4800F09CFAAFF3008092
:102C0000E18E7618B6B20A2EDCD204F1220020F84A
:102C10001670218F0A29D7D1BDE8F18F2DE9F04731
:102C200005460A246E6CDFF88091DFF8788177889A
:102C3000288F641E70B1B5F836E032467908284610
:102C400005EB4E0CBCF822A0534600F0D4F848B96E
:102C5000BDE8F087C5224146484600F06BFAAFF365
:102C60000080E8E706EB40015246284600F00AF8EB
:102C7000002818BF002CDBD1BDE8F087F8CEFFFF9D
:102C8000F8CDFFFF2DE9F84F06468846924616E03C
:102C9000C7F3032BC7F30310054600905B464A4673
:102CA0004146304607F00F0700F020F890B908EBD6
:102CB000490C0CEB4B0000EB450101EB470838F8E1
:102CC000027BC7F3033938F819105145E0D00020D2
:102CD000BDE8E68FD944A94408EB49033A46594672
:102CE0003046FFF791FE0120BDE8E68F2DE9F84F51
:102CF00098460025130026D0DFF8ECA0044689464C
:102D00001646208C721B571EB9B239F802BB81429D
:102D100006D2E38BFF18BFB2022F28BFBF1E07E009
:102D2000CB225146314800F005FAAFF30080F0E7BE
:102D300004EB47035A8B934530D16D1CA9B2B142C5
:102D4000DFD3204649460A9A002502EB0806012EE9
:102D500025DBDFF86CA0DFF8648004468946208F0D
:102D6000A9B239F8027B814206D2E08E281880B2DF
:102D70000A2828BF0A3807E0CB224146504600F017
:102D8000D9F9AFF30080F0E704EB4001488C8742AB
:102D900004D16D1CAAB2B242E1DB00E028E00120C0
:102DA000BDE8F28F14710408F0AA04080080FFFF48
:102DB00014A5040820AB04085C7A04088071040898
:102DC000CCA80408047A0408AC79040814AB0408FD
:102DD000B47A040828A504080C7B04082CAB04086A
:102DE000647B0408ECA80408BC7B0408FCA8040865
:102DF0000020BDE8F28F70B416880025B34222BFD0
:102E000002EB810C3CF8044C9C4204D2002070BCC4
:102E10007047751CADB28D42F8DA4E19760832F85B
:102E200026409C42F5DBA342B8BF3146F3DB02EB00
:102E30008600408870BC704762F30F2262F31F4225
:102E4000401810F0030308D0C91A1FD3DB0748BF8E
:102E500000F8012D28BF20F8022D130030B41446CD
:102E60001546103928BF20E93C00FAD8490728BF89
:102E700020E90C0048BF40F8042D890028BF20F845
:102E8000022D48BF00F8012D30BC7047C91818BF8B
:102E900000F8012DCB0728BF00F8012D7047F0B4D2
:102EA0000246106895681318506803EB5004C00779
:102EB00048BF4D44A3422DD013F8016B16F0030018
:102EC00004BF13F8010BC01C31090F2907D113F8F7
:102ED000011B0F3103E013F8017B05F8017B401E55
:102EE000F9D10029E6D013F8010BC6F38106032EB1
:102EF00008BF13F8016B00EB06204042284400266F
:102F0000B71E8F421EBF10F8017B05F8017B761CAF
:102F1000F6D1CFE7F0BC02F10C00704708B4F0B571
:102F200004000D00160005AF3B0032002900C9B2B5
:102F3000200000F064F980B2F0BC5DF808FB2DE9D8
:102F4000F04104000D002900C9B22000FEF7C3FDC6
:102F5000010014F12202908A22F81010606C0028FF
:102F600064D014F12206F08A002806D1C5226449F3
:102F7000644800F0DFF8AFF30080B08A36F8100044
:102F800080B2002852D02000FFF748FE012614F13D
:102F900022073000F98A80B2884206D3CB225A49F0
:102FA0005A4800F0C7F8AFF30080B88A3018010023
:102FB00089B20A2901D280B201E080B20A3837F81A
:102FC000100040F63F16310080B288422ED114F135
:102FD0002207F88A002806D1C5224949494800F04D
:102FE000A9F8AFF30080B88A37F8107014F12208FE
:102FF000B8F81600022807DA4FF48E7244494548A3
:1030000000F098F8AFF30080B8F81400401C0100FD
:1030100089B20A2902D2010089B200E0002128F811
:10302000117014F122018A8A21F812602000FEF743
:10303000FDFBBDE8F08110B504002000FFF778FD2E
:103040002000FEF744FD10BDF7B582B004001D005E
:103050000A9E0CAF01970B98009033002A0003A939
:10306000200000F073F905B0F0BD70B50500002434
:10307000280080B2002826D12749280080B251F8C4
:10308000200000280FD0280080B251F820000168ED
:103090000144224A116041680144214A116081685B
:1030A000084404000FE01F481C4908601E4829001E
:1030B00089B250F821001A4908601C48290089B2D9
:1030C00050F821000400002C0CD01948058001F0B4
:1030D00066F9060001F065F90100320092B22000A5
:1030E00001F064F970BD02000C4800680C4B1B68CD
:1030F00089B253F8211000EB410070470000000036
:1031000014710408F0AA040880710408CCA804080B
:10311000EC710408FCAA0408B4C10324B8C1032458
:10312000BCC10324405B040850AC040854AC040840
:10313000FCC1032400B583B00091019202906A465D
:1031400004491820ABBE002801D101F03DF903B0BD
:1031500000BD00BF1010020062B38B0708D0521EE2
:1031600011F8013B00F8013B00F024808B07F6D1F9
:10317000830740F0208000BF103A07D330B4B1E895
:103180003810103AA0E83810F9D230BC530724BFE9
:10319000B1E80810A0E8081044BF51F8043B40F81B
:1031A000043BD20724BF31F8022B20F8022B44BF86
:1031B0000B7803707047121F17D35B0009D151F8C9
:1031C000043B20F8023B1B0C121F20F8023BF6D2F6
:1031D0000BE051F8043B00F8013B1B0A20F8023BCE
:1031E0001B0C121F00F8013BF3D238BF121D521EF8
:1031F00024BF11F8013B00F8013BF8D870472DE9D6
:10320000F0419AB004460D4690461F4601A8FEF7CD
:10321000E7FA216820460B6D98472268064620464B
:10322000D16C884703463A460096414601A80027DC
:10323000FEF72FFC47F6FF7809E02B464246214671
:1032400001A800F00DF801B28F42B8BF074601A8EF
:10325000FEF71BFB0028F0D038461AB0BDE8F0811D
:103260002DE9F84F144606460020012C9846834667
:1032700031DB4FF6FF6900900AE000204F450090D7
:103280001CBF42F20B0E774504D051462846BB4680
:103290008A4605466B46524641463046FEF708FBD5
:1032A0000746B8B10A2815D0009888B101460246F1
:1032B000487B897ADAF800C09788400000F4807073
:1032C00001434D19DCF844305946504698472D18B3
:1032D000641ED2D1284680B2BDE8F28F2DE9F043BA
:1032E0000E46012431008DB0814617461D461DD083
:1032F0002A68BDF950802846916B8847404200B249
:1033000003964FF6FF7302901FFA88F20195494623
:10331000009704A801F05BF804A800F0CBFEBDF80C
:103320001000002818BF641CF6D10BE0FEF77EFAEF
:103330000A2805D04846FEF779FA0028F8D101E0BE
:10334000641CF7E7A0B20DB0BDE8F0832DE9F14FA2
:10335000E4B06E9C002C1EBF1E46306800281CBFC7
:10336000B37B002B00F06681079196F805A011460B
:1033700005A88DF810A00822FFF7EEFEB079079D92
:103380004FF0000A0128B5F90470B5F9069026D06F
:1033900037D3032801D010D333E0BDF81650BDF960
:1033A0001A30BDF91410BDF91820A9EB0505ADF8C8
:1033B0001610ED1AADF814501FE0BDF81620BDF838
:1033C0001430BDF81A00BDF81810A9EB0202FB1A60
:1033D000121A5B1AADF81620ADF8143011E0BDF8E2
:1033E0001450BDF91820BDF91600BDF91A307D1B27
:1033F000ADF81400AD1AADF81650ADF81830ADF8B0
:103400001A20B079012818BF032802D138464F4648
:1034100081469DF8101021B9307938B900250991FD
:1034200009E0012904D13079022801D0012500E00A
:10343000002501200990DDF8BCB131A8FEF7D0F9D4
:10344000306801680A6D9047804630680368D96C1F
:1034500088470346CDF800805A46214631A8FEF73A
:1034600018FB30680268916B88473268B6F90C30F7
:10347000517A00EB03084018089018A8FEF7B0F93D
:10348000307C80B130680268116D884701903068E7
:103490000368D96C8847019A034600925A46214630
:1034A00018A8FEF7F6FA337C0393B6F90C201FFA3E
:1034B00089F3029231680191707918A90090F27B2A
:1034C0000AA8BA1A92B200F082FF307C18B3DDF875
:1034D0002090BDF9161009FA8AF088422CDA0AA861
:1034E00000F0E8FDBDF83E40200009D09DF810B086
:1034F000594631A8FFF723FD641EF9D18DF810B0AD
:10350000BDF82810C244002900F094809DF84A00BC
:103510000028DED08EE0089C02E00A2808BFC244E2
:10352000BDF9161004FA8AF0884205DA31A8FEF7D0
:103530007DF90028F1D17DE013A82C4600F08CFF26
:103540000021079A05AB13911492ADF854A047F6E9
:10355000FF7A169317969DF81090099D0021ADF8FB
:103560001010307C10B10AA800F0A4FD002D35D059
:10357000002C2ED0307C10B1BDF946100BE04AA8CB
:1035800031A96422FFF7F8FD31684B4652464AA83C
:10359000FFF766FE01B2B9F1000F307907D10128BB
:1035A00008BF791A06D0F27B791A891A05E001283A
:1035B00006D1C91901EBD1714910ADF8101000E026
:1035C00020B1307C60B95046002211E0F37BC9186D
:1035D000F3E7F27BBA1AADF81020F2E7F17BECE7E3
:1035E0009DF84A20BDF83E00521E9241D243D20FB0
:1035F000019013A931A8039102924B4600903268C2
:10360000649804A900F01AF8BDF854109DF84A0017
:103610004144ADF8541068B9BDF81620BDF81A0041
:1036200009B2821812B28A4204DB31A8FEF72DF9E2
:10363000002893D065B0BDE8F08F00002DE9F34F6E
:10364000A1B093462C9F98462D9D2F9C08A86422DC
:1036500039460026FFF790FD0021B8F1000F0796CC
:103660008946009140F02781002D8A4640F39C82D4
:103670002846ADF81210CDF814B02C9700272F94DF
:10368000009D002406904FF6FF62944232D1059AC5
:103690002C9807AB00214FF0000BFEF709F9044608
:1036A000079898B101460246487B91F80AB0BDF8E8
:1036B00012109488400000F480704BEA000B0598CB
:1036C000D0F800E0DEF8443098478344002C18BF5F
:1036D0000A2C00F0C480282C18BF292C08D07B2C81
:1036E00018BF7D2C04D05B2C1CBF5D2C3C2C08D15A
:1036F000012109E042F20B018C42C8D0ADF8124022
:10370000C5E73E2CF4D00021A4F130000A2807D3ED
:10371000A4F5CC620A2A6EEB0E0E4FEADE7E01E0C3
:103720004FF0010EA4F5B260B0F5B87F22BFDFF80C
:10373000442C1219B2F56C7F34BF8EF001000020CA
:103740004FF6FF6C644501D1012204E042F20B0305
:103750009C42F9D00022A4F1410CBCF11A0F24BF05
:10376000A4F161031A2B04D3802C04DB52EA00037A
:1037700001D14FF0010E032F41EA0E0163D8DFE8BB
:1037800007F002071D3D00280CBF0127022711E0AA
:1037900058B32F9808A90390059A0091229921986F
:1037A0001FFA89F9CDF808900023CDF8048002278C
:1037B00000F04DFA4FF00108D94644E099B12F9836
:1037C00008A90390059A0091229921981FFA89F976
:1037D000CDF808900123CDF80480012700F037FAD6
:1037E000B846D94634E0104303D008F10108D94463
:1037F00029E0032701251FFA8BF624E040B1A844F5
:1038000006EB0900022708F101080BEB00091AE09A
:10381000B1B12F9908A803911FFA89F10291059A75
:10382000009022992198CDF804800123012705F109
:10383000010800F00CFA06EB09000BEB000907E0A9
:103840006D1C16FA8BF6BAF1000F01D1012F01D1D0
:103850004FF0010A0699491E06917FF414AF3946CC
:103860000129DDF814B02F9C4846474600F06E81D0
:10387000022900F05F81032940F09681BAF1000F20
:1038800003940FD080B22299029008A8009021984A
:10389000019701235A46B6B200F0D9F90394029673
:1038A000019579E1301880B20290EF1908A80197CC
:1038B0000090012373E1002D40F3768105950025EA
:1038C0008DF81180DDF800802C9700272F940024BC
:1038D000ADF812108DF810104FF6FF62944233D1FC
:1038E0009DF811102C9807AB5A464FF0000AFDF7CF
:1038F000DFFF0446079898B101460246487B91F8DD
:103900000AA0DBF800C0BDF812109488400000F453
:103910008070DCF844304AEA000A584698478244EE
:10392000002C18BF0A2C00F0FF80282C18BF292C6F
:1039300008D07B2C18BF7D2C04D05B2C1CBF5D2CC9
:103940003C2C08D1012109E042F20B018C42C7D086
:10395000ADF81240C4E73E2CF4D00021A4F13002AF
:103960000A2A05D3A4F5CC600A288041C00F00E0E4
:103970000120A4F5B263B3F5B87F22BFDFF8F429C4
:103980001219B2F56C7F00D311B180F0010200E092
:1039900000224FF6FF6C644501D1012304E042F29E
:1039A0000B039C42F9D00023A4F141011A2924BF42
:1039B000A4F1610CBCF11A0F06D3802C06DB134373
:1039C000591E8941C90F02E0012100E00021072EA4
:1039D00000F29D80DFE806F0049B0C9B233A5F79A0
:1039E00008B1042654E000290CBF022606264FE049
:1039F00070B108A92F980390ADB20295219800915B
:103A00002299019701235A46042600F020F93FE04D
:103A1000C9B12F98ADB20390029501972FE090B9EC
:103A20002E2C18BF2C2C06D03A2C1EBF2F2C40F267
:103A30006B60844201D1052642E040F26C62944200
:103A4000F9D059B306267F1C554460E008B104261E
:103A50003EE0002944D008A82F990391ADB2029509
:103A6000229900902198019700235A4600F0EFF820
:103A70002F98CDF8048003901FFA89F0029008A9CE
:103A800021980091229901235A46062600F0DFF87A
:103A9000012755463BE00843D5D182B108A92F98AC
:103AA0000390ADB2029521980091229901970023CD
:103AB0005A46022600F0CBF8012755462CE007268F
:103AC0004FF001081FFA8AF921E0084307D00626C3
:103AD000474409EB05007F1C0AEB000517E092B193
:103AE00008A82F990391ADB20295229900902198D0
:103AF000019700235A46022600F0A9F808F10107B1
:103B00000AEB090508E008F1010819FA8AF99DF89D
:103B1000100008B9022E02D101218DF81010059A6B
:103B2000521E05927FF4D8AE022E2F9C28469DF897
:103B3000101007D180B20394029008A801970123C6
:103B400000902CE0042E18BF062E03D180B20394FF
:103B5000029020E0072E18BF052E25D100290394DE
:103B600015D080B22299029008A800902198019760
:103B700000235A461FFA89F900F069F808A803944F
:103B8000CDF808900123CDF80480009007E0484468
:103B900080B202904744019708A800230090229920
:103BA00021985A4600F053F82E9800284CD0DBF8A4
:103BB000002058464FF000095169884706001ED082
:103BC000DBF8003031465846DA68904700283BD091
:103BD000417B90F80A902269490001F4807149EA1A
:103BE0000109117C06290AD131460246DBF8006042
:103BF0005846736C984700EB49091FFA89F9206908
:103C00004279012A04D1229B1988A1EB090119806C
:103C10000126002308A906960593229A049103938E
:103C20000290E0680190D15E21980091B4F90830CB
:103C30006268216800F078F82169487920B9229AF1
:103C400011888944A2F8009023B0BDE8F08F2DE9D7
:103C5000F04F87B08346119C0D469A46129E139FE3
:103C60003CBB00921046026851698847804600B309
:103C7000009841460368DA689047002851D03A69B5
:103C8000417B90F80A90490001F4807149EA0109EA
:103C90004E44117CB6B206290BD10246009841462B
:103CA000D0F800C0DCF844309847301809EB000623
:103CB000B6B239694879002808BFBAF1010F02D1BC
:103CC0002888301806E0012808BF5FEA0A0002D100
:103CD0002888801B2880621E9241D20F059406928C
:103CE000109A04925846CDF80CA00291F9680191FF
:103CF000B5F900300093B7F908307A68396800F0F8
:103D000013F8396949795AEA010002D12A88B618AC
:103D100006E0012908BFBAF1010F02D12888861BED
:103D20002E8007B0BDE8F08F2DE9F04F0F4690468A
:103D300083469BB0259D269C2A889946BDF990A074
:103D40002A9EA9888A1812B20F92206803685A6DB9
:103D50009047421E924120680021D20F037B1393AB
:103D600090F80BE0CDF800A08A46CDF848E02998FD
:103D70002EB1237C062B0CBF022301231818002828
:103D800040F38281DFF8F065ADF832901596279EFA
:103D9000CDF844B089461897CDF8508088462595CF
:103DA000009F1792ADF8381016904FF6FF6200256D
:103DB00092450D95AB468DF83050CDF840B00ED100
:103DC0002998814512DA0CA910AA0191289800922D
:103DD00022680DAB3146FDF7C1FD824615E042F287
:103DE0000B008245ECD0ADF838A0E9E72068026806
:103DF00051698847824620680CAB10AA5146D0F81A
:103E000000E0DEF80850A8470D904FF6FF65AA4580
:103E10001CBF42F20B0082454AD05FEA0A0000F064
:103E20003381BAF10A0F00F02D810D9810B1B0F86E
:103E300004A009E02068026811698847A8421CBFF5
:103E400042F20B03984233D0300003D00D9818B9DA
:103E5000D8462DE04744F9E701460A46487B92F8E8
:103E60000A80400000F48070012E48EA000826D045
:103E7000BDF8380030BB30002FD0012E36D00D9B5E
:103E80000D9A259893F80DE09B7992F90910B0F9F5
:103E900000004FEA4E1E0EF4807E43EA0E0E7A18A2
:103EA00002EB0E03834203DBDDF83CE0724525DBC9
:103EB000169809F101098145FFF677AFCAE0A7EB33
:103EC0000807D5E730002068BDF83810D0F800C0EA
:103ED000DCF8443007D198473F1812990F98791AA7
:103EE0008842CCDAB6E098473F1AC6E7259913987E
:103EF000B1F90030404438189842F2E78742ADF8F3
:103F00003AB010DB206800250368196B88470D9BC9
:103F1000597B1B7ACA0002F480721343490606D506
:103F2000A3F5007303E0C01BADF83A00EAE7BDF863
:103F3000322025998018A0EB030B0FFA8BFEB1F904
:103F40000200864540DB179800285BD09DF83010B2
:103F5000012918BF022903D0042918BF082945D117
:103F60002068ADB20FFA8BFB0268116C8847149978
:103F70008DF8310019A80822FFF7EEF8A1799DF815
:103F800030000B91A27B099010980A92A1689DF8CD
:103F9000312008910D9906900792259A0591049277
:103FA0000395BDF83A00BDF93A10CDF804B002907F
:103FB0001198DDE91923C91909B20091056818990A
:103FC000D5F850C0E04773E70D9B5D7B93F807C0C1
:103FD0002D0105F480754CEA05050EEB05028242C1
:103FE000FFF666AFA0EB0E058346ACE7DFF88C0367
:103FF00040F2D23200F124017430FFF79BF8AFF3A6
:104000000080ADE711998868C0B1119ABDF93210EE
:1040100090680497059194F806C0CDF80CC0A37B76
:104020000293A268019221680091D0F800E0109BF1
:10403000259A1499DEF808C0E04739E7DFF83C0319
:1040400040F2D73200F124011598FFF773F8AFF36F
:104050000080DAE75FEA0A00289F299C14D0BAF1B1
:104060000A0F0FD009F10109A1450BDAA4EB0904ED
:1040700031463846FEF763FF010005D00A2801D01B
:10408000641EF5D1002000E001201BB0BDE8F08FD8
:1040900070B4068BC58A448B43839219C283028B0A
:1040A0006519ED1A838BC5828A180283591A818398
:1040B00070BC70472DE9F04F85B0044694F822009B
:1040C00058B1DFF8B8024FF47D7200F1240100F519
:1040D0009670FFF72FF8AFF30080E0680027002606
:1040E0000025B846B9460368996B8847B4F914109F
:1040F000628A01EB40008242B4BF01210021607A54
:10410000401E052813D8DFE800F00306090D0F0F45
:104110004FF001080BE081F0010807E081F0010891
:10412000894604E0012602E081F001060D46E7829F
:1041300049EA050327834FF6FF6A8DF8043042F2FF
:104140000B0B0496CDF80C80B846029571E05845EB
:1041500074D00025504508D1217AE26860686B462A
:10416000FDF7A6FB010007D003E05845F4D0074651
:10417000F2E7618B491C6183208090B9A28B0023F8
:1041800011462046FFF784FFE06801688A6B90477C
:10419000638AB4F91410181A401A608205B0BDE899
:1041A000F08F0A28EAD0009991B18A88228000997C
:1041B000487B8E7A0A463946400000F480700643F8
:1041C000E068D0F800C0DCF844309847321802E0CC
:1041D000504505D100222388202B04D1012005E081
:1041E000584526D1F6E75B45F8D0002085F001055B
:1041F000A18B284218BF8846B4F818C052181CFA80
:1042000082F6B4F810C0B445B4BF4FF0010E4FF0C1
:10421000000EA2839DF8040068B3029981B1208C3E
:104220003018844518DB92B2002311462046FFF770
:104230002FFF002100912088202888D1012589E7BF
:10424000B9F1000F03D1BEF1000FF2D008E0202B2E
:10425000E5D05B45F7D1E2E7E08A0028E3D0F2E75A
:10426000E18A0029E5D0012284F82220E18B208C0C
:104270004118E18388E7BEF1000F1AD0049810B10D
:1042800001230A467DE703980028D2D0202B01D1D4
:10429000012002E05B45FBD00020054306D0202B27
:1042A0001EBF5B45E08A0028C3D06DE7012342466C
:1042B00067E7202B01D1012001E05B45FBD00543DE
:1042C000B7D101234246B1E7032B80B519D8DFE807
:1042D00003F002060D14B0F90000081802BD0388AF
:1042E0008188CB181BB2981A401E02BD02888088B4
:1042F000821812B2511A481E02BDB0F90030D0180F
:1043000002BDDFF8780040F27F4200F12401FEF7A1
:1043100011FFAFF30080002002BD000010B5032B99
:104320000446104619D8DFE803F002060A11B4F972
:104330000210401810BDB4F90200081810BD6288C0
:10434000E1888A1812B2101A401E10BD6288E088F7
:10435000821812B2511A481E10BDDFF820004FF427
:10436000926200F12401FEF7E5FEAFF30080002029
:1043700010BD0000B004FFFFDC570408F05604082D
:1043800010B5094C00F088F8206000F0BBF86060C0
:1043900000F0EEF8A06000F021F9E06010BD06200A
:1043A000704701487047000058C00324034B186051
:1043B000034B1960034B1A80704700BFE0C1032410
:1043C000E8C1032400C20324012000F03DB9F8B580
:1043D00005460698DDF81CC0BDF92060099C002741
:1043E0002F8069606C72697A2872C5F80CC02A82C5
:1043F0006B82AE82EF822F836F83AF83EF832F8434
:1044000085F8227031B3E868026851698847060070
:1044100020D0E86831460368DA689047040019D074
:10442000617BA07A490001F4807101432984697A93
:1044300006290FD1E868314622460668736C984712
:104440002A8C617B1218A07A490001F48071014323
:104450008A182A842846F2BD10B4002404604460FF
:104460000481C460046110BC70477CB504000D0079
:10447000280080B2002801D100200CE0002001902B
:1044800000208DF800006B4601AA290089B22000A7
:104490002668B668B04776BD00B58DB01449087877
:1044A000002821D10120087000200C9000200B90E2
:1044B00000200A903F2009900E4808900E4807906F
:1044C0000120069000200590012004900420039014
:1044D0000020029000200190142000901423082254
:1044E0000649074800F0BAF805480DB000BD00BF06
:1044F00008C203247CA90408DCAE0408A4700408E4
:104500009CBD032400B58DB014490878002821D142
:104510000120087000200C9000200B9000200A90D1
:104520003F2009900E4808900E48079003200690FF
:1045300003200590012004900420039000200290A5
:10454000002001905020009060235C22064907481B
:1045500000F084F805480DB000BD00BF09C2032477
:10456000783F0408E0AE0408C4350408C8BD03243D
:1045700000B58DB014490878002821D101200870B9
:1045800000200C9000200B9000200A903F20099002
:104590000E4808900E4807900020069000200590D5
:1045A000012004900420039000200290002001903C
:1045B00014200090142301220649074800F04EF809
:1045C00005480DB000BD00BF06C20324CCAE0408F0
:1045D000D4AE04086CA9040844BD032400B58DB012
:1045E00014490878002821D10120087000200C907F
:1045F00000200B9000200A903F2009900E48089060
:104600000E4807901A200690002005900120049083
:104610000420039000200290002001905020009080
:1046200062232D220649074800F018F805480DB00E
:1046300000BD00BF07C20324D0AE0408D8AE0408F2
:10464000B050040870BD032480B5AFF30080024A67
:1046500011001820ABBEFBE7260002002DE9F04F49
:1046600089B004000D0016001F00DDF86480DDF83D
:104670006890DDF874A0DDF878B0BDF8700008909F
:10468000BDF86C0007909DF8600006909DF85C00F6
:1046900005909DF8580004909DF8540003909DF8F3
:1046A000500002909DF84C000190BDF84800009029
:1046B0003B009BB2320092B22900200000F050F87B
:1046C000DFF898002060C4F81C80C4F82090C4F87B
:1046D00024A0C4F828B0200009B0BDE8F08F70B461
:1046E00002000B0018885C8850EA0440D4698D8869
:1046F0004FF4006695FBF6F554F82550284470BC3D
:10470000704770B40300002A02D0107B002801D14A
:10471000002020E01000447B240214F4E064C07AFE
:1047200020431C6A80B204EB8004157B280080B211
:1047300000280FD00800268880B2B04202D194F938
:10474000020008E00800268880B2B04202D36D1E45
:10475000241DEBE7002070BC7047000000740408C3
:1047600078B589B0BDF85860BDF854509DF85040F8
:1047700008969DF84C6007959DF8485006949DF862
:10478000444005969DF8406004959DF83C50039484
:10479000BDF8384002960195009400F002F80AB086
:1047A00070BD2DE9F047DDF820A0099C0A9D0B9E05
:1047B000DDF83080DDF834C0DDF838E00F9F06F01A
:1047C0007F06DDF8409046EAC8168380A0F806A070
:1047D00004724572867280F80BC080F80CE0C781C5
:1047E000A0F8109041610283BDE8F087F8B5054656
:1047F00016461F46080018BF0A2923D04FF6FF624D
:1048000091421CBF42F20B0081421BD0284600F0AF
:104810001BF8040008D12A68284611698847014618
:10482000284600F011F8044664B12B68214628465A
:10483000DA6D9047306028462D68E96B88473870FC
:104840002046F2BD0020F2BDF0B44269BAB1008B3F
:1048500095880023401E4D1B11D4A8420DDAC0EBF1
:10486000C005141D6D00655B451B4D19A84206DB94
:10487000002D44BF00EBD0756D10002814D500202A
:10488000F0BC7047681E9842F9DBC0EBC005141DF0
:104890006D00655B451B4D19A842F0DB9D4203DAB4
:1048A000C51805EBD5756D10C5EBC504161D640064
:1048B000365BB1420ED0E5DB6B1C9842DFDBC3EB0D
:1048C000C306141DCD187600A75BED1B9D42D6DBF9
:1048D000A842E4E71019F0BC7047416800290AD0EB
:1048E0008168002905D1017BC90704D5C06800286B
:1048F00001D0012000E00020C0B2704710B50400D4
:10490000002C01D1012055E094F84D00002805D17C
:10491000002084F84C00200001F0E1FA022084F825
:104920004D002068006B50F001002168086320688A
:10493000006840084000216808602068006B30F083
:104940007E00216808632068006B50F400502168E5
:1049500008632068006B50F4804021680863206879
:10496000806B50F0600021688863DFF82004E0630A
:10497000DFF81C042064002060640020A064200094
:1049800000F0B9FB002803D001202065012011E0D0
:104990002068406850F480702168486000202062E0
:1049A00000206062012084F84D0000202065002076
:1049B0006065002010BD2DE9F04104000D00002CC1
:1049C00001D0002D01D101205DE02068406810F089
:1049D0000300022802D11020286012E020684068FD
:1049E00010F0030F02D1002028600AE02068406820
:1049F00010F00300032802D13020286001E00120DC
:104A000041E020684068000CA8602068C068000C85
:104A1000E8602868102802D0286830282CD1206847
:104A20000069C0F30310060020684069C0F303105A
:104A3000070020688069C0F303108046012E06D16C
:104A400058EA0700002802D10220686016E057EA01
:104A5000060058EA0000002802D1002068600DE03E
:104A6000032E06D158EA0700002802D10120686011
:104A700004E00020686001E000206860200001F090
:104A800059F928610020BDE8F0812DE9F0470500C3
:104A90000E0090461F00DDF82090099C002D03D0E9
:104AA000002E01D0002F01D1012055E095F84C00D7
:104AB000012801D102204FE0012085F84C00FCF7CD
:104AC00089FE824695F84D00012841D1042085F8E1
:104AD0004D00686D000900016865686D50F00600C2
:104AE0006865AE61EF6118F00300B8EB0000A862E2
:104AF00019F00300B9EB0000E862002028620020F2
:104B00006862280000F0D6FC280000F025FD00288F
:104B100016D114F1010FF7D0FCF75CFEB0EB0A00E0
:104B2000844201D3002CEFD1286D50F00800286595
:104B3000002085F84C00012085F84D0003200BE093
:104B4000002085F84C00012085F84D00002003E08E
:104B5000002085F84C000220BDE8F0872DE9F041E7
:104B600004000D0017001E00DDF81880002C03D093
:104B7000002D01D0002E01D1012036E094F84C0028
:104B8000012801D1022030E0012084F84C0094F883
:104B90004D00012825D1042084F84D00606D0009E6
:104BA00000016065606D50F00E006065A561E66112
:104BB000A762C4F82C8000202062002060622000E0
:104BC00000F078FC200000F08CFE002807D00620C2
:104BD00084F84D00002084F84C00012005E00020FE
:104BE00003E0002084F84C000220BDE8F08110B4FE
:104BF00002000023506D10F00C000C280CD1C807E7
:104C000003D5506D50F48050506588071ED5506D07
:104C100050F40050506519E0506D10F00C00082859
:104C200014D1C80705D5506D50F48050506553F02D
:104C30000603880705D5506D50F40050506553F0B9
:104C400028031068006B984314682063002010BC90
:104C50007047F8B505000E000027686D10F4405F3E
:104C600001D101208BE0686D10F00C000C286BD195
:104C7000F00731D5686D30F480506865286B806A24
:104C80000400002C08D1286D50F00400286506208F
:104C900085F84D00012072E0A86AA96A091AB0FBE4
:104CA000F4F004FB0011A962A86A002814D00120C6
:104CB0000090AB6A286810F14002A969286B01F0E6
:104CC0008CFC002808D0286D50F0040028650620D0
:104CD00085F84D00012052E0B0074FD5686D30F4E3
:104CE00000506865686D000403D5280000F0F1FEEF
:104CF00044E0686B806A0400002C08D1286D50F0F5
:104D000004002865062085F84D00012037E0E86A98
:104D1000E96A091AB0FBF4F004FB0011E962012012
:104D20000090EB6AEA69286810F14401686B01F0B1
:104D300054FC002822D0286D50F00400286506207D
:104D400085F84D0001201AE0686D10F00C0008286D
:104D500014D1F00705D5686D30F48050686557F0C0
:104D60000607B00705D5686D30F40050686557F048
:104D700028072868006B3843296808630020F2BDC3
:104D8000816182627047C161C26270475C8A0408B7
:104D90009C8A040810B5040094F84D00C01E012838
:104DA00011D8606D10F00C00082803D1200000F02D
:104DB000D3FB07E0606D10F00C000C2802D120003E
:104DC00000F0EFFDFFE710BD2DE9F04105000C00FC
:104DD0005FF000080027102F14D2E85D010011EBEE
:104DE000080040F20116B04201D3012032E0002950
:104DF00006D0781C04F8080018F10108491EF6E7EF
:104E00007F1CE8E7002004F80800C3F800805FF08A
:104E1000000C94F800E00026A05D002819D0A05DE9
:104E2000704505D142F826C0761C1CF1010CF6E74E
:104E3000BEF1200F01D301200CE0012010FA0EF08A
:104E4000844501D3012005E05FEA4C0C1EF1010E00
:104E5000E2E70020BDE8F0812DE9F841ADF5A06D55
:104E600083B004000D006B4601AA0DF5816120009E
:104E7000FFF7AAFF01000800C0B2002802D0080016
:104E8000C0B22BE000220098824226D204EB02003E
:104E9000007C002801D1A0260DE0F02801D1A12638
:104EA00009E0C0F30313984610F00F031F000A2611
:104EB00006FB0876761EA22E01D301200EE001A883
:104EC00050F8220005EB8603C3F8A4000DF58160BD
:104ED000805C401EA855521CD5E700200DF5A26D40
:104EE000BDE8F08178B5ADF5A06D83B004000D008C
:104EF0006B4601AA0DF581612000FFF765FF0100F7
:104F00000800C0B2002802D00800C0B219E0002298
:104F10000098824214D204EB0200007C06000C2EA2
:104F200001D301200DE001A850F8220005EB860313
:104F3000D8600DF58160805C401EA855521CE7E7E3
:104F400000200DF5A26D70BD2DE9F84F90B0050061
:104F50000C001600286810F5F860864203D1286816
:104F600010F5FB6B0AE0286810F5FC60864203D15F
:104F7000286810F5FF6B01E0012042E0002C3FD0D3
:104F800001A92000FFF7AEFF07003800C0B20028DB
:104F900002D03800C0B234E059467FF0F0200860FB
:104FA000091D0091009908600C208046B8F1020F9D
:104FB00026D3B8F10108BBF1040B01A810F80800D2
:104FC000000210F4706001A901EB8801097B01F077
:104FD000FF0108438246B8F1010801A810F8080053
:104FE000000210F4706001A901EB8801097B01F057
:104FF000FF010843814659EA0A40CBF80000D5E793
:10500000002011B0BDE8F08F2DE9F84FADF54C7DD3
:1050100005000C001600286810F5A060864203D138
:10502000286800F2446B0AE0286810F5CC608642DC
:1050300003D1286800F2A47B01E0012057E0002C96
:1050400054D001A92000FFF707FF07003800C0B2C5
:10505000002802D03800C0B249E059460020032899
:1050600005D27FF0F0220A60091D401CF7E7DFF847
:1050700024240A60091DDFF820240A60091DDFF8D6
:105080001C240A60091D0091DFF81414009A1160B5
:105090005FF0A208B8F1020F28D3B8F10108BBF104
:1050A000040B01A810F80800000210F4706001A9B8
:1050B00001EB880191F8A41001F0FF01084382463A
:1050C000B8F1010801A810F80800000210F470609F
:1050D00001A901EB880191F8A41001F0FF01084338
:1050E000814659EA0A40CBF80000D3E700200DF5CD
:1050F0004D7DBDE8F08F70B50400200000F042F84F
:10510000206810F5A062DFF89C132000FFF77CFFF9
:1051100005002800C0B2002802D02800C0B230E04C
:10512000206810F5CC62DFF880132000FFF76CFFD9
:1051300006003000C0B2002802D03000C0B220E02B
:10514000206810F5F862DFF864132000FFF7FCFE1A
:1051500005002800C0B2002802D02800C0B210E02C
:10516000206810F5FC62DFF848132000FFF7ECFE22
:1051700001000800C0B2002802D00800C0B200E060
:10518000002070BD2DE9F04FDFF81823DFF8183349
:10519000DFF81843DFF81853016811F55B7E10261D
:1051A000042E1BD304EB060111F8011C04EB0607C7
:1051B00017F8027C3F0457EA016704EB060111F877
:1051C000031C57EA012704EB060111F8041C0F43E6
:1051D000CEF80070BEF1040E361FE1E7016811F54C
:1051E0005E7C0C27042F17D304EB0701C97B04EB6B
:1051F0000706B67B360456EA016604EB0701497BD5
:1052000056EA012604EB0701097B0E43CCF8006047
:10521000BCF1040C3F1FE5E7016811F56278102628
:10522000042E1BD302EB060111F8011C02EB06074A
:1052300017F8027C3F0457EA016702EB060111F8F8
:10524000031C57EA012702EB060111F8041C0F4367
:10525000C8F80070B8F10408361FE1E7016801F2F0
:105260002C4CDCF800703F0C3F0492F8B11057EA68
:10527000012792F8B0100F43CCF80070BCF1040E77
:105280005FF0A00CBCF1040F18D302EB0C01C97B3A
:1052900002EB0C06B67B360456EA016602EB0C0103
:1052A000497B56EA012602EB0C01097B0E43CEF83E
:1052B0000060BEF1040EBCF1040CE3E7016801F2EA
:1052C0002C49D9F800801FFA88F8697858EA0168F3
:1052D000297858EA0148C9F80080016801F23C4A7F
:1052E000DAF80060360C3604E97B56EA0126A97B21
:1052F0000E43CAF80060BAF1040B5FF00C0ABAF171
:10530000040F19D305EB0A01497815F80A703F0418
:1053100057EA016705EB0A0111F8011C57EA01275A
:1053200005EB0A0111F8021C0F43CBF80070BBF12A
:10533000040BBAF1040AE2E7016801F23C4EDEF820
:1053400000C01FFA8CFC697C5CEA016C297C5CEA79
:10535000014CCEF800C0016811F58968D8F80070DA
:105360003F0C3F04E97E57EA0127A97E0F43C8F8A6
:105370000070B8F104095FF00808B8F1040F18D301
:1053800005EB0801497C05EB0806367C360456EA35
:10539000016605EB0801C97B56EA012605EB080109
:1053A000897B0E43C9F80060B9F10409B8F104081B
:1053B000E3E7016811F5896EDEF800C01FFA8CFC86
:1053C00059785CEA016C19785CEA014CCEF800C0AF
:1053D000016811F58B6ADAF80060360C3604D97B67
:1053E00056EA0126997B0E43CAF80060BAF1040B15
:1053F0005FF00C0ABAF1040F19D303EB0A014978E4
:1054000013F80A703F0457EA016703EB0A0111F829
:10541000011C57EA012703EB0A0111F8021C0F4394
:10542000CBF80070BBF1040BBAF1040AE2E70168A3
:1054300011F58B610F68BFB293F811C057EA0C6782
:1054400093F810C057EA0C470F60D0F800C01CF565
:105450009F6E5FF0A00CBCF1040F18D303EB0C019E
:10546000497C03EB0C06367C360456EA016603EBF6
:105470000C01C97B56EA012603EB0C01897B0E4324
:10548000CEF80060BEF1040EBCF1040CE3E7BDE809
:10549000F08F0000D00FD10FD20FD30FD40FD50F44
:1054A000D60FD70F6064040814650408C4A104086B
:1054B000E0A10408416D31F440514165416D11F0A6
:1054C0000301022906D10168496851F00801026808
:1054D000516005E00168496831F0080102685160D7
:1054E0000168096849084900026811600168096B90
:1054F00031F07E01026811630168096B51F40051BB
:10550000026811630168096B51F4804102681163FC
:105510000168896B51F06001026891630168096854
:1055200051F0010102681160416D11F00C01082970
:1055300006D10168096B51F06E01026811630AE03F
:10554000416D11F00C010C2905D10168096B51F076
:10555000600102681163704738B50400606D10F097
:105560000300022819D12068406B400615D5211D83
:105570002000FFF720FA00206061211D200001F0CB
:10558000FAFB2068006B30F0400021680863206857
:10559000806B50F0400021688863606DC00410D4B7
:1055A0002068406B800704D50821200000F004F932
:1055B00007E02068406B400703D50121200000F080
:1055C000FBF8606D800410D42068406B000704D5A0
:1055D0000821200000F04AF807E02068406BC00670
:1055E00003D50121200000F041F82068406B10F045
:1055F0003800202838D12068006840084000216821
:105600000860606D10F00C00082805D12068006B60
:1056100030F07E00216808632068806B50F06000E5
:1056200021688863606A002806D0626AE169200008
:1056300001F019FC00206062656D606D10F482401D
:105640006065002084F84C00012084F84D0015F0BE
:105650000300022803D1200001F05DFC02E02000DD
:1056600001F03CFD012000E0002032BD2DE9F84FA3
:1056700004000D00E06A616A11EB850188422DD3B8
:1056800000200600AE421DD22068406C8146E069D1
:10569000616A00F80190E069616A08444946090AB4
:1056A0004170E069616A08444946090C8170E0690B
:1056B000616A08444946090EC170606A001D606253
:1056C000761CDFE7E06A616A884273D1626AE16949
:1056D000200001F0C8FB002060626BE0606AE16AB4
:1056E000884267D2E16A606A091A89080F000020BF
:1056F0000600BE421DD22068406C8146E069616AA6
:1057000000F80190E069616A08444946090A41705D
:10571000E069616A08444946090C8170E069616A80
:1057200008444946090EC170606A001D6062761C1B
:10573000DFE7E06A616A884207D1626AE1692000B6
:1057400001F091FB0020606234E0D4F82CA0606A84
:10575000BAEB000A2068406C81465FF0000BD3452D
:105760000ED21BF00300C0B2C1004846C840E16938
:10577000626A8854606A401C60621BF1010BEEE7AC
:10578000626AE169200001F06EFB00206062D04691
:10579000D8F104084646042E0CD23000C0B2C10035
:1057A0004846C840E169626A8854606A401C606289
:1057B000761CF0E7BDE8F18F2DE9F04707000C00FB
:1057C0000025B86A002801D0002C04D1012138003E
:1057D000FFF70DFA1EE0386AB96A884204D2B96A46
:1057E000386A091A0D0015E0B86A396A884211D181
:1057F000396A380001F018FBB86A052806D3B86A80
:1058000097F8281011F00301401AB862002038629E
:10581000B86A0500786DC00461D4002D5FD02800FF
:1058200080080600A6421FD300208046A04556D21D
:10583000386A8246B86910F80A00B9695144497853
:1058400050EA0120B9695144897850EA0140B969A8
:105850005144C97850EA016039680864386A001D0B
:10586000386218F10108E1E7002E1FD000208046C1
:10587000B04534D2386A8246B86910F80A00B9696E
:105880005144497850EA0120B9695144897850EA75
:105890000140B9695144C97850EA01603968086427
:1058A000386A001D386218F10108E1E700208146DE
:1058B00000208046A8450FD2B869396A415C18F0CB
:1058C0000300C0B2C000814051EA0909386A401C97
:1058D000386218F10108EDE73868C0F84090BDE87B
:1058E000F0877CB50600306B846A706B856AB06A9D
:1058F000A04202D3F06AA84201D2012050E00FF288
:105900009D20316B48640FF2E530316B48650FF232
:105910005D31726B5164716B48650FF20540716BBC
:105920008865002C01D0002D05D1306D50F00400A9
:105930003065012034E0B06AB16A091AB0FBF4F0B6
:1059400004FB0011B162F06AF16A091AB0FBF5F0CC
:1059500005FB0011F16201200090F36AF2693068E2
:1059600010F14401706B00F038FE002805D0306D56
:1059700050F004003065012012E001200090B36A6D
:10598000306810F14002B169306B00F026FE00284B
:1059900005D0306D50F004003065012000E000209B
:1059A00076BD10B50400606D10F00300022819D117
:1059B0002068406B400615D5211D2000FEF7FBFF37
:1059C00000206061211D200001F0D5F92068006BE6
:1059D00030F04000216808632068806B50F0400080
:1059E000216888632068406B800629D5606D50F47B
:1059F0000040606520680068400840002168086039
:105A00002068006B30F07E00216808632068806B9E
:105A100050F0600021688863206B90F83D000228F8
:105A200002D1206B00F03AFE606B90F83D00022836
:105A300003D1606B00F032FE02E0200000F001F8BC
:105A400010BD38B50400E06A616B09684969C90393
:105A5000C90B401A6062606AE16A884206D1626AD4
:105A6000E169200001F0FFF9002060622068406BCE
:105A7000C00627D4606A002806D0626AE169200067
:105A800001F0F1F9002060622068006840084000E1
:105A900021680860606D0500606D10F482406065EB
:105AA000002084F84C00012084F84D0015F003001C
:105AB000022803D1200001F02EFA09E0200001F0B5
:105AC0000DFB05E0606D800402D4200000F001F8B9
:105AD00031BDF8B505001024002C2ED0686D80046F
:105AE00029D42868406BC00625D52868406C07007B
:105AF000E869696A4754E869696A08443900090A2B
:105B00004170E869696A08443900090C8170E869E4
:105B1000696A08443900090EC170686A001D68622C
:105B2000686AE96A884206D16A6AE969280001F070
:105B30009AF900206862641ECEE76E6D2868406B9B
:105B4000C00601D5B00426D428680068400840008B
:105B500029680860686A002806D06A6AE96928002E
:105B600001F081F900206862686D0600686D10F42C
:105B700082406865002085F84C00012085F84D00C2
:105B800016F00300022803D1280001F0C4F902E056
:105B9000280001F0A3FAF1BD000000007CB505006B
:105BA0002E6C3068006B30F07E0031680863716DD8
:105BB00048F20C0001400C2956D1306B806A040079
:105BC000B06A29684969C903C90B401A3062316A51
:105BD000300001F029F9B06AA04215D3002C0AD197
:105BE000306D50F004003065062086F84D0030001E
:105BF00001F08FF938E0B06AB16A091AB0FBF4F02D
:105C000004FB0011B1620CE0B06A002809D096F8DC
:105C1000280010F0030F04D0B06A8008401C8000F8
:105C2000B062706DC00419D4B06A002816D001208B
:105C30000090B36A306810F14002B169306B00F037
:105C4000CCFC00280AD0306D50F0040030650620EE
:105C500086F84D00300001F05CF905E03068006B1B
:105C600050F060003168086373BD000038B504006F
:105C7000256C2868006B30F07E0029680863696D28
:105C800048F20C0001400C292FD12868406B800697
:105C900025D4E86A21684969C903C90B401A6862BA
:105CA0006A6AE969280001F0DEF8686D800416D49C
:105CB00001200090EB6AEA69286810F14401686BE2
:105CC00000F08BFC00280AD0286D50F004002865F5
:105CD000062085F84D00280001F01BF905E0286832
:105CE000006B50F060002968086331BD38B50400CE
:105CF000256C28680068400840002968086028680A
:105D0000006B30F07E0029680863012085F84D00A3
:105D1000286D50F004002865280001F0FAF831BD24
:105D200038B50400256C686D000402D52800FFF723
:105D300088FE31BD2DE9F04302000020116811F109
:105D4000500C00263D2E35D2DCF800100B0000214F
:105D50000F00042F2AD23900C9B2C9009E463EFA6C
:105D600001FE0EF0FF0E7446012C01D164301BE0E1
:105D7000642101FB04F1D2F83CE0DFF8408017EB2E
:105D8000060918F809801EF808E0B1FBFEF10D00C5
:105D9000652D04D2D5F1C80110EB510004E041F2A9
:105DA0008831B1FBF5F108187F1CD2E7361D1CF1D4
:105DB000040CC7E78009BDE8F08300001C8A0408D2
:105DC00080B5DFF85C06016851F0020101600068EF
:105DD00010F002000090009800220F217FF00100D7
:105DE00001F000FA01BD81B00168DFF83826914268
:105DF0000AD1DFF834160A6852F400220A600968F2
:105E000011F400210091009901B070471CB5040005
:105E10002068DFF81816884212D1DFF814060168EE
:105E200051F010010160006810F01000009000981F
:105E3000002207215A2001F0D5F95A2001F0E4F997
:105E400013BD10B5B8B004001421002201A8FCF75E
:105E5000F3FFC821002206A8FCF7EEFF2068B0F18E
:105E6000A04F3AD15FF080600021CDE9060100200B
:105E70001A9006A801F02CFA002801D003F01EFCAD
:105E8000DFF8B005016851F010010160006810F002
:105E9000100000900098DFF89005016851F400713F
:105EA0000160006810F400700090009804200190D8
:105EB0000220029000200390002004900D20059005
:105EC00001A9DFF8740503F0FBFB002207217B200A
:105ED00001F088F97B2001F097F938B010BDF8B5D2
:105EE00004002068DFF8541588427AD1DFF84005B5
:105EF000016851F020010160006810F0200000905E
:105F00000098DFF83C55DFF83C05286011206860F8
:105F10000020A8608020E8600020286102206861DD
:105F20000020A8610020E861802028625FF00076F0
:105F30006E622020A8624FF4A047EF625FF4003049
:105F40002863002068630020A863280000F09CFA02
:105F5000002801D003F0B2FB00220021280000F04D
:105F600004FB002801D003F0A9FB25632C64DFF8B3
:105F7000D854DFF8D8042860132068600020A86097
:105F8000C020E86000202861002068610820A86126
:105F90002020E861002028626E622020A862EF6263
:105FA0005FF420302863002068630020A863280085
:105FB00000F06AFA002801D003F080FB00220021E3
:105FC000280000F0D2FA002801D003F077FB6563C7
:105FD0002C6400220521792001F004F9792001F0D8
:105FE00013F9F1BD10B5B4B00400C821002202A815
:105FF000FCF722FF2068DFF8581488422FD15FF0A9
:1060000000500021CDE9020105200C90A1200D9047
:1060100002200E9002200F90152010904FF4006087
:106020001190002012900020139002A801F050F966
:10603000002801D003F042FBDFF8F803016851F0BB
:1060400008010160006810F008000090009800222C
:106050000721582001F0C6F8582001F0D5F834B0D7
:1060600010BD38B5B8B00400142100226846FCF712
:10607000E3FEC821002206A8FCF7DEFE2068DFF858
:10608000D413884240F0B0805FF000700021CDE969
:1060900006010020199006A801F01AF9002801D085
:1060A00003F00CFBDFF88803016851F480410160C4
:1060B000006810F4804005900598DFF86C030168D3
:1060C00051F040010160016811F04001059105990E
:1060D000016851F020010160016811F02001059173
:1060E0000599016851F080010160016811F080019B
:1060F00005910599016851F002010160016811F0F4
:10610000020105910599016851F0080101600068DC
:1061100010F00800059005984FF48440009002208C
:106120000190002002900020039009200490DFF8E5
:1061300028536946280003F0C3FA4020009002204B
:10614000019000200290002003900A2004906946EC
:10615000280003F0B5FAC020009002200190002032
:1061600002900020039009200490BC4D694628004D
:1061700003F0A6FA4FF40070009002200190002076
:106180000290002003900A2004906946280003F042
:1061900097FA0C200090022001900020029000202D
:1061A0000390092004906946AD4803F089FA042061
:1061B000009002200190002002900020039009200E
:1061C00004906946A74803F07BFA4FF40060009002
:1061D00002200190002002900020039009200490EA
:1061E0006946A14803F06CFA39B030BD80B5B8B04B
:1061F000142100226846FCF71FFE9C49086800280D
:1062000040F0958001200860C821002206A8FCF714
:1062100013FE5FF080700021CDE906010020189088
:1062200006A801F055F8002801D003F047FA80488D
:10623000016851F480510160006810F480500590AD
:10624000059840F2FF60009002200190002002902B
:10625000032003900C2004906946854803F030FA2F
:106260006020009002200190002002900320039003
:106270000C20049069467B4803F022FA4FF68370A5
:1062800000900220019000200290032003900C2037
:1062900004906946774803F013FA4FF47F4000906A
:1062A0000220019000200290032003900C20049013
:1062B00069466B4803F004FA48F23310009002205C
:1062C000019000200290032003900C200490694666
:1062D000614803F0F5F94CF2037000900220019040
:1062E00000200290032003900C20049069465E4831
:1062F00003F0E6F94FF63F000090022001900020E5
:106300000290032003900C2004906946534803F048
:10631000D7F9012000900220019000200290032074
:1063200003900C2004906946534803F0C9F939B032
:1063300000BD10B50400FFF759FF10BD80B54F49EF
:10634000086800282CD1012008603948016831F420
:106350008051016040F2FF61454803F0D0FA6021AE
:10636000404803F0CCFA4FF68371424803F0C7FA75
:106370004FF47F413A4803F0C2FA48F233113648ED
:1063800003F0BDFA4CF20371374803F0B8FA4FF648
:106390003F01324803F0B3FA0121374803F0AFFA66
:1063A00001BD10B50400FFF7C9FF10BD10B586B0E0
:1063B00004001421002201A8FCF73EFD20683049AA
:1063C00088422AD12F48016851F0004101600068DD
:1063D00010F00040009000981348016851F40071DB
:1063E0000160006810F40070009000984FF4407055
:1063F00001900220029000200390002004900820C9
:10640000059001A90C4803F05BF9002205215320F7
:1064100000F0E8FE532000F0F7FE06B010BD0000CB
:10642000F4440258004C0258E04402580010005254
:10643000D4440258E4440258002402580030005268
:10644000F8B503240002005264B60324C0010052D0
:10645000001000500050005200180258001402585A
:10646000001C025800040258000C02586CC103249E
:1064700000200258001002580008025870C103247E
:10648000007C0040E844025838B50400FBF7A2F94C
:106490000500002C01D101202AE0002084F83C00F6
:1064A000022084F83D002068C06840084000216850
:1064B000C8602068C068C0070BD5FBF78BF9401B8C
:1064C0000628F6D34020A066032084F83D00012072
:1064D0000EE0200000F01DFA0020E065002020669C
:1064E000002060660020A066012084F83D000020A6
:1064F00032BD0100002901D1012035E00868C068E3
:10650000400840000A68D06000200A68D06000207F
:106510000A68106100200A68506100200A689061D2
:1065200000200A68D06100200A68106200200A6812
:10653000506200200A68906200200A681063002000
:106540000A6850631F200A6850600020C865002058
:1065500008660020486600208866002081F83D001B
:10656000002081F83C000020704730B40300002474
:10657000002B01D101202EE093F83C00012801D12D
:10658000022028E0012083F83C0093F83D00012818
:106590001AD118680069400013D41868016318689C
:1065A0004263002906D11868006920F000401D6888
:1065B00028610BE01868006950F000401D682861F0
:1065C00004E00120040001E001200400002083F821
:1065D0003C002000C0B230BC7047F8B504000D008C
:1065E00016001F00002C01D1012056E094F83C0059
:1065F000012801D1022050E0012084F83C0094F8E9
:106600003D00012845D1022084F83D000020A0660D
:106610002068C068400840002168C8600698009063
:106620003B0032002900200000F030F92068C068EB
:1066300050F006002168C860E06C002805D0206892
:10664000C06850F010002168C860206D002805D097
:106650002068C06850F008002168C860A06C00285D
:1066600005D02068C06850F020002168C86020680C
:10667000C06850F001002168C8606068B0F1804FC8
:1066800005D12068C06850F480302168C8600020BF
:1066900003E0002084F83C000220F2BD0100002944
:1066A00001D1012011E091F83D00022803D08020A3
:1066B0008866012009E0042081F83D000868C06870
:1066C000400840000A68D06000207047F8B5040018
:1066D000002000906B4800684FF41651B0FBF1F6B3
:1066E0000127216868484118890911F01F018F406E
:1066F0005FF0A4400068384200F0C1802068006864
:10670000C00732D52068C06880072ED52068C068D1
:1067100030F002002168C860206880680500280603
:1067200004D4A06E50F00100A06603E0A06E50F00B
:106730000200A066A80503D5A06E50F00400A06674
:10674000E80503D5A06E50F00800A066680503D5E3
:10675000A06E50F01000A066280503D5A06E50F082
:106760002000A06601202168486020680068C006FB
:106770000CD52068C068800608D5102021684860C4
:10678000A06C002802D02000A16C88472068006817
:1067900000070CD52068C068C00608D5082021680D
:1067A0004860E06C002802D02000E16C8847206837
:1067B000006840070CD52068C068000708D5042091
:1067C00021684860206D002802D02000216D884794
:1067D00020680068800729D52068C068400725D553
:1067E0002068C06830F03E002168C86094F83D0021
:1067F00004280CD1002084F83C00012084F83D00DE
:10680000A06D002802D02000A16D884737E002204B
:1068100021684860002084F83C00012084F83D0095
:10682000606C002802D02000616C8847A06E0028B0
:1068300025D0042084F83D002068C068400840004E
:106840002168C8600098401C0090864203D32068ED
:10685000C068C007F6D4002084F83C002068C068F7
:10686000C00703D5032084F83D0002E0012084F82E
:106870003D00606D002802D02000616D8847F1BDA9
:1068800000000000BC000024C0FFFFADF0B4049E77
:106890000468646963F3100405686C61741E05681C
:1068A0006D6964F31F55046865611F2405686C6099
:1068B0000468E2610468A16111F07F44B4F1005FF3
:1068C00001D0002C06D10568AD6A55F48035076803
:1068D000BD6205E00568AD6A35F480350768BD62C4
:1068E00012F07F45B5F1005F01D0002D06D104689C
:1068F000A46A54F400340768BC6205E00468A46A22
:1069000034F400340768BC62C46D07687C62F0BC74
:106910007047C36801690B430168CB6043698169B3
:106920000B43C1690B43016A0B43416A0B43C16AC4
:106930000B43016B0B43816A491E53EA8143816813
:106940000B4301680B614168B1F1804F05D10168CB
:10695000096951F0404103681961002103685961D8
:10696000416B00290CD50168496951F48021036805
:106970005961416B49420A0091B20368196203E010
:10698000416B89B203681962816B00290FD50168D8
:10699000496951F4002103685961816B49420A0039
:1069A0000168096A51EA02410368196206E0016858
:1069B000096A836B51EA0341036819624168B1F1C6
:1069C000804F05D0017901F0FF010368996202E070
:1069D0000021036899620021036859627047826848
:1069E000521C8260426832B10268531C036011700D
:1069F0004168491E4160704710B50400200003F053
:106A00008FF8DFF854062060002060610020A0614C
:106A10000020E06100202062002060620020A0626F
:106A20000020E06200202063002060630020A0635B
:106A30000020E063002084F8400000202061002056
:106A4000E060002060600020A060002200210120A2
:106A500003F02DFADFF804160860200010BD70B5B1
:106A600004000D001600206B002823D0A06BB0425C
:106A70000BD2092084F84000A222DFF8E415DFF8E9
:106A8000E405FCF757FBAFF300802900206B226B75
:106A90001268D26890473200616B206B236B1B68D1
:106AA0001B699847002802D10D2084F84000E56357
:106AB000606B01E0E06A284470BD2DE9F84F84B0B6
:106AC00005000E00170098466869002808D1B42216
:106AD000DFF88C15DFF89005FCF72CFBAFF3008096
:106AE0000822A9692800FFF7BAFFA969280003F066
:106AF000B7FB8146A969891C280003F0B1FB8246D7
:106B0000A969091D280003F0C5FB040043F2300009
:106B10000100ADF80E1046F264310A00ADF80C2009
:106B2000AA69A2180832AB6A9A4238D281451DD1AF
:106B30008A451BD1002C19D0A8690830A861220011
:106B4000A9692800FFF78BFF83460E980290404604
:106B500080B20190380080B2009033002200594684
:106B6000280000F027F86869401C68610020A969C6
:106B70006118A961002C02D1A9690831A961A9692C
:106B8000491C49084900A961A9696A6A91420BD167
:106B900001216961296AA9610121080004E001203D
:106BA0006861286AA861012090F00100C0B205B0B8
:106BB000BDE8F08F2DE9F84F06000F0014001D000E
:106BC000DDF83080002C61D0002D5FD0DFF89C1400
:106BD00003200861F0680860087810F00F0F06D0F5
:106BE000086810300A7812F00F02801A08600A69EB
:106BF0004FF4487042434A6008680009C860307C1E
:106C000010F00F0F01D1002004E0307C10F00F00D5
:106C1000D0F1100088600320B8FBF0F0DFF85014CA
:106C20000860DFF850040560706CDFF84C140860F1
:106C3000DFF84894012089F80000DFF844A42B0015
:106C400022003900504600F04BF8DFF838B45046C7
:106C500000F066F9CBF80000DBF80000022806D14E
:106C60005FF0FF31DFF8F403006803F08EF9DBF822
:106C700000000128E9D1002089F800000020DFF899
:106C8000081408600020DFF804140860BDE8F18FE4
:106C900070B505000C00002C01D101200400280073
:106CA0002968C96A8847A04204D228002968C96AAD
:106CB00088470400EE6916EB0416083E10223100E6
:106CC0002800FFF7CCFE16F10801280003F0E2FAD5
:106CD000296A0818001FA8616C6170BD8068704740
:106CE000F8B504000D0016001F000020DFF8A01307
:106CF00008600020DFF89C130860DFF89C13002078
:106D000008600020DFF894231060DFF8940305602A
:106D1000DFF8900306600020DFF88C23106000206D
:106D2000022813D2DFF8842300235FEA001C02F854
:106D30000C3000235FEA001C9444CCF80830002398
:106D40005FEA001C6244D360401CE9E7DFF81C03E3
:106D5000C2684FF4C07042430092DFF850030968E4
:106D60000901084443684FF4504229002000FDF710
:106D7000F5FE0020F2BD30B44A68012A20D10A7B1A
:106D800012F00F0F06D0CA6810320D7B15F00F05F8
:106D9000521BCA600A7A12F00F0F06D08A681032AE
:106DA0000D7A15F00F05521B8A60CA68120913008C
:106DB0008A681209140004FB03F2BD4D2A6031E019
:106DC0004A68022A15D10A7B12F00F0F06D0CA6852
:106DD00010320D7B15F00F05521BCA600A7A12F0B3
:106DE000070F06D08A6808320D7A15F00705521B86
:106DF0008A604A68002A15D10A7B12F0070F06D074
:106E0000CA6808320D7B15F00705521BCA600A7A62
:106E100012F0070F06D08A6808320D7A15F00705C0
:106E2000521B8A6030BC704770B504000D009B484F
:106E30000168691801609B4A01681368994211D280
:106E400097490B68EB180B6016680068361AB6F5A0
:106E5000504F02D34FF4504200E032000968200046
:106E6000FDF78EFF70BD2DE9F04704000D00160000
:106E70008248007800284AD0874FDFF8308201200E
:106E80003968090108F8010038680001404486604B
:106E90008549D1F800A0386800014044C0F80CA032
:106EA000DFF8C8910A68D9F80C0082180A603868BF
:106EB000401C38603868022801D3002038603868E8
:106EC000000118F80000002806D002212000FDF77C
:106ED0008EFE01206E490860D9F80C204FF4C07076
:106EE000424338680001404441682000FDF74BFFF1
:106EF000614F386803F0F8F9002808D1386803F0CA
:106F0000F5F9002803D15548006803F07DF8BDE885
:106F1000F08772B6FEE701215B4A116070470000FE
:106F200070B50400584D2868002805D057480068FF
:106F3000002801D001202AE04F4E306803F0D4F938
:106F400000280FD15948534909680901405C0128BC
:106F500008D14E480068002804D1306831680968BB
:106F6000096988474A49086801280FD14F484A4AA9
:106F700012681201805C002808D12868002805D119
:106F80000020086002212000FDF763FE022070BD92
:106F9000F0B4384B196800293CD0344DC168090160
:106FA0002A68B1FBF2F10C016A6862430121414E8B
:106FB0003160C6683E490F68E9687F1ABE4209D34E
:106FC000A968D1F11001EE68360151EA06413A4E46
:106FD000316006E0E9680901090451F01001364EFC
:106FE000316019681144354B196021490B68ED680F
:106FF0007FF00F0101FB053331490B600021314B5C
:1070000019603149314B19604168314B1960314980
:10701000314B1960F0BC704710B50400002020709F
:107020000020A0601B480168491C0160016802291A
:1070300001D300210160E1681D4802680B48C06867
:10704000121A914202D301201049086003480068D7
:1070500002F0DAFF10BD000040860408E8C00324F7
:10706000E877040860A40408D0820408F4BF03246D
:10707000E0C00324B8C00324D8C0032402C2032400
:107080009CB90324D0C00324C8C00324F0C0032447
:10709000CCC00324ECC00324DCC00324BCC0032404
:1070A000C4C00324C0C00324E4C00324300000246F
:1070B000D4C0032434100052441000523C1000523B
:1070C00040100052101000520B0009FF1C1000521B
:1070D0000C1000520123010000100052704738B517
:1070E00004000D00E06B002803D0280080B2E16BA3
:1070F000884731BD10B410F00703DFF8A8412268BB
:107100004FF6FF010A4052EA0322DFF89C110A43BE
:10711000226010BC7047DFF88C010068C0F30220C9
:1071200070470000010009B200290AD4012210F0C2
:107130001F018A40DFF8741103001BB25B0941F89C
:1071400023207047010009B200290ED4012210F05B
:107150001F018A40DFF8581103001BB25B0941F898
:107160002320BFF34F8FBFF36F8F704710B402001F
:1071700012B2002A05D40A014E4B040024B21A555B
:1071800008E00A014C4B040024B214F00F0423441D
:1071900003F8042C10BC704770B4030013F007040C
:1071A000D4F10700052801D3042001E0D4F1070041
:1071B000251D072D01D2002500E0E51E012616FA47
:1071C00000F0401E0140A94016FA05F56D1E2A4048
:1071D0001143080070BC704710B504002000FFF791
:1071E00089FF10BDF8B504000D001600FFF793FFEE
:1071F0000700320029003800FFF7CEFF0100200011
:1072000000B2FFF7B3FFF1BD10B50400200000B2DB
:10721000FFF788FF10BD10B50400200000B2FFF793
:1072200091FF10BDBFF35F8F2448016831F48031B6
:107230000160002022490860704750F00101204A97
:1072400011601E490A6852F480320A60BFF34F8F02
:10725000BFF36F8F704741781A4A11601A4A11685C
:107260004908490011604168184B1960017BC37AD5
:107270001B0653EA0173817A53EAC143417B53EA07
:107280008143817B53EA4143C17B53EA0143417A05
:1072900053EA0123017A53EA410301780B43136057
:1072A000704700000CED00E00000FA0500E100E08E
:1072B00080E100E000E400E018ED00E024ED00E0F3
:1072C00094ED00E098ED00E0A0ED00E09CED00E022
:1072D0002DE9F843040000275FF00008D4E900011D
:1072E000000132D5E06E002809D0B0F5801F0DD026
:1072F000B0F5001F11D0B0F5401F15D015E0DFF834
:10730000100A016851F40031016010E0022114F10B
:10731000080001F037F8070009E0022114F1280005
:1073200001F0BBF8070002E001E00120070038008F
:10733000C0B2002808D1DFF8DC190A6832F4401224
:10734000E06E02430A6000E0B846D4E90001C005DF
:1073500030D5E06D002806D0022812D00AD30428C8
:1073600017D015D316E0DFF8A809016851F40031F1
:10737000016011E0002114F1080001F003F807009A
:107380000AE0002114F1280001F087F8070003E06B
:1073900002E001E0012007003800C0B2002808D157
:1073A000DFF870190A68D208D200E06D02430A6063
:1073B00000E0B846D4E90001800533D5206E0028EE
:1073C00009D040280ED0802813D0C02818D0B0F59E
:1073D000807F16D016E0DFF83809016851F40031DB
:1073E000016011E0002114F1080000F0CBFF07005C
:1073F0000AE0002114F1280001F04FF8070003E033
:1074000002E001E0012007003800C0B2002808D1E6
:10741000DFF800190A6832F4E072206E02430A6055
:1074200000E0B846D4E90001400538D5D4F8AC00F6
:1074300000280CD0B0F5001F10D0B0F5800F14D08C
:10744000B0F5C00F18D0B0F5000F16D016E0DFF879
:10745000C008016851F40031016011E0002114F10D
:10746000080000F08FFF07000AE0002114F1280057
:1074700001F013F8070003E002E001E0012007003B
:107480003800C0B2002809D1DFF8581A0A6832F46F
:107490006002D4F8AC0002430A6000E0B846D4E9C8
:1074A0000001000538D5D4F8B00000280CD0B0F1A8
:1074B000807F10D0B0F1007F14D0B0F1407F18D0A1
:1074C000B0F1806F16D016E0DFF84408016851F47F
:1074D0000031016011E0002114F1080000F052FFBA
:1074E00007000AE0002114F1280000F0D6FF070091
:1074F00003E002E001E0012007003800C0B20028EC
:1075000009D1DFF8E0190A6832F0E062D4F8B0007F
:1075100002430A6000E0B846D4E90001800129D5A1
:10752000E06C002815D0102804D0202809D030287D
:107530000ED00FE0DFF8D807016851F40031016088
:107540000AE0022114F1080000F01CFF070003E02C
:1075500002E001E0012007003800C0B2002808D195
:10756000DFF884190A6832F03002E06C02430A60E6
:1075700000E0B846D4E90001C00436D5606E0028AA
:107580000CD0B0F5805F10D0B0F5005F14D0B0F52E
:10759000405F18D0B0F5804F16D016E0DFF87007C6
:1075A000016851F40031016011E0002114F108007C
:1075B00000F0E8FE07000AE0002114F1280000F0C6
:1075C0006CFF070003E002E001E001200700380043
:1075D000C0B2002808D1DFF83C170A6832F4E04254
:1075E000606E02430A6000E0B846D4E900018004FE
:1075F00034D5A06E00280FD0B0F5803F0DD0B0F587
:10760000003F11D0B0F5403F15D0B0F5802F13D01A
:10761000B0F5A02F11D011E012E0012114F1080003
:1076200000F0B0FE07000BE0012114F1280000F08B
:1076300034FF070004E003E002E001E0012007005E
:107640003800C0B2002808D1DFF8C8160A6832F442
:10765000E022A06E02430A6000E0B846D4E90001CF
:10766000400436D5D4F8B40000280FD0B0F1805FC4
:107670000DD0B0F1005F11D0B0F1405F15D0B0F186
:10768000804F13D0B0F1A04F11D011E012E00121D2
:1076900014F1080000F076FE07000BE0012114F160
:1076A000280000F0FAFE070004E003E002E001E039
:1076B000012007003800C0B2002809D1DFF82418E3
:1076C0000A6832F0E042D4F8B40002430A6000E0F5
:1076D000B846D4E9000140011DD5206D002809D02D
:1076E000B0F5807F07D1012114F1080000F04AFEB7
:1076F000070002E001E0012007003800C0B20028C6
:1077000008D1DFF8E4170A6832F48072206D024372
:107710000A6000E0B846D4E90001000428D5606F93
:10772000002814D0B0F1805F03D0B0F1005F07D023
:107730000EE0DFF8DC05016851F40031016009E07A
:10774000012114F1080000F01DFE070002E001E035
:10775000012007003800C0B2002808D1DFF8B415B6
:107760000A6832F04052606F02430A6000E0B84697
:10777000D4E90001C00128D5A06C002814D002284B
:107780000AD002D303280ED00FE0DFF88405016889
:1077900051F4003101600AE0022114F1080000F008
:1077A000F1FD070003E002E001E0012007003800DE
:1077B000C0B2002808D1DFF830170A68920892009A
:1077C000A06C02430A6000E0B846D4E90001400220
:1077D00079D5DFF81897D9F8000050F48070C9F80F
:1077E0000000F9F7F7FF0600D9F80000C00506D43D
:1077F000F9F7F0FF801B6528F6D303200700380057
:10780000C0B200285ED1DFF8E896D9F8000010F485
:107810004070D4F8B81011F44071884212D0D9F8F1
:10782000000030F440700500D9F8000050F48030BA
:10783000C9F80000D9F8000030F48030C9F8000021
:10784000C9F80050D4F8B800B0F5807F0FD1F9F72F
:10785000C1FF0600D9F80000800708D4F9F7BAFF85
:10786000801B41F289318842F4D30320070038009D
:10787000C0B2002824D1D4F8B80010F44070B0F59C
:10788000407F0DD1DFF86C06026832F47C52D4F8E8
:10789000B830DFF8641611EA13111143016005E0F6
:1078A000DFF85006016831F47C510160D9F800001E
:1078B000D4F8B8100905090D0843C9F8000002E022
:1078C000B84600E0B8462078C00731D5D4F880002B
:1078D00000280AD0082809D010280ED0182813D064
:1078E000202812D0282811D011E012E0012114F133
:1078F000080000F047FD07000BE0012114F128000B
:1079000000F0CBFD070004E003E002E001E001200D
:1079100007003800C0B2002809D1DFF8E0150A6876
:1079200032F03802D4F8800002430A6000E0B84622
:10793000207880072DD5E06F002808D002280ED0CF
:1079400006D3042813D011D3052811D011E012E07A
:10795000012114F1080000F015FD07000BE00121E2
:1079600014F1280000F099FD070004E003E002E0B4
:1079700001E0012007003800C0B2002808D1DFF87C
:107980007C150A68D208D200E06F02430A6000E06A
:10799000B846207840072FD5D4F89800002808D0A2
:1079A00002280ED006D3042813D011D3052811D0F5
:1079B00011E012E0012114F1080000F0E3FC0700DF
:1079C0000BE0012114F1280000F067FD070004E03E
:1079D00003E002E001E0012007003800C0B2002807
:1079E00009D1DFF800150A68D208D200D4F898004F
:1079F00002430A6000E0B8462078800636D5D4F805
:107A0000940000280FD0B0F1805F0DD0B0F1005F7E
:107A100011D0B0F1405F15D0B0F1804F13D0B0F16C
:107A2000A04F11D011E012E0002114F1080000F085
:107A3000A9FC07000BE0022114F1280000F02DFD45
:107A4000070004E003E002E001E001200700380045
:107A5000C0B2002809D1DFF8A4140A6832F0E0426D
:107A6000D4F8940002430A6000E0B846207840064B
:107A700036D5D4F8A00000280FD0B0F5806F0DD017
:107A8000B0F5006F11D0B0F5406F15D0B0F5805F44
:107A900013D0B0F5A05F11D011E012E0002114F175
:107AA000080000F06FFC07000BE0022114F1280031
:107AB00000F0F3FC070004E003E002E001E0012035
:107AC00007003800C0B2002809D1DFF818140A688E
:107AD00032F4E052D4F8A00002430A6000E0B84655
:107AE0002078000636D5D4F8A40000280FD0B0F5D1
:107AF000005F0DD0B0F5804F11D0B0F5C04F15D05C
:107B0000B0F5004F13D0B0F5204F11D011E012E0C6
:107B1000002114F1080000F035FC07000BE0022101
:107B200014F1280000F0B9FC070004E003E002E0D3
:107B300001E0012007003800C0B2002809D1DFF8B9
:107B4000A4130A6832F46042D4F8A40002430A6025
:107B500000E0B8462078000716D5D4F88800B0F5C4
:107B6000805F08D1022114F1280000F096FC002863
:107B700001D001208046DFF884130A6832F44052B5
:107B8000D4F8880002430A602078C00616D5D4F8DD
:107B90009C00B0F5807F08D1022114F1280000F08C
:107BA0007CFC002801D001208046DFF838130A68E9
:107BB00032F44072D4F89C0002430A60D4E9000118
:107BC000000329D5D4F8A800002806D0B0F5803FDE
:107BD0000AD0B0F5003F0ED00EE0002114F10800ED
:107BE00000F0D0FB070009E0022114F1280000F0AA
:107BF00054FC070002E001E0012007003800C0B299
:107C0000002808D1B7490A6832F44032D4F8A800F5
:107C100002430A6000E0B846D4E9000140032AD5D7
:107C2000D4F88C00B0F5801F06D0B0F5001F09D045
:107C3000B0F5401F0DD00DE03548016851F400311A
:107C4000016009E0012114F1280000F026FC070082
:107C500002E001E0012007003800C0B2002809D18D
:107C6000DFF898120A6832F44012D4F88C0002430C
:107C70000A6000E0B846D4E90001C00322D5606D77
:107C8000002803D0B0F5803F06D00CE02048016802
:107C900051F40031016008E0022114F1080000F005
:107CA00071FB070001E0012007003800C0B2002886
:107CB00007D18D490A6832F48032606D02430A6050
:107CC00000E0B846D4E90001800008D5022114F193
:107CD000280000F0E2FB002801D001208046D4E912
:107CE000000180032CD5D4F88400002816D0B0F50C
:107CF000807F06D0B0F5007F0ED0B0F5407F0CD06D
:107D00000DE00348016851F40031016009E000BF53
:107D10002C4402585044025803E002E001E00120E4
:107D200007003800C0B2002809D1DFF8D0110A6876
:107D300032F44072D4F8840002430A6000E0B8468E
:107D4000D4E90001C00207D5DFF8B4110A6822F0B7
:107D50000042A06F02430A60D4E90001C00008D5C8
:107D6000DFF890110A6832F48042D4F8BC00024374
:107D70000A60D4E90001800207D5DFF884110A689F
:107D800032F08072206F02430A60D4E900014000A3
:107D90000AD5DFF86011086830F4004008600A680E
:107DA000D4F8C00002430A60D4E90001002806D5D7
:107DB0004D490A6832F04052A06D02430A60D4E98E
:107DC0000001000207D54D490A6832F44002D4F898
:107DD000900002430A60D4E9000110F0000011F0A5
:107DE0000101002901D100280AD0002114F1080066
:107DF00000F0C8FA07003800C0B2002800D0B8462A
:107E0000D4E9000110F0000011F00201002901D1B5
:107E100000280AD0012114F1080000F0B3FA07008D
:107E20003800C0B2002800D0B846D4E9000110F0F4
:107E3000000011F00401002901D100280AD002211C
:107E400014F1080000F09EFA07003800C0B20028C4
:107E500000D0B846D4E9000110F0000011F008018C
:107E6000002901D100280AD0002114F1280000F0D7
:107E700014FB07003800C0B2002800D0B846D4E98F
:107E8000000110F0000011F01001002901D10028BC
:107E90000AD0012114F1280000F0FFFA0700380091
:107EA000C0B2002800D0B846D4E9000110F00000AC
:107EB00011F02001002901D100280AD0022114F17B
:107EC000280000F0EAFA07003800C0B2002800D00D
:107ED000B8464046C0B2002801D1002000E0012091
:107EE000BDE8F283584402584C44025800480258F6
:107EF0007044025810440258CFFFFF005444025807
:107F00005044025880B502F099FCDFF8A416DFF85F
:107F1000A4261268C2F30212895C11F01F01C84046
:107F200002BD000030B485490A6812F003020968F6
:107F3000C1F30531824B1B68C3F30014DFF87836B8
:107F40001B68C3F3CC0303FB04F300EE903AF8EE96
:107F5000600A002900F0EA80002A03D0022A70D0CB
:107F60004FD38EE0DFF804341D68AD0629D5DFF865
:107F700000541B68C3F3C103DD4001EE905AB0EE1C
:107F8000610AF8EE401A02EE101AB8EE422AC1EE6B
:107F9000821ADFF828361B68DB05DB0D02EE103A8B
:107FA000B8EE422ADFED672AC0EEA22A32EE222A7C
:107FB000F7EE002A32EE222A61EE821AB0EE611A42
:107FC0001EE001EE901AF8EE611A9FED5F2AC2EEF4
:107FD000211ADFF8E8351B68DB05DB0D02EE103AED
:107FE000B8EE422ADFED572AC0EEA22A32EE222A4C
:107FF000F7EE002A32EE222A61EE821AB0EE611A02
:108000005EE001EE901AF8EE611A9FED502AC2EE82
:10801000211ADFF8A8351B68DB05DB0D02EE103AEC
:10802000B8EE422ADFED472AC0EEA22A32EE222A1B
:10803000F7EE002A32EE222A61EE821AB0EE611AC1
:108040003EE001EE901AF8EE611A9FED412AC2EE71
:10805000211ADFF868351B68DB05DB0D02EE103AEC
:10806000B8EE422ADFED372AC0EEA22A32EE222AEB
:10807000F7EE002A32EE222A61EE821AB0EE611A81
:108080001EE001EE901AF8EE611A9FED302AC2EE62
:10809000211ADFF828351B68DB05DB0D02EE103AEC
:1080A000B8EE422ADFED272AC0EEA22A32EE222ABB
:1080B000F7EE002A32EE222A61EE821AB0EE611A41
:1080C000DFF8F8341D68C5F3462501EE905AF8EE46
:1080D000611AB7EE002A71EE821AC1EE211AFCEE87
:1080E000E11AC0ED001A1D68C5F3064501EE905A6D
:1080F000F8EE611AB7EE002A71EE821AC1EE211A6B
:10810000FCEEE11AC0ED011A1B68C3F3066301EE31
:10811000903AF8EE611AB7EE002A71EE821AC1EEBB
:10812000211AFCEEE11AC0ED021A05E000230360FB
:10813000002343600023836030BC7047284402580A
:108140002C440258000000460024744C0024744A59
:1081500020BCBE4B30B4DFF868140A6812F003028A
:108160000968C1F30551DFF85C341B68C3F30024D0
:10817000DFF854341B68C3F3CC0303FB04F300EEB5
:10818000903AF8EE600A002900F0E880002A03D057
:10819000022A6ED04DD38CE0744B1D68AD0628D5F5
:1081A000734D1B68C3F3C103DD4001EE905AB0EE7E
:1081B000610AF8EE401A02EE101AB8EE422AC1EE39
:1081C000821ADFF808341B68DB05DB0D02EE103A7B
:1081D000B8EE422ADFED672AC0EEA22A32EE222A4A
:1081E000F7EE002A32EE222A61EE821AB0EE611A10
:1081F0001EE001EE901AF8EE611A9FED5F2AC2EEC2
:10820000211ADFF8C8331B68DB05DB0D02EE103ADC
:10821000B8EE422ADFED572AC0EEA22A32EE222A19
:10822000F7EE002A32EE222A61EE821AB0EE611ACF
:108230005EE001EE901AF8EE611A9FED502AC2EE50
:10824000211ADFF888331B68DB05DB0D02EE103ADC
:10825000B8EE422ADFED472AC0EEA22A32EE222AE9
:10826000F7EE002A32EE222A61EE821AB0EE611A8F
:108270003EE001EE901AF8EE611A9FED412AC2EE3F
:10828000211ADFF848331B68DB05DB0D02EE103ADC
:10829000B8EE422ADFED372AC0EEA22A32EE222AB9
:1082A000F7EE002A32EE222A61EE821AB0EE611A4F
:1082B0001EE001EE901AF8EE611A9FED302AC2EE30
:1082C000211ADFF808331B68DB05DB0D02EE103ADC
:1082D000B8EE422ADFED272AC0EEA22A32EE222A89
:1082E000F7EE002A32EE222A61EE821AB0EE611A0F
:1082F000DFF8D8321D68C5F3462501EE905AF8EE36
:10830000611AB7EE002A71EE821AC1EE211AFCEE54
:10831000E11AC0ED001A1D68C5F3064501EE905A3A
:10832000F8EE611AB7EE002A71EE821AC1EE211A38
:10833000FCEEE11AC0ED011A1B68C3F3066301EEFF
:10834000903AF8EE611AB7EE002A71EE821AC1EE89
:10835000211AFCEEE11AC0ED021A05E000230360C9
:10836000002343600023836030BC70470044025800
:108370000090D003000000460024744C0024744A8E
:1083800020BCBE4B2DE9F84305000C0000278C48AB
:10839000006810F00300032801D101207BE0DFF822
:1083A0003082D8F8000030F08060C8F80000F9F79B
:1083B00011FA0600D8F80000000106D5F9F70AFA0C
:1083C000801B0328F6D3032065E07D48016831F463
:1083D0007C312A6851EA023101606868401EC0059C
:1083E000C00DA968491E490211F47E410843E9689D
:1083F000491E090411F4FE0108432969491E0906B2
:1084000011F0FE4108436D4908606E490A6832F078
:10841000C002686902430A600A6832F02002A86953
:1084200002430A60086830F0100008606248026881
:108430006FF3CF02EB6952EAC3020260086850F0A2
:1084400010000860002C04D1086850F40020086077
:108450000AE0012C04D1086850F48010086003E0A1
:10846000086850F400100860D8F8000050F08060F0
:10847000C8F80000F9F7AEF98146D8F8000000010D
:1084800007D4F9F7A7F9B0EB09000328F5D30320C7
:1084900001E03800C0B2BDE8F2832DE9F8430500E1
:1084A0000C0000274648006810F00300032801D1A3
:1084B00001207BE0DFF81881D8F8000030F0805010
:1084C000C8F80000F9F786F90600D8F80000800027
:1084D00006D5F9F77FF9801B0328F6D3032065E062
:1084E0003748016831F07C712A6851EA0251016015
:1084F0006868401EC005C00DA968491E490211F4F4
:108500007E410843E968491E090411F4FE0108434D
:108510002969491E090611F0FE4108432B490860EC
:1085200028490A6832F44062686902430A600A68AE
:1085300032F40072A86902430A60086830F480705F
:108540000860214802686FF3CF02EB6952EAC30268
:108550000260086850F480700860002C04D108683C
:1085600050F4800008600AE0012C04D1086850F43F
:108570000000086003E0086850F080700860D8F8D8
:10858000000050F08050C8F80000F9F723F9814648
:10859000D8F80000800007D4F9F71CF9B0EB090007
:1085A0000328F5D3032001E03800C0B2BDE8F28310
:1085B000BCA80408204402583C44025838440258DD
:1085C000284402582C44025844440258404402585B
:1085D000004402587CB500F073FFDFF8480B0168D7
:1085E000890313D4BFF34F8FBFF36F8F0021DFF8E0
:1085F000382B1160BFF34F8FBFF36F8F016851F4B9
:1086000000310160BFF34F8FBFF36F8F0068C0036D
:108610002AD40020DFF8141B0860BFF34F8FDFF867
:10862000100B0168C1F34E32C1F3C900030043F6D9
:10863000E07010EA421050EA8370DFF8F84A2060D8
:108640001800431E0028F2D11000421E0028EBD172
:10865000BFF34F8FDFF8CC0A046854F48034046011
:10866000BFF34F8FBFF36F8F4FF6FF752C00DFF80E
:10867000C86A3068000403D52000441E0128F6DAD9
:1086800002F06AF900F072F8DFF8B00A016851F000
:1086900000710160006810F00070009000980020E8
:1086A00002F094F90021002002F09BF930680004E8
:1086B00003D42800451E0128F8DA002D01D500F06A
:1086C000FDFF00F030FB00F0CEFA00F0E1FA00F020
:1086D00097FA00F0D2F800F0E4F800F0D8F900F0D2
:1086E000B5F800F0C7F902F089F902F089F902F053
:1086F00086F900F0E3FB02F0E9F901F05BFA0022F1
:108700004021082002F0DFFCDFF8341A086003F093
:108710003DFBDFF8302A0021DFF82C0A01F080FA57
:10872000DFF8281A0860DFF8282A0021DFF8240A79
:1087300001F076FADFF8201A0860DFF8202A00211D
:108740000FF62D2001F06CFA03F007FD00200190D8
:108750000120009000234FF40072DFF8041ADFF8C4
:10876000580D03F0BDFE01F03EFAFEE710B59CB0D7
:108770004C21002209AC2000FAF75EFB20210022E8
:1087800001AC2000FAF758FB042004F029FF002078
:108790000090DFF8D00901684908490001600068CD
:1087A00010F001000090DFF8FC0D016851F4404129
:1087B0000160016811F44041009100990168890449
:1087C000FCD5032009905FF480300A9001200C90C2
:1087D00040200D900220129002201390052014904A
:1087E000A0201590022016900220179002201890C9
:1087F0000820199000201A9000201B9009A804F06E
:1088000035FF002801D000F059FF3F2001900320E0
:108810000290002003900820049040200590402002
:1088200006904FF48060079040200890022101A834
:1088300001F05EFD002801D000F040FF5FF48022CF
:108840000021002001F09CFE1CB010BD80B5DFF8B7
:108850001809DFF8541D01600021017100214171E8
:1088600000214161002181610121016205F07AFA54
:10887000002801D000F022FF01BD80B5DFF8EC0830
:10888000DFF83C1D01605FF44031416001218160EF
:108890000021C16005F0AEFA002801D000F00EFF03
:1088A00001BD10B5AAB0DFF8144C00220821200049
:1088B00001F000F9142005F087FB012208212000B7
:1088C00001F0F8F80A2005F07FFB0C2100226C462D
:1088D0002000FAF7B1FA2421002221AC2000FAF797
:1088E000ABFA1821002203AC2000FAF7A5FA3421D4
:1088F000002214AC2000FAF79FFA2C21002209ACC8
:108900002000FAF799FADFF8BC4C5FF0A040206035
:10891000002060600420A0600120E06077200090CB
:1089200003200190012002906946200005F08FFB92
:10893000002801D000F0C2FE0120219000202290EA
:1089400000202390002024900020259000202690D5
:1089500000202790002028900020299021A92000A5
:1089600005F0ECFE002801D000F0A8FE1C200390CA
:10897000212004900F2005901920069000200790D8
:108980000020089003A9200005F08BFE002801D0EC
:1089900000F094FE0421200005F06CFE002801D0B8
:1089A00000F08CFE42F21071200006F0B3F80028AF
:1089B00001D000F083FE0021200005F072FC0028A9
:1089C00001D000F07BFE4FF4807014904FF40070E3
:1089D00015904FF4806016904FF4006017904FF49C
:1089E000805018904FF4005019904FF480401A9026
:1089F0005FF480301B905FF400301C905FF48020A7
:108A00001D905FF400201E905FF080701F90022088
:108A1000209014A9200005F0ECFD002801D000F002
:108A20004DFE0020099005200A904FF4C8700B906D
:108A300010200C9000200D9000200E9000200F9030
:108A4000002010908020119000201290012013909F
:108A500009A9200005F034FD002801D000F02EFE09
:108A60000021200005F015FD002801D000F026FEB1
:108A70002AB010BD80B5DFF8500BDFF8501B016045
:108A8000FBF73CFF002801D000F018FE01BD78B5CF
:108A90009BB0342100220EAC2000FAF7CDF9DFF8AC
:108AA000304BDFF8300B20605FF0004060605FF01B
:108AB0008040A0600020E060002020610020606114
:108AC0000020A0610220E061022020624FF4C97002
:108AD00060624FF4F170A06240F29310E06240F2E5
:108AE000E3102063002084F83400002084F835006F
:108AF000002084F83600200006F028F8002801D075
:108B000000F0DCFD00200E904FF4C8700F900021A3
:108B100010914FF4F071119101221292FF221392E1
:108B2000002214924FF4C0621592072216925FF051
:108B3000504217921890199100208DF8680000207B
:108B40008DF8690000208DF86A0000220EA920002F
:108B500006F0DAF8002801D000F0B0FD2068806946
:108B60004008400021688861DFF8585A280005F065
:108B700072FEDFF8641A00200880DFF8600AC8601F
:108B8000DFF85C0A4860DFF85C0A8860DFF8586A42
:108B9000300006F067FA01220021300006F078FA72
:108BA00000200090282315220021280005F094FEC3
:108BB00000200190002002900020039000200490EB
:108BC00000200590002006900020079000200890CB
:108BD0000020099000200A9000200B9001A9280095
:108BE00005F007FD00224FF44871200006F0B5F8AB
:108BF0002068806950F00100216888611CB070BD58
:108C000080B5DFF8E809DFF8E81901600321416069
:108C1000012181600021C1600121016100214161C8
:108C2000002181614021016206F0AEFF002801D0E1
:108C300000F044FD03208DF8000001208DF80100B4
:108C400040208DF802006946002007F021FB002833
:108C500001D000F033FD002007F094FB002801D084
:108C600000F02CFD01BD80B5DFF88809016851F0E6
:108C700001010160006810F00100009000980022DE
:108C800005217A20FEF7AEFA7A20FEF7BDFA01BD83
:108C900018B587B01C2100226C462000FAF7CCF8EA
:108CA000DFF854090168490849000160DFF84C0900
:108CB000DFF84C190160012141600121816004212C
:108CC000C16020210161402141614FF4C071816187
:108CD0000021C1614FF4006101624FF48051416293
:108CE000002181620221009107210191042102915A
:108CF000072103910321049102210591022106918C
:108D0000694607F089FD002801D000F0D7FC00205B
:108D100007F032FE002007F0FFFD002801D000F030
:108D2000CDFC08B010BDF0B58BB0142100226C460C
:108D30002000FAF781F8DFF8CC4800224FF44051C8
:108D4000200000F0B7FE1421002206AD2800FAF73B
:108D500073F84FF4405006900120079000200890CF
:108D60000020099006A9200000F0AAFCDFF8CC033F
:108D7000016851F480710160016811F480710591FE
:108D80000599016851F002010160016811F00201CA
:108D900005910599016851F040010160016811F0E9
:108DA000400105910599016851F0100101600168C9
:108DB00011F0100105910599016851F080010160E1
:108DC000016811F0800105910599016851F00401D5
:108DD0000160016811F0040105910599016851F4E1
:108DE00000710160016811F4007105910599016835
:108DF00051F008010160016811F008010591059921
:108E0000016851F001010160016811F00101059153
:108E10000599016851F020010160006810F0200000
:108E20000590059841F20837DFF8DC670022390029
:108E3000300000F03FFEDFF88446002208212000C9
:108E400000F038FEDFF8C45700224FF4807128008C
:108E500000F030FE009701200190002002900320D6
:108E600003906946300000F02BFC4FF480760096AA
:108E70000220019000200290002003900020049026
:108E80006946DFF88C0700F01BFC082000900120E9
:108E9000019001200290032003906946200000F019
:108EA0000FFC009601200190002002900320039007
:108EB0006946280000F004FC0BB0F0BD80B5DFF877
:108EC0005407DFF8541701605FF46121416000210D
:108ED00081600021C160002101610C2141610021FC
:108EE00081610021C16100210162002141620021F4
:108EF000816207F039FE002801D000F0DFFB01BDE0
:108F00002DE9F04FADF5057D06000F003A0092B255
:108F10003100DFF8080708F041FEDFF8048740461B
:108F200008F08AFE300001F008FF0722DFF8F4168F
:108F3000300008F09DFE002819D13F22310075A8AD
:108F400008F0B2FE00208DF813020023002275A95C
:108F50007B48006802F0C7F9012800F0DF80DFF8E5
:108F6000C80608F01BFE404608F066FED6E0062262
:108F7000DFF8B816300008F07BFE002840F085804E
:108F8000E4255FF000093CAC4A4629002000F9F7CF
:108F900053FF00208DF8F000B01D00907C21009858
:108FA00008F0BAFE0400002C05D07C21601C08F0FB
:108FB000B3FE050000E00025002C38D0DDF800905D
:108FC000B4EB0909B9F1800F01D37F208146CDF8B8
:108FD0000890009801900DF1F40A029A0199504608
:108FE000FAF7BAF800203CA949440871002D23D0B3
:108FF000B5EB040ABAF1010ABAF1400F01D33F20E0
:109000008246CDF808A0601C01900DF5BA7B029A4B
:1090100001995846FAF7A0F800203CA9514481F87C
:1090200084001F22691C6DA808F03EFE04E07F2228
:1090300000993DA808F038FEDFF8F4050068DFF875
:10904000F41508606DAB5DAA3DA9DFF8EC0508F0EA
:10905000A5FD404608F0F0FDDFF8E00508F09EFDB4
:10906000404608F0E9FD002300223CA9DFF8D005C6
:10907000006802F038F9012850D0DFF8C80508F080
:109080008DFD404608F0D8FD48E00622DFF8B8150F
:10909000300008F0EDFD00280ED1B01D08F0E5FE0F
:1090A000DFF8A81508600020DFF8A415086001208B
:1090B000DFF8A015087031E00622DFF89C153000BB
:1090C00008F0D6FD002829D1B11DDFF8900508F081
:1090D00065FD404608F0B0FDE42400250DF10C09C3
:1090E0002A0021004846F9F7A7FE02208DF80C005F
:1090F0003F22B11D04A808F0D7FD0023002203A9D8
:10910000DFF83C05006802F0EEF8012806D0DFF831
:10911000500508F043FD404608F08EFD0DF5057D35
:10912000BDE8F08F14ED00E050EF00E084ED00E0CA
:1091300080ED00E060EF00E000440258E044025897
:1091400010C10324809C04080DAA020808C103244E
:10915000A49C04080B7F03080CC10324C89C0408CA
:10916000C4A904082C04005870BE032414B80324B6
:109170002DE9F14FE0B0DFF8EC04016851F08071A7
:1091800001600020DFF8A8140860DFF8DC04016843
:1091900051F001010160DFF8D40408F0FFFCDFF8B2
:1091A000800408F049FD01F00DFDDFF8C40408F06B
:1091B000F5FCDFF86C0408F03FFD00240020DFF828
:1091C000B41408704FF4FA723EA9DFF8AC040068DA
:1091D00002F074FA0490049801282BD0200080B289
:1091E00000281BD0DFF86C040078002816D1DFF8C7
:1091F00084542A00210089B2DFF8800408F0CEFCF4
:10920000DFF81C0408F018FD210089B22800FFF7E0
:1092100077FE00200400002028700AE0DFF86004D8
:109220000168DFF8600408F0B9FCDFF8F40308F027
:1092300003FDC7E7DFF8F80300684FF4F071B0FBF7
:10924000F1F2BDF87811DFF8400408F0A7FCDFF870
:10925000D00308F0F1FCBDF87801042802D39DF892
:10926000FB1000E00021BDF87801032802D39DF82F
:10927000FA5000E00025BDF87801022802D39DF8DD
:10928000F93000E00023BDF87801002802D09DF8F5
:10929000F82000E0002201910095BDF87811DFF878
:1092A000EC0308F07BFCDE4808F0C6FC0025280033
:1092B000BDF8781180B2884284D2DFF898633078A4
:1092C000002800F0B880BDF878B1280080B2BBEB70
:1092D000000BDF4FDFF87483D8F800103868091AE4
:1092E00001910198584501D201988346CDF80CB000
:1092F0003EA8290089B208440090DFF894933868AA
:1093000009EB000A039A00995046F9F725FF3868DF
:109310001BEB000038601BEB0505642039684143F6
:10932000D8F80020B1FBF2FA3968B1EB0B0100FB71
:1093300001F0D8F80010B0FBF1F002900A20BAFB5F
:10934000F0F002990A22B1FBF2F1884210D0B8483D
:1093500000684FF4F071B0FBF1F00090D8F80030E5
:109360003A685146CB4808F019FCAD4808F064FC57
:109370003868D8F80010884299D3C749AC4F38688C
:1093800008600A68AB4803680968D21A4FF47A7318
:10939000B2FBF3F30068091AC048B1FBF0F2D8F849
:1093A0000010BF4808F0FAFBDFF874A2504608F03E
:1093B00043FC00203070D8F800601F367609760133
:1093C000CDF80090012E10DB009810F01F008019DE
:1093D0000099BFF34F8FB34A116020312038012824
:1093E000F9DABFF34F8FBFF36F8F01208DF81400B0
:1093F000CDF81890D8F8000007900023002205A9A6
:109400008F48006801F06FFF012806D0A64808F0D9
:10941000C5FB504608F010FC49E738684FF4F0717E
:10942000B0FBF1F2D8F80010A04808F0B7FB5046A6
:1094300008F002FC3BE73EA8290089B2465C6D1C9F
:109440003000C0B20D283FF432AF3000C0B20A285D
:109450000ED1200080B2002809D0864F210089B2A9
:109460003800FFF74DFD00200400002038701EE793
:10947000200080B240F2FF11884209D27D482100CD
:1094800089B24654641C0021220092B281540EE736
:10949000874808F083FB624808F0CEFB754F210037
:1094A00089B23800FFF72CFD00203E7001210C002E
:1094B00000217970FBE60000ABC2020800180258D8
:1094C0001FB5102100226C462000F9F7B5FCFDF70E
:1094D000A9FE01208DF8000000208DF801005FF04A
:1094E000104001901B208DF8080000208DF8090025
:1094F00000208DF80A0003208DF80B0001208DF864
:109500000C0000208DF80D0000208DF80E000020CA
:109510008DF80F006846FDF79EFE01208DF80100D2
:109520001A208DF808006846FDF795FE02208DF898
:1095300001005FF05040019018208DF808000120D4
:109540008DF80E006846FDF786FE03208DF80100B9
:109550005FF01050019012208DF8080000208DF867
:109560000C006846FDF777FE04208DF801005FF0DF
:109570008050019011208DF808006846FDF76BFEC1
:1095800005208DF801004B4801900E208DF8080051
:1095900001208DF80C006846FDF75DFE0420FDF704
:1095A0004CFE1FBD18480258004C025810B504006C
:1095B00020684149884201D108F062FC10BD0000DA
:1095C00000100052F8BE03249CB90324003000525E
:1095D00000B003240010005018C00324B32A04086C
:1095E00051330308B5330308B8BE0324E8BA032493
:1095F00000500052D444025800400052DCBC032406
:109600004041005200200258002402580014025821
:109610000000025848B10324007C0040509E04081A
:10962000C00100248CAB04088C96040894AB040899
:10963000041000E014C10324EC8D0408B89604085B
:1096400028C10324E49604089CAB04081CC103242D
:1096500020C1032403C20324A4AB04081CA10408F2
:1096600010970408FCED00E0001000E01C61040805
:10967000D09A0408FCAA0324B0C00324F89A040872
:1096800024C103243C970408F093040820940408A0
:10969000007869D01090040818C103240053070013
:1096A000FC78040868EF00E0449004085094040833
:1096B000709E0408000004100010004072B6FEE71F
:1096C000F8B503000025DFF820640868E8400028AA
:1096D00000F014810127D1F800C017FA05F010EA54
:1096E0000C0C6246002A00F00781087910F0030094
:1096F000012804D0087910F0030002281FD1D3F804
:1097000008C05FF0030E2800C0B240001EFA00FE41
:109710003CEA0E0CD1F80CE02800C0B240001EFA62
:1097200000FE5EEA0C0CC3F808C05868AF40B843AE
:109730004F68C7F30017AF40384304005C600879F6
:1097400010F00300032807D1087910F00300032864
:1097500017D18868012814D0DF685FF0030C280057
:10976000C0B240001CFA00FC37EA0C07D1F808C070
:109770002800C0B240001CFA00FC5CEA07073C006D
:10978000DC60087910F0030002281ED12800C00810
:1097900003EB8000076A5FF00F0C15F00700C0B202
:1097A00080001CFA00FC37EA0C07D1F810C015F055
:1097B0000700C0B280001CFA00FC5CEA07073C000E
:1097C0002800C00803EB800004621F685FF0030CF0
:1097D0002800C0B240001CFA00FC37EA0C0791F8E0
:1097E00004C01CF0030C2800C0B240001CFA00FCAE
:1097F0005CEA07073C001C60486810F4403F7BD0DF
:10980000DFF8E802076857F002070760006810F009
:10981000020000900098DFF8D8C2280080085CF8A9
:1098200020705FF00F0E15F00300C0B280001EFA2A
:1098300000FE37EA0E07DFF8BC02834201D10024A4
:109840002DE0AD48834201D1012428E0AB4883429A
:1098500001D1022423E0AA48834201D103241EE05F
:10986000A848834201D1042419E0A748834201D1CA
:10987000052414E0A548834201D106240FE0A44842
:10988000834201D107240AE0A248834201D108247F
:1098900005E0A148834201D1092400E00A2415F023
:1098A0000300C0B2800084402743280080084CF8A1
:1098B00020705FF0B04420689043D1F804C05FEAA4
:1098C000CC2C00D510432060944F3C689443D1F8D1
:1098D00004C05FEA8C2C00D514433C607068904350
:1098E0004F68BF0300D510437060346894434F68DD
:1098F000FF0300D5144334606D1CE6E6F1BD2DE98D
:10990000F04303000025784E0800E840002800F0EE
:10991000C480012717FA05F008400200002A00F071
:10992000BA80DFF8CCE1280080085EF820005FF004
:109930000F0C15F003085FFA88F85FEA88081CFA34
:1099400008F818EA000004006A48834202D15FF078
:10995000000837E06848834202D15FF0010831E037
:109960006648834202D15FF002082BE064488342DC
:1099700002D15FF0030825E06248834202D15FF024
:1099800004081FE06048834202D15FF0050819E037
:109990005E48834202D15FF0060813E05C488342D0
:1099A00002D15FF007080DE05A48834202D15FF010
:1099B000080807E05848834202D15FF0090801E037
:1099C0005FF00A0815F00300C0B2800018FA00F832
:1099D000444525D130689043306070689043706092
:1099E0004E48D0F8008038EA0208C0F800805FF0E6
:1099F000B040D0F8008038EA0208C0F8008015F0C6
:109A00000300C0B280001CFA00F0040028008008A7
:109A10005EF82000A043A8465FEA98084EF82800A8
:109A20005FF0030E1868A8465FFA88F85FEA4808F6
:109A30001EFA08F858EA000018602800C00803EB76
:109A400080082800C00803EB8000D0F8209015F0B3
:109A50000700C0B280001CFA00FC39EA0C0CC8F800
:109A600020C0D868AC465FFA8CFC5FEA4C0C1EFA4A
:109A70000CFC30EA0C00D8605868AF4030EA0707A9
:109A80005F609F682800C0B240001EFA00FE37EAFF
:109A90000E0EC3F808E06D1C36E7BDE8F083020047
:109AA00010690B009BB2184201D0012000E0002099
:109AB000C0B270471300DBB2002B03D00B009BB287
:109AC000836103E00B009BB21B048361704710B4F9
:109AD00042690B009BB213400C00A4B2944354EAB9
:109AE0000344846110BC704780000058F44402585D
:109AF00008040058000002580004025800080258E8
:109B0000000C0258001002580014025800180258A5
:109B1000001C02580020025800240258040000587B
:109B200010B50400200008F0B7F910BD10B4020011
:109B300012B2002A06D40A01DFF8C831040024B2A8
:109B40001A5509E00A01DFF8C031040024B214F00C
:109B50000F04234403F8042C10BC704780B5DFF8D1
:109B6000AC01006803F084FB012801D008F072FA10
:109B700001BD80B500217FF00400FFF7D7FF01BDD4
:109B800038B50024EFF30580002802D0012004003E
:109B90000EE003F06DFB0500012D09D0EFF31080FE
:109BA000002803D1EFF31180002801D00120040028
:109BB000200032BD10B5FFF7E3FF002802D07FF090
:109BC00005000FE003F054FB0400012C08D1DFF87E
:109BD00040110868002803D101200860002001E03E
:109BE0005FF0FF3010BD38B5FFF7CAFF002802D084
:109BF0007FF0050013E003F03BFB0400012C0CD1C7
:109C0000DFF80C512868012807D1FFF7B2FF0220C6
:109C1000286002F0FFFD002001E05FF0FF3032BD60
:109C20002DE9FF4707008846140000200390FFF746
:109C3000A7FF002862D1380000285FD0802082462C
:109C400018200500002081465FF0FF300600002C40
:109C500033D02068002801D020688146A069002800
:109C600001D0A0690500002D04D0392D02D2207941
:109C7000C00701D5002042E06069002802D0606979
:109C800080088246A06800280BD0E068602808D3CE
:109C90002069002805D06069002802D00120060054
:109CA0000DE0A06800280AD1E068002807D12069EB
:109CB000002804D10020060001E000200600012E4B
:109CC0000CD1A0680290206901900095434652464D
:109CD0004946380002F0ACFB03900FE0002E0DD196
:109CE00003A8019000954346524692B24946380077
:109CF00002F0F6FB012801D000200390039804B085
:109D0000BDE8F08700E400E018ED00E010E000E0BE
:109D1000B4C003242DE9F04104000026FFF730FF12
:109D2000002858D1002C02D06068804601E0002055
:109D300080465FEAC87002D50120050001E00020DE
:109D400005005FEA087046D45FF0FF300700002C82
:109D500011D0A068002805D0E068602802D3012057
:109D600007000AE0A068002807D1E068002804D1B5
:109D70000020070001E000200700012F0DD1002D79
:109D800005D0A168042001F013FA060012E0A168D2
:109D9000012001F00DFA06000CE0002F0AD1002D81
:109DA00004D0042001F0F4F9060003E0012001F0E2
:109DB000EFF90600002E08D0002C06D020680028FD
:109DC00003D02168300001F06EFF002E03D0002D7B
:109DD00001D056F001063000BDE8F0812DE9F041D8
:109DE00007000C007D086D0017F001065FF0000809
:109DF000FFF7C6FE002803D07FF00500804626E06E
:109E0000002D03D17FF00300804620E0002E0FD00C
:109E10002100280001F005FA012818D0002C03D0F9
:109E20007FF00100804612E07FF0020080460EE0E5
:109E30002100280001F008FD012808D0002C03D0E3
:109E40007FF00100804602E07FF00200804640463D
:109E5000BDE8F081F8B506007408640016F001054D
:109E60000027FFF78DFE002803D07FF005000700D4
:109E70001BE0002C03D17FF00300070015E0002D4C
:109E800008D0200001F0ABF901280ED07FF00200CD
:109E900007000AE0002300220021200001F023FA3D
:109EA000012802D07FF0020007003800F2BD2DE942
:109EB000FC4106000F0014000025FFF761FE00289A
:109EC00060D1002E5ED0BE425CD35FF0FF30804692
:109ED000002C11D0A068002805D0E068602802D3CB
:109EE000012080460AE0A068002807D1E068002829
:109EF00004D10020804601E00020804618F1010FC7
:109F000040D0012E24D1B8F1010F09D103200090D7
:109F1000A36800220021012001F08BF8050005E074
:109F200003220021012001F0CEF80500002D1ED0F3
:109F3000002F1CD0002300220021280001F0D3F9BB
:109F4000012814D0280001F0CEFD002005000EE00D
:109F5000B8F1010F06D1A2683900300001F083F991
:109F6000050004E03900300001F09FF90500002DE4
:109F700008D0002C06D02068002803D021682800D3
:109F800001F091FE2800BDE8F681F8B506000C004E
:109F900035000027002D03D17FF00300070031E0DA
:109FA000FFF7EEFD00281ED0002C03D07FF0030049
:109FB000070027E0002000906A460021280001F0F9
:109FC0001DFD012803D07FF0020007001AE0009871
:109FD000002807D05FF0805025490860BFF34F8FFD
:109FE000BFF36F8F0EE02100280001F02DFC012847
:109FF00008D0002C03D07FF00100070002E07FF0C2
:10A00000020007003800F2BD7CB505002C000026D8
:10A01000002C03D17FF00300060026E0FFF7B0FD1F
:10A02000002817D0002000906946200001F0CAFAED
:10A03000012803D07FF00200060016E000980028F7
:10A0400007D05FF080500A490860BFF34F8FBFF31D
:10A050006F8F0AE0002300220021200001F043F965
:10A06000012802D07FF002000600300076BD00001B
:10A0700004ED00E02DE9FC4105000E00140000276E
:10A08000FFF77EFD00284BD1002D49D0002E47D090
:10A090005FF0FF308046002C1FD0A06800280DD054
:10A0A000E06860280AD32069002807D0606906FBB1
:10A0B00005F1884202D30120804610E0A068002804
:10A0C0000DD1E06800280AD12069002807D1606915
:10A0D000002804D10020804601E000208046B8F12D
:10A0E000010F09D100200090A368226931002800E7
:10A0F00000F09FFF070008E0B8F1000F05D1002233
:10A100003100280000F0DFFF0700002F08D0002CEE
:10A1100006D02068002803D02168380001F0C3FD74
:10A120003800BDE8F6812DE9F84307000C009046A1
:10A130001D003E005FF00009FFF722FD002824D03B
:10A14000002E03D0002C01D0002D03D07FF003009F
:10A15000814633E00020009000236A462100300051
:10A1600001F0A4F9012803D07FF00200814625E028
:10A170000098002808D05FF08050DFF8E0100860F9
:10A18000BFF34F8FBFF36F8F18E0002E01D0002C6C
:10A1900003D17FF00300814610E000232A00210054
:10A1A000300001F0A0F8012808D0002D03D07FF086
:10A1B0000100814602E07FF0020081464846BDE88A
:10A1C000F2832DE9F84307000C0090461D003E0085
:10A1D0005FF00009FFF7D4FC002823D0002E03D045
:10A1E000002C01D0002D03D07FF00300814631E028
:10A1F000002000906A462100300001F0FFFB01289A
:10A2000003D07FF00200814624E00098002808D0A7
:10A210005FF08050DFF844100860BFF34F8FBFF34A
:10A220006F8F17E0002E01D0002C03D17FF00300C8
:10A2300081460FE02A002100300001F03FFA01289A
:10A2400008D0002D03D07FF00100814602E07FF0AE
:10A25000020081464846BDE8F283000004ED00E0BC
:10A2600010B40300186B002809D0DA6B8A1A586BF7
:10A27000805C5B6B1A44527850EA022008E0D86A8E
:10A2800000EB0104002022781043627850EA02209B
:10A2900010BC704710B40300186B002813D0DA6BA1
:10A2A0008A1A586B805C5C6B1444647850EA042012
:10A2B0005C6B1444A47850EA04405B6B1A44D27877
:10A2C00050EA02600EE0D86A00EB01040020227818
:10A2D0001043627850EA0220A27850EA0240E27805
:10A2E00050EA026010BC7047007A7047807A70476D
:10A2F0002DE9F04104000D00002C01D101203DE1C9
:10A30000DFF80476386810F00F00A8420BD23868E6
:10A310000009000128433860386810F00F00A84297
:10A3200001D001202AE1207840070DD5DFF8F4158F
:10A33000086810F070002269904205D20A6832F075
:10A340007002206902430A60207800070DD5DFF80B
:10A35000D815086810F070006269904205D20A684A
:10A3600032F07002606902430A602078C0060DD5A1
:10A37000DFF8B415086810F4E060A269904205D2D5
:10A380000A6832F4E062A06902430A60207880061D
:10A390000DD5DFF89815086810F07000E26990425A
:10A3A00005D20A6832F07002E06902430A60207840
:10A3B00080070DD5DFF86C15086810F00F00E26813
:10A3C000904205D20A6812091201E06802430A604D
:10A3D0002078C0074AD5DFF84C150A6832F470625D
:10A3E000A06802430A606068022806D1DFF81C05F5
:10A3F000006880031CD40120C0E06068032806D1F7
:10A40000DFF808050068800112D40120B6E060681A
:10A41000012806D1DFF8F4040068C00508D4012043
:10A42000ACE0DFF8E8040068400701D40120A5E0B3
:10A43000DFF8DC84D8F80010C908C900606801435F
:10A44000C8F80010F7F7C6F90600D8F8000010F0B9
:10A4500038006168B0EBC10F08D0F7F7BBF9801B7B
:10A4600041F289318842F0D3032087E020788007C9
:10A470000DD5DFF8B014E0680A6812F00F029042C0
:10A4800005D20A6812091201E06802430A603868BE
:10A4900010F00F0085420BD23868000900012843F4
:10A4A0003860386810F00F00A84201D0012065E044
:10A4B000207840070DD5DFF86C1420690A6812F087
:10A4C0007002904205D20A6832F07002206902439D
:10A4D0000A60207800070DD5DFF84C1460690A681F
:10A4E00012F07002904205D20A6832F07002606980
:10A4F00002430A602078C0060DD5DFF82C14A0694D
:10A500000A6812F4E062904205D20A6832F4E0620E
:10A51000A06902430A60207880060DD5DFF80C148C
:10A52000E0690A6812F07002904205D20A6832F0BF
:10A530007002E06902430A6000F074F80700DFF877
:10A540000014DFF8E0030268C2F303228A5C12F011
:10A550001F02D740006810F00F00085C10F01F00C9
:10A560003900C140DFF8B4030160DFF8AC030760D5
:10A57000DFF8AC03006807F0C1FDC0B2BDE8F081B0
:10A5800070B586B004000D001600002C23D1DFF852
:10A59000B403016851F001010160006810F001008E
:10A5A000059005984FF480700090022001900320E0
:10A5B000039000200290002004906946DFF8880391
:10A5C000FFF77EF8DFF84803016831F0FE71294398
:10A5D0003143016023E0DFF86C03016851F00401AE
:10A5E0000160006810F00400059005984FF40070B9
:10A5F0000090022001900320039000200290002090
:10A6000004906946DFF84403FFF75AF8DFF80003C7
:10A61000016821F07E41294351EAC611016006B06C
:10A6200070BD000010B4DFF8E802006810F03800D8
:10A63000002806D0082813D0102814D0182815D0C8
:10A64000F9E0DFF8C8422068800606D5DFF8C402CA
:10A650002468C4F3C104E04001E0DFF8B802EBE095
:10A66000DFF8EC02E8E0DFF8EC02E5E0DFF8C0023A
:10A67000046814F0030422000068C0F30510010010
:10A68000DFF8B002006810F001000300DFF8AC0250
:10A690000068C0F3CC0000FB03F002EE100AB8EE35
:10A6A000422AB0EE421A002900F0C380002A03D0EB
:10A6B000022A6FD04FD38CE0DFF850020468A40662
:10A6C00029D5DFF850420068C0F3C100C44002EE53
:10A6D000104AF0EE420AB8EE602A02EE901AF8EE46
:10A6E000622A82EE222ADFF850020068C005C00DFF
:10A6F00002EE900AF8EE622A9FED6B3A81EE033A81
:10A7000072EE832AB7EE003A72EE832A22EE222AF4
:10A71000F0EE421A1EE002EE101AB8EE422ADFED09
:10A72000632A82EE822ADFF810020068C005C00D9D
:10A7300002EE900AF8EE622A9FED5B3A81EE033A50
:10A7400072EE832AB7EE003A72EE832A22EE222AB4
:10A75000F0EE421A5BE002EE101AB8EE422ADFED8C
:10A76000542A82EE822A74480068C005C00D02EEA9
:10A77000900AF8EE622A9FED4C3A81EE033A72EEAF
:10A78000832AB7EE003A72EE832A22EE222AF0EEF6
:10A79000421A3CE002EE101AB8EE422ADFED452ADA
:10A7A00082EE822A64480068C005C00D02EE900A5D
:10A7B000F8EE622A9FED3C3A81EE033A72EE832A6C
:10A7C000B7EE003A72EE832A22EE222AF0EE421A07
:10A7D0001DE002EE101AB8EE422ADFED352A82EEB5
:10A7E000822A55480068C005C00D02EE900AF8EEB6
:10A7F000622A9FED2D3A81EE033A72EE832AB7EE7C
:10A80000003A72EE832A22EE222AF0EE421A4A48D9
:10A810000068C0F34620401C02EE100AB0EE420A67
:10A82000B8EE402A81EE822ABCEEC22A12EE100A4D
:10A8300000E0002000E0464810BC704780B5FFF7FC
:10A84000F1FE010037483E4A0368C3F30323D35C9B
:10A8500013F01F03D940314B006810F00F00105C5B
:10A8600010F01F000A00C2401A602B4801601868EF
:10A8700002BD80B5FFF7E2FF31492B4A1268C2F3EF
:10A880000212895C11F01F01C84002BD80B5FFF7BC
:10A89000D5FF2B49244A1268C2F30222895C11F0C9
:10A8A0001F01C84002BD0000000000460024744C97
:10A8B0000024744A20BCBE4B3F220260144A126836
:10A8C00012F007024260174A136813F47063836042
:10A8D000136813F00F03C360126812F07002026174
:10A8E000114A136813F070034361126812F4E062B6
:10A8F00082610E4A126812F07002C261024A126846
:10A9000012F00F020A607047002000520044025803
:10A91000104402580090D003BC000024C000002462
:10A92000B8000024184402581C440258204402581D
:10A93000284402582C4402583044025834440258E7
:10A94000BCA80408E044025800000258000802585D
:10A9500000093D0040787D0110B50320FCF73CFC68
:10A96000FFF760FE0400DFF85000DFF850100268C7
:10A97000C2F303228A5C12F01F02D440006810F078
:10A980000F00085C10F01F002100C140DFF830000C
:10A990000160DFF830000460002007F0AFFB002802
:10A9A00001D0012002E0FBF70BFA002010BDDFF818
:10A9B00018000068000C704718440258BCA804082E
:10A9C000C0000024BC0000240010005C01000A4804
:10A9D00050F82100074A904201D1002000E00120F8
:10A9E000704751F44072024B43F82020704700003A
:10A9F000006402580003008080640258704770476A
:10AA000080B507F01BFC07F0F2FB01BD10B5040098
:10AA100007F015FC10BD10B5040020002168496C3A
:10AA2000884710BD38B5C0B0DFF8A844B4F1005F66
:10AA300013D3DFF8A40484420FD22300DFF89C2450
:10AA4000802120A807F014FC0500012D04DB2A005A
:10AA500020A9002007F08AFC0EE02300DFF8802404
:10AA60008021684607F004FC0500012D04DB2A0064
:10AA70006946002007F07AFC41B030BD2DE9F84F5F
:10AA80000400DFF860540521286800F0DDFE01288D
:10AA90001AD1DFF854743E0017F120084FF4907972
:10AAA000B246C3464A465146584607F0AFFC1F22FD
:10AAB0002100380007F0F8F80020F8770023002282
:10AAC0000021286800F00FFCBDE8F18F78B5A1B037
:10AAD000DFF81804016851F001010160006810F00E
:10AAE000010000900098DFF80844DFF808042060B7
:10AAF000512060600020A0600020E0604FF4806082
:10AB00002061002060610020A0610020E0615FF40E
:10AB100000302062002060622000F4F711FD002860
:10AB200001D0FEF7CBFDDFF8D003C0F88040A06372
:10AB3000D0F88030DFF8C423802101A807F098FB0B
:10AB40000400012C04DB220001A9002007F00EFC08
:10AB5000FFF768FF002206210B20FCF743FB0B20C8
:10AB6000FCF752FBDFF8984300228221042000F01A
:10AB7000AAFA20602068002807D1502080F31188AD
:10AB8000BFF34F8FBFF36F8FFEE7DFF8584301200D
:10AB900000F0FEFA20602068002807D1502080F3E2
:10ABA0001188BFF34F8FBFF36F8FFEE74FF4A07490
:10ABB0000025DFF834632A0021003000F8F73CF963
:10ABC00022B070BDF8B5ADF5207DDFF82C43D4F888
:10ABD0008030DFF83023802180A807F049FB050092
:10ABE000012D04DB2A0080A9002007F0BFFBDFF85D
:10ABF000E4623500B5F1005F13D3DFF8DC02854273
:10AC00000FD22B00DFF80023802160A807F030FB73
:10AC10000700012F04DB3A0060A9002007F0A6FB23
:10AC20000EE02B00DFF8E422802140A807F020FB93
:10AC30000700012F04DB3A0040A9002007F096FB33
:10AC400080223100200007F02FFC06003000C0B247
:10AC5000002814D0D4F8900000903300DBB2AC4A46
:10AC6000802120A807F004FB0400012C04DB220053
:10AC700020A9002007F07AFBFEF720FD0CE0A54A92
:10AC80008021684607F0F4FA0400012C04DB22005E
:10AC90006946002007F06AFB95480168954A914291
:10ACA0003BD001689C4A914237D001689B4A91424F
:10ACB00033D001689A4A91422FD00168994A914253
:10ACC0002BD00168984A914227D00168974A914257
:10ACD00023D00168964A91421FD00168954A91425B
:10ACE0001BD00168944A914217D00168934A91425F
:10ACF00013D00168924A91420FD00168914A914263
:10AD00000BD00168904A914207D001688F4A914266
:10AD100003D001688E4A914206D10168096831F07A
:10AD200008010068016005E00168096831F004016C
:10AD3000006801600DF5217DF0BD10B50400200014
:10AD4000FFF79CFE10BD80B56948F5F715FD01BD04
:10AD50002DE9F843C2B004000D0020687D49884207
:10AD600040F0B5807C480168491C0160280080B231
:10AD700000280DD1794A802101A807F079FA060050
:10AD8000012E04DB320001A9002007F0EFFA9EE05B
:10AD90008020504E310001280FDB11F01F021218E5
:10ADA0000B00BFF34F8F6E4F3B602033203A012AD8
:10ADB000F9DABFF34F8FBFF36F8F2A0092B2812A67
:10ADC00001D2280000E08020ADF80401BDF8047134
:10ADD000B0460DF184093A0041464846F8F7BCF9FF
:10ADE0000020009000236A4621A94548006800F031
:10ADF0005DFBDFF8049180223100484607F054FBE8
:10AE000000280BD01E20D9F8001008622020C9F8B5
:10AE10008C0080223100484607F046FB3448016828
:10AE2000344A91423BD001683B4A914237D0016895
:10AE30003A4A914233D00168394A91422FD0016891
:10AE4000384A91422BD00168374A914227D0016895
:10AE5000364A914223D00168354A91421FD0016899
:10AE6000344A91421BD00168334A914217D001689D
:10AE7000324A914213D00168314A91420FD00168A1
:10AE8000304A91420BD001682F4A914207D00168A5
:10AE90002E4A914203D001682D4A914206D10168A1
:10AEA000096831F008010068016005E0016809687F
:10AEB00031F00401006801600098002807D05FF0BD
:10AEC000805028490860BFF34F8FBFF36F8F43B0A6
:10AED000BDE8F08300B5032400000220C876040812
:10AEE000448D0408ACC00324FCAC0324D8440258AD
:10AEF00080B503241000024048B10324589A040886
:10AF0000B0C0032400A104086C850408109E040846
:10AF10007C8D04086CA20408280002404000024016
:10AF2000580002407000024088000240A000024029
:10AF3000B8000240100402402804024040040240CD
:10AF4000580402407004024088040240A0040240F9
:10AF5000B8040240007C004024C10324B07F0408F0
:10AF60005CEF00E004ED00E0F8B507000D000126FD
:10AF70003C00002C07D1502080F31188BFF34F8F85
:10AF8000BFF36F8FFEE7002C45D0E06C002842D065
:10AF90005FF0FF30E16CB0FBF1F0216D88423AD3F5
:10AFA00007F028F82168E26C206D424301EB0200B3
:10AFB000A0600020A064206860602168E26C521EDE
:10AFC000206D424301EB0200E0605FF0FF3084F847
:10AFD000540084F85500002D12D12069002817D0A4
:10AFE00014F1100001F033FF002811D05FF0805001
:10AFF000DFF8041A0860BFF34F8FBFF36F8F07E0CD
:10B0000014F1100007F088FA14F12C0007F084FA0C
:10B0100007F00AF801E000200600002E07D15020BA
:10B0200080F31188BFF34F8FBFF36F8FFEE73000BF
:10B03000F2BD2DE9F84307000C0015001E00DDF8F5
:10B0400020905FF00008002E07D1502080F3118877
:10B05000BFF34F8FBFF36F8FFEE7002F25D0002E79
:10B0600023D0002D01D0002C1FD0002D01D1002CA9
:10B070001BD1602000900098602807D0502080F3FA
:10B080001188BFF34F8FBFF36F8FFEE70098B04674
:10B09000012088F85600CDF800804B46DBB22A002C
:10B0A0002100380000F048F80AE0B8F1000F07D19D
:10B0B000502080F31188BFF34F8FBFF36F8FFEE7EF
:10B0C0004046BDE8F2832DE9F84305000E00170065
:10B0D0000024002D23D05FF0FF30B0FBF5F0B0422C
:10B0E0001DD306FB05F010F1600F18D206FB05F02A
:10B0F000804618F1600007F057FA0400002C18D0C1
:10B10000200060308146002084F8560000943B0007
:10B11000DBB24A463100280000F00EF809E0002CAE
:10B1200007D1502080F31188BFF34F8FBFF36F8F8B
:10B13000FEE72000BDE8F2832DE9F04105000C0098
:10B1400016001F00DDF81880002C02D1C8F800801E
:10B1500001E0C8F80060C8F84C50C8F85040012120
:10B160004046FFF701FF88F85C70BDE8F08110B53C
:10B170000400002C0BD00020A060002020600020E4
:10B18000E060002300220021200000F0ACF810BD98
:10B19000F8B50400012600272200D2B239003000A1
:10B1A000FFF791FF05002800FFF7E1FF2800F2BD3F
:10B1B0002DE9FC4104000D0001275FF0000820008C
:10B1C000C0B200902B00002241463800FFF731FF4B
:10B1D00006003000FFF7CBFF3000BDE8F68138B540
:10B1E00005002C00002C07D1502080F31188BFF3FC
:10B1F0004F8FBFF36F8FFEE702F033F8A1688142F3
:10B200000DD1E068401EE060E068002805D1002311
:10B2100000220021200000F066F8012000E000205C
:10B2200032BD70B505000E002C00002C07D1502057
:10B2300080F31188BFF34F8FBFF36F8FFEE702F0EB
:10B2400010F8A168814204D1E068401CE060012050
:10B2500008E03100200000F0F7FA002802D0E16891
:10B26000491CE16070BDF8B505000E001700002410
:10B27000002D0ED0B5420CD3022000903B000022DE
:10B2800000212800FFF7D5FE0400002C0BD0A66497
:10B2900009E0002C07D1502080F31188BFF34F8FB5
:10B2A000BFF36F8FFEE72000F2BD70B505000E0002
:10B2B0000024002D0BD0B54209D302220021280022
:10B2C000FFF701FF0400002C0BD0A66409E0002C5E
:10B2D00007D1502080F31188BFF34F8FBFF36F8FDA
:10B2E000FEE7200070BD2DE9F74380460D0099462A
:10B2F00000244646002E07D1502080F31188BFF36A
:10B300004F8FBFF36F8FFEE7002D02D1306D002805
:10B3100001D1012000E00020C0B2002807D1502058
:10B3200080F31188BFF34F8FBFF36F8FFEE7B9F142
:10B33000020F02D1F06C012801D1012000E00020B1
:10B34000C0B2002807D1502080F31188BFF34F8F7F
:10B35000BFF36F8FFEE701F08BFF002802D1029848
:10B36000002801D1012000E00020C0B2002807D150
:10B37000502080F31188BFF34F8FBFF36F8FFEE72C
:10B3800006F038FEB06CF16C884202D3B9F1020FBE
:10B390002BD13100012000F071FE4A462900300017
:10B3A00000F0C4FB0700F06A00280FD016F12C0053
:10B3B00001F04DFD002814D05FF08050DFF8381602
:10B3C0000860BFF34F8FBFF36F8F0AE0002F08D0E4
:10B3D0005FF08050DFF820160860BFF34F8FBFF397
:10B3E0006F8F06F021FE01205EE00298002807D151
:10B3F00006F01AFE3100022000F040FE002053E06B
:10B40000002C04D1684601F09EFD0120040006F0E6
:10B410000BFE01F057FA06F0EDFD96F9540010F11D
:10B42000010F02D1002086F8540096F9550010F162
:10B43000010F02D1002086F8550006F0F5FD02A9A3
:10B44000684601F089FD002824D1300000F01CFC82
:10B45000002819D031000A2000F010FE029916F1E0
:10B46000100001F09EFC300000F0C9FB01F030FA42
:10B47000002885D15FF08050DFF87C150860BFF3AD
:10B480004F8FBFF36F8F7BE7300000F0B8FB01F008
:10B490001FFA75E7300000F0B2FB01F019FA310035
:10B4A000022000F0EBFD0020BDE8FE832DE9F84FFF
:10B4B00007000C00150098463E00002E07D15020D2
:10B4C00080F31188BFF34F8FBFF36F8FFEE7002C1F
:10B4D00002D1306D002801D1012000E00020C0B26F
:10B4E000002807D1502080F31188BFF34F8FBFF39E
:10B4F0006F8FFEE7B8F1020F02D1F06C012801D185
:10B50000012000E00020C0B2002807D1502080F3C5
:10B510001188BFF34F8FBFF36F8FFEE706F0AEFDCC
:10B52000EFF311895FF0500B8BF31188BFF34F8F4E
:10B53000BFF36F8FB06CF16C884202D3B8F1020F89
:10B5400037D196F955A0B06C00903100032000F07F
:10B5500095FD42462100300000F0E8FA50465FF0C9
:10B56000FF3140B288420DD1F06A002809D016F1AF
:10B570002C0001F06CFC002803D0002D01D001202C
:10B58000286014E001F049FA514649B281420ED2D6
:10B59000514649B27F2906D18BF31188BFF34F8FF3
:10B5A000BFF36F8FFEE71AF1010186F855100120F5
:10B5B00004E03100042000F061FD002089F31188CF
:10B5C000BDE8F28F2DE9F04706000C003500002D94
:10B5D00007D1502080F31188BFF34F8FBFF36F8FD7
:10B5E000FEE7286D002807D0502080F31188BFF3B4
:10B5F0004F8FBFF36F8FFEE72868002802D1A8683D
:10B60000002801D1012000E00020C0B2002807D1AD
:10B61000502080F31188BFF34F8FBFF36F8FFEE789
:10B6200006F02CFDEFF311875FF0500A8AF31188C2
:10B63000BFF34F8FBFF36F8FD5F84880E86C80451C
:10B6400033D295F955902900032000F017FD18F129
:10B650000100A86448465FF0FF3140B288420DD136
:10B66000E86A00281FD015F12C0001F0F0FB00283B
:10B6700019D0002C17D00120206014E001F0CDF982
:10B68000494649B281420ED2494649B27F2906D184
:10B690008AF31188BFF34F8FBFF36F8FFEE719F165
:10B6A000010185F85510012004E02900042000F074
:10B6B000E5FC002087F31188BDE8F0872DE9F6410D
:10B6C00082B080460E0000244746002F07D150204C
:10B6D00080F31188BFF34F8FBFF36F8FFEE7002E0B
:10B6E00002D1386D002801D1012000E00020C0B255
:10B6F000002807D1502080F31188BFF34F8FBFF38C
:10B700006F8FFEE701F0B4FD002802D103980028F6
:10B7100001D1012000E00020C0B2002807D1502054
:10B7200080F31188BFF34F8FBFF36F8FFEE706F0F2
:10B7300061FCBD6C002D1FD03100380000F044FAD0
:10B740003900052000F09AFC681EB86438690028AA
:10B750000ED017F1100001F07AFB002808D05FF03E
:10B760008050DFF894120860BFF34F8FBFF36F8FE4
:10B7700006F05AFC012064E00398002807D106F087
:10B7800053FC3900062000F079FC002059E0002C21
:10B7900004D1684601F0D7FB0120040006F044FC08
:10B7A00001F090F806F026FC97F9540010F1010F13
:10B7B00002D1002087F8540097F9550010F1010FCD
:10B7C00002D1002087F8550006F02EFC03A9684638
:10B7D00001F0C2FB002824D1380000F047FA00280D
:10B7E00019D03900092000F049FC039917F12C0009
:10B7F00001F0D7FA380000F002FA01F069F80028E9
:10B8000095D15FF08050DFF8F0110860BFF34F8FE3
:10B81000BFF36F8F8BE7380000F0F1F901F058F8B3
:10B8200085E7380000F0EBF901F052F8380000F03D
:10B830001DFA00283FF47BAF3900062000F01EFC03
:10B84000002004B0BDE8F0812DE9F34182B08046CC
:10B85000002446460027002E07D1502080F311888F
:10B86000BFF34F8FBFF36F8FFEE7306D002807D017
:10B87000502080F31188BFF34F8FBFF36F8FFEE727
:10B8800001F0F6FC002802D10398002801D1012024
:10B8900000E00020C0B2002807D1502080F31188BA
:10B8A000BFF34F8FBFF36F8FFEE706F0A3FBB56CBE
:10B8B000002D20D03100052000F0E0FB681EB064B0
:10B8C0003068002802D101F005FEB0603069002820
:10B8D0000DD016F1100001F0BAFA002807D05FF081
:10B8E000805045490860BFF34F8FBFF36F8F06F05C
:10B8F0009BFB01207CE00398002807D106F094FB15
:10B900003100062000F0BAFB002071E0002C04D1C9
:10B91000684601F018FB0120040006F085FB00F0EA
:10B92000D1FF06F067FB96F9540010F1010F02D128
:10B93000002086F8540096F9550010F1010F02D14D
:10B94000002086F8550006F06FFB03A9684601F059
:10B9500003FB00282ED1300000F088F9002823D006
:10B960003100092000F08AFB3068002807D106F07A
:10B9700041FBB06801F08CFC070006F055FB039911
:10B9800016F12C0001F00DFA300000F038F900F04B
:10B990009FFF002889D15FF0805017490860BFF3EE
:10B9A0004F8FBFF36F8F80E7300000F028F900F071
:10B9B0008FFF7AE7300000F022F900F089FF3000B5
:10B9C00000F054F900283FF470AF002F0BD006F0C0
:10B9D00011FB300000F09FF805002900B06801F06D
:10B9E0000BFD06F021FB3100062000F047FB002094
:10B9F00004B0BDE8F081000004ED00E02DE9F84F4F
:10BA000080460C0015004646002E07D1502080F3DA
:10BA10001188BFF34F8FBFF36F8FFEE7002C02D169
:10BA2000306D002801D1012000E00020C0B20028C4
:10BA300007D1502080F31188BFF34F8FBFF36F8F72
:10BA4000FEE706F01BFBEFF311895FF0500B8BF361
:10BA50001188BFF34F8FBFF36F8FB76C002F37D0B4
:10BA600096F954A03100072000F008FB21003000B7
:10BA700000F0AAF8781EB06450465FF0FF3140B283
:10BA800088420DD1306900281FD016F1100001F056
:10BA9000DEF9002819D0002D17D00120286014E00D
:10BAA00000F0BBFF514649B281420ED2514649B225
:10BAB0007F2906D18BF31188BFF34F8FBFF36F8FB0
:10BAC000FEE71AF1010186F854105FF0010B05E062
:10BAD0005FF0000B3100082000F0D0FA89F31188E4
:10BAE0005846BDE8F28F38B505002C00002C07D170
:10BAF000502080F31188BFF34F8FBFF36F8FFEE7A5
:10BB0000200000F0FDF894F85600002802D1200033
:10BB100006F0E2FD31BD0100C86A002804D0886B40
:10BB20000068D0F1380000E0002070472DE9F84FA0
:10BB300006000F0014005FF00008B56C306D00289F
:10BB400009D1306800283AD1B06801F0FFFB804687
:10BB50000020B06033E0002C14D1D6F85090BA46E3
:10BB6000D6F804B04A4651465846F7F7F5FA7068D9
:10BB7000316D084470607068B16888421FD33068C6
:10BB800070601CE0D6F85090BA46D6F80CB04A4621
:10BB900051465846F7F7E0FAF068316D49420844DB
:10BBA000F060F0683168884204D2B068316D494273
:10BBB0000844F060022C02D1002D00D06D1E681CDC
:10BBC000B0644046BDE8F28F2DE9F04104000D005D
:10BBD000206D002811D0E068216D0844E060E06825
:10BBE000A168884201D32068E060266DE768A84616
:10BBF000320039004046F7F7AFFABDE8F081F8B5FA
:10BC0000040006F0F7F994F95550280040B20128D5
:10BC10000CDBE06A002809D014F12C0001F017F9C0
:10BC2000002801D001F0E0F96D1EEEE75FF0FF366D
:10BC300084F8556006F0F8F906F0DCF994F95470D0
:10BC4000380040B201280CDB2069002809D014F12B
:10BC5000100001F0FCF8002801D001F0C5F97F1EAA
:10BC6000EEE784F8546006F0DFF9F1BD38B5040062
:10BC700006F0C0F9A06C002801D1012500E00025E4
:10BC800006F0D2F9280032BD38B5040006F0B2F94A
:10BC9000A06CE16C884201D1012500E0002506F08E
:10BCA000C3F9280032BD30B40022002807D1502348
:10BCB00083F31188BFF34F8FBFF36F8FFEE7002927
:10BCC00018D000231C00082C14D21C4D05EBC40313
:10BCD0005B68984203D105EBC4031A000AE0002A0E
:10BCE00006D155F83430002B02D105EBC4031A00FD
:10BCF000641CE8E7002A01D01160506030BC704736
:10BD0000002807D1502181F31188BFF34F8FBFF373
:10BD10006F8FFEE7002108290FD2084A02EBC1030A
:10BD20005B68834207D1002342F83130002302EBE5
:10BD3000C102536001E0491CEDE770479CBC03243D
:10BD4000F8B504000D001600270006F053F997F926
:10BD5000540010F1010F02D1002087F8540097F928
:10BD6000550010F1010F02D1002087F8550006F0B0
:10BD70005BF9B86C002805D13200290017F12C00BE
:10BD800001F032F83800FFF73AFFF1BD3EB5994DAA
:10BD90000022E4210420FFF796F92860964C002247
:10BDA000E4210420FFF78FF920602868002807D1DC
:10BDB000502080F31188BFF34F8FBFF36F8FFEE7E2
:10BDC0002068002807D1502080F31188BFF34F8FDF
:10BDD000BFF36F8FFEE7002001901020009000233A
:10BDE0004FF4805285490FF2150000F079FB84482A
:10BDF00005F0D4FE834805F01FFF37BD2DE9F84F4D
:10BE0000F6B00400804805F0C9FE7E4D280005F01C
:10BE100013FF06F063FD5FF0FF323DA9754800682F
:10BE2000FFF74CFC0128F6D1E42600270DF110089D
:10BE30003A0031004046F6F7FFFF9DF8F400002875
:10BE400004D0022800F0B6803BD3D2E000208DF869
:10BE500010007F223EA905A805F026FF3F225EA91B
:10BE600025A805F021FF1F226EA935A805F01CFFAB
:10BE700000230A2204A960480068FFF734FA012869
:10BE800006D0624805F08AFE280005F0D5FE17E0CE
:10BE90005F4908685F4A13680968C01A4FF47A73EB
:10BEA000B0FBF3F000901068091A5B48B1FBF0F3A7
:10BEB0005EAA3EA9594805F071FE280005F0BCFEB7
:10BEC000A9E70020039000200290DFF844B1DBF8DE
:10BED00000004FF4F071B0FBF1F84146504805F016
:10BEE0005DFE280005F0A8FEDBF8009002AB03AA77
:10BEF0003F993E9806F018FD8246DBF80060B6EBED
:10BF00000907DBF800004FF4F071B0FBF1FBBBEB6D
:10BF100008000190CDF800B05346DBB2029A0399B5
:10BF2000404805F03BFE280005F086FE5046C0B2B2
:10BF3000002831D101208DF8100006F0F2FC0590A8
:10BF4000039806900298079000230A2204A92A4821
:10BF50000068FFF7C8F9012806D0334805F01EFE37
:10BF6000280005F069FE24E02A480068301A2A49B2
:10BF7000B0FBF1F001904FF47A70B7FBF0F0009055
:10BF80002548B7FBF0F3029A0399284805F006FE0E
:10BF9000280005F051FE0CE04FF47A70B7FBF0F288
:10BFA0001D48B7FBF0F1224805F0F8FD280005F028
:10BFB00043FE30E73EA91F4805F0F0FD280005F0DC
:10BFC0003BFE02208DF810003F223EA905A805F097
:10BFD0006BFE00230A2204A907480068FFF783F9D3
:10BFE000012805D0144805F0D9FD280005F024FEED
:10BFF00011E710E728C103242CC10324D0A90408A9
:10C0000010950408C0010024EC9C04084095040825
:10C01000041000E014C1032400530700647D0408E9
:10C02000209B04087C86040870950408287704087F
:10C03000C086040838A10408248E0408DFF894336D
:10C0400053E8000F0100DFF890030068081AB0F50C
:10C05000806F09D3BFF32F8FDFF8800303685B1C69
:10C0600003604FF4806008E0481C020043E80020B1
:10C070000028E3D18905890D08007047F8B505004F
:10C080000E00FFF7DBFF0700B7F5806F1AD001F055
:10C09000E8F80400002C03D0200000F0C1FC01E00F
:10C0A000DFF83C03DFF83C13DFF83C2312683B0168
:10C0B000CA503A010A4456603A010A4490603A0173
:10C0C00011440D73F1BDF8B506000C00FFF7B6FF83
:10C0D0000700B7F5806F1BD0002C0AD101F0C1F822
:10C0E0000500002D03D0280000F09AFC00E0BC48B9
:10C0F0000400BC48BC4909683A01815000213A015A
:10C1000002445160390101448C60390108440673CE
:10C11000F1BD30B400281ED0B44A116800238B4210
:10C120000ED2B34C54F83350854207D104EBC3020E
:10C130005268521C04EBC30462600CE05B1CEEE727
:10C14000102908D2AA4B43F83100012403EBC103A4
:10C150005C604B1C136030BC704780B5A54801681B
:10C1600051F080710160A448016851F00101016043
:10C1700006F0FBF8A148A2490163A24941634FF4CC
:10C18000005181630021C1630021016400214164E9
:10C1900001BD38B505000C009B49002006F024F9CC
:10C1A000002C01D0210000E087A1002006F01CF93E
:10C1B00086A1002006F018F9FEE7F0B593B08B4891
:10C1C00004684FF47A73914A482101A806F050F8A8
:10C1D0000500012D04DB2A0001A9002006F0C6F8A5
:10C1E0000025A5421FD2824901EBC5004668002008
:10C1F00001EBC502506051F83500002802D051F81B
:10C20000353000E070A30096814A482101A806F06D
:10C210002FF80700012F04DB3A0001A9002006F0E7
:10C22000A5F86D1CDDE713B0F0BD70B5ADF5247D4C
:10C230000022102114A800F006FC040006F087FA82
:10C240000300744A482102A806F012F80500012DE7
:10C2500004DB2A0002A9002006F088F80025A54288
:10C2600020D2242014A900FB05F21144098C01916D
:10C2700014A900FB05F21144C969009114A900FB3F
:10C2800005F008444368644A482102A805F0F0FF1D
:10C290000600012E04DB320002A9002006F066F839
:10C2A0006D1CDCE70DF5247D70BD2DE9F14FA2B0CA
:10C2B00000240025C8200890322000F028FAFFF75B
:10C2C000B4FF052000F023FA44480768A7420FD0C6
:10C2D0003B1B524A642109A805F0CAFF8046B8F109
:10C2E000010F04DB424609A9012006F03FF83C009B
:10C2F0006D1C0898854205D300200500FFF795FFC7
:10C30000FFF75BFF344F3868324909688842D8D05C
:10C31000D7F800A05FEA8A5A5FEA9A5A04A831491E
:10C320005FEA0A1211441022F6F726FF3868401C13
:10C33000386004983A49B0FBF1F704983849B0FBEB
:10C34000F1F201FB12004FF4F071B0FBF1F89DF82F
:10C350001C00132805D233489DF81C1050F821907A
:10C3600001E00FF26C090698002802D0DDF818B041
:10C3700001E00FF2540B059800280FD0CDF80CB057
:10C3800005980290CDF80490CDF800803B00264A35
:10C39000642109A805F06CFF06000CE0CDF808B098
:10C3A000CDF80490CDF800803B00204A642109A814
:10C3B00005F05EFF0600012EA4DB320009A9012072
:10C3C00005F0D4FF9EE700003F0000000A000000D7
:10C3D0003F3F3F0044C1032448C103244CC1032410
:10C3E000C0AA0408A0970224041000E050C103244E
:10C3F00064B40324FCED00E0001000E058000024C9
:10C40000CCAB0408A0170324509F0408589D0408CF
:10C410009CA404087C910408C8980408D0950408DA
:10C42000005307006883040800960408709B040802
:10C430002DE9F14F86B00E0017009846119C129D11
:10C44000002C07D1502080F31188BFF34F8FBFF32A
:10C450006F8FFEE7002D07D1502080F31188BFF3C6
:10C460004F8FBFF36F8FFEE7602000900098602829
:10C4700007D0502080F31188BFF34F8FBFF36F8F29
:10C48000FEE70098002D25D0002C23D004955FF006
:10C4900060095FF0000ADDF810B052464946584680
:10C4A000F6F7CAFC049804630220049981F85D0041
:10C4B000002003900498029005A801901098009025
:10C4C00043463A003100069800F04CF8049800F01A
:10C4D000B9F801E000200590059807B0BDE8F08F9D
:10C4E0002DE9F14F84B00E0017009846380080B255
:10C4F000800006F059F80500002D15D0602006F0E8
:10C5000053F80400002C0BD05FF060095FF0000AC4
:10C51000A346524649465846F6F78EFC256304E08A
:10C52000280006F0D9F800E00024002C15D00020E7
:10C5300084F85D000020039002940F9801900E98FB
:10C54000009043463A0092B23100049800F00AF895
:10C55000200000F077F8012001E05FF0FF3005B027
:10C56000BDE8F08F2DE9F94F81B00C0016000C9F4B
:10C570000D9DDDF83880B00000905FF0A50BD8F875
:10C5800030905A4600994846F6F756FCD8F83000E5
:10C5900000EB8600B0F104095FEAD9095FEAC90936
:10C5A00019F00700002807D0502080F31188BFF34E
:10C5B0004F8FBFF36F8FFEE7002C14D00020824610
:10C5C000BAF1100F0CD214F80A0008EB0A0181F836
:10C5D000340014F80A00002802D01AF1010AEFE72B
:10C5E000002088F84300382F07D3502080F31188AB
:10C5F000BFF34F8FBFF36F8FFEE7382F01D3372084
:10C600000700C8F82C70C8F84C7018F1040005F049
:10C6100096FF18F1180005F092FFC8F81080D7F1C6
:10C620003800C8F81800C8F82480029A01994846D2
:10C6300005F036FCC8F80000002D01D0C5F80080D8
:10C64000BDE8F78F70B5040005F0D4FCDFF8A41442
:10C650000868401C0860DFF8A0542868002806D14C
:10C660002C60086801280DD100F0DAFC0AE0DFF840
:10C670008C040068002805D1E06A2968C96A8842EC
:10C6800000D32C60DFF878040168491C0160006861
:10C69000606414F134011020FFF715FDDFF8640425
:10C6A0000168E26A914201D2E16A01601C20DFF870
:10C6B0005814E26A42430A445668A660B268E260CF
:10C6C000221DB3685A60221DB260E26A42430A44E6
:10C6D0006261E26A4243E36A00FB03F00858401CCF
:10C6E000885005F0A1FCDFF81404006800280DD084
:10C6F0002868C06AE16A884208D25FF08050DFF89B
:10C70000E0150860BFF34F8FBFF36F8F70BD38B572
:10C7100004000025002C1CD0DFF8980500680028D4
:10C7200007D0502080F31188BFF34F8FBFF36F8F76
:10C73000FEE700F0C7F8002000F072F901000B20BE
:10C74000FFF7C1FC0021200000F0EAFE00F0C0F875
:10C750000500002D08D15FF08050DFF884150860D7
:10C76000BFF34F8FBFF36F8F31BD2DE9F843060044
:10C770003500002D07D1502080F31188BFF34F8F73
:10C78000BFF36F8FFEE7DFF870030068854201D1C9
:10C7900000203CE005F02EFC68690400A86A070050
:10C7A000DFF8340600688046DFF83006006881460E
:10C7B00005F03AFCDFF82806874201D1012026E087
:10C7C000444501D04C4501D1022020E0DFF8140699
:10C7D000844213D1A86A00280ED103200021012928
:10C7E00015DA05EB010292F85C20012A02D102223F
:10C7F00010000CE0491CF2E7022008E0DFF80C030F
:10C80000844201D0002C01D1042000E00120C0B2FC
:10C81000BDE8F28338B586B0002004900020039074
:10C8200005AA03A904A806F07FFADFF8884804984F
:10C83000029003980190002000900023059ADFF8F1
:10C8400078180FF2AD70FFF7F3FD20602068002824
:10C8500001D0012400E00024012C02D106F070FA7E
:10C860000400012C1ED1502080F31188BFF34F8F9C
:10C87000BFF36F8F5FF0FF30DFF8401808600120D2
:10C880009E4908600020DFF85C1408609A4D002182
:10C89000286800F011FA28683430FFF73AFC05F0F8
:10C8A00028FB0AE014F1010F07D1502080F3118812
:10C8B000BFF34F8FBFF36F8FFEE7DFF8B00900685B
:10C8C00007B030BDDFF8EC030168491C0160704718
:10C8D000F8B500250026DFF8DC432068002807D1E2
:10C8E000502080F31188BFF34F8FBFF36F8FFEE7A7
:10C8F00005F080FB2068401E20602068002840F082
:10C9000084807C480068002800F07F80DFF8D01425
:10C910000868002853D0C868C0680500A86A296A5A
:10C92000EA699160E9692A6A5160416815F1180263
:10C93000914201D1296A41600021A9620168491E22
:10C9400001606869E968AA689160A968EA6851604D
:10C9500041682A1D914201D1E96841600021696165
:10C960000168491E016067480168EA6A914201D284
:10C97000E96A016064491C22E86A5043084440683F
:10C98000A8608368EB602B1D846863602B1D836047
:10C99000EB6A53430B446B61EB6A5343EC6A02FB53
:10C9A00004F28A58521CCA5053490968C96AEA6A93
:10C9B0009142ABD20120DFF864160860A6E7002D93
:10C9C00001D000F03BFCDFF880793C68002C0CD0F3
:10C9D00000F09EF8002803D00120DFF84016086020
:10C9E000641E002CF4D100203860DFF830060068A7
:10C9F00000280AD0012006005FF08050DFF8E01226
:10CA00000860BFF34F8FBFF36F8F05F00DFB300051
:10CA1000F2BDDFF8D0020068704736480068704702
:10CA20000100002902D13448006800E00800002815
:10CA300007D1502282F31188BFF34F8FBFF36F8F5E
:10CA4000FEE7343070472DE9F24F0600150000274D
:10CA50003824FFF737FF009826490968884243D3F6
:10CA6000641E5FF0240B012227481C2101FB04F106
:10CA700001440BFB07F0304400F07BFBC0190700BA
:10CA8000002CEDD10222DFF8500301680BFB07F008
:10CA9000304400F06EFB804618EB07080222DFF8F6
:10CAA0003C0301680BFB08F0304400F062FB814658
:10CAB00019EB0809042215490BFB09F0304400F07A
:10CAC00058FB82461AEB090A0322DFF818130BFB06
:10CAD0000AFB06EB0B0000F04CFB10EB0A00070012
:10CAE000002D01D000202860FFF7F2FE3800BDE8DD
:10CAF000F28F000088C1032478C1032494C1032469
:10CB0000A4C1032490C10324DC60032468BF032470
:10CB10002DE9F041002767480068002840F0B18007
:10CB200070480468641C0460002C1AD1AA49086883
:10CB30000068002807D0502080F31188BFF34F8F82
:10CB4000BFF36F8FFEE7D1F80080A44802680A6047
:10CB5000C0F80080DFF878090168491C016000F026
:10CB60006DFBDFF858150868844275D39A4A10683F
:10CB70000068002803D15FF0FF3008606CE01068A7
:10CB8000C068C068050068680600B44201D20E6043
:10CB900062E06869EA68AB689A60AA68EB685A6004
:10CBA00042682B1D9A4201D1EA68426000226A6104
:10CBB0000268521E0260A86A002812D0A86A2A6A77
:10CBC000EB699A60EA692B6A5A60426815F11803AA
:10CBD0009A4201D12A6A42600022AA620268521E69
:10CBE0000260DFF808090268EB6A9A4201D2EA6A39
:10CBF0000260DFF8FC281C23E86A584310444068B0
:10CC0000A860D0F808C0C5F80CC015F1040CD0F825
:10CC100008E0CEF804C015F1040CC0F808C0D5F83F
:10CC20002CC003FB0CFC9444C5F814C0D5F82CC0F0
:10CC300003FB0CFCD5F82CE003FB0EF3D3585B1C74
:10CC400042F80C30DFF8AC281268D26AEB6A9A42DC
:10CC50008CD20120070089E7DFF898080068DFF828
:10CC60009018C26A1C2042438858022801D3012030
:10CC70000700DFF8A8030068002807D0012007009C
:10CC800004E0DFF8C4060168491C01603800BDE813
:10CC9000F08170B504000D00002C03D1DFF85408BA
:10CCA000066800E0260005F0A5F9756505F0BCF9F9
:10CCB00070BD0000B0C1032470B504000D00002C4D
:10CCC00003D1DFF83008066800E02600706D002808
:10CCD00003D02800716D884700E0002070BD00007F
:10CCE00004ED00E08CC1032470B5DFF80C08006887
:10CCF000002804D00120DFF82413086050E0002051
:10CD0000DFF818130860DFF8EC4701212068FFF70F
:10CD1000D3FF2068056B5FF0A5362868B04208D1C4
:10CD20006868B04205D1A868B04202D1E868B04254
:10CD300005D0206810F134012068FFF72AFADFF8E7
:10CD4000AC2710681C23DFF8A85703FB00F16958D3
:10CD500000290BD1002807D1502181F31188BFF39E
:10CD60004F8FBFF36F8FFEE7401EEBE703FB00F32F
:10CD700005EB03014B685B684B604B6811F10805DC
:10CD8000AB4201D1CB684B604968C9682160106033
:10CD900000212068FFF790FF20683430FFF7B9F9D1
:10CDA00070BD38B504000D00002C07D1502080F371
:10CDB0001188BFF34F8FBFF36F8FFEE7DFF83407A3
:10CDC000006810F11801200005F0BCFB01212800CB
:10CDD00000F0A6FB31BD00007CC1032480C1032408
:10CDE0004CBF032484BF032470B504000E0015005B
:10CDF000002C07D1502080F31188BFF34F8FBFF371
:10CE00006F8FFEE76068DFF8EC160A68D061826811
:10CE10000B681A620A68183283685A600A68183206
:10CE2000826009688C622168491C2160002D02D053
:10CE30005FF0FF3006000020FFF7F2FD01000C203C
:10CE4000FFF741F92900300000F06AFB70BD70B4B3
:10CE50000200D068C168002907D1502080F31188F2
:10CE6000BFF34F8FBFF36F8FFEE7886A0B6ACC6901
:10CE7000A360CB690C6A6360436811F11804A34294
:10CE800001D10B6A436000238B6203685B1E036061
:10CE9000DFF864060068002835D14869CB688C68E3
:10CEA000A3608B68CC68636043680C1DA34201D10A
:10CEB000CB68436000234B6103685B1E0360DFF8AF
:10CEC0002C060368CC6AA34201D2CB6A0360DFF868
:10CED00020361C24C86A604318444068886085680E
:10CEE000CD600D1D866875600D1D8560CD6A65433A
:10CEF0001D444D61CD6A6543CE6A04FB06F41C599E
:10CF0000641C5C5110E0DFF8F4355868C86184682F
:10CF10000C6211F1180485686C6011F118048460CA
:10CF20008B621C68641C1C60DFF8C8050068C06A5E
:10CF3000CB6A984204D201200123384C236000E0E0
:10CF4000002070BC7047DFF8881509680160DFF8C1
:10CF5000B0150968416070472DE9F04104000D00EB
:10CF6000002C07D1502080F31188BFF34F8FBFF3FF
:10CF70006F8FFEE7002D07D1502080F31188BFF39B
:10CF80004F8FBFF36F8FFEE705F034F8DFF87005C1
:10CF90000768D4F80480B7EB0808286810F1010F7F
:10CFA00001D100261BE0DFF82805006821688842CF
:10CFB00006D06068874203D30126002028600EE077
:10CFC0002868804508D22868B0EB08002860200057
:10CFD000FFF7B9FF002602E000202860012605F0D7
:10CFE00023F83000BDE8F08101200C49086070474B
:10CFF00010B5040000F03FF8DFF8F40400680228E0
:10D0000008D35FF08050DFF808150860BFF34F8F3A
:10D01000BFF36F8F06F088F8ECE700009CC1032493
:10D0200070B50024382C09D2DFF8C4041C2101FBA0
:10D0300004F1084405F070FA641CF3E7DFF8C45407
:10D04000280005F069FADFF8C064300005F064FAE2
:10D05000DFF8A80405F060FADFF8B00405F05CFA28
:10D06000DFF8B00405F058FADFF8AC040560DFF82B
:10D070004005066070BD38B5DFF8A0542868002868
:10D0800017D004F0B7FFDFF88404C068C06804005C
:10D09000201D05F072FADFF81C050168491E0160C9
:10D0A0002868401E286004F0BFFF200000F0A4F8AC
:10D0B000E2E731BDACC10324ECAB0408A8C10324F2
:10D0C0002DE9F04104000E0015001F00002C04D1D2
:10D0D000DFF82004D0F8008000E0A046C6F8008009
:10D0E00018F134007060D8F82C003061D8F83000A6
:10D0F000F061D8F84400B060D8F84C0070610020AE
:10D10000B0613800C0B2052823D0DFF8E80300681A
:10D11000804502D1002030731FE037733800C0B261
:10D12000032809D1FFF7CEFBD8F82800002801D04A
:10D1300002203073FFF7CCFB04F05CFFD8F8280026
:10D14000DFF87414884201D10120307304F06CFFC1
:10D1500003E04046FFF709FB3073002D05D0D8F8F7
:10D16000300000F03EF8308401E000203084BDE85B
:10D17000F0812DE9F84304000D0016005FF000096E
:10D18000286800282AD02800416849684160416821
:10D1900010F10802914201D1C16841604068C06845
:10D1A00080462800416849684160416810F10802E2
:10D1B000914201D1C16841604068C06807003300F6
:10D1C000DBB20122242000FB09F004EB000138004F
:10D1D000FFF776FF19F101094745E2D14846BDE85E
:10D1E000F283010000200A78A52A02D1491C401CC4
:10D1F000F9E7800880B2704710B5040094F85D002C
:10D20000002806D1206B05F067FA200005F064FACB
:10D2100013E094F85D00012803D1200005F05CFACA
:10D220000BE094F85D00022807D0502080F31188AD
:10D23000BFF34F8FBFF36F8FFEE710BDDFF8D8123B
:10D2400008680068002805D15FF0FF30DFF8701330
:10D25000086005E00868C0680068DFF864130860CB
:10D260007047DFF85803006870470000C4000024CE
:10D27000DFF850030068002801D1012007E0DFF843
:10D2800048030068002801D1022000E00020704718
:10D290002DE9F843040025000026002C51D0954FBD
:10D2A000E86A3968C96A884244D2A869002804D467
:10D2B0003868C06AD0F13800A8615FF01C08DFF858
:10D2C00030926869E96A08FB01F1494488422BD130
:10D2D000281D05F052F93868C06AE862DFF8EC02F0
:10D2E0000168EA6A914201D2E96A0160E86A08FBD2
:10D2F00000F048444068A8608168E960291D8268A0
:10D300005160291D8160E96A08FB01F149446961A6
:10D31000E96A08FB01F1EA6A08FB02F859F80820FB
:10D32000521C49F8012002E03868C06AE862012016
:10D33000060006E0E86C3968C96A884201D201201B
:10D3400006003000BDE8F28398C10324F8B504005C
:10D3500025000026002C4DD066480068854207D085
:10D36000502080F31188BFF34F8FBFF36F8FFEE71C
:10D37000286D002807D1502080F31188BFF34F8F0C
:10D38000BFF36F8FFEE7286D401E2865E86AE96CE1
:10D3900088422FD0286D00282CD1281D05F0EDF8EB
:10D3A000E86CE862E86AD0F13800A8614F4801688B
:10D3B000EA6A914201D2E96A01601C21DFF8102279
:10D3C000E86A484310444068A8608368EB602B1DFE
:10D3D00087687B602B1D8360EB6A4B4313446B6152
:10D3E000EB6A4B43EF6A01FB07F15158491CD150DE
:10D3F00001210E003000F2BD2DE9F84F04000D00B0
:10D4000026005FF00109002C5FD0306D002807D1A5
:10D41000502080F31188BFF34F8FBFF36F8FFEE76B
:10D42000F06CA84201D2A84601E0F06C8046F06A98
:10D4300040454AD0306D484547D12E480068864265
:10D4400007D1502080F31188BFF34F8FBFF36F8F48
:10D45000FEE7F06A0700C6F82C80B069002802D405
:10D46000D8F13800B0615FF01C0ADFF884B0706951
:10D470000AFB07F15944884227D1301D05F07DF899
:10D48000DFF848010168F26A914201D2F16A016055
:10D49000F06A0AFB00F058444068B0608168F160AF
:10D4A000311D82685160311D8160F16A0AFB01F112
:10D4B00059447161F16A0AFB01F1F26A0AFB02FA4E
:10D4C0005BF80A20521C4BF80120BDE8F18F0000E8
:10D4D000A0C10324DFF8E4100868002803D008681E
:10D4E000026D521C026508687047000090C1032459
:10D4F000DC60032478C10324B0C103244CBF03249F
:10D500008CC1032414BF032430BF032468BF032449
:10D5100004ED00E084BF03247CC1032484C1032400
:10D520002DE9F04105000C002A480768DFF88C80DF
:10D53000D8F80000001D05F020F815F1010F1AD1F0
:10D54000002C18D024494868D8F8002090608268E0
:10D55000D8F80030DA60D8F80020121D83685A60CD
:10D56000D8F80020121D8260D8F8002051610A68A6
:10D57000521C0A601AE0E8190600D8F8000046605C
:10D58000BE4207D2D8F80000011D0948006804F027
:10D59000D9FF0BE0D8F80000011D1048006804F026
:10D5A000D1FF074801688E4200D20660BDE8F081D5
:10D5B00080C1032488C103244CBF032478C1032401
:10D5C000A8C1032494C10324B0C1032490C103243F
:10D5D000DC6003248CC1032484BF03247CC10324A6
:10D5E00070B50400DFF87C60306810F00700062892
:10D5F00008D0306810F03F00A04201D001202FE099
:10D6000000202DE030688009800120433060F4F76D
:10D61000E1F80500DFF850000068800408D4F4F752
:10D62000D9F8401B40F2E9318842F3D3012017E0DA
:10D630001E2C05D02E2C03D01D2C01D02D2C0ED14C
:10D64000F4F7C8F805003068C00308D4F4F7C2F84E
:10D65000401B40F2E9318842F5D3012000E0002070
:10D6600070BD00000C480258044802582DE9F047EC
:10D670000400002C01D101205AE32078C0076DD5A9
:10D68000DFF8B006056815F03805DFF8AC06D0F80D
:10D690000090102D05D0182D0DD119F0030002288F
:10D6A00009D1DFF898060068800357D56068002824
:10D6B00054D101203CE36068B0F5803F06D1DFF82B
:10D6C0007C06016851F48031016026E06068002822
:10D6D0000AD1DFF86806016831F480310160016821
:10D6E00031F48021016018E06068B0F5A02F0AD104
:10D6F000DFF84806016851F480210160016851F4A7
:10D700008031016009E0DFF83406016831F48031CE
:10D710000160016831F480210160606800280ED04A
:10D72000F4F758F80600DFF814060068800315D4F3
:10D73000F4F750F8801B6528F5D30320F8E2F4F7DE
:10D7400049F80600DFF8F4050068800306D5F4F711
:10D7500041F8801B6528F5D30320E9E22078800793
:10D7600040F1AC80DFF8CC05056815F03805DFF82E
:10D77000C805D0F80090002D04D0182D48D119F01C
:10D78000030F45D1DFF8B4A5DAF80000400704D54F
:10D79000E068002801D10120CAE2DAF8001031F077
:10D7A0001901E0680143CAF80010F4F713F8060005
:10D7B000DAF80000400706D4F4F70CF8801B0328C1
:10D7C000F6D30320B4E2FDF7F2F841F204018842F7
:10D7D00014D22069402807D1DFF8640520210268AF
:10D7E00061F31132026012E0DFF85405016831F490
:10D7F0007C31226951EA0231016008E0DFF840051E
:10D80000016831F0FE41226951EA0261016055E090
:10D81000E06800283CD0DFF824A5DAF8001031F0E9
:10D820001901E0680143CAF80010F3F7D3FF0600BE
:10D83000DAF80000400706D4F3F7CCFF801B03287A
:10D84000F6D3032074E2FDF7B2F841F204018842F6
:10D8500014D22069402807D1DFF8E40420210268AF
:10D8600061F31132026012E0DFF8D404016831F490
:10D870007C31226951EA0231016008E0DFF8C0041E
:10D88000016831F0FE41226951EA0261016015E050
:10D89000DFF8A8A4DAF8000040084000CAF8000049
:10D8A000F3F798FF0600DAF80000400706D5F3F713
:10D8B00091FF801B0328F6D3032039E22078C006AD
:10D8C00040F19480DFF86C04056815F03805DFF846
:10D8D0006804D0F80090082D05D0182D32D119F029
:10D8E000030001282ED1DFF854040068C00504D5D8
:10D8F000E069802801D001201AE2FDF758F841F2D2
:10D900000401884214D2206A202807D1DFF83004AD
:10D910001021026861F39E62026012E0DFF82004C9
:10D92000016831F0F841226A51EA8261016008E041
:10D93000DFF81004016831F07C51226A51EA02617B
:10D94000016053E0E06900283AD0DFF8F0A3DAF88C
:10D95000000050F08000CAF80000F3F73BFF06001B
:10D96000DAF80000C00506D4F3F734FF801B032863
:10D97000F6D30320DCE1FDF71AF841F204018842F6
:10D9800014D2206A202807D1DFF8B40310210268DE
:10D9900061F39E62026012E0DFF8A403016831F0D7
:10D9A000F841226A51EA8261016008E0DFF89403DD
:10D9B000016831F07C51226A51EA0261016015E090
:10D9C000DFF878A3DAF8000030F08000CAF8000031
:10D9D000F3F700FF0600DAF80000C00506D5F3F7FC
:10D9E000F9FE801B0328F6D30320A1E1207800076D
:10D9F00028D56069002812D0DFF84C53286850F011
:10DA000001002860F3F7E6FE06002868800719D4B5
:10DA1000F3F7E0FE801B0328F7D3032088E1DFF84B
:10DA200028532868400840002860F3F7D3FE06001A
:10DA30002868800706D5F3F7CDFE801B0328F7D3AF
:10DA4000032075E12078800626D5A069002811D032
:10DA5000BA4D286850F480502860F3F7BBFE0600EA
:10DA60002868800418D4F3F7B5FE801B0328F7D389
:10DA700003205DE1B14D286830F480502860F3F751
:10DA8000A9FE06002868800406D5F3F7A3FE801BD4
:10DA90000328F7D303204BE12078400764D5DFF853
:10DAA000AC92D9F8000050F48070C9F80000F3F788
:10DAB00091FE0500D9F80000C00506D4F3F78AFEF0
:10DAC000401B6528F6D3032032E1A068012805D168
:10DAD0009F48016851F00101016022E0A068002820
:10DAE00009D19B480168490849000160016831F08B
:10DAF0000401016015E0A068052809D19448016877
:10DB000051F004010160016851F00101016008E079
:10DB10008F480168490849000160016831F004013B
:10DB20000160A06800280FD0F3F754FE0600884873
:10DB30000068800718D4F3F74DFE801B41F289314D
:10DB40008842F4D30320F3E0F3F744FE0600804854
:10DB50000068800708D5F3F73DFE801B41F289314C
:10DB60008842F4D30320E3E0606A002800F0DF80FD
:10DB70007048006810F03800182800F08A80606A49
:10DB8000022874D1DFF8B491D9F8000030F0807029
:10DB9000C9F80000F3F71EFE0500D9F80000800167
:10DBA00006D5F3F717FE401B0328F6D30320BFE08A
:10DBB00061490A6867480240A06A0243E06A52EA83
:10DBC00000120A60206B401EC005C00D616B491E2B
:10DBD000490211F47E410843A16B491E090411F466
:10DBE000FE010843E16B491E090611F0FE4108439E
:10DBF0005949086059490868400840000860584879
:10DC000002686FF3CF02A36C52EAC30202600A6893
:10DC100032F00C02206C02430A600A6832F0020201
:10DC2000606C02430A60086850F48030086008683D
:10DC300050F400300860086850F4802008600868DC
:10DC400050F001000860D9F8000050F08070C9F869
:10DC50000000F3F7BFFD0600D9F80000800166D48C
:10DC6000F3F7B8FD801B0328F6D3032060E0334DA3
:10DC7000286830F080702860F3F7ACFD0600286853
:10DC8000800154D5F3F7A6FD801B0328F7D30320AA
:10DC90004EE029480168304800688046606A0128E3
:10DCA00022D011F00300A26A90421DD1C1F30510E9
:10DCB000E26A904218D15FEAC850C00D226B521E32
:10DCC000904211D1C8F34620626B521E90420BD194
:10DCD000C8F30640A26B521E904205D1C8F30660FD
:10DCE000E26B521E904201D0012021E01C480068E6
:10DCF000C0F3CC07A06CB84219D018480168490895
:10DD000049000160F3F766FD0600F3F763FD801B31
:10DD10000028FAD0124801686FF3CF01A26C51EAD3
:10DD2000C20101600D48016851F00101016000204D
:10DD3000BDE8F087104402582844025800440258B5
:10DD4000044402580C4402587444025800480258D3
:10DD5000704402580CFCFFFF304402582C44025817
:10DD60003444025810B50400002C01D101203DE0DC
:10DD7000607F002804D1002020772000F8F733F8D6
:10DD8000022060772079002809D11948216848616C
:10DD90002068806830F018002168886008E0E26838
:10DDA000A168200005F0C8F9002801D001201DE07D
:10DDB0006079002804D15FF0FF302168086102E03B
:10DDC0002069216808612068816831F0600160691C
:10DDD0000143206881602068816831F08001A0697A
:10DDE00001432068816001206077002010BD0000A1
:10DDF000B71DC10410B50400002C01D101203CE086
:10DE000094F86100002805D1002084F8600020000B
:10DE1000F7F7FCFF022084F8610020680168DFF852
:10DE2000A001014060680143E0690143206801608E
:10DE30002068416BDFF88C010140A0680143A069B4
:10DE40000143206841632068016C090C0904E06803
:10DE50000143206801642068406B30F44010216960
:10DE600050EA0150616950EA41502168486300203E
:10DE70006066012084F86100002010BD70B50400C8
:10DE80002068456820680668E8071AD5F00518D5A7
:10DE90002068006830F4807021680860606E50F07F
:10DEA00001006066012021688860042084F8610018
:10DEB000002084F86000606A002802D02000616AB7
:10DEC0008847A8061AD5B00418D52068006830F431
:10DED000005021680860202021688860606E50F042
:10DEE00002006066042084F86100002084F860006D
:10DEF000606A002802D02000616A884728071AD586
:10DF0000300518D52068006830F40060216808608A
:10DF1000082021688860606E50F00400606604206C
:10DF200084F86100002084F86000606A002802D054
:10DF30002000616A884768070DD570050BD52068F9
:10DF4000006830F4806021680860042021688860DF
:10DF5000200005F030F9A80718D5B00516D52068BF
:10DF6000006830F400702168086002202168886031
:10DF7000606E6066012084F86100002084F8600013
:10DF8000206A002802D02000216A8847E80615D5BB
:10DF9000F00413D52068006830F4805021680860D0
:10DFA000102021688860606E6066012084F861003E
:10DFB000002084F86000200005F0FEF870BD00002D
:10DFC000BFFFF8FFF8FEFFFF70B50400F3F702FC97
:10DFD0000500260016F1010F02D00448007836181B
:10DFE000F3F7F8FB401BB042FAD370BDF0020024F7
:10DFF00030B4029C52EA811555EA032555EA0445DE
:10E00000C56630BC70472DE9F84304000D001600CA
:10E010001F00DDF82080F3F7DDFB81462068406FAC
:10E02000C00709D4F3F7D6FBB0EB090040F2E931A1
:10E030008842F3D3032008E056EA851050EA07200F
:10E0400050EA08402168C8660020BDE8F283F8B5B0
:10E0500004000D00002C01D1012021E1607C00288A
:10E0600002D12000F7F7EDFE03206074002000903D
:10E070002068D0F8300450F080702168C1F8300476
:10E080002068D0F8300410F0807000900098F3F70A
:10E09000A1FB06002068D0F80C04C00408D4F3F7F4
:10E0A00099FB801B40F2E9318842F3D30320F7E06B
:10E0B0002068D0F83014DFF8B40501402068C0F8BB
:10E0C00030142068D0F83004296850EA810069686B
:10E0D00050EAC120A96850EA01402168C1F8300423
:10E0E000002000902068D0F8300450F00100216832
:10E0F000C1F830042068D0F8300410F0010000901E
:10E1000000980120FFF760FFF3F764FB0700206829
:10E11000D0F80C04C00508D4F3F75CFBC01B40F238
:10E12000E9318842F3D30320BAE000200090206850
:10E13000406850F00100216848602068406810F095
:10E1400001000090009820688068000A00022168A1
:10E15000886020688168A068014320688160206829
:10E16000D0F8A00050F002002168C1F8A00020689B
:10E17000D0F8A00050F004002168C1F8A000206889
:10E18000D0F8A400800880002168C1F8A4002068AD
:10E19000D0F8A410E06801432068C0F8A410F3F799
:10E1A00019FB06002068D0F8A40010F0030F11D16D
:10E1B0002068D0F8B00010F0140014281CD0F3F739
:10E1C00009FB801B40F2E9318842F1D30020207422
:10E1D000032065E02068D0F8B00010F09400942887
:10E1E0000AD0F3F7F7FA801B40F2E9318842F1D305
:10E1F00000202074032053E06868002801D069687B
:10E2000000E001210122287A10F00300824002FB85
:10E2100001F2DFF85C0442432B6846F2A810434346
:10E22000B2FBF3F22068D0F818048009800123685B
:10E23000C3F818042068D0F8180410432368C3F802
:10E24000180400202368C3F8C40000202368C3F822
:10E25000C8000020A06100200090206840684008AD
:10E260004000236858602068406810F0010000906A
:10E2700000982068D0F89400800880002368C3F8D4
:10E2800094002068D0F894306068034353F0010391
:10E290002068C0F894300020606101206074002084
:10E2A000F2BD0200107C012801D1022073E00120A0
:10E2B000107400201368C3F8C40000201368C3F86A
:10E2C000C8009161C80709D51068D0F8C40040F4AF
:10E2D0007F4050F0FF001368C3F8C400880707D5DB
:10E2E0001068D0F8C40050F4F8101368C3F8C400E4
:10E2F000480707D51068D0F8C80050F0010013682F
:10E30000C3F8C800080707D51068D0F8C80050F057
:10E3100002001368C3F8C800C80607D51068D0F813
:10E32000C80050F00C001368C3F8C800880607D571
:10E330001068D0F8C80050F010001368C3F8C80087
:10E34000480607D51068D0F8C80050F020001368C0
:10E35000C3F8C800080607D51068D0F8C80050F008
:10E3600040001368C3F8C800C80507D51068D0F886
:10E37000C80050F080001368C3F8C800880507D5AE
:10E380001068D0F8C80050F4F8501368C3F8C800FB
:10E39000002010740020704770B504002068D0F889
:10E3A0000C04C0070BD52068D0F80804C00706D5B8
:10E3B00001202168C1F81004200005F061F82068F0
:10E3C000D0F80C0480070BD52068D0F8080480072B
:10E3D00006D502202168C1F81004200005F079F864
:10E3E000A069002854D02068D0F8BC102068D0F86C
:10E3F000C40001400D002068D0F8C0102068D0F89B
:10E40000C80001400E00280403D0606950F00100EC
:10E41000606115F4F81F03D0606950F0020060617C
:10E42000F00703D5606950F004006061B00703D5C0
:10E43000606950F00800606116F00C0F03D060694D
:10E4400050F010006061F00603D5606950F02000C4
:10E450006061B00603D5606950F0400060617006ED
:10E4600003D5606950F080006061300603D56069B3
:10E4700050F48070606116F4F85F03D0606950F466
:10E48000007060616069002802D0200005F021F969
:10E4900070BD0200107C012801D102200FE0012094
:10E4A00010741068006B800880001368186310688F
:10E4B000006B084313681863002010740020704735
:10E4C0000200107C012801D1022091E0012010748B
:10E4D0001068406B50F00100136858631068D0F862
:10E4E0000004400840001368C3F800041068D0F826
:10E4F000000450F001001368C3F800041068C068FD
:10E50000800880001368D8601068C36808680343F7
:10E510001068C36010684069C008C0001368586183
:10E5200010684369C8690343886903434869034322
:10E5300010684361106800690009000113681861E0
:10E540001068036948680343106803611068D0F8D5
:10E55000000430F00E001368C3F800041068D0F80F
:10E5600000044B6850EA43001368C3F800041068C5
:10E57000406E000C0004136858661068436E88688B
:10E580000343106843661068D0F8000430F0F000D0
:10E590001368C3F800041068D0F80034C868034357
:10E5A00008690343486A0343086A03431068C0F8D4
:10E5B00000341068806E4008400013689866106848
:10E5C000836E886A0343106883661068D0F8080475
:10E5D00050F001001368C3F808041068D0F808046C
:10E5E00050F002001368C3F80804002010740020E3
:10E5F00070470200107C012801D1022033E0012085
:10E6000010741068836EDFF8080503401068836695
:10E610001068836E086803434868034388680343AF
:10E62000C86803430869034348690343886903438F
:10E63000C8690343086A0343486A0343886A03437B
:10E64000C86A0343106883661068806E30F0020069
:10E65000136898661068836E086B034310688366BE
:10E660000020107400207047000000000386FCFFAB
:10E6700000093D000200107C012801D102200FE0BA
:10E68000012010741068C06A400940011368D86204
:10E690001068C06A08431368D86200201074002014
:10E6A000704710B40200107C012801D1022043E021
:10E6B0000120107408684B68984201D24B6800E052
:10E6C0000B681068D0F8980010F0FC201468C4F8AB
:10E6D00098001068D0F89800184350EA0340146876
:10E6E000C4F898001068D0F89C0010F4004014683A
:10E6F000C4F89C001068D0F89C4008690443C868BE
:10E7000054EA0044886854EA00641068C0F89C40E9
:10E710001068D0F8A40030F47F401468C4F8A40056
:10E720001068D0F8A4004C6950EA04201468C4F8BA
:10E73000A40000201074002010BC70470200107C60
:10E74000012801D1022085E0012010741068806842
:10E7500030F47F4013689860106880680B6850EA56
:10E760000320136898601068806F80B21368986700
:10E770001068806F4B6850EA034013689867106810
:10E78000806F000C0004136898671068836F8868B6
:10E790000343106883671068C06F000C000413689F
:10E7A000D8671068C36FC86803431068C3671068F0
:10E7B000D0F88000000C00041368C3F880001068D3
:10E7C000D0F88030086903431068C0F880301068C2
:10E7D000D0F88400000C00041368C3F884001068AB
:10E7E000D0F88430486903431068C0F8843010685A
:10E7F000D0F8840030F080701368C3F8840010688B
:10E80000D0F88430886903431068C0F884301068F9
:10E81000D0F88800000C00041368C3F88800106862
:10E82000D0F88830C86903431068C0F88830106891
:10E83000D0F88C00000C00041368C3F88C0010683A
:10E84000D0F88C30086A03431068C0F88C30002080
:10E8500010740020704781B00100087C012801D1AC
:10E86000022023E00120087400200090086840681E
:10E8700050F001000A6850600868406810F001001C
:10E8800000900098002000900868D0F8040450F030
:10E8900008000A68C2F804040868D0F8040410F0FC
:10E8A00008000090009800200874002001B0704714
:10E8B0000100087C012801D102200CE0012008742D
:10E8C0000868D0F8040450F004000A68C2F8040490
:10E8D0000020087400207047F8B504000D001600F1
:10E8E0001F00207C012801D102200CE001202074AF
:10E8F000069800903B00320029002000FFF783FBC0
:10E9000000212174C0B2F2BD2DE9F74F05001E00B1
:10E91000DDF834B0287C012801D102205CE0012020
:10E920002874F2F757FF81462868406FC0070BD460
:10E93000F2F750FFB0EB090040F2E9318842F3D31F
:10E9400000202874032047E0DDF830A0032E01D218
:10E95000370000E003275FF00008B8450AD21BF833
:10E9600008005FEAC8010831884050EA0A0A18F135
:10E970000108F2E72868C0F870A0F41BBB44002C23
:10E980001BD0042C01D2270000E00427002082467F
:10E9900000208046B8450AD21BF808104046C0B295
:10E9A000C000814051EA0A0A18F10108F2E728681C
:10E9B000C0F870A0E41BBB44E1E7701C0004000E2B
:10E9C0000090731C03F0FF03029A01992868FFF777
:10E9D0000FFB002028740020BDE8FE8F2DE9FE4FBC
:10E9E00082B004000D000E9E109FDDF80C80DDF853
:10E9F00010B0207C012801D1022086E00120207483
:10EA0000BBF1030F0FD3CBF3072000900BF0FF03F4
:10EA1000372229002000FFF7F6FA002803D0002053
:10EA20002074012071E0062E08D1002000900F9B79
:10EA3000320029002068FFF7DBFA24E0042E08D119
:10EA4000002000900023320029002068FFF7D0FA50
:10EA500019E0142E08D1002000903B7832002900E4
:10EA60002068FFF7C5FA0EE0242E08D178780090D0
:10EA70003B78320029002068FFF7BAFA03E0002053
:10EA80002074012041E0F2F7A5FE0090BBF1010FD8
:10EA900038DB2068406FC0061BD42068006F0190EF
:10EAA000BBF1040F01D2D94601E05FF00409002058
:10EAB0008246CA450DD201985146C9B2C900C84024
:10EAC00088F8000018F10108BBF1010B1AF1010AE6
:10EAD000EFE7F2F77FFE0099401A40F2E9318842F1
:10EAE00003D30020207403200FE02068406F40060D
:10EAF000CCD42068D0F8C0008006C7D50020207490
:10EB0000012002E000202074002005B0BDE8F08F55
:10EB1000FF80F0FE0200107C012801D1022014E0E9
:10EB2000012010741068D0F81C0430F0C060136825
:10EB3000C3F81C041068D0F81C0450EA4160136844
:10EB4000C3F81C040020107400207047F8B50400BE
:10EB5000002C01D1012069E094F8A100002805D122
:10EB6000002084F8A0002000F7F73CFA022084F887
:10EB7000A1002068806920F07040216888612068C9
:10EB8000816960680143A0680143E068014320692E
:10EB900001432068816161690904A0690843226812
:10EBA0009060E2691204206A10432368D860636AA7
:10EBB0001B04A06A184325682861E56A2D04206BB0
:10EBC00028432668706194F83560360294F83670F0
:10EBD0003F042068C06A10F07F40D4F800C0CCF831
:10EBE0002C002068D0F82CC057EA0C0C56EA0C0C0C
:10EBF00094F8340050EA0C0C2068C0F82CC020684F
:10EC0000406B50F00600D4F800C0CCF83400206807
:10EC1000806950F00100D4F800C0CCF81800002042
:10EC2000C4F8A400012084F8A1000020F2BD70B552
:10EC300004002068856B2068466B680719D570074B
:10EC400017D52068406B30F0040021684863042029
:10EC50002168C863D4F8A40050F00100C4F8A400EF
:10EC6000042084F8A100002084F8A000200004F013
:10EC700031FDA80719D5B00717D52068406B30F0D3
:10EC800002002168486302202168C863D4F8A40008
:10EC900050F00200C4F8A400042084F8A100002071
:10ECA00084F8A000200004F015FD15F0010016F016
:10ECB0000101084211D02068406B400840002168E3
:10ECC000486301202168C863012084F8A100002066
:10ECD00084F8A000200004F0FEFC280713D53007BC
:10ECE00011D52068406B30F0080021684863082087
:10ECF0002168C863012084F8A100002084F8A000E6
:10ED0000200004F0E9FC70BD70B504000D00160091
:10ED100094F8A000012801D102201DE0012084F810
:10ED2000A000022084F8A100342000FB06F020445B
:10ED3000383029003422F4F71FFA3200290020006D
:10ED400000F06AF8012021684862012084F8A100DF
:10ED5000002084F8A000002070BDF0B5040094F8F5
:10ED6000A000012801D1022055E0012084F8A00074
:10ED7000022084F8A100342000FB02F02044836CC0
:10ED8000002B01D104250EE0012B01D103250AE05F
:10ED9000042B05D0022B03D0032B01D0072B01D16C
:10EDA000022500E0012505FB01F6360427688020D6
:10EDB00000FB02778437D4F800C0802000FB02CC2F
:10EDC0001CF1840CDCF82C006FF31C40F862DFF8B7
:10EDD0008C72386850F001003860D4F800C0802090
:10EDE00000FB02CC1CF1840CD4F800E0802000FB76
:10EDF00002EE1EF1840EDEF82C003043CCF82C001D
:10EE0000386850F001003860012084F8A10000202B
:10EE100084F8A0000020F0BD2DE9F041030048680F
:10EE20001C68E468C4F30B44241824041D68802083
:10EE300000FB025584351E68802000FB0266843684
:10EE4000706810F4704068601D68802000FB0255F7
:10EE500084350E681868C068C0F30B408619761CAC
:10EE600026436E60C8681D68ED686D056D0D2D1830
:10EE70002D041E68802000FB026684361F688020F7
:10EE800000FB02778437B86810F47040B0601E68E9
:10EE9000802000FB0266843688681F68FF687F0553
:10EEA0007F0D3818401C2843B0601E68802000FB8E
:10EEB000026684361F68802000FB02778437386939
:10EEC000C008C00030611E68802000FB02668436E6
:10EED0000869306191F83160360291F832703F0470
:10EEE000D1F818C05FEA0C6CD3F800E0802000FB7A
:10EEF00002EE1EF1840E91F83000304338435CEA94
:10EF00000000CEF81800D3F800E0802000FB02EEED
:10EF10001EF1840ED3F80080802000FB028818F1D7
:10EF20008408D8F81400000A0002CEF81400D3F8C0
:10EF300000E0802000FB02EE1EF1840E4869CEF84E
:10EF40001400D3F800E0802000FB02EE1EF1840ED6
:10EF5000D3F80080802000FB028818F18408D8F8DC
:10EF60001C803F4810EA0808CEF81C80D3F800E067
:10EF7000802000FB02EE1EF1840ED1F81C80086A8E
:10EF800050EA0808CEF81C80D3F800E0802000FB8F
:10EF900002EE1EF1840E486ACEF8280008690028A7
:10EFA00001D1042413E00869012801D103240EE0F3
:10EFB0000869042808D00869022805D008690328D0
:10EFC00002D00869072801D1022400E001241D684D
:10EFD000802000FB025584351E68802000FB0266FD
:10EFE0008436F06A10F0E020E8621D68802000FBA3
:10EFF000025584358E6A6643D1F804E00868BEEB9A
:10F00000000E04FB0EFE1EF1070E5EEA064EC5F86A
:10F010002CE01D68802000FB025584351E6880208E
:10F0200000FB02668436306BC00AC00228631D688C
:10F03000802000FB02558435C86A28631D68802043
:10F0400000FB025584352D6855F001051E688020AF
:10F0500000FB026684363560BDE8F0812410005064
:10F06000F8F8FFFF02000020002A03D15FF0FF3311
:10F0700018000CE04B6853608B689360CB68D360DA
:10F080000FF69D2353610FF6C12313619261704700
:10F090002DE9F64F83B00400DFF8085ADFF8086A5C
:10F0A00000233200002114F1100004F016FB01903F
:10F0B000019F0323DFF8F429FF2114F1100004F06D
:10F0C0000CFBC7190197AF1CDDF8048000233A0040
:10F0D000002114F1100004F000FB10EB0808CDF83B
:10F0E0000480DDF804800223DFF8C429FF2114F135
:10F0F000100004F0F2FA10EB0808CDF80480DDF8F7
:10F10000048000233A00002114F1100004F0E5FA15
:10F1100010EB0808CDF80480DDF804800023EA1C19
:10F12000C42114F1100004F0D8FA10EB0808CDF84F
:10F1300004800A21200000F01AFDDDF8048000237D
:10F140002A1D002114F1100004F0C7FA10EB080882
:10F15000CDF80480DDF8048000236A1DC42114F179
:10F16000100004F0BAFA10EB0808CDF804800A2168
:10F17000200000F0FCFCDDF804800023AA1D002123
:10F1800014F1100004F0A9FA10EB0808CDF804807F
:10F19000DDF804800023EA1DC52114F1100004F0FD
:10F1A0009CFA10EB0808CDF80480DDF804800023F9
:10F1B00015F10802002114F1100004F08EFA10EB92
:10F1C0000808CDF8048015F10908DDF80490002343
:10F1D0004246C52114F1100004F07FFA10EB090932
:10F1E000CDF80490DDF80490002315F10A02002107
:10F1F00014F1100004F071FA10EB0909CDF8049035
:10F20000DDF80490002315F10B02C02114F1100069
:10F2100004F063FA10EB0909CDF80490DDF80490CE
:10F2200000233200002114F1100004F056FA10EB14
:10F230000909CDF80490DDF80490002315F10C02C3
:10F24000D92114F1100004F048FA10EB0909CDF8A7
:10F25000049015F10F09DDF804A000234A460021AF
:10F2600014F1100004F039FA10EB0A000190DDF8F7
:10F2700004A0002315F11002C12114F1100004F0C4
:10F280002CFA10EB0A000190DDF804A0002315F120
:10F290001102002114F1100004F01FFA10EB0A0013
:10F2A0000190DDF804A0002315F11202C52114F12C
:10F2B000100004F012FA10EB0A000190DDF804A02F
:10F2C000002315F11302002114F1100004F005FAD7
:10F2D00010EB0A000190DDF804A000234246C5218E
:10F2E00014F1100004F0F9F910EB0A0ACDF804A0AB
:10F2F000DDF8048000233200002114F1100004F036
:10F30000ECF910EB0808CDF80480DDF80480022346
:10F31000DFF8A027D82114F1100004F0DEF910EB7B
:10F320000808CDF80480DDF80480002315F11402EC
:10F33000002114F1100004F0D0F910EB0808CDF80A
:10F340000480DDF80480002315F11502C52114F1B5
:10F35000100004F0C2F910EB0808CDF80480DDF8C5
:10F360000480002315F11602002114F1100004F0AE
:10F37000B4F910EB0808CDF80480DDF80480002310
:10F3800015F11702C02114F1100004F0A6F910EBDA
:10F390000808CDF80480DDF80480002315F1180278
:10F3A000002114F1100004F098F910EB0808CDF8D2
:10F3B0000480DDF80480002315F11902C52114F141
:10F3C000100004F08AF910EB0808CDF80480DFF88B
:10F3D000E886DDF804A000234246002114F1100065
:10F3E00004F07BF910EB0A000190DDF804A0002383
:10F3F00015F11A02C42114F1100004F06EF910EB9B
:10F400000A000190DDF804A000234A46002114F10F
:10F41000100004F062F910EB0A0ACDF804A0DDF840
:10F420000490002315F11B02C12114F1100004F017
:10F4300054F910EB0909CDF80490DDF8049000238D
:10F4400015F11C02002114F1100004F046F910EB34
:10F450000909CDF80490DDF804900223DFF85C265A
:10F46000B32114F1100004F038F910EB0909CDF8BC
:10F470000490DDF8049000233A00002114F11000FC
:10F4800004F02BF910EB0909CDF80490DDF8049095
:10F490000623DFF82C26CE2114F1100004F01DF90C
:10F4A00010EB0909CDF80490DDF80490002315F164
:10F4B0001D02002114F1100004F00FF910EB0909EE
:10F4C000CDF80490DDF804900E23DFF8F825CE2166
:10F4D00014F1100004F001F910EB0909CDF80490C3
:10F4E00015F11E09DDF804A000234A46002114F19D
:10F4F000100004F0F2F810EB0A000190DDF804A00F
:10F500000E23DFF8C425CE2114F1100004F0E5F835
:10F5100010EB0A00019015F11F0ADDF804B000237A
:10F520005246002114F1100004F0D7F810EB0B0044
:10F530000190DDF804B00A23DFF89025CF2114F103
:10F54000100004F0CAF810EB0B00019015F1200B2D
:10F550000198009000235A46002114F1100004F095
:10F56000BCF800994018019001980090002315F113
:10F570002D02CF2114F1100004F0AFF800994018CB
:10F5800001900198009000233A00002114F110002E
:10F5900004F0A3F8009940180190019800900A2304
:10F5A000DFF82C25CB2114F1100004F096F8009917
:10F5B0004018019001980090002315F121020021CC
:10F5C00014F1100004F089F8009940180190019896
:10F5D00000900F23DFF8FC24CB2114F1100004F07D
:10F5E0007CF800994018019001980090002315F1D3
:10F5F0001D02002114F1100004F06FF8009940186A
:10F600000190019800900F23DFF8CC24CB2114F156
:10F61000100004F062F800994018019001980090E1
:10F6200000234A46002114F1100004F056F8009916
:10F6300040180190019800900A23DFF8A024CB2104
:10F6400014F1100004F049F8009940180190019855
:10F65000009000235246002114F1100004F03DF800
:10F66000009940180190019800900F23DFF8702452
:10F67000CB2114F1100004F030F8009940180190EB
:10F680000198009000235A46002114F1100004F064
:10F6900024F8009940180190019800900F23DFF89A
:10F6A0004424CB2114F1100004F017F800994018FD
:10F6B000019001980090002315F12202002114F11D
:10F6C000100004F00AF80099401801900198009089
:10F6D0000A23DFF81424CB2114F1100003F0FDFFFE
:10F6E00000994018019001980090002315F1230221
:10F6F000002114F1100003F0F0FF00994018019070
:10F70000019800900A23DFF8E423CB2114F11000C4
:10F7100003F0E3FF00994018019001980090002346
:10F720003A00002114F1100003F0D7FF00994018AF
:10F730000190019F0A23DFF8B823CC2114F11000B7
:10F7400003F0CBFFC0190190019F002315F12102A6
:10F75000002114F1100003F0C0FFC0190190019FB7
:10F760000F23DFF89023CC2114F1100003F0B5FF34
:10F77000C0190190019F002315F11D02002114F111
:10F78000100003F0AAFFC0190190019F0F23DFF8BA
:10F790006823CC2114F1100003F09FFFC0190190E1
:10F7A000019F00234A46002114F1100003F095FF49
:10F7B000C0190190019F0A23DFF84023CC2114F1E6
:10F7C000100003F08AFFC0190190019F00235246E8
:10F7D000002114F1100003F080FFC7190197019F69
:10F7E0000F23DFF81C23CC2114F1100003F075FF68
:10F7F000C7190197019F00235A46002114F11000F8
:10F8000003F06BFFC7190197019F0F23DFF8F42264
:10F81000CC2114F1100003F060FFC7190197019F7C
:10F8200000234246002114F1100003F056FFC719CF
:10F830000197019F002315F12E02C52114F110003C
:10F8400003F04BFFC7190197019F002315F12F0209
:10F85000002114F1100003F040FFC7190197019F28
:10F86000002315F13002F52114F1100003F035FFEB
:10F87000C7190197019F002315F13102002114F1EE
:10F88000100003F02AFFC7190197019F002315F10B
:10F890003202C62114F1100003F01FFFC7190197AF
:10F8A000019F00233200002114F1100003F015FF26
:10F8B000C7190197019F0323DFF84C22FF2114F1A0
:10F8C000100003F00AFFC7190197DDF80480002338
:10F8D0003200002114F1100003F0FFFE10EB0808C5
:10F8E00000233200002114F1100003F0F6FE10EBAB
:10F8F00008000190DDF804901023DFF81022E121C8
:10F9000014F1100003F0E9FE10EB090900233200A6
:10F91000002114F1100003F0E0FE82461AEB090A00
:10F920001023DFF8EC21E22114F1100003F0D5FEE2
:10F9300083461BEB0A0B002315F12402112114F15D
:10F94000100003F0CAFE070017EB0B077821200018
:10F9500000F00DF9039800280FD002281BD10023D6
:10F9600015F125023A2114F1100003F0B6FEC0197A
:10F9700007000220674948600DE0002315F12602C8
:10F980003A2114F1100003F0A8FEC019070000206E
:10F9900060494860FFE70498012824D160208DF871
:10F9A0000800002302AA362114F1100003F095FE8E
:10F9B000804618EB07080423574A2A2114F1100047
:10F9C00003F08BFE814619EB08090423534A2B21CF
:10F9D00014F1100003F081FE10EB09000700012074
:10F9E0004C49086002E000204A490860002315F1F4
:10F9F0002702512114F1100003F06FFEC01901908D
:10FA000095F82700FF21B0FBF1F164204143414804
:10FA10008160DDF80480002315F12802532114F1E0
:10FA2000100003F05AFE10EB0808002315F129021C
:10FA3000552114F1100003F050FE814619EB08091E
:10FA4000002315F12A025E2114F1100003F045FE97
:10FA500082461AEB090A002315F12B02292114F121
:10FA6000100003F03AFE83461BEB0A0B0023320022
:10FA7000002114F1100003F030FE060016EB0B0617
:10FA8000002315F12C022C2114F1100003F025FEA7
:10FA90008019002802D05FF0FF31080005B0BDE8F2
:10FAA000F08F0000489104084991040844AC040810
:10FAB0005A7F03087A8B030855910408C68D030802
:10FAC000B4AB0408CCA70408DCA70408F4A9040814
:10FAD00000AA0408ECA70408FCA704080CAA040860
:10FAE0000CA804081CA8040818AA040824AA0408DE
:10FAF00030AA04082CA804083CA804083CAA04085E
:10FB00004CA804085CA8040848AC0408ACA7040886
:10FB1000BCA7040878C003243CAC040840AC04082B
:10FB20002DE9F04104000D0016001F00A0463B0027
:10FB30009BB23200290089B2B8F80000D8F808C09A
:10FB4000E047BDE8F08100002DE9F04104000D0020
:10FB500016001F00A0463B009BB23200290089B26C
:10FB6000B8F80000D8F804C0E047BDE8F08170B5EF
:10FB700004000D00E06880470600E0688047801BB5
:10FB8000A842FAD3002070BD38B50400F1F722FE78
:10FB90000500002C01D101204DE0206A402894F896
:10FBA0004100002807D12000F6F75BFA41F28831C6
:10FBB000200000F039FA2068006830F4F850A1689D
:10FBC000491E50EA012021680860A06C00902B00BB
:10FBD00000222021200000F029FA0100C9B20029EA
:10FBE00028D121680A68DFF8C8120A40616852EA21
:10FBF0000162E1680A43E1690A43216A0A43216814
:10FC00000A6021684A68DFF8AC120A40216952EAAA
:10FC1000014261690A43A1690A4321684A60216877
:10FC2000096851F00101226811600021616401211D
:10FC300084F84110C0B232BD2DE9FC4104000D0032
:10FC40001600F1F7C7FD0700A8690028E869002839
:10FC5000286A002894F84000012801D102203DE0E4
:10FC6000012084F8400094F8410001282FD10020A1
:10FC70006064022084F8410000963B0000222021AD
:10FC8000200000F0D3F980464046C0B2002820D1C1
:10FC900000222900200000F0F2F9686A002812D141
:10FCA00000963B0001220221200000F0BFF98046AF
:10FCB0004046C0B200280CD102202168C860012053
:10FCC00084F8410005E0012084F8410001E05FF084
:10FCD0000208002084F840004046C0B2BDE8F6812A
:10FCE0002DE9F84305000C0016000027F1F772FD1E
:10FCF0008046286810F1200995F84000012801D1BC
:10FD000002205BE0012085F8400095F841000128C1
:10FD10004DD100206864002C42D0122085F84100AB
:10FD200028680069401CE86228680069401CA862D5
:10FD30006C622868406930F0406029684861E86A70
:10FD4000002816D00096434601220421280000F026
:10FD50006DF907003800C0B200280AD1686A00783F
:10FD600089F80000686A401C6862E86A401EE86220
:10FD7000E5E73800C0B200280ED1009643460122C4
:10FD80000221280000F052F907003800C0B2002814
:10FD900002D102202968C860012085F8410008E0EE
:10FDA000686C50F0080068640120070001E0022040
:10FDB0000700002085F840003800C0B2BDE8F2839B
:10FDC0002DE9FC4705000C0016000027F1F702FDA5
:10FDD00080462868D0F81890286810F1200A95F815
:10FDE0004000012801D102205FE0012085F8400099
:10FDF00095F84100012851D100206864002C46D0BC
:10FE0000222085F8410028680069401CA863286802
:10FE10000069401C68632C6301202968496960F30C
:10FE20009B61286841612868C0F81890A86B002879
:10FE300016D00096434601220621280000F0F6F86D
:10FE400007003800C0B200280AD19AF80000296BD8
:10FE50000870286B401C2863A86B401EA863E5E768
:10FE60003800C0B200280ED100964346012202217C
:10FE7000280000F0DBF807003800C0B2002802D1EB
:10FE800002202968C860012085F8410008E0686CFC
:10FE900050F0080068640120070001E0022007001C
:10FEA000002085F840003800C0B2BDE8F6870000A9
:10FEB0002FFFFF00FEF8E0FF2DE9F84304000D00DE
:10FEC00016001F00F1F786FC8046A8690028E86943
:10FED0000028286A002894F84000012801D1022057
:10FEE0004CE0012084F8400094F8410001283ED104
:10FEF00000206064422084F84100009743460022BD
:10FF00002021200000F092F881464846C0B2002827
:10FF10002FD1306821688862706821684862B068B3
:10FF20002168C8622068016831F4400130690143EA
:10FF300051F4800120680160F068A8625FF00062FF
:10FF40002900200000F09BF8009743460122082179
:10FF5000200000F06BF881464846C0B2002808D166
:10FF600008202168C860012084F8410001E05FF0AA
:10FF70000209002084F840004846C0B2BDE8F28380
:10FF80002DE9FC4104000D001600F1F723FC0700E9
:10FF9000A8690028E8690028286A002894F8400029
:10FFA000012801D102203DE0012084F8400094F8AE
:10FFB000410001282FD100206064822084F8410094
:10FFC000A06C00903B0000222021200000F02EF8C1
:10FFD00080464046C0B200281FD12068016831F039
:10FFE00008017068014320680160706808280BD11F
:10FFF00030682168086310202168C86020680068A4
:020000040803EF
:1000000050F48010216808605FF0406229002000F1
:1000100000F035F801E05FF00208002084F84000AD
:100020004046C0B2BDE8F681816470472DE9F041D9
:1000300005000E0017009846069C2868806830422C
:1000400001D0012000E000203900C9B2884213D05D
:1000500014F1010FF1D0F1F7BDFBB0EB08008442C1
:1000600001D3002CE9D1042085F84100686C50F0E0
:1000700001006864012000E00020BDE8F08110B4B8
:100080004B6A002B06D0B2F1406F03D08B6A5B1E27
:10009000046823618B69002B00F080800B6A002BC1
:1000A00041D08B680468E361CB69002B20D0CC6A17
:1000B0000B6B1C434B6B1C434B6A1C434B6954EA50
:1000C00083440B691C430B6A1C43CB681C43CB69FC
:1000D0001C438B691C430B681C43144303685C611D
:1000E000B2F1406F00F0D2804B680468A361CDE0AC
:1000F000CC6A0B6B1C434B6B1C434B6A1C434B6918
:1001000054EA83440B691C430B6A1C43CB691C43B0
:100110008B691C430B681C43144303685C61002318
:100120000468A361B2E0CB69002B1ED0CC6A0B6BD4
:100130001C434B6B1C434B6A1C434B6954EA83447E
:100140000B6A1C43CB681C43CB691C438B691C4363
:100150000B681C43144303685C61B2F1406F00F00C
:1001600095804B680468A36190E0CC6A0B6B1C43DC
:100170004B6B1C434B6A1C434B6954EA83440B6A28
:100180001C43CB691C438B691C430B681C43144301
:1001900003685C6100230468A36177E00B6A002BAD
:1001A0003CD08B680468E361CB69002B1DD0CC6A1E
:1001B0000B6B1C434B6B1C434B6A1C434B6954EA4F
:1001C00083440B691C430B6A1C43CB681C43CB69FB
:1001D0001C438B691C43144303685C61B2F1406F9C
:1001E00054D04B680468A36150E0CC6A0B6B1C438D
:1001F0004B6B1C434B6A1C434B6954EA83440B69A9
:100200001C430B6A1C43CB691C438B691C4314437E
:1002100003685C6100230468A36137E0CB69002BAD
:100220001BD0CC6A0B6B1C434B6B1C434B6A1C43AF
:100230004B6954EA83440B6A1C43CB681C43CB696B
:100240001C438B691C43144303685C61B2F1406F2B
:100250001CD04B680468A36118E04B6A002B15D0D2
:10026000CC6A0B6B1C434B6B1C434B6A1C434B69A6
:1002700054EA83440B6A1C43CB691C438B691C43BF
:10028000144303685C6100230468A36110BC7047D9
:100290002DE9F04389B004000E000025002C03D0A6
:1002A0007FF00100050069E00C27DFF8408507FBBF
:1002B00004F018F80000002860D1DFF834954846B3
:1002C00000F0F9F8002D59D104A803F015FADFF871
:1002D0002405717850F82100019040200390049883
:1002E00090FAA0F0B0FA80F0401E009070780028DC
:1002F00001D1102000E0002002906946484603F03A
:1003000031FC002803D07FF00300050036E0200018
:1003100000F0B4F9002803D07FF0040005002DE0C0
:1003200007FB04F040444178484603F03DFA0028BA
:1003300003D07FF00400050020E007FB04F708EB82
:1003400007004178484603F0EFF9002803D07FF01A
:100350000400050012E0200000F0E0F9002803D0BE
:100360007FF00400050009E072783178200000F089
:1003700042F8002802D07FF004000500280009B0F0
:10038000BDE8F083F8B504000025002C03D07FF011
:10039000010005002DE00C26DFF8507406FB04F088
:1003A00038448078002812D106FB04F038444178A4
:1003B000DFF83C0403F023FB002803D07FF00400A7
:1003C000050016E0022006FB04F6B85511E006FB16
:1003D00004F038444178DFF8180403F0B3FA002839
:1003E00003D07FF00400050003E0022006FB04F6C2
:1003F000B8552800F2BD2DE9F04704000E001700A3
:100400000025002C03D07FF00100050050E05FF0D4
:100410000C08DFF8D89308FB04F019F80000022854
:1004200003D17FF01900050042E03800C0B2002877
:1004300001D1102000E00020DFF8B4A3CAF80C00BE
:100440005046FFF7A1FB002803D07FF00300050012
:100450002EE008FB04F04844407803280CD130001B
:10046000C0B2032807D0504603F048FA002802D053
:100470007FF0040005000BE03000C0B2032807D174
:10048000504603F017FA002802D07FF00400050060
:10049000002D0DD1012008FB04F109F8010008FB33
:1004A00004F04844467008FB04F809EB0800877024
:1004B0002800BDE8F0872DE9F04186B00400DFF8A0
:1004C0003803016851F480410160006810F48040F5
:1004D00005900598DFF82403016851F4804101601C
:1004E000016831F480410160DFF81403016851F0C4
:1004F00002010160016811F002010591059901688E
:1005000051F040010160016811F040010591059929
:10051000016851F008010160016811F008010591BE
:100520000599016851F020010160016811F0200176
:1005300005910599016851F020010160016811F0F1
:10054000200105910599016851F0200101600168C1
:1005500011F0200105910599016851F040010160F9
:10056000016811F0400105910599016851F0800181
:100570000160016811F0800105910599016851F051
:1005800080010160016811F0800105910599016801
:1005900051F040010160016811F040010591059999
:1005A000016851F040010160006810F040000590C2
:1005B0000598042000900220019003200390002061
:1005C00002900920049069468E48F9F779F8402096
:1005D0000090012002900A2004908B4D694628006B
:1005E000F9F76EF84FF400600090002002900920A7
:1005F000049069468548F9F763F8042000900920C3
:100600000490834F69463800F9F75AF84FF40076A2
:1006100000960A200490DFF8FC8169464046F9F70D
:100620004FF8082000900920049069463800F9F737
:1006300047F8802000900920049069464046F9F769
:100640003FF8009669462800F9F73AF840200090F4
:1006500069464046F9F734F84FF480400090694607
:100660002800F9F72DF800220F215C20F6F7BAFDDB
:100670005C20F6F7C9FD06B0BDE8F0812DE9F04138
:10068000040000255A4E0321300003F013FA00281D
:1006900003D07FF0040005003DE00321300003F0AB
:1006A00035FA002803D07FF00400050033E00C2762
:1006B000DFF8388107FB04F040444178300003F054
:1006C00073F8002803D07FF00400050023E0002128
:1006D000300003F0EFF9002803D07FF0040005009C
:1006E00019E00021300003F011FA002803D07FF058
:1006F000040005000FE0012007FB04F108F80100E9
:10070000002007FB04F141444870002007FB04F778
:1007100008EB070188702800BDE8F081F0B58FB0C4
:10072000040000250020ADF800004FF44070079051
:100730008520019000200890002009905FF0407013
:100740000A900020069002200B9000200C900020C0
:100750000D9000200E90264E41F288373A0001A9F4
:100760003000FFF769FA002802D07FF0040039E07A
:100770003A0069463000FFF723FB002802D07FF0E3
:1007800004002FE019480C2101FB04F108444178D2
:10079000300003F03EF8002802D07FF0040021E092
:1007A00081200190BDF8001040F60F70014041F427
:1007B000004151F08001ADF800103A0001A930006D
:1007C000FFF73AFA002802D07FF004000AE03A006E
:1007D00069463000FFF784FA002802D07FF0040059
:1007E00000E028000FB0F0BD0000000084C003242A
:1007F000E8BA0324D4AB0408D44402587C44025819
:10080000E04402580004025800180258000C025834
:10081000001C02580014025838B504000D00002CCA
:1008200001D101201EE094F82C00002805D1002001
:1008300084F82D002000F5F77CFD022084F82C00C0
:10084000211D206803F0AAF962682900206803F0DE
:10085000DCF90548016851F000410160012084F88D
:100860002C00002032BD00000040005210B50400F2
:100870002000F5F796FD6168206803F013FA002068
:1008800084F82C00002084F82D00002010BDF8B55D
:1008900004000D00160094F82C703800C0B2022835
:1008A00001D102201CE03800C0B2012803D038007A
:1008B000C0B2052813D1022084F82C003200290090
:1008C000206803F001FA2868022803D1052084F883
:1008D0002C0002E0012084F82C00002000E0012020
:1008E000F2BD38B504000D0094F82C00022801D1A7
:1008F000022010E094F82C0001280BD1022084F88B
:100900002C002900206803F0F3F9012084F82C0062
:10091000002000E0012032BD38B50400002C02D0D8
:100920007FF0010027E0824D280000F040F8280009
:1009300003F0EAF9002802D05FF0FF301BE07D49A8
:10094000082008600320486040F2036088600020AF
:10095000C8600020086130204861002088614FF4A1
:100960000070C861280003F009FA002802D07FF067
:10097000040000E0002032BDF8B504000025002C82
:1009800002D07FF0010011E03426694F6A4806FB6F
:1009900004F1785006FB04F03844FFF767FF06FBCC
:1009A00004F607EB060000F0B7F80020F2BD38B5FA
:1009B00086B004006148016851F48051016001680B
:1009C00011F4805105910599016851F00101016010
:1009D000006810F00100059005985948016851F031
:1009E00008010160016811F008010591059901688D
:1009F00051F010010160016811F010010591059995
:100A0000016851F020010160016811F02001059199
:100A10000599016851F040010160016811F0400141
:100A200005910599016851F080010160016811F09C
:100A3000800105910599016851F480710160006899
:100A400010F480700590059802200190012002901A
:100A5000032003900C2004904CF203700090694630
:100A60003848F8F72DFE4FF68370009069463648F7
:100A7000F8F726FE4FF63F00009069463348F8F736
:100A80001FFE48F23710009069463148F8F718FE0B
:100A90004FF6E070009069462E48F8F711FE40F2DC
:100AA000FF60009069462C48F8F70AFE2B4D5FF076
:100AB000804068605FF08050A8608020E86000207F
:100AC000286140F20220686140F60800A8612020F9
:100AD000E861802028625FF0007068620020E862B0
:100AE000002028638020A862002068630020A8639B
:100AF0001B48286025632C642800F5F7FAFC2800C1
:100B0000F5F7C2FC00220F217A20F6F76BFB7A2062
:100B1000F6F77AFB07B030BD10B504007A20F6F77F
:100B20007AFB10480E490160F5F7E3FC10BD0000A8
:100B300010BD0324D8BE032440410052D4440258BF
:100B4000E0440258000C02580010025800140258E9
:100B500000180258001C025800200258D0B6032486
:100B6000400000523CB7032410B50400002C01D112
:100B7000012037E0A0690028FFD1D4F888000028C0
:100B800005D1002084F884002000F5F70FFC242014
:100B9000C4F88800206800684008400021680860A8
:100BA000A06A002802D0200000F04CFD200000F0D8
:100BB00065FA012801D1012014E02068406830F472
:100BC0009040216848602068806830F02A002168E1
:100BD00088602068006850F00100216808602000EB
:100BE00000F09DFD10BD2DE9F04705002868C6699D
:100BF0002868D0F800802868D0F8089040F60F04E4
:100C00003440002C0ED1B0060CD55FEA886002D4C7
:100C10005FEAC90006D5686F002802D02800696F16
:100C2000884721E2002C00F0AC80DFF8440419EA88
:100C3000000F05D1DFF83C1418EA010F00F0A18085
:100C40003100C9070BD55FEAC85108D501212A68D0
:100C50001162D5F8901051F00101C5F89010B1075C
:100C60000BD54946C90708D502212A681162D5F873
:100C7000901051F00401C5F8901071070BD549464A
:100C8000C90708D504212A681162D5F8901051F0DF
:100C90000201C5F8901031070ED55FEA886102D4D1
:100CA00019EA000F08D0082029680862D5F89000DA
:100CB00050F00800C5F8900030050CD55FEA4810E8
:100CC00009D54FF4006029680862D5F8900050F00B
:100CD0002000C5F89000D5F89000002850D0B0064C
:100CE0000BD55FEA886002D45FEAC90005D5686F5A
:100CF000002802D02800696F8847D5F890000700C7
:100D000028688068400602D417F0280F32D02800E7
:100D100000F041FE28688068400627D52868083022
:100D200050E8000F30F040000100286810F1080280
:100D300042E800100028F1D1D5F88000002811D039
:100D4000DFF83403D5F880100865D5F88000EFF798
:100D500019FB002814D0D5F88000D5F88010096D53
:100D600088470DE0280003F0B5F809E0280003F0FB
:100D7000B1F805E0280003F0ADF80020C5F89000B8
:100D800072E1E86E012840F03881F00640F13581CB
:100D90005FEAC86040F13181102029680862286844
:100DA0008068400640F1E880D5F880000068DFF8F0
:100DB0005018884268D0D5F880000068DFF84418E1
:100DC000884261D0D5F880000068DFF83C1888427E
:100DD0005AD0D5F880000068DFF83018884253D028
:100DE000D5F880000068DFF8281888424CD0D5F884
:100DF00080000068DFF81C18884245D0D5F88000D4
:100E00000068DFF8141888423ED0D5F880000068EA
:100E1000DFF80818884237D0D5F880000068DFF87E
:100E20000018884230D0D5F880000068DFF8F41749
:100E3000884229D0D5F880000068DFF8EC17884296
:100E400022D0D5F880000068DFF8E01788421BD078
:100E5000D5F880000068DFF8D817884214D0D5F89C
:100E600080000068DFF8CC1788420DD0D5F88000EC
:100E70000068DFF8C417884206D0D5F88000006803
:100E8000DFF8B817884205D1D5F880000068D0F89F
:100E900004A004E0D5F880000068D0F804A0504613
:100EA00080B2002854D05046B5F85C1080B2884219
:100EB0004ED2A5F85EA0D5F88000C069B0F5807F5D
:100EC0003AD0286850E8000F30F4807001002A689A
:100ED00042E800100028F4D12868083050E8000FDC
:100EE000400840000100286810F1080242E80010A4
:100EF0000028F1D12868083050E8000F30F0400099
:100F00000100286810F1080242E800100028F1D121
:100F10002020C5F88C000020E866286850E8000F03
:100F200030F0100001002A6842E800100028F4D1D7
:100F3000D5F88000EEF7BEFF02202867B5F85C10F8
:100F4000B5F85E00091A89B22800F9F701FF12E02E
:100F50005046B5F85C1080B288420CD1D5F88000BC
:100F6000C069B0F5807F06D102202867B5F85C1013
:100F70002800F9F7EDFE77E0B5F85CA0B5F85E0063
:100F8000BAEB000AB5F85E00002835D0504680B2B2
:100F9000002831D0286850E8000F30F4907001002C
:100FA0002A6842E800100028F4D12868083050E888
:100FB000002F2E4802401100286810F1080242E874
:100FC00000100028F1D12020C5F88C000020E86630
:100FD00000206867286850E8000F30F0100001001A
:100FE0002A6842E800100028F4D102202867514600
:100FF00089B22800F9F7ACFE36E0F0020AD55FEAC4
:10100000492007D55FF4801029680862280002F0A3
:1010100062FF29E030060CD55FEA086002D45FEA7F
:10102000092006D5A86F002802D02800A96F88479C
:101030001AE0700606D55FEA486003D5280000F084
:1010400094FD11E0300206D55FEA480003D5280080
:1010500002F042FF08E0F00106D5B8F1000F03D519
:10106000280002F03AFFFFE7BDE8F087FEFFFFEF40
:101070000100001020010004571B03082DE9F84F60
:1010800086B004000027DFF8B81520688842FFD03A
:10109000A3682069034360690343E2691A43206837
:1010A0000368DFF854090340134320680360206895
:1010B000436833F44053E068034320684360D4F846
:1010C00018802068884202D0206A50EA0808206808
:1010D0008268DFF82809024058EA0202206882602C
:1010E0002068C26A12091201606A02432068C26263
:1010F0002068DFF80C2990421FD1DFF8080900684A
:1011000010F0380000280AD008280AD010280AD089
:1011100018280AD020280AD028280AD00BE0012558
:1011200024E1042522E1082520E110251EE12025E7
:101130001CE140251AE1802518E12068DFF8C82865
:1011400090421DD1DFF8BC08006810F007000028AD
:1011500008D002280AD007D304280BD008D30528CA
:101160000AD00BE0002501E10425FFE00825FDE0A1
:101170001025FBE02025F9E04025F7E08025F5E08B
:101180002068DFF8882890421DD1DFF878080068D1
:1011900010F00700002808D002280AD007D304283E
:1011A0000BD008D305280AD00BE00025DEE004258B
:1011B000DCE00825DAE01025D8E02025D6E040253F
:1011C000D4E08025D2E02068DFF8442890421DD189
:1011D000DFF83008006810F00700002808D0022867
:1011E0000AD007D304280BD008D305280AD00BE077
:1011F0000025BBE00425B9E00825B7E01025B5E0DF
:101200002025B3E04025B1E08025AFE02068DFF87D
:10121000042890421DD1DFF8EC07006810F00700A9
:10122000002808D002280AD007D304280BD008D3FE
:1012300005280AD00BE0002598E0042596E0082553
:1012400094E0102592E0202590E040258EE0802556
:101250008CE02068DFF8C02790421FD1DFF8A40798
:10126000006810F0380000280AD008280AD010289A
:101270000AD018280AD020280AD028280AD00BE043
:10128000012573E0042571E008256FE010256DE06D
:1012900020256BE0402569E0802567E02068DFF8C5
:1012A0007C2790421DD1DFF85C07006810F0070032
:1012B000002808D002280AD007D304280BD008D36E
:1012C00005280AD00BE0002550E004254EE0082553
:1012D0004CE010254AE0202548E0402546E08025E6
:1012E00044E02068DFF8382790421DD1DFF814076A
:1012F000006810F00700002808D002280AD007D3A1
:1013000004280BD008D305280AD00BE000252DE0D7
:1013100004252BE0082529E0102527E0202525E0DD
:10132000402523E0802521E0206888421DD1DFF898
:10133000F406006810F00700002808D002280AD040
:1013400007D304280BD008D305280AD00BE00225C8
:101350000CE004250AE0082508E0102506E0202519
:1013600004E0402502E0802500E0802520688842D6
:101370006FD12800C0B202280AD004280CD0082857
:1013800010D0102814D0202822D0402823D025E0C7
:10139000F6F7B8FD814625E003A8F6F7C3FDDDF8B2
:1013A00010901FE06846F6F7D5FEDDF8049019E0CE
:1013B000DFF874060168890607D5DFF870960068C3
:1013C000C0F3C10039FA00F901E0DFF8609609E0E6
:1013D000DFF85C9606E04FF4004903E05FF0000997
:1013E00001200700B9F1000F00F0FA80DFF8441681
:1013F000606A31F81000B9FBF0F0824662680320A1
:101400004243924505D362684FF4805042435245AF
:1014100002D201200700E3E0606A31F81000B9FB56
:10142000F0F24FF48073606840080021E3FB020192
:101430006268002302F052FD0600B6F5407F05D336
:10144000B6F5801F02D22068C660C9E001200700FF
:10145000C6E0E069B0F5004F66D12800C0B20028B0
:101460000CD001280ED0042810D0082814D0102841
:1014700018D0202826D0402827D029E0F9F7F9F9FC
:10148000814629E0F9F702FA814625E003A8F6F73C
:1014900049FDDDF810901FE06846F6F75BFEDDF8C9
:1014A000049019E0DFF880050168890607D5DFF8A8
:1014B0007C950068C0F3C10039FA00F901E0DFF85B
:1014C0006C9509E0DFF8689506E04FF4004903E009
:1014D0005FF0000901200700B9F1000F00F08080E3
:1014E000DFF85005616A30F81100B9FBF0F061686F
:1014F000490811EB40016068B1FBF0F00600102EC6
:101500000FD3B6F5803F0CD24FF6F071314030006A
:10151000C0F3420001438B46584680B22168C86040
:101520005EE0012007005BE02800C0B200280CD07C
:1015300001280ED0042810D0082814D0102818D064
:10154000202826D0402827D029E0F9F792F98146B3
:1015500029E0F9F79BF9814625E003A8F6F7E2FCBC
:10156000DDF810901FE06846F6F7F4FDDDF8049012
:1015700019E0DFF8B4040168890607D5DFF8AC94F8
:101580000068C0F3C10039FA00F901E0DFF89C946B
:1015900009E0DFF89C9406E04FF4004903E05FF0B7
:1015A000000901200700B9F1000F19D0DFF8840409
:1015B000616A30F81100B9FBF0F0616810EB51007E
:1015C0006168B0FBF1F00600102E07D3B6F5803F3E
:1015D00004D2300080B22168C86001E00120070019
:1015E0000120A4F86A000120A4F8680000206067C8
:1015F0000020A0673800C0B207B0BDE8F08F00003F
:101600001000024028000240400002405800024002
:101610007000024088000240A0000240B800024072
:1016200010040240280402404004024058040240D2
:101630007004024088040240A0040240B804024042
:10164000000C005890F82810090707D501684A686F
:1016500032F40042816B0A4301684A6090F8281016
:10166000C90707D501684A6832F40032C16A0A43E3
:1016700001684A6090F82810890707D501684A6810
:1016800032F48032016B0A4301684A6090F82810F6
:10169000490707D501684A6832F48022416B0A4342
:1016A00001684A6090F82810C90607D501688A6861
:1016B00032F48052C16B0A4301688A6090F82810A6
:1016C000890607D501688A6832F40052016C0A4322
:1016D00001688A6090F82810490613D501684A68A5
:1016E00032F48012416C0A4301684A60416CB1F5E2
:1016F000801F07D101684A6832F4C002816C0A4336
:1017000001684A6090F82810090607D501684A6800
:1017100032F40022C16C0A4301684A60704738B550
:1017200004000020C4F89000F0F754F80500206889
:10173000006800071ED57FF07E4000902B0000223D
:101740005FF40011200000F055F8002812D0206846
:1017500050E8000F30F080000100226842E80010DD
:101760000028F4D12020C4F88800002084F88400E8
:1017700003203EE02068006840072CD57FF07E40C3
:1017800000902B0000225FF48001200000F032F86E
:10179000002820D0206850E8000F30F4907001003D
:1017A000226842E800100028F4D12068083050E890
:1017B000000F400840000100206810F1080242E8D4
:1017C00000100028F1D12020C4F88C00002084F8FB
:1017D000840003200DE02020C4F888002020C4F8F5
:1017E0008C000020E06600202067002084F8840040
:1017F000002032BD2DE9F04105000E00170098468B
:10180000069C2868C0693040B04201D1012000E048
:1018100000203900C9B2884239D114F1010FF0D04B
:10182000EFF7D8FFB0EB0800844201D3002C01D1C0
:1018300003202DE0286800684007E2D5802EE0D024
:10184000402EDED02868C06900070DD50820296821
:101850000862280000F09FF80820C5F890000020DA
:1018600085F88400012013E02868C0690005C8D508
:101870004FF4006029680862280000F08CF82020EE
:10188000C5F89000002085F88400032000E00020C7
:10189000BDE8F08170B504000D001600A565A4F840
:1018A0005C600020C4F890002220C4F88C00D4F8BA
:1018B0008000002826D00FF28110D4F88010C86371
:1018C0000FF21920D4F8801008640FF23920D4F8F0
:1018D0008010C8640020D4F88010086533009BB2E3
:1018E000A26D206810F12401D4F88000EEF7F2F820
:1018F000002807D01020C4F890002020C4F88C00E5
:1019000001202AE0206900280AD0206850E8000F52
:1019100050F480700100226842E800100028F4D1E1
:101920002068083050E8000F50F0010001002068E6
:1019300010F1080242E800100028F1D120680830B8
:1019400050E8000F50F040000100206810F108023C
:1019500042E800100028F1D1002070BD016851E874
:10196000001F31F0C0010A00036843E8002100298C
:10197000F4D10168083151E8001F31F400010A0078
:10198000016811F1080343E800210029F1D1202169
:10199000C0F888107047016851E8001F31F4907159
:1019A0000A00036843E800210029F4D101680831E6
:1019B00051E8003FDFF8E0110B401A00016811F117
:1019C000080343E800210029F0D1C16E01290AD1A2
:1019D000016851E8001F31F010010A00036843E874
:1019E00000210029F4D12021C0F88C100021C1660B
:1019F0000021416770470000F369FFCFFFF4FF113A
:101A00000010014054440258004400400048004087
:101A1000004C00400050004000140140007800409D
:101A2000007C004058440258004402580090D00303
:101A300000093D00B4A2040838B50400A56BE069B4
:101A4000B0F5807F3AD00020A5F85E00286850E805
:101A5000000F30F4807001002A6842E8001000286E
:101A6000F4D12868083050E8000F40084000010019
:101A7000286810F1080242E800100028F1D1286817
:101A8000083050E8000F30F040000100286810F1E5
:101A9000080242E800100028F1D12020C5F88C008F
:101AA000E86E01280AD1286850E8000F30F01000D5
:101AB00001002A6842E800100028F4D100202867BD
:101AC000E86E012805D1B5F85C102800F9F740F957
:101AD00002E0280002F01AFB31BD000038B5040016
:101AE000A56B01202867E86E012807D1B5F85C10C6
:101AF000490889B22800F9F72BF902E0280002F022
:101B000006FB31BDF8B50400A56BD5F88860D5F8A3
:101B10008C7028688068000607D5212E05D100202A
:101B2000A5F856002800FFF719FF286880684006CE
:101B300007D5222F05D10020A5F85E002800FFF769
:101B40002AFFD5F8900050F01000C5F8900028004A
:101B500002F0C0F9F1BD38B50400A56B0020A5F86E
:101B60005E00280002F0B6F931BD10B5040020680F
:101B700050E8000F30F040000100226842E80010F9
:101B80000028F4D12020C4F888000020A06720009D
:101B900002F0BEFA10BD0000FEFFFFEF0EB41EB54E
:101BA000024605A801900024009401AB01210448DD
:101BB00078440C3002F0B3FA03B010BC5DF810FBAF
:101BC0006388010070B50546AFF300802888810462
:101BD0002DD56E68002400E00644EA6895F90300FC
:101BE0003146914208D2521A03F0FDF910F1010F6B
:101BF00009D00028F0D106E00022002103F0F3F91B
:101C000010F1010F00D101246868E860A861E86163
:101C1000298844B141F4007129802846AFF300803F
:101C20004FF0FF3070BD4DF6FF700140298028460F
:101C3000AFF30080002070BDF8B5A0B9AFF300800D
:101C400000250A4E08244FF0FF37306820B1FFF717
:101C5000B9FF002848BF3D46361D641EF5D1AFF3DD
:101C600000802846F2BDBDE8F240ABE750020024F8
:101C70008AB10B7890F800C09C4506D110F8013B62
:101C80004BB1491C521EF4D105E002D24FF0FF3097
:101C90007047012070470020704789B24FF4567298
:101CA000514308440830704701B58B071AD18307A8
:101CB00024D1121F21D351F8043BA3F1013C2CEA9B
:101CC000030C1CF0803C04BF40F8043BF1E79CFA95
:101CD0008CFCBCFA8CF1C1F118018B40CB4040F870
:101CE000043B13E0042A09D311F8013B521E00F80B
:101CF000013B5BB18B07F7D1D9E7121D5AB111F83F
:101D0000013B521E00F8013B03B1F8D111001CBF8A
:101D10000022F1F795F801BDC9B202788A421AB1E2
:101D20001CBF10F8012FF9E718BF0020704789B2D7
:101D300009010844083070472DE9F84F84B08946FE
:101D400015460BB100221A600446274600E07F1CAE
:101D5000387803F050F90028F9D138782D2816BFCB
:101D60002B2817F8018B4FF02B08002DCDF804908D
:101D700003D4012D01D0252D05DBB9F1000F4DD085
:101D8000C9F800404AE0002D0ADD102D04BF387864
:101D9000302802BF787840F0200078280ED10AE081
:101DA0003878302818BF0A2508D1787840F020000C
:101DB000782802D11025BF1C00E00825039700E019
:101DC0007F1C38783028FBD0DFF818B0FB440BF1CB
:101DD000140B4FF000090BF128000297CA468DF84A
:101DE00000000AE04C64010006469DF80000361A27
:101DF000CA46F6B205FB09697F1C387803F005F97D
:101E000001462A460BF1280003F00CF90028EBD11B
:101E10000399B94204D1019800B10460002020E088
:101E200002991BF80500791A091A002910D406DC5A
:101E3000B9EB060603D3B6FBF5F0504508D0AFF377
:101E40000080049808B1012101604FF0FF3904E0DF
:101E5000B8F12D0F08BFC9F10009019800B1076062
:101E6000484605B0BDE8F08F03E0FFE70A220021F5
:101E7000FAE7002360E7020088889080012070471D
:101E800003480168034A127889180160704700BF4F
:101E900068C10324F002002470470100002070474D
:101EA000001F5FF080730360001F4B085B0003603E
:101EB000001F0FF21503036014380260001F7FF04B
:101EC00002030360203870478048006810F1010F5A
:101ED00007D0502080F31188BFF34F8FBFF36F8F6F
:101EE000FEE7502080F31188BFF34F8FBFF36F8F51
:101EF000FEE7E0B576480168764A914207D1502066
:101F000080F31188BFF34F8FBFF36F8FFEE7006838
:101F10007149884207D1502080F31188BFF34F8F59
:101F2000BFF36F8FFEE7002001906C4908788DF8B1
:101F30000100FF20087008788DF8000068489DF8BF
:101F4000002012F0500202700078002807D15020C3
:101F500080F31188BFF34F8FBFF36F8FFEE79DF8BB
:101F60000000C04310F0500F07D0502080F31188BC
:101F7000BFF34F8FBFF36F8FFEE79DF800000006A1
:101F800008D50198401C01909DF8000040008DF894
:101F90000000F2E70198082803D10020514A1060A0
:101FA00004E00198D0F107004E4A10604D480268E5
:101FB00012020260026812F4E06202609DF8010001
:101FC00008704948016851F47F010160016851F0CF
:101FD0007F41016003F052F800203C49086003F0A3
:101FE000B1F84248016851F04041016003F09AF8AD
:101FF00000200EBD502080F31188BFF34F8FBFF338
:102000006F8F32490A68521C0A60096801290AD197
:1020100037490968090606D080F31188BFF34F8F4E
:10202000BFF36F8FFEE7704728490868002807D183
:10203000502080F31188BFF34F8FBFF36F8FFEE7FF
:102040000868401E08600868002802D1002080F35C
:102050001188704780B5502080F31188BFF34F8FEF
:10206000BFF36F8FFAF754FD002803D05FF0805064
:102070001F490860002080F3118801BDEFF305803F
:10208000102811D31B4A1268125C11000A00144B6D
:102090001B78D2B29A4207D2502282F31188BFF342
:1020A0004F8FBFF36F8FFEE70E4A1268124B1B680B
:1020B00013F4E0639A4207D2502282F31188BFF3EF
:1020C0004F8FBFF36F8FFEE770470000540000246E
:1020D00000ED00E071C20F4170C20F4100E400E06A
:1020E00004C2032440C1032420ED00E034EF00E0EB
:1020F00004ED00E04CAC04080CED00E02DE9F041EB
:102100008AB00500102D1BD2002229003620F5F7D9
:1021100069F83620F5F778F81F4805601F48016810
:1021200051F010010160006810F01000009000985C
:1021300001A902A8F8F7C0FB079C002C06D101E01A
:10214000012025E0F8F795FB060002E0F8F791FB87
:1021500046001348B6FBF0F77F1EDFF848801248B0
:10216000C8F8000040F2E730C8F80C00C8F8047066
:102170000020C8F810000020C8F80800404602F00F
:10218000EFFF002803D1404603F072F800E0012081
:102190000AB0BDE8F0810000B8000024E84402580D
:1021A00040420F0080BB0324001000407CB5264C49
:1021B000200003F0E3F9254D280003F017FA244A24
:1021C000244903F08DFC244E300003F091FC234899
:1021D00004F010FB4FF4F07001904FF44870009041
:1021E0002300320029001E4800F0F0FF73BD1CB52B
:1021F00004F0AAFE040004F0A3FE002100910023D5
:102200000022210089B204F0A1FE164804F02CFF40
:102210000020F0F72AFF4FF4F041134804F02AFFA2
:102220000E490D4804F072FF104804F071FF04F0ED
:1022300075FF04000A4800F0E3FF13BD704780B546
:10224000074800F0F4FF01BDD4C10324A0370324E4
:10225000F4C1032439560308A8B70324D8BF0324C4
:10226000DCB103240BC2032494890124C800002498
:1022700008B410B585B007AB00240493039400297B
:102280000EBF01940190491E0291009404AB01A974
:10229000074878441A3001F042FF019901B10C70EF
:1022A000002858BF039805B010BC5DF808FB00BFBC
:1022B0002F47FFFF0100C8680A69904204D389686C
:1022C000491E081A101801E0101A401E70472DE927
:1022D000F84F84B005000E0017002800FFF7EAFF52
:1022E0000400002C01D100203CE0A74201D2B846F6
:1022F00000E0A046D5F80C90D5F808A0BAEB090A82
:10230000C24513D3CDF804800096686800EB090B32
:10231000019A00995846F0F71FFF18EB0909494642
:10232000A86881421CD10020010019E0CDF80CA062
:102330000296686800EB090B039A02995846F0F779
:102340000BFFB8EB0A00019006EB0A000090D5F8ED
:1023500004B0019A00995846F0F7FEFEB8EB0A0166
:10236000E960404605B0BDE8F08F70472DE9F047C1
:1023700005000E0017001B48182101FB05F1084459
:1023800010F11808B1463C0098F814A01AF0030A9E
:10239000BAF1020F0ED1002C0AD022004946404665
:1023A000FFF795FF8144241A0028F4D100BFF2E71B
:1023B000380014E0BAF1010F05D122004946404629
:1023C000FFF785FF0BE04046FFF774FFA04205D3FF
:1023D000220049464046FFF77AFF00E00020BDE8B2
:1023E000F08700005800002470B504000D0000269E
:1023F000A85D002801D0761CFAE7320029002000F1
:10240000FFF7B4FF70BD01210172704781423ABFEE
:1024100053189842F0F7A0BE8018990707D0521EB3
:1024200024BF13F8011D00F8011DF6D8704781077D
:102430001BD1103A07D330B433E93210103A20E9F7
:102440003210F9D230BC1032121F24BF53F8041DD1
:1024500040F8041DF8D838BF121D521E24BF13F8CF
:10246000011D00F8011DF8D87047121FF3D3C107F2
:1024700009D153F8041D121F20F8041D4FEA314101
:102480004180F6D2E7E753F8041D121F00F8041D3F
:102490004FEA3121A0F801104FEA3141C170F2D268
:1024A000D9E701000020704770B505000C00160048
:1024B000D5F88C0020282DD1002C03D0300080B21C
:1024C000002801D1012026E00120E86600202867CD
:1024D000320092B221002800FFF7DCF90100080069
:1024E000C0B2002813D1E86E01280ED110202A684E
:1024F0001062286850E8000F50F0100002002B68AE
:1025000043E800200028F4D101E001200100080088
:10251000C0B200E0022070BD10F1080141605FF020
:10252000FF31816010F10801C16010F10801016103
:10253000002141610021816100210160704700217B
:102540000161704710B40B6813F1010F01D10269EA
:1025500007E010F1080254682468A34201D35268CE
:10256000F9E754684C604C68A1608A60516008616A
:102570000468641C046010BC7047010008698A6824
:102580004B689A604A688B685A6042688A4201D1F7
:102590008A68426000220A610268521E0260006876
:1025A00070470100002070472DE9F84F04005FF0EC
:1025B0000008FAF787F9DFF858A2DAF800000028D7
:1025C00001D100F0C7F8002C1ED092495FF0FF3215
:1025D0000868121AA24215D30868041914F0070FEC
:1025E00012D014F00700D0F1080081465FF0FF30F0
:1025F000B0EB0900A04202D319EB040404E0002070
:10260000040001E000200400002C54D4002C52D01F
:10261000DFF804B2DBF80000A0424CD37F4806008C
:10262000006805006868A04205D22868002802D02A
:102630002E002D68F6E7DAF8000085423BD0754899
:10264000316802681144884629683160006840009A
:102650006968091B884215D205EB0400070017F0D2
:102660000700002807D0502080F31188BFF34F8F58
:10267000BFF36F8FFEE76868001B78606C603800FE
:1026800000F097F8DBF800106868091ACBF8001022
:102690006348DBF800100268914202D2DBF80010B8
:1026A0000160686850F000406860002028605D4864
:1026B0000168491C0160FAF70BF918F007000028BF
:1026C00007D0502080F31188BFF34F8FBFF36F8F77
:1026D000FEE74046BDE8F28F70B504002500002CEF
:1026E00034D04C480068404205442E0070680028F1
:1026F00007D4502080F31188BFF34F8FBFF36F8F43
:10270000FEE73068002807D0502080F31188BFF31F
:102710004F8FBFF36F8FFEE77068002816D53068C3
:10272000002813D1706820F000407060FAF7CAF8F2
:1027300039490A68706882180A60300000F039F878
:1027400039480168491C0160FAF7C2F870BD324887
:102750000068704770B4354C3548020012F0070F1E
:1027600006D0D21DD208D200A41A21000400641899
:1027700011002A4801600023436001EB040325484F
:1027800000681B1ADB08DB0021480360002506688F
:1027900075600025066835600D005E1B6E60006880
:1027A000286068681E4E306068681B4E306070BCE0
:1027B000704730B4194A1168814201D21268FAE7B1
:1027C000130051681944814204D1546841680C19BE
:1027D000546010000400416821441568A94210D1DA
:1027E0000B4913680D68AB4208D04368116849680B
:1027F000CB18436011680968016004E00968016052
:1028000001E011680160824200D0106030BC704766
:10281000F4C0032438AC0408F8C003249CC003248B
:10282000FCC0032400C1032404C10324A0860100CA
:10283000F40200242DE9F14FADF5C86DDDF86846CE
:10284000DDF86C560020A0420BD201FB00F6B6FB6F
:10285000F4F6032716FB07F66F4627F81060401CB6
:10286000F1E70026AE4234D202FB06F0B0FBF5F7EA
:10287000DDF840C601FB07FE032000FB0EFEF4441A
:1028800004FB06FE032000FB0EFE03EB0E005FF0D0
:10289000000EA6451BD2E84638F81E805FF00309FB
:1028A00009FB0EF91CF808A000F809A00CEB080AB7
:1028B0009AF801A000EB090B8BF801A0E04498F80E
:1028C0000280814489F802801EF1010EE1E7761C46
:1028D000C8E70DF5C06D11B0BDE8F08F1FB505F06C
:1028E000C0F8DFF8CC03FFF759F9DFF8C843200040
:1028F000FFF7A2F940F265400290DFF8BC030190B7
:1029000040F68C200090DFF8B4334FF4E162DFF83A
:10291000B013DFF8B003FFF741F92000FFF78CF99F
:102920001FBDDFF8940370472DE9F74F92B01D00EB
:10293000DFF88C435FF4E11000902300139A1299A2
:10294000DFF88403FFF72AF9DA4E3000FFF774F955
:1029500013981F30400940010B900B9812990128E1
:102960000FDB11F01F0212180B00BFF34F8FD74F70
:102970003B602033203A012AF9DABFF34F8FBFF3CF
:102980006F8F5FF4E117B846A146B8F1010F10DB75
:1029900019F01F0010EB08004946BFF34F8FCB4AD8
:1029A0001160203120380128F9DABFF34F8FBFF3CF
:1029B0006F8FC748FFF7F2F83000FFF73DF9DFF8F7
:1029C00014A35FF0FF3001905FF4E110009023004A
:1029D000139A12995046F2F758F88DF824009DF892
:1029E0002400002809D09DF82410BB48FFF7D6F832
:1029F0003000FFF721F9012057E10CA95046F1F70B
:102A0000DAFF0F98149908600E9828600D9B2A68C9
:102A100014980168B148FFF7C1F83000FFF70CF9CE
:102A2000A046012F0FDB18F01F00C0194146BFF36D
:102A30004F8FA64A1160203120380128F9DABFF300
:102A40004F8FBFF36F8FE0790890A079079060797E
:102A5000069020790590E0780490A0780390607843
:102A60000290207801900D9800900C9B0E9A0F997F
:102A70009B48FFF793F83000FFF7DEF80020049042
:102A80009848FFF78BF83000FFF7D6F804AA0AA998
:102A90000CA804F010FF8DF80C00049B0A9A9DF816
:102AA0000C109148FFF77AF83000FFF7C5F89DF851
:102AB0000C00002808D00D998C48FFF76FF8300003
:102AC000FFF7BAF80120F0E00D98012802D00228A3
:102AD00003D005E04FF4C07703E04FF4807700E0C7
:102AE000C0273B00049A0A998148FFF757F8300045
:102AF000FFF7A2F8DFF8C4810A9801900097049BC1
:102B0000424621007B48FFF749F83000FFF794F870
:102B1000DFF8E491D9F800004FF4F071B0FBF1F068
:102B20000790079B3A0004997448FFF737F8300084
:102B3000FFF782F8D9F8000008905FF000090498C8
:102B400081451FD26420B9FBF0F100FB11900028F1
:102B500007D1049A49466A48FFF720F83000FFF78A
:102B60006BF80020019001A800903B004A464146C6
:102B70002000DDF828C0E0473C440198804419F16A
:102B80000109DCE7DFF870A1DAF800004FF4F0711A
:102B9000B0FBF1F00690069A0798121A0699594868
:102BA000FEF7FCFF3000FFF747F8DFF810914946C9
:102BB0005548FEF7F3FF3000FFF73EF8DFF8F8B0B6
:102BC000CDF808B0CDF804904FF4F07000904FF4B9
:102BD00048732A68149801684C48FEF7DFFF3000FC
:102BE000FFF72AF8DAF8000005904FF4F070019032
:102BF0004FF4487000905B462A6814980168484674
:102C0000FFF718FEDAF800100598091A4FF47A70E9
:102C1000B1FBF0F00290DAF800100598091A3C4870
:102C2000B1FBF0F001904FF4F07000904FF4487356
:102C30002A68149801683748FEF7B0FF3000FEF7A5
:102C4000FBFF59463448FEF7A9FF3000FEF7F4FFBA
:102C5000DFF8C890DA46B9F1010F10DB1AF01F0057
:102C600010EB09005146BFF34F8F2D4A1160203100
:102C700020380128F9DABFF34F8FBFF36F8F9BF82D
:102C8000050002909BF8040001909BF8030000905F
:102C90009BF802309BF801209BF800102148FEF7BA
:102CA0007DFF3000FEF7C8FF002015B0BDE8F08FB3
:102CB000809A0408C001002400E457D000B42DD04D
:102CC000009411D01C830408DC8B04085CEF00E046
:102CD000309E04089CB9032490930408188C0408BF
:102CE000107D0408748F04084C8404081C890408AF
:102CF000548C0408908C0408041000E05C890408DB
:102D000074A40408C093040860960408A88F0408FB
:102D100000530700DC8F0408A89A040800941100EF
:102D200068EF00E0B48D0408034B0360034B0B60B5
:102D300080231360704700BF7CB80324FC9A0324EF
:102D400038B586B0002400F0B0F9DFF8AC030068B5
:102D500000281ED0002004900020039005AA03A99B
:102D600004A804F0BBFFDFF8945304980290039882
:102D70000190022000900023059ADFF884130FF2DF
:102D80009500F9F755FB28602868002801D001203C
:102D90000400002C07D1502080F31188BFF34F8F1F
:102DA000BFF36F8FFEE7200007B030BD70B50400A1
:102DB0000D0016002B003200A1694919200000F017
:102DC00098F8002805D0A06945192000216A884795
:102DD000F0E770BD70B504000D00DFF8280300684F
:102DE000C068C668301DFFF7C8FB96F8280040078A
:102DF00005D52A0021003000FFF7D8FF05E096F83E
:102E0000280010F0FE0086F828003000316A88475C
:102E100070BD000038B50400684600F042F80500B7
:102E20000099280000F003F800F08BF8F4E77CB577
:102E300005000C00F9F746FD684600F046F806006C
:102E4000009800282AD1002C08D1AE4206D3F9F709
:102E50003FFD31002800FFF7BDFF21E0002C08D026
:102E6000DFF8A40200680068002801D1012400E016
:102E700000242200A91BDFF880020068F8F760FF39
:102E8000F9F726FD00280BD15FF08050DFF87C12A7
:102E90000860BFF34F8FBFF36F8F01E0F9F718FDA4
:102EA00073BD0100DFF85C2210680068002801D1C2
:102EB000012000E0002008600868002803D11068A5
:102EC000C068006800E00020704770B50400F9F7A2
:102ED000A0FD0500DFF838623068854204D200F0BA
:102EE000CEF80120206001E000202060356028003D
:102EF00070BD2DE9F04104000D0016001F005FF0C9
:102F0000000865602461AE420CD3F01BA1698842C1
:102F100002D30120804611E0211D7B480068FFF7A5
:102F200011FB0BE0BE4204D2BD4202D30120804619
:102F300004E0211D73480068FFF704FB4046BDE82C
:102F4000F08178B585B0002269466B480068F8F7D3
:102F5000B5FB002800F09180009800280ED501AC48
:102F6000002C07D1502080F31188BFF34F8FBFF39F
:102F70006F8FFEE7A168606822689047009800287C
:102F8000E1D4029805006869002802D0281DFFF7E7
:102F9000F4FA0098002803D529681220F9F793F86D
:102FA00004A8FFF792FF0600009801280DD063D314
:102FB000032830D009D305284FD033D3072804D0B5
:102FC00003D309282ED026D356E095F8280050F0D8
:102FD000010085F82800019B32000199A869411879
:102FE0002800FFF786FF002814D095F82800400736
:102FF00007D532000199A86941182800FFF7D6FECD
:1030000005E095F8280010F0FE0085F8280028005B
:10301000296A884797E795F8280010F0FE0085F8A0
:10302000280090E795F8280050F0010085F8280066
:103030000198A861A869002807D1502080F3118861
:10304000BFF34F8FBFF36F8FFEE733003200A969E4
:1030500089192800FFF74DFF75E795F828008007CC
:1030600003D42800FFF738FB05E095F8280010F09E
:10307000FE0085F8280066E765E706B070BD10B56C
:10308000204908680068002809D00868C0680068FE
:1030900004005FF0FF312000FFF79CFEF0E70868B6
:1030A000194A13680B60106010BD7CB5FEF7A2FFD3
:1030B000114C206800281BD1164D2800FFF72CFA70
:1030C000154E3000FFF728FA0E4805600E480660DE
:1030D00000200090114B124A10210A20F7F7A9FF97
:1030E00020602068002803D00E492068F8F7DBFD37
:1030F000FEF79AFF73BD0000C8C10324CCC10324AE
:10310000F4AB0408C0C10324C4C1032404ED00E0EF
:10311000D0C10324A0BF0324BCBF03243CB90324B3
:10312000A8B00324FCAB040880B502490020F9F7DD
:10313000B0FD01BDB136030870B4040000231F25A3
:10314000C80702D40120030024E02800451E0028FF
:1031500005D015F01F000E00C640F007F5D5100091
:10316000002814D008280DD0102806D018280FD118
:10317000072D01D3012003000CE0082D01D301200D
:10318000030007E0102D01D30120030002E001E05D
:10319000012003001800C0B2002808D12068416156
:1031A0002068806830F0180010432668B06018006E
:1031B000C0B270BC70477047704701000120704773
:1031C00080B5DFF8B40404F095FD01BD2DE9FC41A4
:1031D00005000E0017009846089CBDF824000190D9
:1031E00014F1200080B2009043463A0031002800DC
:1031F00004F08CFDDFF8840428602800BDE8F68127
:1032000038B50400200004F0D9FD0021200004F0AE
:10321000A1FEDFF86454280004F0A0FE290020007D
:1032200004F0FBFE0121200004F0F9FE31BD1CB5C5
:10323000040020002168D1F884108847200021680C
:10324000C96F884704F036FF20002168496F88471E
:1032500000200090292315220021DFF82404FBF729
:103260003BFB04F027FF20002168496F8847F8E7FF
:103270000100DFF810040068704738B504000D0045
:103280002900200004F0EAFD31BD38B504000D002E
:103290002900200004F0E3FD31BD10B5040020003A
:1032A00004F0B2FD10BD10B50400200004F0B3FD21
:1032B00010BD10B50400200004F0B3FD10BD10B522
:1032C000040000F096F8DFF8B80302210268C2F8A3
:1032D000101401210268C2F810140168D1F8081412
:1032E00051F001010268C2F808140168D1F808140D
:1032F00051F002010068C0F808140320DFF88813B9
:10330000086010BDF8B504000D0016001F00DFF8BE
:10331000740305603B0032002900200004F0E8FE41
:10332000F1BD10B504000020DFF860130870200024
:1033300005F067FB10BD10B50400200004F07DFD12
:1033400094F84F00002802D00120D049087010BD29
:103350002DE9FC4104000D0016001F005FF000087D
:10336000380080B2022811D2380080B2305C009060
:103370002B009BB21522210089B2C148FBF7ACFAA1
:10338000002814D07FF00700804610E00196280046
:1033900080B200903B009BB23922210089B2B8482C
:1033A000FBF7B2FA002802D07FF0070080464046C3
:1033B000BDE8F6812DE9FF4104000D0016001F0055
:1033C0005FF000080296280080B20190062000906D
:1033D0003B009BB23200210089B2A948FBF7FEFAFC
:1033E000002802D07FF007008046404604B0BDE8C8
:1033F000F0813EB54FF4FA74200080B2000A8DF8D7
:10340000080020008DF809009D4D02A8019044207D
:1034100000900223392200212800FBF775FA0020D2
:1034200000903523152200212800FBF755FA37BDFF
:1034300080B597490878002809D10120087000203C
:1034400000902923152200218D48FBF745FA01BD84
:10345000E0B5904801902A200090042339220021F1
:103460008748FBF751FA07BDE0B58B4801902A2049
:1034700000900423392200218148FBF745FA07BD5B
:1034800070B50400002005F08EFB05F083FC05F00C
:1034900087FC04F006FE7D4D2E7805F07BFC3100A4
:1034A000C9B204F057FD287800280ED07B4D28784B
:1034B00000280AD100207A490860FFF7C9FF2000E0
:1034C000FBF7F6F90120287002E0002005F0BAFBB6
:1034D00070BDF8B50400714D2878002800F0CA804E
:1034E0006F4E3068002862D10120FAF76DFD002090
:1034F00000902068D0F8040430F008002168C1F87A
:1035000004042068D0F8040410F00800009000982B
:1035100064495C48006810F596600A6884329062DD
:103520004FF4D8754FF4C877280080B2801C00048F
:1035300050F4F1705C4A1060380080B2801C40F298
:10354000E31252EA004259480260380080B2801CFF
:10355000000450F003000A68843250603A0092B2CE
:1035600003204243D21C52F01C6208688430C262BD
:103570000868406A50F00100096848620020009025
:103580002068D0F8040450F008002168C1F8040451
:103590002068D0F8040410F0080000900098FFF7AD
:1035A00063FF012030602000FBF782F962E0002019
:1035B00000902068D0F8040430F008002168C1F8B9
:1035C00004042068D0F8040410F00800009000986B
:1035D00034492C4800680A68843290624FF4C876F7
:1035E000300080B2801C000450F4F1702E4A10604C
:1035F000300080B2C01C40F2E31252EA00422B4875
:103600000260300080B2801C000450F003000A68A1
:1036100084325060320092B203204243D21C52F0F6
:103620001C6208688430C2620868406A50F0010079
:1036300009684862002000902068D0F8040450F027
:1036400008002168C1F804042068D0F8040410F0D0
:10365000080000900098002005F0F4FAFFF7E8FE5B
:103660000020287005F096FB002803D005F092FB9F
:1036700005F09FFBF1BD000048C00324585F04081B
:10368000F8BE0324DCC1032434100050F1020024EE
:103690000EC20324CC000024D00000240DC2032459
:1036A000D8C1032400B0032410100050141000509F
:1036B00010B50400002C05D005F06CFB012105F0CD
:1036C00031FA04E005F066FB002105F02BFA012039
:1036D00010BD7047704770477047F8B504000D0083
:1036E00016001F003B009BB23200290089B2A0687F
:1036F000D4F800C0E047F2BD01005FF00060086050
:103700004FF4005048604FF48070C8605FF0006074
:103710004A68B0FBF2F088605FF00060CA68B0FBF6
:10372000F2F008610020704738B58EB004000D003B
:103730002800C0B2032802D14FF4407001E04FF4DA
:1037400080700690B720009000200790002008901D
:10375000002009900020059000200B9000200C9084
:1037600000200D902900C9B2200000F052F8002876
:1037700002D07FF0010015E041F288326946200056
:10378000FCF75AFA002802D07FF001000AE0290075
:10379000C9B2200000F008F8002802D07FF0010034
:1037A00000E000200FB030BD38B594B004000D002B
:1037B0004FF440700C900520069000200D900020E2
:1037C0000E905FF040700F9002200B90002011903F
:1037D0000020129000201390002000900020049000
:1037E000102002905FF48000059040F201100190DB
:1037F0000220039041F288336A4606A92000FCF7B4
:103800005BFB002802D07FF0040000E0002015B030
:1038100030BD70B594B004000D002800C0B203287C
:1038200002D14FF4407001E04FF480700C900620FC
:10383000069000200D9000200E9000200F90002098
:103840000B9000201190002012900020139041F264
:103850008836320006A92000FCF7EEF9002802D0D5
:103860007FF0010024E040F202200090019000204F
:10387000049002200390102002905FF480000590D5
:10388000052006902800C0B2032802D15FF04070E6
:1038900001E05FF080700F9033006A4606A92000B7
:1038A000FCF70AFB002802D07FF0040000E00020B3
:1038B00014B070BD10B58EB004004FF48070069047
:1038C00035200090002007900020089000200990EB
:1038D0000020059000200B9000200C9000200D90FF
:1038E00041F2883269462000FCF7A6F9002802D090
:1038F0007FF0010000E000200EB010BD10B58EB0CA
:1039000004004FF480700690F5200090002007908E
:1039100000200890002009900020059000200B90C6
:1039200000200C9000200D9041F288326946200062
:10393000FCF782F9002802D07FF0010000E00020AF
:103940000EB010BD38B590B004000D002800C0B214
:10395000002805D002281BD00ED3032824D02EE047
:103960004FF4807008900E2002904FF48060099010
:103970005FF080700B9022E04FF4807008903D2043
:1039800002904FF4806009905FF000700B9016E099
:103990004FF480700890EE2002904FF44060099040
:1039A0005FF040700B900AE04FF440700890ED20FB
:1039B00002904FF4406009905FF040700B904FF41C
:1039C0004050059000200A90082007905FF00040CA
:1039D0000D905FF080400E9000200F90002001902D
:1039E000002000906A4602A92000FCF7C9FA0028CE
:1039F00002D07FF0050000E0002011B030BD38B5E6
:103A000090B004000D002800C0B2002805D00228A4
:103A10001BD00ED3032824D02EE04FF480700890E2
:103A20000C2002904FF4806009905FF080700B9042
:103A300022E04FF480700890BC2002904FF40060A8
:103A400009905FF000700B9016E04FF480700890C2
:103A5000EC2002904FF4406009905FF040700B90B2
:103A60000AE04FF440700890EB2002904FF4406061
:103A700009905FF040700B90082007904FF4405081
:103A8000059000200A9000200D9000200E9000204C
:103A90000F9000200190002000906A4602A92000AB
:103AA000FCF76EFA002802D07FF0050000E000204D
:103AB00011B030BD38B58EB004000D002800C0B282
:103AC000032802D14FF4407001E04FF4807006905B
:103AD00066200090002007900020089000200990A8
:103AE0000020059000200B9000200C9000200D90ED
:103AF00041F2883269462000FCF79EF8002802D087
:103B00007FF0010000E000200FB030BD38B58EB06E
:103B100004000D002800C0B2032802D14FF4407009
:103B200001E04FF4807006909920009000200790EB
:103B300000200890002009900020059000200B90A4
:103B400000200C9000200D9041F288326946200040
:103B5000FCF772F8002802D07FF0010000E000209E
:103B60000FB030BD38B504000D000B482060686808
:103B700060600120A060A868E060286820614FF4C0
:103B8000407060610020A0610020E061E868206270
:103B90002000FBF7F9FF32BD005000520200086818
:103BA000002816D11368DB0BDB03486A034348681F
:103BB000034388680343C8680343086903434869AB
:103BC000034388690343C8690343086A03431360D6
:103BD00019E0136833F4F843C8690343086A0343E0
:103BE000486A034313605368DB0BDB0388690343B4
:103BF0004868034388680343C8680343086903436C
:103C00004869034353600020704710B40300002A42
:103C10001FD1986810F070408C69641E50EA0460EF
:103C20000C68641E20434C68641E50EA04108C68C3
:103C3000641E50EA0420CC68641E50EA04300C690B
:103C4000641E50EA04404C69641E50EA04509860B7
:103C500022E09C6812480440C868401E54EA0034C0
:103C60004869401E54EA00549C60D86810F07040C7
:103C70008C69641E50EA04600C68641E20434C6822
:103C8000641E50EA04108C68641E50EA04200C691B
:103C9000641E50EA0440D860002010BC7047000049
:103CA000FF0F0FFF02004FF4347042F821007FF045
:103CB000704002EB81039860002010610020506189
:103CC000002090610020704710B403001C69A40D0F
:103CD000A405C86854EA40240868044348680443BB
:103CE0008868401E54EA40141C61002010BC7047D4
:103CF000020050696FF34D0050EA4100506100200E
:103D0000704701001020704718B587B004001948AB
:103D10002060012060600120A0600420E06020207D
:103D20002061402060614FF4C070A0610020E0611C
:103D30004FF4006020624FF48050606200200E4912
:103D40008862022000900720019004200290072042
:103D500003900220049002200590022006906946FC
:103D60002000FCF759FD002801D0012000E00020D0
:103D700008B010BD4041005210BD032470B50400CE
:103D80000D005FF0FF362968200000F022F80028BF
:103D90001DD1012000F092F82968200000F030F8D1
:103DA000002814D16A682968200000F060F8002813
:103DB0000DD12900200000F03AF8002807D1A968A9
:103DC000200000F06BF8002801D100200600300030
:103DD00070BD38B504000D003749012008604D6002
:103DE000012088600020C8604FF6FF722000FCF7B9
:103DF0004EFD002802D05FF0FF3000E0002032BD11
:103E000038B504000D002C49022008604D600120E7
:103E100088600020C8604FF6FF722000FCF737FD75
:103E2000002802D05FF0FF3000E0002032BD70B506
:103E300004000D00E9682869014368690143A86925
:103E40000143EE690E431C4904200860286848605D
:103E500001208860CE604FF6FF722000FCF717FD4E
:103E6000002802D05FF0FF3000E0002070BD70B588
:103E700004000D00160010490E604D600820886097
:103E80000020C8604FF6FF722000FCF700FD0028FC
:103E900002D05FF0FF3000E0002070BD38B50400B4
:103EA0000D0029002000FCF71CFD002802D05FF067
:103EB000FF3000E0002032BD08C0032438B5040004
:103EC000EDF788FC0500EDF785FC401BA042FAD316
:103ED000002032BD7047704770477047BBBBE1B1EF
:103EE000B2F5803F80F07E80022A1ED98C46B1FB5D
:103EF000F2F102FB11C31B0443EA1043B3FBF2FCD3
:103F000002FB1C3380B240EA0343B3FBF2F002FB36
:103F1000103240EA0C4000237047022A05D984463B
:103F2000B0FBF2F002FB10C270474AB105D100F0BD
:103F3000010249085FEA3000704700220023704701
:103F400004F042BF0B0002000021002070479042A5
:103F500071EB030CF6D3B3F5803F2FD2F0B5B3FA73
:103F600083F7B1FA81F4A7F10F0E3D1B5340CEF158
:103F7000200602FA0EF2F3415340B5F10F0746D87E
:103F80000F3C2C444140C4F12006A040F141414087
:103F9000B1FBF3F603FB1611A2FB0645001BA9417A
:103FA00002D2761E8018594180EA010221FA0EF3EE
:103FB00062FA0EF200215A403046F0BD30B4B1FB37
:103FC000F3FC03FB1C11A2FB0C45001BA94103D20F
:103FD000ACF1010C8018594130BC02460B466046DA
:103FE00000217047B2F1807F65D3F0B5B2FA82F755
:103FF000B1FA81F4C7F10F063D1B22FA06F307F16F
:10400000110EF24120355A40B5F10F07B8D94140A1
:10401000C4F12006A040F1414140B1FBF3FC03FB99
:104020001C11A2FB0C45001BA94103D2BCF1010CE1
:10403000801859410F2F12D30F3FC90341EA504155
:10404000B1FBF3F603FB1611A2FB0645D4EBC0301F
:10405000A94102D2761E8018594146EACC3C07B3EA
:104060004140C7F12006B840F1414140B1FBF3F6B1
:1040700003FB1611A2FB0645001BA94102D2761EC6
:104080008018594180EA010221FA0EF3C7F1200499
:1040900062FA0EF20CFA07F05A402CFA04F130439F
:1040A000F0BD80EA010221FA0EF3002162FA0EF25D
:1040B00060465A40F0BD8C46B1FBF2F102FB11C3E1
:1040C0001B0243EA1063B3FBF2FC02FB1C331B022E
:1040D0004CEA002043EA1063B3FBF2FC02FB1C3302
:1040E0001B024CEA002043EA1063B3FBF2FC02FB24
:1040F0001C331B024CEA002043EA1063B3FBF2FCC2
:1041000002FB1C324CEA00200023704770477047C6
:10411000704701000C20704740F0200070472DE9E7
:10412000F14FB0B0924604910DF142013A9A2B91B1
:1041300099464A7000200AE01AF8011B0498309A48
:1041400090470028049000F044860D98401C0D9084
:104150009AF8000058B12528EED100200021002255
:104160000790089109920A910B920C9104E00D9826
:1041700000F031BE41F001011AF8010F2028F9D0FA
:1041800023280CD02B2804D02D2805D0302809D086
:104190000BE041F00201EFE741F00401ECE741F0F0
:1041A0000801E9E741F01001E6E72A280FD1D9F824
:1041B000002052F8040BC9F8002000280F9003D506
:1041C00040420F9041F004010AF1010A14E00F92FD
:1041D000DFF8082C0AE00F9B934205DA03EB830417
:1041E00000EB440030380F900AF1010A9AF8000001
:1041F000A0F130030A2BEED39AF800202E2A03D028
:104200004FF0FF300E9029E01AF8010F2A2809D14B
:10421000D9F8002052F8040BC9F800200E900AF1DA
:10422000010A1BE02D280CBF0AF1010A0020002220
:104230000E92DFF8A84B0BE040B90E9BA34205DAC3
:1042400003EB830502EB4502303A0E920AF1010AB4
:104250009AF80020A2F130030A2BEDD3ADF84010FC
:104260000FF67C309AF80010FDF756FD08B11AF8E9
:10427000010B8DF842009DF84200682805D19AF89C
:10428000001068290CD1622006E06C2804BF9AF85F
:1042900000106C2904D171208DF842000AF1010A46
:1042A00012AA06921AF801BBBBF125002CD01C38CB
:1042B00000F09781001F022840F29381133800F02C
:1042C000BA84093800F08D81801E00F04F85401EB1
:1042D00000F0FC84401E022840F28381001F00F0A1
:1042E000F584401F00F0F280401E00F0A484401EC0
:1042F00000F0DA80C01E0ED0801E00F09C84C01E2C
:1043000000F0998400F03DBD0122252107928DF82F
:10431000481000F042BDD9F8000050F8044BC9F82D
:104320000000002C059440F0AB802B9948780028C1
:1043300000F0A1804FF0FF340FF6AC2004F046FDF2
:10434000241A40F0468500F028BD01236A4602A9E0
:10435000304600F00DFE002840F03B85641EF4D18D
:104360003096079C12AF74B1309E17F8011B049869
:10437000B0470028049000F02C850D98401C641E66
:104380000D90F2D130960A9C3021002C8DF800104F
:104390000CDD309E01236A4602A9304600F0E8FD9C
:1043A000002840F01685641EF4D13096059F089CC5
:1043B00074B1309E17F8011B0498B0470028049090
:1043C00000F007850D98401C641E0D90F2D13096C8
:1043D0000B9C3021002C8DF800100CDD309E012349
:1043E0006A4602A9304600F0C3FD002840F0F1847F
:1043F000641EF4D1309605980899099C471874B149
:10440000309E17F8011B0498B0470028049000F074
:10441000E0840D98401C641E0D90F2D130960C9CE7
:104420003021002C8DF800100CDD309E01236A46EF
:1044300002A9304600F09CFD002840F0CA84641EAA
:10444000F4D130969DF8400041077FF581AE2020E1
:10445000002D8DF800007FF77BAE309C01236A466B
:1044600002A9204600F084FD002840F0B2846D1EB1
:10447000F4D130946CE60FF65830059000F08DBC06
:104480000E9D002D04D5204604F0C0FC044608E033
:104490002A460021204600F0C5FD002814BF041B59
:1044A0002C46089400F079BCD9F8001051F8040BA0
:1044B000C9F8001020F00002002121F0FF33CDE9FF
:1044C000022312AC0594782100F04CBC2B9948785B
:1044D00020B14FF0FF340FF6C8202FE79DF84200BF
:1044E000622860D0682817D06A283FD06C2806D090
:1044F000712847D074282CD07A281DD062E0D9F8D2
:10450000001051F8040BC9F80010002866D14FF0D4
:10451000FF340FF6A42011E7D9F8001051F8040B6E
:10452000C9F8001020B94FF0FF340FF68C2005E7D2
:104530000D99018000F031BCD9F8001051F8040B3E
:10454000C9F80010002849D14FF0FF340FF6682059
:10455000F4E6D9F8001051F8040BC9F8001000284F
:104560003CD14FF0FF340FF65020E7E6D9F80010A9
:1045700051F8040BC9F8001080B94FF0FF340FF662
:104580003820DBE6D9F8001051F8040BC9F8001008
:1045900020B94FF0FF340FF62020CFE60D9AD31745
:1045A000C0E90023F9E3D9F8001051F8040BC9F869
:1045B000001020B94FF0FF340FF6FC10BEE60D9945
:1045C0000170EAE3D9F8001051F8040BC9F80010A3
:1045D00020B94FF0FF340FF6E010AFE60D990160FF
:1045E000DBE39DF842004C2807BFD9F80010CA1D34
:1045F000D9F80000C21D22F00702C9F80020D2E954
:1046000000010832C9F80020CDE90201C80F02D02C
:1046100007982D210AE0BDF84000810702D50798D0
:104620002B2103E0C00705D50798202112AA1154B9
:10463000401C079012A807994BF0200300EB010CD7
:10464000DDE90201CDE92C01612BCDF814C021ACCC
:104650000BD00E98002848BF062105D404BF4BF0AC
:104660002000672801D101210E91DDE902014F00F0
:1046700047EAD0777E15FF174FF0FF32974208BF09
:10468000964210D1090341EA10510003002908BFE6
:10469000002808D0ABF1610503211A2D089118D329
:1046A0000FF6341110E0DDE902014A00521512F153
:1046B000010F11D108030FD1ABF1610503211A2DB0
:1046C00008911FD30FF6181103226046EEF744FD40
:1046D00063E30FF60011F7E7DDE902016A4604F033
:1046E000B1FBCDE902014BF02000612811D1059802
:1046F00030220270811C0591BBF1610F0CBF782143
:10470000582102E00FF6D401DEE741700798801CC3
:104710000790DDE9020120F0000231F0004308BFFC
:10472000002A02D10026002542E14BF02008B8F112
:10473000610F40F092800E99002947BF212001901F
:10474000491C0191019FDDE92C017F1C00220023FF
:10475000DDE9024504F0AEFB38BF85F00045009866
:104760008DF88420001F002F00900DF1850632DDAA
:10477000204629460022002304F0B6FB2BD21C223F
:1047800004F0CCFB04460D4604F04AFCFF1F002F4A
:10479000804609DD04F04BFC02460B4620462946C4
:1047A00004F04CFC04460D46F01D0721B8F1000F43
:1047B0000CDD491E5EBF08F00F0200F8012D4FEA24
:1047C0002818F3D502E0002200F8012D491EFAD581
:1047D000C61D002FCCDC0DF18500361A01980DF1B5
:1047E00085048642D8BF304600282FD4B04206DA6E
:1047F0000DF185010A5C082AA8BF0F2100DA00210B
:10480000024621AB134400E0401E13F80159521E2A
:104810008D42F9D00F2904D10DF185018B5C5B1C11
:104820008B54002A04D50099091D21AC401C00912D
:10483000411E0BD4621813783033DDB23A2DA4BF79
:104840005B443A3B491E02F80139F4D50E9A002A1E
:1048500040F1AC80411E0E91A8E00099DFF80027DE
:1048600047F29750414391FBF2F20092DDE92C456B
:10487000C2F10702002A25F0004504DD2046294642
:1048800000F04AFB0BE052420020DFF8D81600F09F
:1048900043FB02460B462046294604F0D8FB04465B
:1048A0000D46B8F1660F06BF009F0A3706270E981F
:1048B0003F18142FC8BF142730208DF884000DF145
:1048C0008506002F34DD2046294604F0C9FB014649
:1048D0000A4606F1080304200A26B2FBF6F606EBA8
:1048E000860EA2EB4E02303203F8012C0A22B6FBF0
:1048F000F2F202EB820EA6EB4E063036401E03F8B3
:10490000026DE9D1083F002F03F10806D9DD084602
:1049100004F0ADFB02460B462046294604F08EFB10
:104920000022DFF8443604F0A9FB04460D46CAE72E
:104930000DF18500361A0DF1850404E00098401E43
:10494000761E0090641C20783028F7D0B8F1660FEE
:1049500002D10098401C04E0B8F1650F0CBF0120A3
:1049600000200E9940188642B8BF701E00281DD442
:10497000B04204DA215C3429C8BF392100DC30217F
:104980000246631E9D1800E0401E15F80169521E84
:104990008E42F9D0392902D1A15C491CA154002AC8
:1049A00004D50099491C1C46401C00910646009DF8
:1049B00004F086FB406A0778DDF8388030B20028C2
:1049C00002DC01260FF21C644BF02000662808BFB1
:1049D0006D1C16D0672845D128B210F1040F47DBB3
:1049E000404545DA9DF840006D1C010703D430B204
:1049F0004045D8BF804628B2B8EB000848BF4FF00A
:104A000000080FFA85FBBBF1000F00F3B380089894
:104A1000411C0891302205990A54B8F1000F03DCBB
:104A20009DF84000010704D50898411C089105999C
:104A30000F5418EB0B0FB8BFC8F100052DB2684238
:104A4000454432B20B909542B8BF2E46059B08985C
:104A500036B20996324621461844EEF77DFBAD1B6F
:104A60000C95D1E0BBF1610F17D14FF0700B19E03D
:104A700030B2404504DA9DF840100A0758BF80461E
:104A8000B8F1010848BF4FF00008BBF1670F14BF31
:104A90004FF0450B4FF0650B04E0BBF1410F08BF31
:104AA0004FF0500B0898411C0891B8F1000F059980
:104AB00014F8012B0A5403DC9DF8400001071AD5B5
:104AC0000898411C0891B8F1000F05990F5412DDA8
:104AD000761E30B28045B8BF46460598089B32B274
:104AE00021461844EEF738FB089836B23018089083
:104AF000A8EB06000B9005980899014428B20028FD
:104B000081F800B003D42B204870891C04E02D22CA
:104B10004A700546891C6D4200202CAA0AE02B46EB
:104B20000A2593FBF5F505EB8504A3EB440302F896
:104B3000013B401C2DB2002DF1DC012806DC4BF0BE
:104B40002002652A04BF302201F8012B00282CAA7C
:104B500008D1302001F8010B06E0401E135C303311
:104B600001F8013B0028F8DC059A08981044091A5E
:104B7000099149E030B229B288421CDA0598089BB5
:104B800032B221461844EEF7E7FA089936B27118A6
:104B90000891ABEB0600B8F1000F0B9003DC9DF819
:104BA0004000020704D5059847540999491C09910A
:104BB000CDF8308028E00598089B2AB22146184499
:104BC000EEF7CAFA0898761B5844B8F1000F08901F
:104BD00003DC9DF840100A0703D5411C0891059994
:104BE0000F5430B28045B8BF46460598089B32B294
:104BF00004EB0B011844EEF7AFFA089836B2301800
:104C00000890A8EB06000B909DF8400000F01400FF
:104C1000102840F0C280079A08980B9982180998CA
:104C20008A1882180C980F998018884280F2B580F3
:104C3000081A0A90B1E09DF84200622808D068285E
:104C40000ED06A2814D06C281FD0712810D01CE018
:104C5000D9F8001051F8040BC9F80010C0B21AE0DE
:104C6000D9F8001051F8040BC9F8001080B212E016
:104C7000D9F80000C21D22F00702C9F80020D2E9CD
:104C800000010832C9F8002006E0D9F8001051F8F8
:104C9000040BC9F800100021CDE902019DF8400085
:104CA00002075AD5DDE90201002908BF002854D0C7
:104CB0004BF02002782A50D1079812A930230B54C8
:104CC000401C421C079201F800B046E09DF84200EB
:104CD000622808D068280ED06A2814D06C281FD00B
:104CE000712810D01CE0D9F8001051F8040BC9F855
:104CF000001040B21AE0D9F8001051F8040BC9F8BE
:104D0000001000B212E0D9F80000C21D22F0070224
:104D1000C9F80020D2E900010832C9F8002006E0F5
:104D2000D9F8001051F8040BC9F80010C117CDE9EB
:104D30000201002902D507982D210AE0BDF84000A4
:104D4000810702D507982B2103E0C00705D50798F6
:104D5000202112AA1154401C079012A8079901445F
:104D60000591594602A800F04DF816E00120079081
:104D7000D9F8001051F8040BC9F800108DF848005C
:104D80000BE001202521BBF1000F07908DF84810A2
:104D900003D0022107918DF849B00F9D07980A9919
:104DA0002D1A08986D1A0B992D1A09986D1A0C99DD
:104DB0002D1A9DF840006D1A41073FF5D2AA202018
:104DC000002D8DF800007FF7CCAA309E2C46FFF70F
:104DD000BCBA4FF0FF3031B0BDE8F08FCBCCCC0C7B
:104DE000686A6C747A4C00007072696E74665F73E6
:104DF0003A2062616420257320617267756D656E6B
:104E0000740000002DE9FC4D06468846376940468F
:104E10006F2808BF082405D0FFF77EF9782814BF53
:104E20000A241024D6E900013C2582468B46B8F1BD
:104E3000640F18BFB8F1690F05D1002903D5DAF165
:104E4000000A6BEB4B0BBBF1000F08BFBAF1000F70
:104E50000CD1306B50B9082C3AD196F838000107C4
:104E600036D530223B2587F83B2031E08DF8008095
:104E70005046594622460023FFF730F83032D0B270
:104E80006D1E3A2801950EDA7A555046594622464B
:104E90000023FFF723F882465FEA010B08BFBAF14F
:104EA000000F05D108E09DF800001218513AEBE719
:104EB000F06879198842DBD3082C09D196F83800BC
:104EC000010705D5785D302802D06D1E3020785559
:104ED000C5F13C02306BB26179198242F16008DAA7
:104EE000318F821A4FF6EF70014031873262BDE890
:104EF000F38D00280ED596F8380000F01400102825
:104F000008D1736B7069316A1B1A5B1A9B1A002BEC
:104F1000C8BF3362BDE8F38D2DE9D04306460F4686
:104F200014464FF00008DFF8449012E0E00707D580
:104F300042464B463046394604F0A0F806460F4636
:104F40004046494642464B4604F098F86410804675
:104F50008946002CEAD130463946BDE8D0830000AE
:104F6000A08601000000F03F84D797410000244054
:104F7000F8B505460E4617461C4600205CB117F8EA
:104F8000011BB068A847B06030B1F06A401CF06205
:104F90000020641EF3D1F2BD4FF0FF30F2BD0000DF
:104FA0007072696E74665F733A20256E206469734F
:104FB000616C6C6F776564007072696E74663A201C
:104FC00062616420256E20617267756D656E740084
:104FD000000000006E616E004E414E00696E66007A
:104FE000494E4600300080B5002802D404F06EF827
:104FF00002BD002002BD10B5044604F05FF8014672
:105000002046096ABDE81040084710B5044604F080
:1050100055F801462046896ABDE81040084701005E
:1050200000207047C9B2830706D0521E22D310F861
:10503000013B9942F7D11FE0083A13D302F1040271
:1050400041EA012141EA014150F8043B121F21BF0E
:105050004B40A3F1013C2CEA030C1CF0803FF3D041
:10506000C9B2001F0832521E24BF10F8013B91EA5A
:10507000030FF8D818BF0120401E704708480021D0
:1050800001600021074A1160074909684FF47A72EC
:10509000B1FBF2F1491E054A11600721016070471A
:1050A00010E000E018E000E0BC00002414E000E0A4
:1050B000EFF30980BFF36F8F264B1A681EF0100FB5
:1050C00008BF20ED108A20E9F04F106009B44FF0BE
:1050D000500080F31188BFF34F8FBFF36F8FF7F746
:1050E00003FE4FF0000080F3118809BC19680868BE
:1050F000B0E8F04F1EF0100F08BFB0EC108A80F33C
:105100000988BFF36F8F7047124B19680868B0E8C1
:10511000F04F80F30988BFF36F8F4FF0000080F3EA
:10512000118870470C480068006880F308884FF0C9
:10513000000080F3148862B661B6BFF34F8FBFF3EF
:105140006F8F00DFDFF81400016841F47001016027
:105150007047000078C1032408ED00E088ED00E00E
:1051600010B50400002C01D1012035E094F83D0079
:10517000002805D1002084F83C00200003F0B5FF92
:10518000022084F83D00211D206800F07EF90120F6
:1051900084F84800012084F83E00012084F83F0094
:1051A000012084F84000012084F84100012084F8A7
:1051B0004200012084F84300012084F844000120CB
:1051C00084F84500012084F84600012084F8470057
:1051D000012084F83D00002010BD010091F83D0041
:1051E000012801D0012042E0022081F83D0008683A
:1051F000DFF82031984221D00868B0F1804F1DD0EF
:105200000868DFF81431984218D00868DFF80C31CC
:10521000984213D00868DFF8083198420ED0086829
:10522000DFF80031984209D00868DFF8FC30984276
:1052300004D00868DFF8F430984211D10868836818
:10524000DFF8EC0003401A00062A0FD0B2F5803FC9
:105250000CD00868006850F001000B68186005E089
:105260000868006850F001000B6818600020704763
:10527000010091F83D00012801D0012048E0022002
:1052800081F83D000868C06850F001000B68D860E4
:105290000868DFF88030984221D00868B0F1804F6C
:1052A0001DD00868DFF87030984218D00868DFF821
:1052B0006C30984213D00868DFF8643098420ED002
:1052C0000868DFF86030984209D00868DFF8583085
:1052D000984204D00868DFF85430984211D1086829
:1052E0008368DFF84C0003401A00062A0FD0B2F59D
:1052F000803F0CD00868006850F001000B6818600F
:1053000005E00868006850F001000B681860002094
:105310007047000000000140000400400008004009
:10532000000C004000040140001800400040014013
:105330000700010070B504002068C5682068066990
:10534000B00718D5A80716D57FF0020021680861BC
:10535000012020772068806910F0030F03D020001F
:1053600003F0C4FE05E0200003F0C1FE200003F0BE
:10537000BFFE00202077700718D5680716D57FF08C
:10538000040021680861022020772068806910F4F9
:10539000407F03D0200003F0A9FE05E0200003F0C9
:1053A000A6FE200003F0A4FE00202077300718D5C9
:1053B000280716D57FF008002168086104202077AF
:1053C0002068C06910F0030F03D0200003F08EFEA8
:1053D00005E0200003F08BFE200003F089FE002092
:1053E0002077F00618D5E80616D57FF01000216862
:1053F0000861082020772068C06910F4407F03D03E
:10540000200003F073FE05E0200003F070FE200092
:1054100003F06EFE00202077F00708D5E80706D5D8
:105420007FF00100216808612000F4F7BFF816F44E
:10543000025F08D0280606D57FF402502168086173
:10544000200003F056FEF00508D5280606D57FF4A7
:10545000807021680861200003F04CFE700608D5BA
:10546000680606D57FF0400021680861200003F03F
:1054700042FEB00608D5A80606D57FF020002168B8
:105480000861200003F038FE70BD10B40368DFF837
:10549000CC40A04212D0B0F1804F0FD0DFF8C02036
:1054A00090420BD0DFF8BC20904207D0DFF8B82044
:1054B000904203D0DFF8B420904204D133F070035F
:1054C0001A004B681343A0421ED0B0F1804F1BD08E
:1054D000DFF88C20904217D0DFF88820904213D05C
:1054E000DFF8842090420FD0DFF8802090420BD06C
:1054F000DFF87C20904207D0DFF87820904203D07C
:10550000DFF87420904204D133F440731A00CB6862
:10551000134333F080034A6913438A68C2620A68FE
:105520008262A0420FD0DFF8442090420BD0DFF817
:105530004020904207D0DFF83C20904203D0DFF8B3
:105540003820904201D10A690263026852F00402D5
:10555000026001224261036010BC704700000140FC
:105560000004004000080040000C0040000401401E
:1055700000400140004401400048014010B50400D3
:10558000200003F0BAFD02482060200010BD00BFDB
:10559000D4A20408010009B200290AD4012210F0A3
:1055A0001F018A40DFF8841403001BB25B0941F835
:1055B00023207047010009B200290ED4012210F007
:1055C0001F018A40DFF8681403001BB25B0941F831
:1055D0002320BFF34F8FBFF36F8F704710B50400C8
:1055E00003F0D8FB03F08FFD10BDFEE710B50400FB
:1055F00014F10C01200003F08EFDDFF83804206068
:10560000602214F1200114F10C0003F08BFD6023E3
:105610002422DFF8241414F1200000F04DFA0020B9
:1056200084F8A00D0020C4F8A40D0020F4F772FB4C
:10563000C4F8A40D200010BD10B50400DFF8F40379
:1056400020605A20FFF7B6FF200010BD1CB50400F3
:10565000DFF8E803016851F010010160006810F004
:10566000100000900098DFF8D803016851F0100195
:105670000160016831F010010160DFF8C803DFF854
:10568000C8134162DFF8C41301625A20FFF782FF9A
:1056900013BD010040F2EF3070472DE9F84F0400D0
:1056A0000D00697F200003F04FFE0600A97F200057
:1056B00003F04AFE0700A97F200003F06FFE824638
:1056C000698BA88A091ADFF888030160698BA88AA8
:1056D000091ADFF880030160298BA88A091ADFF80C
:1056E00078030160DFF87403C0F800A0E88AA98A93
:1056F00050EA0140DFF8681308602869DFF8641396
:1057000008606868DFF8601308602868042800F003
:10571000B080202800F0C280402800F0BF808028A0
:105720003ED0B0F5807F03D0B0F5007F1CD0CAE03A
:10573000287FDFF8381351EA0061DFF83403016095
:1057400015F10C0003F050FEDFF828130860DFF8B5
:10575000280307602869DFF824130860DFF82003B6
:10576000DFF820130860C5E0287FDFF81C1351EA3A
:105770000061DFF8FC02016015F10C0003F034FE5B
:10578000DFF8F0120860DFF8F00207602869DFF840
:10579000EC120860DFF8E802DFF8E8120860A9E020
:1057A000D5F808805FF00109DFF8C4B2287F56EA17
:1057B000006050F40030CBF80000DFF8BC02076056
:1057C0002869DFF8B812086018F10400DFF8BC128D
:1057D000086098F80000002802D001280DD020E0D1
:1057E000DBF80010DFF8A8020140B8F80200401E04
:1057F00051EA0021CBF800101DE0287FFF2801D1DD
:1058000000208146DBF80010DFF884020140B8F880
:105810000200401E51EA002151F01001CBF80010A7
:1058200009E040F20B12DFF86C12DFF86C02EDF7C2
:1058300081FCAFF30080DBF8000050F02000CBF8D3
:105840000000DBF800008006FBD41020DFF84C12CB
:1058500008604846C0B2002805D0DFF82402DFF80F
:105860002412086004E0DFF83802DFF8181208603C
:1058700040E0287F56EA006050F40030DFF8F01175
:105880000860DFF8F40107602869DFF8F0110860AC
:10589000DFF8EC01DFF8EC1108602BE0287F56EA16
:1058A000006050F40030DFF8C8110860DFF8C8016C
:1058B00007602869DFF8C4110860DFF8C401DFF869
:1058C000C411086016E0287F56EA006050F40030EA
:1058D000DFF89C110860687FA97F884205D0DFF857
:1058E000C001DFF8A011086004E042F20130DFF8E7
:1058F00094110860BDE8F18F70B504000D00A97F18
:10590000200003F04BFD0600DFF850010660E88A36
:10591000A98A50EA0140DFF8481108602869DFF8D9
:1059200044110860698BA88A091ADFF82401016014
:10593000286808282BD1698BA88A091ADFF8140176
:105940000160698BA88A091ADFF80C010160DFF891
:1059500028010660287FDFF84C1151EA0061DFF86A
:105960001001016015F10C0003F03EFDDFF8041199
:1059700008602869DFF8041108602869DFF8E8107A
:105980000860DFF8FC00DFF8FC10086011E0DFF8C9
:10599000E000066000203049086015F10C0003F0BB
:1059A00023FDDFF804110860DFF80001DFF8D410F0
:1059B000086070BD33480068C007FBD42320374916
:1059C0000860704770B42F4C2568ED07FBD4232581
:1059D000324E35600125214E35600D0455F001052C
:1059E0001F4E35601F4D28601D00EDB2FF2D14D0F5
:1059F0000125214E35601D00EDB22A4E56EA05669E
:105A00001B4D2E6022F07F451A4E35601B4D2860DD
:105A1000154D2860264D256006E00125144E3560A1
:105A2000214D2A60234D256070BC704700E100E0E5
:105A300080E100E0A88004084DA90408D44402587D
:105A40007C44025814B80324EB550308DD550308C1
:105A50004010005218100052101000523410005222
:105A6000441000523C1000520C1000520A00020078
:105A70001C1000522010005224100052141000522A
:105A80000123020000100052090002002C100052F5
:105A9000EF00FFFF90810408A8A10408081000523D
:105AA0000123010009000100381000520123030006
:105AB00001000200010003002DE9F04106460F46F7
:105AC00090461C463546380018BF002D05D024B13D
:105AD0003046B847641E4644FAD12846BDE8F081F6
:105AE0000B460146184603F08DBC020001207047AA
:105AF0000022DFF8DCC542608260C0F800C0C260EE
:105B0000026142618261C261026242628262C26279
:105B1000026342638263C263026442648264C26459
:105B2000026542658265C2650266426682667047AA
:105B300000002DE9F04F1C008DB0054689469246C5
:105B400000F0FB800BA80822EDF706FB09A85146E0
:105B50000822EDF701FB0BA803F0D4FC494609A885
:105B600003F0E8FCBDF92620BDF93030BDF8241063
:105B7000BDF92400BDF92870BDF92A9013FB02F38A
:105B80001B18BDF82C0005EB4306DFF8F055411853
:105B90002868ADF82410BDF82E108A18ADF826201C
:105BA0000268D16B8847FF2C2CD040072CD4286882
:105BB0000268D16A8847DFF82035BDF92610B3F8AE
:105BC00000E0BDF92420BDF930C001FB0EF10EFB51
:105BD00009F9AEEB070E0EEB4E0E8918ACEB070C75
:105BE00001EB410109EB49094318FF2C994400F0EE
:105BF0009780C4F1FF01224607EB47043046F24686
:105C0000E0466BE0C007D2D52868DFF8CC341D88A9
:105C10001FFA89F9BDF830104FF0000C0122CDF8C1
:105C200020C00792BFB2CDF818C00595CDF810C0BE
:105C3000039402913146CDF8049000970568BDF8B1
:105C40002630BDF824206C6CA04776E030F802BB0B
:105C50004FEACB0E5FFA8EF64EEA561E1E7811FB07
:105C600006F65FFA8EFE12FB0E6E4FEA0E473F0EEF
:105C700017FA8EF77F1C3F1203F8017B4FEADB0710
:105C800093F800E007F0FC0747EA97174FEA1B2B51
:105C90000BF0F80B4BEA5B1B11FB0EFE12FB07E748
:105CA0003E04360E16FA87F6761C361203F8016BA0
:105CB0001E7811FB06F612FB0B6B4FEA0B4E4FEAF8
:105CC0001E6E1EFA8BFE0EF1010E4FEA2E2E03F809
:105CD00001EB6345BAD3534400EB48004B4528D24F
:105CE00003EB040C6345F6D2F3E736F8020BC10070
:105CF000CAB241EA5211C20802F0FC02000A03F8DB
:105D0000011B42EA921200F0F80003F8012B40EA6E
:105D1000501003F8010B5B45E7D3734406EB4C06C8
:105D20004B4506D207EB470103EB010B5B45F4D271
:105D3000F1E7286803681A6B90470DB0BDE8F08F53
:105D40002DE9F04F89B0054691468A461C4607A8C2
:105D50000822DFF82864EDF7FFF905A84946082274
:105D6000EDF7FAF907A803F0CDFB514605A803F0BB
:105D7000E1FBBDF81410BDF91620BDF92030BDF9C6
:105D80001400BDF9189013FB02F31B18BDF81C009A
:105D900005EB830ABDF91A504118ADF81410BDF88F
:105DA0001E108A18ADF8162030680268D16B88473B
:105DB000FF2C23D1800623D430680268D16A88473B
:105DC0000146DFF814030088BDF91630BDF9142030
:105DD000BDF9208043434543A0EB090000EB4000A0
:105DE0009B18A8EB090803EB430305EB450509EBFA
:105DF0004909CA185146154482461BE04006DBD5C6
:105E0000ADB21FFA89F9BDF82020BDF81630306810
:105E1000039401950021CDF800900292BDF8142062
:105E20000491056851466C6DA04700F0DDBC5244FA
:105E300001EB8801AA4258D202EB090C6245F6D266
:105E400040E014FB00FE17780EEB1E2B91F800E0EB
:105E50000BF1010B4FEA0B4B4FEA1B6BCBF1FF0031
:105E600010FB07F71BFB0E774FEA074E4FEA1E6E3B
:105E70001EFA87FE0EF1010E4FEA2E2E82F800E088
:105E800092F801E04F7810FB0EFE1BFB07EE4FEA85
:105E90000E473F0E17FA8EFE0EF1010E4FEA2E2E20
:105EA00082F801E0977891F802E010FB07F01BFB05
:105EB0000E0B4FEA0B40000E10FA8BF0401C001244
:105EC00090700FE06245B2D2C87858B1FF2808BF81
:105ED000FF2CB6D10878107091F801E082F801E04B
:105EE0008F789770D21C091DECE7306800F079BC00
:105EF0002DE9F0478AB00D46129C91461F46002CB2
:105F000000F0B28006A849460822EDF725F908A856
:105F100039460822EDF720F906A803F0F3FA4946BE
:105F200008A803F007FBBDF92220BDF91C30BDF91C
:105F30002000BDF82010BDF92460BDF9269013FBA8
:105F400002F31B18BDF8180003EB43034118ADF82A
:105F50002010BDF81A1005EB030ADFF8205228685C
:105F60008A18ADF822200268D16B8847FF2C28D010
:105F7000400728D428680268D16A88470146DFF8BC
:105F800058010788BDF92220BDF92030BDF91C80D9
:105F90007A4307FB09F9BF1BD218A8EB060802EBEE
:105FA000420209EB490907EB47070A442146FF294A
:105FB000914408EB48084BD0C1F1FF0006EB4604C2
:105FC0002FE0C007D6D5BDF81C3000211FFA89F993
:105FD00028680591B6B20491514603940293CDF816
:105FE000049000960568BDF82230BDF82020AC6C06
:105FF000A04739E016781AF801EB10FB06F611FB02
:106000000E664FEA064C4FEA1C6C1CFA86FC0CF13B
:10601000010C4FEA2C2C02F801CB9A42EAD33A4405
:10602000C2444A451CD213199A42F8D2F5E71AF82D
:10603000013B02F8013B8A42F9D30188BDF91C30CB
:10604000891B01EB41019B1B03EB43030A449A4468
:106050004A4505D206EB460111448A42EDD2EAE7F1
:10606000286803681A6B90470AB0BDE8F0873EB510
:106070000C461946069D079B42B1521E12D0521E75
:106080000AD0521E0D2A17D903B030BD2A46204629
:1060900003B0BDE830404CE52A46204603B0BDE8D9
:1060A00030404DE600932B4601920A460568214692
:1060B0002C69A04703B030BD064840F23D2200F1F4
:1060C00038019430EDF736F8AFF3008003B030BDFF
:1060D0004C780408B830040870C00324F8B50646AC
:1060E0001C46E0B2002886B0154644D0B1F9040041
:1060F0000028C4BFB1F90670002F3CDD04A80822B7
:10610000EDF72AF804A81D4F03F0FCF9386802687F
:10611000D16B8847E1B2FF2916D1800716D53868C0
:1061200000210391E4B20294BDF81620BDF81430AA
:1061300029460192BDF8102000930568BDF8123081
:106140006C6EA04707B0F0BD0007E8D43868E4B231
:106150000268D16A88470194DFF874C600953568F3
:10616000BCF80020014604AB3046AC6AA047386852
:106170000268116B884707B0F0BD000074C00324AB
:106180002DE9F843099E300077D0B3F904E0BEF161
:10619000010FA4BFB3F906C0BCF1010F6DDBB3F969
:1061A0000000B3F9023002FB0CFC089DB0465343DB
:1061B0000CEB4C0C2F0A1B18C8F1FF0003EB430338
:1061C000CC18290C2B46FF2EA2EB0E05A44405EBA0
:1061D000450549D0C9B2DBB218FB01F1FFB218FB8B
:1061E00007F70EEB4E0618FB03F84346A8463A465F
:1061F0002DE0277810FB07374FEA074E4FEA1E6E57
:106200001EFA87FE0EF1010E4FEA2E2E04F801EB66
:1062100094F800E010FB0E2E4FEA0E473F0E17FADF
:106220008EF77F1C3F1204F8017B277810FB0717BD
:106230004FEA074E4FEA1E6E1EFA87FE0EF1010E60
:106240004FEA2E2E04F801EBAC42D2D3444464450D
:1062500013D2A519AC42F9D2F6E723706770A1708A
:10626000E41C4C45F9D32C44644506D20EEB4E0297
:1062700004EB02094C45F6D2F3E7BDE8F1830000D8
:1062800080B550B1032903D8DFE801F0120E1011D8
:10629000DFF8400540F2233230E00329F8D8DFE888
:1062A00001F003050607F3E7012002BD22E01EE02E
:1062B000DFF81C050088404202BD000080B550B1E7
:1062C000032903D8DFE801F0110E0F10DFF80405F1
:1062D00040F2453212E00329F8D8DFE801F0030468
:1062E0000506F3E706E002E0E2E7012002BD4FF019
:1062F000FF3002BDDFF8D814088802BD00F1380174
:1063000000F54B70ECF716FFAFF30080002002BDE4
:106310002DE9FE4F8AB01A981B9BB0F900208588A2
:10632000AD182DB200954488C1880C1924B205948B
:10633000587B9C79D9794501000105F4807500F4FA
:1063400080702C430843002C019018BF002800F0F7
:106350003A82189D93F90910BDF95870280006D0AB
:106360006D1A28B2002803D57F1B002500E07F1896
:1063700039B2914202DA5519ED1B1746DFF84C1479
:10638000087801280CBF4FF001084FF000089DF875
:106390008430BDF95C2039B20BA81FFA85FAEDF7FD
:1063A00093FF9DF88430BDF95C20ADF81E0039B232
:1063B0000BA8EDF7B3FFADF81C0007A90DF11E0007
:1063C00003F064F89DF88400DDF870901E9E0028AC
:1063D0006BD1B8F1000F6DD09DF97C0001210DF15A
:1063E000100EFF23002203928140491E04919EF863
:1063F00000B09DF8740093FBFBFB5FFA8BFBCDF8BC
:1064000020B0A34668B19DF87C10082292FBF1F100
:106410008B44ABF1010B9BFBF1F001FB00FB1FFA7E
:106420008BFBBDF86430CDF808902B439BB2A3B131
:10643000BDF864009DF87C20029B00FB0BA050433C
:10644000019A00F007010391BDF8641003EBD00E30
:10645000CDF808E0521A92B201929DF8841040469D
:10646000FFF70EFF9DF8841006904046FFF726FFC9
:106470008146BDF95C000599DDF80480091A88455C
:10648000C8BF884600993FB2CF1B17FA85F18C42EE
:10649000C8BF0C46B8F1000FA4EB0A0440F3938187
:1064A000002C00F3C880FFF748BC012894D1B8F154
:1064B000000F91D0BDF95C00BDF864B00599019A58
:1064C000091AA2EB0B028A42B4BF089208910899FC
:1064D000002940F37881DFF8000300680368D96B76
:1064E0008847C20534D59DF87C10042930D19DF829
:1064F000740000283FF470AF1FFA85FCBCF1000F58
:1065000004F1010E4FF6FE7101EA0E0138B234D1EA
:10651000009A23189A4230DB9DF88020DFF8B802F9
:1065200000254FF480740068069505940492039644
:10653000089B0291BDF81E20009149080BFB01FB4E
:106540009BB20193BDF81C30056809EB0B016EE0AE
:1065500081057FF541AF9DF87C0008287FF43CAFB2
:1065600000983FB2C71B17FA85F08442D8BF204677
:10657000B0EB0A003AD1FFF7E0BBDDF800C0ACEBAE
:10658000000C1CFA85F08442D8BF2046B0EB0A000C
:1065900000F0198105F0010300F0010213437FF4BC
:1065A0001BAF9DF88020DFF830424FF480752468DF
:1065B000069380B2059504920396DDF820C00291FF
:1065C00049080BFB01FB00901FFA8CFC2046CDF81C
:1065D00004C0BDF81C3009EB0B01BDF81E2001EB17
:1065E0005A01D4F800A0DAF8584021E09DF8801054
:1065F000DFF8E45100224FF400732D6806920593F2
:1066000080B204910396DDF820C002940BFB04F4E1
:106610000090BDF81C301FFA8CFCBDF81E2009EB61
:10662000040000EB0A01CDF804C028462D68AC6DCB
:10663000A047FFF782BB9DF87C00ABEB040B4FEA51
:10664000062A4FEA1A6A05900BFB00FBCDF800B052
:106650004FEA064BF6B24FEA1B6B01960A9808B157
:106660000A9805E0DFF8700100680368D96A884776
:10667000574DBDF91C202B88BDF91E10A8F101084B
:10668000039D03FB0212029902EB420200EB020E91
:1066900006980978039A099404FB109900EB4000CE
:1066A00006900298D140CDF8088009EB49099DF881
:1066B0008020CDF80C9001E05C1E0294DDF824806F
:1066C000049B089CDDF804C013EA0109A8F1010845
:1066D0004BD004FB09F9B9F1FF0F01DBFF2A3ED0D3
:1066E000164619FB06F64FEA06494FEA196919FAE8
:1066F00086F909F101094FEA09494FEA1969C9F117
:10670000FF0701979EF8006017FB06F709FB0C775F
:106710003E04360E16FA87F6761C36128EF80060A6
:106720009EF80170019E7E4319FB0B6637043F0EF5
:1067300017FA86F6761C36128EF801609EF8026013
:10674000019F774319FB0A774FEA07494FEA196916
:1067500019FA87F77F1C3F128EF8027005E08EF859
:1067600000C08EF801B08EF802A09DF87C60DDF8C4
:1067700014904D44F140AEB2072EC4BF002510F86E
:10678000011F069EB8F1000FB6449DD10493009BF3
:106790000894CDF804C043B100994D19A9B200EB9B
:1067A000D10005F007050178E940029B039C002B0E
:1067B000A6447FF481AF0A9828B9DFF81C30186826
:1067C0000268116B8847FFF7B8BA00006AC003245B
:1067D00070C00324B830040874C00324DFF810002C
:1067E00000680268116B884709B0BDE8F08F0000AF
:1067F00074C0032400BFDFF814C70021C0F800C034
:1068000041608160C16001614161018341837047E2
:106810002DE9F0438BB0064688461446994601F0B0
:10682000C1FA706040B9DFF8E8061D2200F13001BE
:10683000ECF780FCAFF30080B9F1000F1CBF70686B
:10684000002800F0F280159F129D02A802F08EFE33
:10685000296828468A6D9047F0EE400A02A802F0A7
:1068600097FE032F2246169D179C00F29680DFE8C4
:1068700007F0020E3566706841460768BB689847A6
:1068800000EE104AF8EEC00A00EE105A80E0002038
:1068900000900190B8F80430D08851881B1A5B1A18
:1068A000ADF800301388ADF80230D188ADF804108F
:1068B00092884146ADF8062070686A460768BB6852
:1068C00098479FED5B0A02A802F084FEB8F9041015
:1068D00000EE105AF8EEC00A0C1B57E00027009794
:1068E0000197B8F80430908811881B1A5B1AADF82C
:1068F0000030B8F80630D08851881B1A5B1AADF802
:1069000002309388ADF80430D1886A46ADF806109D
:10691000706841460768BB6898479FED460A02A821
:1069200002F058FEB8F90600B8F90410041B00EE96
:10693000904AF8EEE00A4D1B00EE105A28E00023C2
:1069400000930193B2F90210ADF80010B8F80630C8
:10695000908811881B1A5B1AADF80230D388ADF805
:10696000043091886A46ADF80610706841460768A1
:10697000BB6898479FED300A02A802F02BFEB8F9D9
:106980000600451B00EE105AF8EEC00A00EE104A51
:10699000B8EEC00A02A802F06BFE7068149C139F48
:1069A00002A903685A6B9047706847F07F410368FB
:1069B0009A6A9047706821460368DA6A904770685F
:1069C00001210368DA68904739F8024B00203083D0
:1069D00006F11003708306F1080206F1140106F1B6
:1069E0000C0002F08DFE012C0EDB484630F8021B35
:1069F00001F10F031B051B0E024600EB430330465B
:106A000000F01CF8641EF1D1706800210191728BB6
:106A10000092D0F80090328BF368B168D9F820402A
:106A2000A04770680268D16988470BB0BDE8F08361
:106A30000000B44200003443000087432DE9F84FC2
:106A400007461E462DED048B8CB0388B3B69002425
:106A5000884615469FED658AA1469842DFED639A08
:106A6000A34608DB8D22DFF8AC140FF2B440ECF73C
:106A700061FBAFF30080798B7869401E814208DBAF
:106A80008E22DFF89014DFF89004ECF753FBAFF39D
:106A9000008004952988012501F0010007900394E6
:106AA0000294FB687A8B01960798E8B1501C03EBBF
:106AB000820A7883DDF804E0461C80B203EB800391
:106AC000BEF900C000EE10CAF8EEC08ACAED008A16
:106AD0007E83019A0226B2F902C000EE10CAB8EE17
:106AE000C09A83ED009A27E0305FDDF804A00390A0
:106AF000BAF902600296DDF804E003980226BEF9B6
:106B000004C06044BEF906C008EE900A0298FAEE8E
:106B1000EF8A604409EE100A501C03EB820200F178
:106B2000010C80B2BAEEEF9A03EB8000C2ED008A4E
:106B3000A7F81AC080ED009A388BB8F1020F00F167
:106B4000010CA7F818C0BB681D5462DB019A0894B9
:106B5000DFF8C8E3A8F10108CDF828E0012402F12C
:106B6000040A0991DDF824E0B61C4EFA05FE0EF089
:106B7000010E8DF800E0BAF900300693BAF9022050
:106B80000592398B3A69914228DA788B7969C91E66
:106B900088422DDA9DF80000002800F09C80002C2F
:106BA0009DED050ADDED060AB9683A8BB8EEC00A1C
:106BB000F8EEE00A6CD00223501C8B547B8BFA68F1
:106BC000591C02EB8303C3ED000A4B1C89B202EB94
:106BD000810181ED000A38837B83B5E0B222CD4983
:106BE000CFA0ECF7A7FAAFF30080CEE700000000DB
:106BF000C748B32200F130010A98ECF79BFAAFF3D3
:106C00000080C7E7002C9DED068ADDED059A00F0B7
:106C1000D680B8EEC80AB4EE680AF1EE10FA02BFE8
:106C2000B8EEE90AB4EE490AF1EE10FA00F0C780B6
:106C300007983A8B0028114600F09B803A699142F0
:106C400007DBE722DFF8CC12B5A0ECF773FAAFF35D
:106C50000080788B7969491E884208DBAC48E822BD
:106C600000F130019030ECF765FAAFF300803B8B18
:106C7000B96802205A1CC8547B8BF96801EB830465
:106C8000581C431C80B201EB8000C4ED008A31E146
:106C90000523501C8B547B8BF96801EE909AF8EE1B
:106CA000E11A01EE10BA5A1C01EB8304531C92B294
:106CB00001EB8202B8EEC11AC4ED001A82ED001A8F
:106CC0005A1C9BB201EB8303C3ED000A531C92B222
:106CD00001EB82017DE79CBB388B052200EE109A08
:106CE000B8EEC00A00EE90BA431CF8EEE00A3B830F
:106CF000B9680A54798BF8684A1C00EB810181ED70
:106D0000000A511C92B200EB8202C2ED000A4A1C3A
:106D1000069B89B2541C92B2994400EE109A00EB83
:106D20008109BAEEEF0A00EB820089ED000A7C834C
:106D300005998B4400EE10BABAEEEF0A80ED000A16
:106D4000DDF81890DDF814B06D1C102D9DF8004092
:106D500008D10898049A0025401C0146089032F892
:106D600011000990B8F101080AF1040A7FF4FAAEA3
:106D700048E7BB680520521C58547B8BF8689DED92
:106D8000030AB8EEC00A591C00EB830383ED000A26
:106D90004B1C89B2DDED020A00EB8101F8EEE00A3E
:106DA000C1ED000A591C9BB200EB8303C3ED008ABE
:106DB0004B1C89B200EB810484ED009A9CE007989B
:106DC000398B00280A463FD039698A4207DBFC220A
:106DD000DFF8401152A0ECF7ADF9AFF30080788BEB
:106DE0007969C91E884208DB4948FD2200F130015B
:106DF000B430ECF79FF9AFF30080BB680521388B06
:106E000000EE109AB8EEC00A00EE90BAF8EEE00A72
:106E100019547B8B421CF968581C01EB830383EDEA
:106E2000000A431C80B201EB8000C0ED000A581C30
:106E30009BB201EB8304431C80B201EB8001C4EDE3
:106E4000008A81ED009A57E0B868052300EE109A99
:106E5000491CB8EEC00A83547A8BF86800EE90BAE9
:106E6000F8EEE00A531C00EB820282ED000A5A1C85
:106E70009BB200EB8303C3ED000A531C039C92B248
:106E800000EB82085A1C9BB2A14400EE109ABAEEA5
:106E9000EF0A88ED000A7A83029C00EB83084A1C03
:106EA000052389B2A34400EE10BABAEEEF0A88EDCA
:106EB000000AB86843547B8BF8689DED030AB8EE6E
:106EC000C00A591C00EB830383ED000A4B1C89B2F6
:106ED000DDED020A00EB8101F8EEE00AC1ED000AE7
:106EE000591C9BB200EB8303C3ED008A4B1C89B293
:106EF00000EB810080ED009A7B833A8301990CB00E
:106F000001EB4600BDEC048BBDE8F28F10A704082E
:106F1000F86104082862040888620408AC62040866
:106F2000636D64496E646578203C20636F6D6D61AC
:106F30006E6442756666657253697A65000000008A
:106F4000004870474CA40408012070473CB4144624
:106F5000DFF87850AA683AB9049AA8606980204698
:106F600002B0194630BC01E033BC7047F8B50646A4
:106F7000DFF85850A8690C4630BB2CB393B26F8829
:106F8000C3EBC300430016F0030F17FA82F707EBB9
:106F9000470103D0371D06F00306BE1B03EB41017A
:106FA000AA80A1420AD3DFF828003F2200F138016D
:106FB00000F58960ECF7BEF8AFF300802C622E611B
:106FC000BDE8F14000F006B8F1BD000094BE032416
:106FD000B0230408224A1169002900D17047F0B596
:106FE00095885088DFF87C40C5EBC506401900F154
:106FF000010C04EA4C0483007500ED1CAD080E463C
:10700000F7182744E4184FF0000C04EB8504156AC8
:10701000D760A2F800C006EB040E2C1BC2F818E0E3
:10702000D461A2F806C040B1F7184FF6FF74401EB5
:1070300041F804CB27F8024BF9D1F0180023506136
:10704000002009E0D468401C04F10C050C34E95C14
:1070500001F0DF01E1540E3391888842F2D3F0BD94
:1070600094BE0324FCFF010001490860704700BF83
:10707000E4C1032438B50C46102C054607D21D4840
:10708000172200F14801ECF755F8AFF300801A48D9
:107090000560446031BD1849086820B14968481E40
:1070A0008041C043C00F70470000000010B5124C73
:1070B000206800281CBF6168002906D12E220F49D4
:1070C0000FA0ECF737F8AFF30080206810BD000088
:1070D00010B5094C206800281CBF6168002906D142
:1070E0003422064906A0ECF725F8AFF3008060686B
:1070F00010BD0000A4630408A4C00324EC630408CA
:107100006861734275666665722829008160704700
:107110000149086070470000ECC1032480B50749AD
:107120000878002808D101200870054802F0F4FA18
:10713000044A0549FEF7D4FC014802BD0AC20324F3
:10714000484F0324F4C1032411A004082DE9FF4F84
:1071500089B00C984FF4C078B0FBF8F8CDF81880DF
:10716000DDF82C80CDF80480DDF81880DFF8F80A0F
:10717000806900FB08F81698C0F80080DDF80480EC
:10718000DDF818900B9810EB0909C84580F01281C2
:1071900001980001DFF8D08AD8F82480B0FBF8F01D
:1071A0005FEA0018CDF8208001985FEA0018DFF848
:1071B000B80A406AB8FBF0F900FB1988CDF81C80CA
:1071C000DFF8A40AD0F82880DDF82090DDF81CA0B4
:1071D000032000FB0AFA09FB08A8CDF80080DDF8BF
:1071E000048018F10108CDF80480099810F580702A
:1071F0008446099886465FF00008CDF8088002981A
:10720000102880F0D1800298082802D10998803097
:1072100086460098DFF8508AD8F81080404580F004
:10722000BC800A98DDF8008040440600DFF8380A88
:10723000806A3044070000200200022A80F0A28009
:1072400000200100082980F099809CF80080CDF88A
:107250001080DFF8180ADDF8108050F828000400CC
:107260009CF84080CDF81480DFF8040ADDF8148023
:1072700050F828000300DFF8FC09DDF8148050F80E
:107280002880DFF8F409DDF8109050F8290010EBA1
:1072900008085FEA284845461EF80100DFF8DCA927
:1072A00013EB0008D04498F8008186F8028015EBB3
:1072B0000008D04498F8008186F8018014EB00089B
:1072C000D04498F8008186F800800EEB010898F809
:1072D000018013EB0809D14499F8009186F80590D4
:1072E00015EB0809D14499F8009186F8049014EB45
:1072F0000809D14499F8009186F803900EEB010932
:1073000099F8089013EB090BD3449BF800B187F868
:1073100002B015EB090BD3449BF800B187F801B01C
:1073200014EB090BD3449BF800B187F800B00EEBC7
:10733000010B9BF809B0CDF80CB0DDF80CB013EBE5
:107340000B0BD3449BF800B187F805B0DDF80CB007
:1073500015EB0B0BD3449BF800B187F804B0DDF8B4
:107360000CB014EB0B0BDA449AF800A187F803A0D9
:10737000B61DBF1D1CF1010C891C63E71EF1400EF8
:10738000521C5AE7BEF1700EDDF80080DFF8D80815
:10739000806A18EB4008CDF80080DDF8088018F10D
:1073A0000208CDF808802AE7099810F5C078CDF8D2
:1073B0002480E3E606980DB0BDE8F08F2DE9FF4F7D
:1073C00087B00A98000A049009980190DDF810C06F
:1073D000DFF89408806900FB0CFC1498C0F800C02A
:1073E000DDF804C0DDF810A0099810EB0A0AD445B6
:1073F00080F0B78001980001DFF86CC8DCF824C089
:10740000B0FBFCF0C000069001980001DFF858C8FE
:10741000DCF824C0B0FBFCFA0CFB1A000590DFF886
:107420004808D0F828A0DDF818C0DDF814B0032013
:1074300000FB0BFB0CFB0ABACDF800A00198401C26
:10744000019007988030804607988146002002907E
:107450000298082880F08080DFF80CA80098DAF8FD
:1074600010C0604574D20898DDF800C060448646BC
:1074700000200200022A61D200200100082959D20E
:1074800098F800000400DFF8E40750F82400060034
:1074900098F840000390DFF8D807DDF80CC050F8EA
:1074A0002C000500DFF8CC07DDF80CC050F82CC02C
:1074B000DFF8C40750F8240010EB0C0C5FEA2C4CEA
:1074C000674619F80100DFF8B4C715EB000BE34479
:1074D0009BF800B18EF802B017EB000BE3449BF869
:1074E00000B18EF801B016EB000BE3449BF800B13D
:1074F0008EF800B009EB010B9BF801B05B4615EB71
:10750000030BE3449BF800B18EF805B017EB030BB7
:10751000E3449BF800B18EF804B016EB030BDC4497
:107520009CF800C18EF803C01EF1060E18F1010888
:10753000891CA3E719F14009521C9BE7B9F17809AE
:10754000DDF800B0DAF8280010EB0B0BCDF800B036
:107550000298401C02907BE7079810F58070079016
:107560003EE704980BB0BDE8F08F2DE9FE4F88B0E0
:1075700001000A98C024B0FBF4F40294099CDDF8E1
:107580000880DFF8E406806900FB08F81498C0F86A
:107590000080DDF80880099810EB0808444580F069
:1075A0009280DFF8C4065FEAC408D0F82490B8FBE4
:1075B000F9F85FEAC809CDF81C905FEAC409D0F871
:1075C0002480B9FBF8FB08FB1B99CDF81890D0F884
:1075D0002890DDF81C80CDF80090DDF818B05FF041
:1075E000030909FB0BF9DDF800B008FB0B99CA464B
:1075F000641C11F14008C4468E465FF00008424604
:10760000082A5ED2D0F81080C24558D2DDF820801A
:10761000D04447465FF000084346082B49D29CF807
:1076200000804646DFF8448658F82690CDF8109042
:107630009CF84090CDF80490DFF83486DDF8049093
:1076400058F82990CDF81490DFF82886DDF80490DA
:1076500058F82990DFF8208658F8268018EB090999
:107660005FEA2949CDF80C901EF803804546DFF803
:107670000C86DDF8149019EB0509C14499F80091C6
:1076800087F80290DDF80C9019EB0509C14499F8D0
:10769000009187F80190DDF8109019EB0509C844B6
:1076A00098F8008187F80080FF1C1CF1010C5B1C1E
:1076B000B3E71EF1080ED0F8288018EB0A0A521C16
:1076C0009EE7C03165E702980BB0BDE8F08F2DE969
:1076D000FC4F83B0020004988009039BDFF888E523
:1076E000DEF8188008FB00F8DDF83890C9F8008053
:1076F000DDF80C8018EB000843454AD25FEAC30866
:10770000DEF82490B8FBF9F85FEAC809CDF80890D4
:107710005FEAC309DEF82480B9FBF8FB08FB1B997C
:10772000CDF80490DEF82890DDF80880CDF80090C0
:10773000DDF804B05FF0030909FB0BF9DDF800B0D8
:1077400008FB0B99CA465B1C94465FF00008444650
:10775000082C1CD201EB0A084746DEF81080C2450F
:1077600013D25FF000084546082D0AD29CF800802D
:1077700046463E707E70BE70FF1C1CF1010C6D1CF5
:10778000F2E7DEF8288018EB0A0A641CE0E74032D2
:10779000AEE705B0BDE8F08F2DE9FE4F85B00100E2
:1077A000079C240A0194069CDFF8BC04DDF80490D1
:1077B000D0F8188008FB09F9DDF84480C8F800907B
:1077C000DDF80490DDF8188018EB09094C456ED2FD
:1077D0005FEAC408D0F82490B8FBF9F85FEAC8095A
:1077E000CDF810905FEAC409D0F82480B9FBF8FB0B
:1077F00008FB1B99CDF80C90D0F82890DDF810808C
:10780000CDF80090DDF80CB05FF0030909FB0BF92F
:10781000DDF800B008FB0B99CA46641C8E465FF089
:1078200000084246082A3FD2D0F81080C24539D21B
:10783000DDF81480D044C4465FF000084346082BAE
:107840002CD29EF8C08045469EF8008008FB05F8C3
:107850004FF0FF0998FBF9F9CDF808909EF84080A9
:1078600008FB05F84FF0FF0998FBF9F847469EF82A
:10787000808008FB05F84FF0FF0998FBF9F84646B1
:10788000DDF808808CF802808CF801708CF80060BC
:107890001CF1030C1EF1010E5B1CD0E7D0F8288010
:1078A00018EB0A0A521CBDE711F5807188E70198B0
:1078B00008B0BDE8F08FF0B40300DFF8AC431868FF
:1078C0002060D868A0609868E060DD6898684543EB
:1078D00003204543256158686060206810283ED128
:1078E0006068012812D1DFF898030860207A10F050
:1078F0000F0060616069002803D06069D0F110005A
:1079000060611020E0611020206255E0606802286C
:1079100012D1DFF870030860207A10F00F00606168
:107920006069002803D06069D0F110006061102008
:10793000E061082020623FE0DFF84C030860207A15
:1079400010F0070060616069002803D06069D0F121
:10795000080060610820E061082020622CE02068B7
:10796000002812D1DFF824030860207A10F0070005
:1079700060616069002803D06069D0F1080060612F
:107980000820E0610820206216E02068302811D12C
:10799000BF480860207A10F0070060616069002825
:1079A00003D06069D0F1080060610820E061082020
:1079B000206201E0012027E0A56860694519656241
:1079C000A56803204543A562A068E569B0FBF5F50D
:1079D000A068E669B0FBF6F706FB1700002800D0A8
:1079E0006D1CE068266AB0FBF6F6E068276AB0FB1B
:1079F000F7FC07FB1C00002800D0761C06FB05F0F6
:107A0000E062E06A10600020F0BC70470021B1F530
:107A1000807F25DA4A00B2F5807210004BF2743292
:107A200002FB00F212F500421214914B43F82120A0
:107A30004EF2D02202FB00F212F5004212148B4BE0
:107A400043F82120934A02FB00F28A4B43F821209D
:107A5000914A02FB00F2884B43F82120491CD6E7EB
:107A6000704780B500F005F800F056F8FFF7CEFF3C
:107A700001BD0020B0F5807F4DDA44F68B4101FB5B
:107A800000F111F500410914844A42F8201049F22E
:107A9000456101FB00F111F500410914804A42F8EB
:107AA000201041F62F5101FB00F111F5004109149E
:107AB0007C4A42F820107C4901FB00F111F500419D
:107AC00009147A4A42F82010794901FB00F111F5B6
:107AD00000410914774A42F820104FF4004101FB9D
:107AE00000F111F500410914734A42F8201073495E
:107AF00001FB00F111F500410914714A42F8201010
:107B0000704901FB00F111F5004109146E4A42F879
:107B10002010401CAEE7704710B40020102820D27F
:107B20000023190010291AD211EBC0031A000829EA
:107B300003D3082801D378320AE0082903D30828A0
:107B400001D2383204E0082902D2082800D340329A
:107B50005E4B11EB001423F81420491CE2E7401C93
:107B6000DCE70023102B4ED200200100102948D260
:107B700011EB03100200080040081C006408A4B2C6
:107B800010EBC40010F58070514C24F8120008006E
:107B900040081C00A4B210EBC40080302B4C24F829
:107BA0001200080040081C006408A4B210EBC400D6
:107BB00010F5A070474C24F81200080040081C0083
:107BC000A4B210EBC400C030214C24F8120008000D
:107BD00040081C006408A4B210EBC40010F5C0708B
:107BE0003D4C24F81200080040081C006408A4B2B0
:107BF00010EBC40010F58070164C24F81200491CDC
:107C0000B4E75B1CAEE7002008281CD20023190053
:107C1000082916D211EBC0031A000F4B23F81220CB
:107C200012F140030D4C24F8123012F180030C4C79
:107C300024F8123012F1C0030A4C24F81230491C07
:107C4000E6E7401CE0E710BC70470000FCA00324FE
:107C5000FCA40324FCA8032464B20324E4B2032498
:107C600064B30324E4B303245CBC0324FC6E032448
:107C7000FC6A0324FC720324FC760324B04D040840
:107C80004D710308BD7303086B750308CF760308B5
:107C90009977030898A4FFFFF4D3FFFFFC7A03242D
:107CA000FC860324FC920324D1D4FFFFFC7E032432
:107CB00030ABFFFFFC8E0324FC820324D194FFFF32
:107CC000FC8A032430EBFFFFFC960324FC9C032476
:107CD000FC9E0324FCA20324FCA60324034B0360A4
:107CE000034B0B604FF4807313607047DCB80324C0
:107CF000FC66032410B50400200001F03DFD02489D
:107D00002060200010BD00BFC89B04081CB5040003
:107D1000BDF814000190BDF810000090200001F0A3
:107D200031FD16BD80B57C48EEF766FE7B4801F05C
:107D300041FD01BD010009B2002909D4012210F062
:107D40001F018A40764903001BB25B0941F82320DA
:107D50007047010009B200290DD4012210F01F0163
:107D60008A40704903001BB25B0941F82320BFF32E
:107D70004F8FBFF36F8F704710B4020012B2002A0A
:107D800005D40A01684B040024B21A5508E00A0120
:107D9000664B040024B214F00F04234403F8042CAF
:107DA00010BC704780B562490878002804D10120D2
:107DB0000870604801F044FD5E4802BD70B50400E3
:107DC000200000F0D1F9250001F08EFD010028000F
:107DD0002A68926E904700230022574920002568A8
:107DE000D5F88C50A8474C4D6168280002F042FF3E
:107DF0004A4E00222900300002F03EFF4F4A50490F
:107E0000300002F04FFF70BD10B5040009215A2068
:107E1000FFF7B2FF10BD10B504005A20FFF78AFF2C
:107E200010BD10B504005A20FFF793FF10BD10B528
:107E30000400200000F0E5FD10BD10B50400200096
:107E400000F0EAFD354802F032FF606861680968B9
:107E50000969884710BD010037487047704738B539
:107E600004000D002900200000F064FA31BD30B498
:107E700034490968C9031FD50021334A1160BFF393
:107E80004F8F32490A68C2F34E33C2F3C9010C0066
:107E900043F6E07111EA431151EA84712C4D2960D7
:107EA00021004C1E0029F3D119004B1E0029ECD1F2
:107EB000BFF34F8FBFF36F8F30BC704730B4214991
:107EC0000968C9031FD500211F4A1160BFF34F8FF6
:107ED0001E490A68C2F34E33C2F3C9010C0043F6CF
:107EE000E07111EA431151EA8471194D29602100B2
:107EF0004C1E0029F3D119004B1E0029ECD1BFF311
:107F00004F8FBFF36F8F30BC704710B5040003482C
:107F100002F0FAFE10BD0000CCBB032414BC032405
:107F200000E100E080E100E000E400E018ED00E0A6
:107F30000CC2032444AF0324000000D000941100BD
:107F400000986CD014ED00E084ED00E080ED00E0DE
:107F500074EF00E080F84E1070478009F8B5050016
:107F600000201E490A6852F001020A60096811F0F7
:107F70000101009100991A4F5FF0804139600021A2
:107F800039610021B9605FF0FF31F960002179604B
:107F9000012179611349144A1268120912F007028B
:107FA0008C5C002C03D1F2F749FC060002E0F2F7EA
:107FB00060FC4600F2F736FBB0FBF6F0E8603800F4
:107FC000FDF7CEF83800FDF708F9F1BD01000448CF
:107FD0000068406AC968484370470000E844025896
:107FE00034BB0324BCA804081C44025870B5040028
:107FF0000D002800C0B2002809D0A6682000216822
:108000000969884761684018861B666004E02000A3
:10801000216809698847A06070BD0161704780F8D8
:108020007410704710B52C4C002201210120F1F78B
:108030003EFF20602068002806D1282227492848D2
:10804000EBF778F8AFF30080264C002204210120E2
:10805000F2F710F820602068002806D12C221F4972
:108060002148EBF767F8AFF3008010BD80B55FF0F3
:10807000FF3119480068F1F788FF01BD80B5164847
:108080000068F1F7C1FF01BD80B50021124800680A
:10809000F1F77BFF01BD80B50F480068F1F7B4FF31
:1080A00001BD80B50023002210490E480068F2F798
:1080B0003AF801BD1CB50B4C00230022694620682C
:1080C000F2F77FF85FF0FF33002269462068F2F78D
:1080D00078F813BD0000000038C103245080040864
:1080E000948404083CC10324DC8904085000002463
:1080F0002DE9F04106000C0015001F00002C07D1EF
:1081000040F2013214491548EBF714F8AFF3008040
:1081100034647564002D03D001201149087002E019
:1081200000200F490870390030003268D2F89020E2
:108130009047F06900280CD0D6F81C80300002F07F
:108140005BFE08490A8801004046D8F800301B68E9
:108150009847BDE8F08100BF60740408CC8E040825
:1081600068C0032470C0032410B50446FFF75AFF0B
:1081700000F004FD60680268D1688847E068026822
:1081800091688847236820469A6FBDE810401047E1
:108190002DE9F84183B007463A6807F14C08D2F858
:1081A000C0108847002800F0B28098F8000002282C
:1081B0001CBF012000F0F7FC07F16D0500206A7874
:1081C000687007F17806AA7088F80300707930B1FA
:1081D0003A683846D2F8D41088470023737198F86B
:1081E00002007968DFF89448401E8041C00F487251
:1081F0000120207001F078FB0268516B8847A87855
:1082000008B90121A97001F06FFB02685169884724
:10821000D8F81400026811698847AB78E878591ECD
:10822000A97000281CBFC9B20029ECD16178491C93
:10823000617098F9200049B281421ADB002101AA3D
:108240006170F86802A9D0F800C0DCF80C309847DB
:1082500040B1D7F800C0019A02993846DCF8CC301A
:10826000984706E0D7F800E038460EF1CC02516896
:10827000884700208DF80000786958B10368694686
:10828000DA68904730B1D8F814009DF80010036800
:10829000DA68904707F1200002F0C4FDE87960B386
:1082A00038690268116988470446306800B934604B
:1082B0003268DFF8CC17A21A8A421ED33869D0F888
:1082C00000E0DEF818C0E0473368DFF8B817E31ABB
:1082D000A3FB01129109B0FBF1F00128B8BF6420A3
:1082E00004DB6428ACBF0020C0F16400287038694A
:1082F00000210368DA69904734603D683846D5F854
:10830000E010884701F0F0FA0268916B88473B68FB
:108310003846D3F8C420904798F8000002281CBFC4
:10832000012000F08FFC0021DFF85007017004B03D
:10833000BDE8F08100BF012280F84F2080F8712055
:108340007047416801224A72406802681169084713
:10835000406802689168084710B50446DFF828278E
:108360001078002804BF94F84C10002907D16068E9
:1083700000F0DCFF18B16068407A0028FBD0FFF7FE
:1083800075FE94F87F0038B122682046D2F8D810E4
:108390008847002084F87F002046BDE8104002F0A6
:1083A0002BBD70B50446226819B9D16ABDE870408A
:1083B000084794F87F50002084F87F00D26A204656
:1083C0009047064601216068012D817207D084F82C
:1083D0007F50226820460125D2F8DC10884784F8B7
:1083E0007F50304670BD10B50446FFF747FE616808
:1083F0000020887210BD2DE9F04383B00546A869BE
:108400000C461646994658B9DFF880064FF4B97203
:1084100000F1380100F5DE70EAF78CFEAFF3008062
:10842000002102AA0291BDF82810A86901920091CA
:108430004B46324621460768D7F80080DFF884753E
:10844000C047F9688046A7F8089091F85C000028BA
:108450001ABF086D002888680368196B884728B11F
:10846000401E0CD0401E0E2812D91DE03889029AF9
:10847000464330194000404213182B6414E03889F9
:10848000029946433019A0EB80000A182A640BE0D9
:10849000DFF8F8054FF4C97200F1380100F50170FA
:1084A000EAF748FEAFF30080E86920B104683A8932
:1084B000296C23689847404603B0BDE8F0832DE956
:1084C000F04104460F46DFF8FC5494F881006989B6
:1084D000D4F8408091FBF0F6E96891F85C00002840
:1084E0001ABF086D0028886803681A6B904738B176
:1084F000401E0AD0401E0ED0401E0D2812D91DE08D
:10850000298977434F437F0009E028897743474310
:10851000A7EB870704E0298977434F43BF007F42D9
:10852000B8440BE0DFF8640540F2BD1200F13801F9
:1085300000F51970EAF7FEFDAFF30080E069C4F8BA
:10854000408030B104682A8941462368BDE8F04183
:108550001847BDE8F0812DE9F84F8CB000251D9F2C
:10856000DDF868E006950B2F02D18026039610E017
:10857000022F1B9C06D1BEF1FF0F06BF002C20244A
:10858000402405E0BEF1FF0F0ABF002C04240124A3
:108590000394DDF864C0DDF860A0DDF85C80ADF820
:1085A00008301F9C04911E9D05921C9EADF82080F2
:1085B000DDF858908346ADF822A0ADF824C08DF8C0
:1085C00028E002F019FCBDF80810034601954A4660
:1085D0000096584600F0C8F900220790ADF82660D2
:1085E000B8F1000F8DF829708DF82A508DF82B40C6
:1085F0008DF82C2018BFBAF1000F09D1DFF88C04D8
:1086000040F2312200F13801EAF794FDAFF3008027
:10861000DBF800305846D96B8847039A02420AD1EA
:10862000DFF8680440F2322200F138018830EAF7BE
:1086300081FDAFF30080DBF8040003A903685A68EA
:1086400090470DB0BDE8F08F70B58AB09DF85850D6
:108650009DF854409DF8506000930995BDF84C502A
:1086600008949DF8484007969DF844600695BDF82B
:1086700040500594BDF83C400496BDF83860039521
:10868000134602940022019605682C6CA0470AB09C
:1086900070BD2DE9F0418AB00D46DFF8EC63044669
:1086A000F16890461F4691F85C0000281ABF086DDB
:1086B000002888680368196B88479DF850109DF85A
:1086C000542008900992BDF84820079033890591FD
:1086D0009DF84C00BDF8441000970490BDF8400090
:1086E000029129460190204606938EE02DE9F04341
:1086F00089B006469046109C119D1298149ABDF9B7
:1087000054E0002799460397ADF818003046CDF89D
:1087100000E00191ADF81440ADF816508DF81C2022
:1087200002F06AFB03464A464146304600F04CF9E7
:108730000490DFF890221089D168ADF81A0091F802
:108740005C0000281ABF086D002888680268116B59
:1087500088478DF81E00002C8DF81D0018BF002DD5
:1087600009D1DFF8280340F24E2200F13801EAF780
:10877000E1FCAFF3008032683046D16B8847009B44
:1087800003420AD1DFF8040340F24F2200F138011E
:108790008830EAF7CFFCAFF3008016981399039165
:1087A00069468DF81F008DF82070706836E02DE95D
:1087B000F0418AB00D46DFF80C620446F16890463D
:1087C0001F4691F85C0000281ABF086D00288868D1
:1087D0000368196B8847012108900591BDF8441082
:1087E0000220B6F808C007909DF850200291BDF80D
:1087F0004000CDF818C0294600979DF84C300992EA
:10880000BDF8482001902046049343460392256812
:1088100000222C6CA0470AB0BDE8F08103685A68BA
:10882000904709B0BDE8F0832DE9F8478BB00F46BB
:10883000169C002198460591FF2C14BF08210221A7
:1088400002910021189D179E91468246039102F0E5
:10885000D3FA0346019500961FFA88F21FFA89F1B0
:10886000504600F081F8069014982A0008BFFF2CAB
:1088700018D1390A7A0901F4784102F4FC621143F3
:10888000C7F3C4070F4306F0010300F001010B43D7
:1088900009F0010959EA030904D1022576084008C4
:1088A00047EA0747159A00231999ADF81C00ADF85F
:1088B0001E205046ADF82030ADF8226005978DF8A7
:1088C00024408DF827108DF828308DF825508DF82C
:1088D0002650DAF80030DA6B90470299014209D14C
:1088E0006A484FF42B7200F138018830EAF722FC15
:1088F000AFF30080DAF8040002A903685A689047D1
:108900000CB0BDE8F0872DE9F04186B00D465E4F12
:108910000446F9681646984691F85C0000281ABF8C
:10892000086D002888680368196B88479DF83C200B
:108930000490BDF834109DF83830059238890191C3
:1089400029460390BDF8300002931FFA88F3009087
:1089500025682046B2B2EC6DA04706B0BDE8F081B4
:108960000166203002F05CBAF8B5079800270C4683
:1089700015461E4610281DD8DFE800F017191B0900
:1089800009090915151515150909090909003F48AF
:1089900040F2093200F1380100F53470EAF7CAFB01
:1089A000AFF3008006E0082704E0102702E0182754
:1089B00000E020270698FF0805FB00447C4330199F
:1089C000F2BD000068C003242DE9FC410D462E4F86
:1089D000F96804461646984691F85C0000281ABFCC
:1089E000086D002888680268116B884701903889F3
:1089F00043463246009029462046FFF7B5FFBDE8C2
:108A0000F681214A117829B190F87200401E804108
:108A1000C00F70470120704710B5044660680268B7
:108A20009168884704F17101087808B101224A7001
:108A300010BD38B5054605F171046178E9B1022031
:108A400000F04FF9002228466270227002F0D4F93B
:108A50002B6801462846D3F8C8209047EC6964B1DA
:108A6000284602F0C9F901460748028920462468D1
:108A7000236801B0BDE83040184731BDFEC1032472
:108A800001E1F5053E0AD7A368C00324A84A0408FB
:108A900010B584B00446029102A8039202F03CFB98
:108AA0000399029AADF8041001A9ADF806200DF162
:108AB000060000F0FCFC94F87300BDF804300028B8
:108AC0000CD00093A16E606EBDF806308AB281B200
:108AD00004F1200002F0B3F980B109E0BDF80620EE
:108AE000002104F1200002F0EFF9012284F8732044
:108AF000BDF906106166BDF90400A06604B010BDA2
:108B000010B5044694F8730058B1A36E626E01214B
:108B100004F120009BB292B202F0D6F9002384F84F
:108B2000733010BD10B5044631B1032000F03BF89E
:108B3000206960B1012105E0032000F083F820697D
:108B400028B1002103685A69BDE81040104710BDE4
:108B500038B504460D4694F87F208A420CD023682D
:108B60002800204603F1D80102D10A68904701E0AD
:108B70004968884784F87F5031BD797910B5002461
:108B8000052C0FDA2000C0B200F0CEF8002807D084
:108B90007D4850F82410012902D0012140F824100A
:108BA000641CEDE710BD10B504002000C0B2002821
:108BB00005D0022824D012D3032832D041E07248D5
:108BC0002100C9B250F82100002801D0002200E0A5
:108BD0000122D2B208216D48F0F76CFF31E06A48FB
:108BE0002100C9B250F82100002801D0002200E085
:108BF0000122D2B24FF480716448F0F75BFF20E0AD
:108C000061482100C9B250F82100002801D000229B
:108C100000E00122D2B24FF400715C48F0F74AFF45
:108C20000FE059482100C9B250F82100002801D0B6
:108C3000002200E00122D2B24FF480715448F0F7D4
:108C400039FF10BD10B504002000C0B2002805D0C7
:108C5000022824D012D3032832D041E04A48210010
:108C6000C9B250F82100002801D0012200E0002202
:108C7000D2B208214548F0F71DFF31E042482100FB
:108C8000C9B250F82100002801D0012200E00022E2
:108C9000D2B24FF480713D48F0F70CFF20E03A4823
:108CA0002100C9B250F82100002801D0012200E0C3
:108CB0000022D2B24FF400713448F0F7FBFE0FE00F
:108CC00031482100C9B250F82100002801D001220A
:108CD00000E00022D2B24FF480712D48F0F7EAFE96
:108CE00010BD10B504002000C0B2002805D0022835
:108CF0000ED007D3032811D015E008212348F0F740
:108D0000E6FE10E04FF480712048F0F7E0FE0AE044
:108D10004FF400711D48F0F7DAFE04E04FF4807163
:108D20001B48F0F7D4FE10BD38B504000025200024
:108D3000C0B2002805D0022810D008D3032814D0D0
:108D400019E008211148F0F7AAFE050013E04FF4DE
:108D500080710E48F0F7A3FE05000CE04FF400719F
:108D60000A48F0F79CFE050005E04FF480710848C2
:108D7000F0F795FE0500EDB2012D01D1012000E0D4
:108D80000020C0B232BD000038C0032400240258C5
:108D90000014025801480068704700BF74C00324E3
:108DA00090F86E10491C80F86E10002180F8801039
:108DB000704710B5040020002168096A8847012027
:108DC00084F8800010BD000170473F0080B500B9F5
:108DD00006A005490B681BB122220021984701E03B
:108DE000EBF7F2FA222002BDF8C10324636F6E7321
:108DF000747261696E742068616E646C65723A2089
:108E0000626164206D6573736167650000F1010341
:108E1000810704D010F8011B820781B1FAD10268E2
:108E2000A2F10131914311F0803104BF50F8042FB9
:108E3000F6E709BAB1FA81F100EBD100401CC01A83
:108E400070472E0010B5144600F002F8226010BDE5
:108E5000C1F30A5343B14A0012F5001F28D2A3F20E
:108E6000FE32A1EB0251704750EA410C20D001F0D4
:108E7000004C31EA0C01B1FA81F204BFB0FA80F380
:108E8000D2180B3AB2F120032CBF00FA03F1914043
:108E900041EA0C013EBFC2F1200C20FA0CF3194349
:108EA0009040524240F2FD33D21A01EB0351704719
:108EB0000022704741EA030C50EA4C0C52EA0C0CB9
:108EC0004FF4001C09D307D01CEB410F9CBF1CEBD7
:108ED000430F8B4208BF824270471CEB430FFBD805
:108EE000994208BF9042704741EA030C50EA4C0C8B
:108EF00052EA0C0C4FF4001C09D307D01CEB410FB5
:108F00009CBF1CEB430F994208BF904270471CEB7B
:108F1000410FFBD88B4208BF8242704700B541EC3D
:108F2000100B104600F004F851EC100B00BD00BF10
:108F3000020030EE101B40F2FF7C37D41CEA1153C4
:108F400013D063456BD09B18634504D201EB0251EB
:108F500020EE101B704701F0004141EA0C51002047
:108F600041EC100BAFF30080704710EE100B50EA8D
:108F7000410054D0B2F57F7F08D202EB5C010905B5
:108F8000002041EC110B20EE010B70474FF0FE4129
:108F9000002341EC113B20EE010BB2F57E7230EE66
:108FA000101B4FEA410342EB5353CDE752421CEAF8
:108FB000115316D0634532D09A4204D2A1EB02512C
:108FC00020EE101B70475B1ED21AA1EB035120EE5E
:108FD000101B372A0CD3002001F0004141EC100B8C
:108FE000C0E710EE100B50EA410018D0372AF2D239
:108FF000C2EB5C021105002041EC110BF1EE100AEE
:1090000020F01F0121F4F851E1EE101A20EE010BBF
:10901000F1EE101AE1EE100A11F0080FA2D170471C
:1090200041EC100BBDEEC00B10EE100A704700EEC5
:10903000100AB8EEC00B51EC100B704741EC100B4E
:1090400043EC112B30EE410B51EC100B704741EC0F
:10905000100B43EC112B80EE010B51EC100B704701
:1090600041EC100BBCEEC00B10EE100A704700EE86
:10907000100AB8EE400B51EC100B704741EC100B8E
:1090800043EC112B20EE010B51EC100B7047430009
:10909000FFE741381A288041C00F7047A0F109014D
:1090A000052901D3202801D10120704700207047F5
:1090B000A0F141011A2938BF20307047014870479C
:1090C00001487047A80200247002002480B50029DE
:1090D00001D1002002BD012801D0022802D102F0F6
:1090E00057F802BD02F07AF802BD7047704770472A
:1090F0007047704770477047704710B504002000F4
:1091000002F07DF810BD10B5040060686168096860
:109110004969884710BD10B50400200002F070F8BE
:1091200010BD704700BF6F4B03608260002241603A
:10913000C26002617047C1680069814201D10120AB
:109140007047002070470269C168521A012ABCBFEB
:1091500080688218012A01DC0120704700207047D6
:1091600038B50446E3682269D21A012ABCBFA06858
:109170008218012A0FD903EBC3006568212205EB91
:10918000800002F043F8E168A068491C814228BFD2
:10919000091AE16031BD5448372200F128019CE0F2
:1091A00010B5044622681168884740B14E483D22F8
:1091B00000F128017830E9F7BDFFAFF300802169A5
:1091C000A068491C814228BF091A216110BD0269AB
:1091D000416802EBC20001EB800070470268116930
:1091E000084770B504460D466068026851688847B4
:1091F0000028F9D13D4E30680268D2F880108847C7
:10920000FEF742FF30680121FFF7A2FC60682946A3
:1092100003689A68904720462468E16A8847306866
:109220000368DA6FBDE87040104780B5FEF71EFF97
:10923000BDE80140FEF722BF38B504460121606851
:10924000217203689969884705462A68012A34D043
:10925000022A27D0042A14D0082A1DD0202A18BF99
:10926000402A2AD0802A18BFB2F5807F25D0B2F5D7
:10927000007F18BFB2F5806F1FD0B2F5006F11D01C
:1092800026E02368297F20469A6B90472946256867
:1092900020462C6BA04731BD2368297F20469A6B5E
:1092A000904703E022682046D16B88472046246817
:1092B0002946636BBDE83440184722682046D16BCD
:1092C00088472368294620461A6BBDE83840104776
:1092D00005488B2200F12801A830E9F72BFFAFF3F6
:1092E000008031BDA89D0408D062040874C0032426
:1092F00010B50446606802681168884738B9207A5A
:1093000028B160680268516988470020207260684F
:1093100002681168884728B923682046596ABDE861
:1093200010400847BDE81040FEF7B5BE80B5406864
:10933000026811688847FFE7401E8041C043C00FA4
:1093400002BD70477047704770B504000D000026DD
:109350002800C0B200280DD0401E08D0401E03D007
:10936000401F042809D90BE0002006000FE001206F
:1093700006000CE00220060009E00520060006E0D9
:10938000702204490448E9F7D5FEAFF300803000AD
:1093900070BD00BFF080040870A1040870B504001F
:1093A0000D0000262800C0B200280DD0401E08D0B5
:1093B000401E03D0401F032803D908E00020060008
:1093C0000CE00120060009E00220060006E09122E0
:1093D00003490448E9F7AEFEAFF30080300070BDEA
:1093E000408104088CA104080068704738B5044621
:1093F0000D46AC4205D0206820188047241DAC42A1
:10940000F9D131BDF8B505460E461746AFF30080D9
:109410001A49086800B91A481A4A90422EBF002417
:1094200004460C300860AFF300800CB90120F2BD97
:1094300026606560A7600020F2BD80B50F49124824
:1094400000F001F801BDF8B50E46054637683C004E
:1094500004D1F1BD88470DE007463C46AC42F8D048
:109460000C3C61680800F9D0206800220028626086
:10947000F0D0884730688742F0D0EDE7F0C1032490
:1094800010C20324A8C3032410C2032430B4354CF3
:109490002278012A09D10B88B0F90020324D0380CF
:1094A000B5F90040601E821A0A8030BC70472D4B0F
:1094B0001A78012A00D0704770B42B4E0A88B6F98A
:1094C0000050B0F900306C1EA41A04800B8070BCF0
:1094D0007047244A1178012900D0704730B4224DDA
:1094E0004188B5F90040B0F90630B0F90020641A9F
:1094F000E41A0480B0F9041042808380C18030BC3B
:1095000070470000174A1178012900D0704770B4E5
:109510004688B0F904100288134D0680B5F9004062
:109520008A18521E631E9A1A4280C288C1808280A5
:1095300070BC70470B4B1A78012A00D0704730B4CA
:109540004488B0F90420038804808D88D3185B1EFA
:10955000691ECB1A4380C388C280838030BC7047A9
:10956000000000006AC003246CC0032400BFB7EEF3
:10957000000A002380ED000A4360836080ED040A46
:10958000C36080ED080A43618361C3617047EEE701
:1095900090ED002A22EE002A80ED002A90ED021ABA
:1095A00021EE001A80ED021AD0ED011A90ED041A96
:1095B00061EE801A90ED030A20EE200A80ED030A86
:1095C00090ED050A21EE201A20EE200AC0ED011AC6
:1095D00074E0000010B5DFED240A044660EE200AB6
:1095E0002DED028B9FED210AC0EE808AB0EE680A55
:1095F00001F0F8FEB0EE408AB0EE680A01F0F4FE29
:10960000D4ED000A94ED032A68EE202A94ED011AA5
:10961000D4ED021A40EE422AC4ED002AD4ED042A09
:1096200028EE013A00EE623A84ED013A94ED053AF3
:1096300068EE213A60EE200A20EE011A40EE433A2D
:1096400020EE210A48EE020A08EE221A08EE030A6A
:10965000C4ED023AC4ED030A84ED041A84ED050A50
:10966000BDEC028B10BD0000DB0F4940000034430D
:1096700090ED061AD0ED001A40EE011AC0ED001A66
:10968000D0ED071A90ED012A00EE212A80ED012A83
:1096900090ED082AD0ED022A40EE022A90ED030A4E
:1096A00000EE810A80ED030A90ED041A90ED050AA0
:1096B00000EEA11A00EE820AC0ED022A80ED041A23
:1096C00080ED050A704790ED002AD0ED033A22EEB6
:1096D000002A90ED013A23EE800A03EE202AD0ED15
:1096E000022A72EE222A90ED042A02EE200AD0ED20
:1096F000050AB0EE621A70EE200AB0EE410A704719
:1097000010B40024046000240C60002414600024C1
:109710001C6010BC704770471CB5040014F5FE6057
:10972000009014F5637314F12C0214F1140120005D
:1097300001F05CFE0F48206014F1140001F05EFEA1
:1097400014F12C0001F066FE14F5637001F06EFE5A
:1097500014F5687001F076FE220014F5687114F5B6
:10976000FE6001F0ABFF14F5FE61200001F0B6FFD2
:10977000200016BDE0A4040810B50400200001F08C
:10978000B4FF10BDFEB504000D0016001F00BDF8AB
:1097900024000190BDF8200000903B003200290019
:1097A000200001F0A7FF024820602000FEBD00BF9E
:1097B0006C5E04082DE9F8430400200001F0A6FFC8
:1097C0001D482060012324221C4914F10C00FCF7E1
:1097D00073F900202063002060630020A063002054
:1097E00084F83C00012084F83D00002084F83E000D
:1097F00000202064002060640425002614F108077E
:10980000320029003800E9F717FB04275FF0000851
:1098100014F10409424639004846E9F70DFB0022DD
:1098200000210120F0F743FB20640020F0F772FADA
:1098300060642000BDE8F283508704089D8B040813
:109840001CB50400200001F067FF084820600021DB
:10985000684601F067FF016814F1840001F064FFBD
:1098600014F1980001F074FF200016BDBC830408B9
:1098700000BF38B50446DFF8683A2360DFF8645A61
:109880002560A8210022201DE9F7D6FA002304F163
:10989000AC00A4F88430DFF8505A01F065FF04F101
:1098A000EE0001F061FF04F5987001F06BFF0020FD
:1098B000DFF8381A84F83801DFF8340A01F06CFF59
:1098C00010B10020288106E04FF4806202202A8136
:1098D000286102F031F80022201DEA602A616A61E5
:1098E00001F055F9204632BDDFF8FC09C068704729
:1098F000DFF8F409006910B103689A6910477047EE
:10990000704738B50C46DFF8EC59DFF8EC39B5F99B
:109910000020B3F900102046DFF8CC5902F055FAC8
:10992000286990B1036821469A689047A86918B1E0
:10993000036821469A689047DFF8C009214600680D
:109940000368DA69BDE83840104731BD7CB50022B4
:10995000DFF8A4690092DFF89C59B25EB5F90040C7
:10996000ADF80420ADF806400568DDE90023114696
:109970001A462C6CA04773BDDFF87C392DE9F64FF1
:10998000DFF87059B3F90010B5F9002087B004462C
:1099900007A802F01AFA07A802F03CFA38B9DFF873
:1099A0005C090094016891F84C20022A0CD100F067
:1099B00056BC0199A0B201EBC00107A802F036FA2B
:1099C0000198A1B202F07AFA0098B0F8EC40641E57
:1099D0000FD4AC3001900199A2B207A801EBC201EB
:1099E00002F092FA18B10198A1B202F067FA641E6F
:1099F000F1D5009800210027B0F8EC20521E00F1AC
:109A0000D981009C90B2BDF81CB004F1AC03BDF943
:109A1000204003EBC00CBCF900A0A3440FFA8BF567
:109A2000AA4573DABCF80490BDF91C00D1440FFAC2
:109A300089F398426ADABDF92250BDF91E30BCF9AB
:109A4000020005EB030E0FFA8EF84045BFBFBCF8CD
:109A5000066036180FFA86FC634557DABDF91C809C
:109A6000D045A2BF0FFA89F80FFA8BFCE04512DA55
:109A70008342A2BF36B20FFA8EFE764509DBBDF9EE
:109A80001C00504523DA0FFA89F90FFA8BFBD945F0
:109A90002FDA01213AE0834205DA36B20FFA8EFE60
:109AA00076450DDAF5E7F61A36B2AD1BADF8225061
:109AB0002DB2002DC4BFF318ADF81E3025DCCEE367
:109AC000C01AADF8220000B200281EDCC7E3BDF8C2
:109AD0001C30A9EB03090FFA89F9A4EB0904ADF8CE
:109AE000204024B2002CC4BF9944ADF81C900CDC7B
:109AF000B5E3BDF81C00AAEB000AADF820A00FFAF0
:109B00008AFABAF1000F7FF752AF0127521E7FF594
:109B100078AF002F7FF46DAF002900F04B810098E3
:109B20000021B0F8EC60761E00F1448100F1AC0237
:109B3000B4B202EBC405BDF81C30BDF82020D21829
:109B4000B5F900300FFA82F843455DDAB5F9044003
:109B5000BDF91CE0E718ADF80070BDF90080C645FE
:109B600052DABDF91E80BDF822C0B5F902B0C44476
:109B70000FFA8CFEF345BFBFB5F906E00EEB0B07FD
:109B80000FFA87FAD0453FDABDF91C904B45A2BFCA
:109B9000BDF900A00FFA82F9D14510DAC345A2BF82
:109BA0000FFA8CFC3FB2BC4510DBBDF91C8043456D
:109BB0001FDABDF9004012B2A24207DB20E0C34524
:109BC00006DA0FFA8CFC3FB2BC450DDA01211BE02E
:109BD000ACEB0B0C0FFA8CFCE344AEEB0C0CA5F8D1
:109BE00002B0A5F806C00FE0A8EB0B0BA5F806B075
:109BF0000AE0D21A12B2D318A21A2B80AA8003E06C
:109C0000BDF81C20D31AAB80761E8FD5002900909A
:109C100000F0D080B0F8EC80B8F1010800F1CA8003
:109C200040F2A315064606F1AC011FFA88F001EBDD
:109C3000C00707A8394602F067F928B11FFA88F172
:109C400006F1AC0002F03AF907A9384602F085F9AE
:109C500018B9B8F10108E6D5ABE0B7F90040BDF995
:109C60001C00B7F902B0844280F22981BDF91E3090
:109C70009B453EDBB888BDF92020BDF81C100019BB
:109C80000FFA80FC51180FFA81FEF44568DBBDF82D
:109C90001CA0B6F8EC30BDF81C90A0EB0A00801AAE
:109CA000062BA9EB040900F3F180B7F906A039806F
:109CB000B880B6F8EC00072808DD2A46DFF8401621
:109CC000DFF84006E9F736FAAFF30080B6F8EC00AB
:109CD0000728BEDC06F1AC02411C02EBC000A6F86E
:109CE000EC100480A0F802B0A0F80490A0F806A040
:109CF000AFE7BDF81C80BDF820100096B888BDF80D
:109D00002220A3EB0B05BDF91C608844F9880019DB
:109D10000FFA88F800B2A8EB000828B2D3188B44D9
:109D2000361B00FB08F81BB20FFA8BFB30B2A3EB1B
:109D30000B0B0BFB00FBD84508DBFD80BDF82010AA
:109D4000ADF81C407618ADF820603DE6BE80BDF849
:109D500022106D18ADF822507A88ADF81E2033E637
:109D60000096FA88BDF91C50BDF9226009B200B214
:109D7000081A5A44D21A2D1B921B12B20FFA85F8F8
:109D8000ABEB030B50430BFB08FB58450ADBF31806
:109D90007B80FA80BDF82010ADF81C406D18ADF83E
:109DA000205011E6BD80BDF822105218ADF82220D7
:109DB0000AE600960099B1F8EC80B8F1010800F1CC
:109DC0008F810E46DFF840A5DFF8404540F2DD15F3
:109DD00006F1AC071FFA88F0BDF91E3007EBC00989
:109DE000B9F902108B4202BFBDF92220B9F906C0B1
:109DF000624527D0BDF91CE0B9F90020964502BFA5
:109E0000BDF920C0B9F90420944540F04E81B9F95C
:109E1000062002EB010E0FFA8EFE734540F03F81E3
:109E2000ADF81E10BDF82210B9F806205118ADF893
:109E30002210B6F8EC10884280F02981B6F8EC20A8
:109E4000511E0DE1B9F90410B9F90020BDF91CE06B
:109E50008B181BB29E4540F0EF80ADF81C20BDF87A
:109E60002010B9F804205118ADF82010B6F8EC1005
:109E7000884203D2B6F8EC20511EF1E02A46214672
:109E80005046E9F757F9AFF30080F3E7009606B2C2
:109E90000FFA89F5AE420ADBADF81C404A44BDF822
:109EA0001C40ADF8202012193A80B8808CE5A7F844
:109EB0000490BDF820104018ADF8200084E5BDF9ED
:109EC0001E00584543DBB7F904A0BDF92020BDF8BA
:109ED0001CE00AEB04030FFA83FC96440FFA8EF1A0
:109EE000614569DBFA88BDF92210B6F8EC30A0EBC9
:109EF0000B095A44101A401A062B00F38580F8808B
:109F0000BDF81E10BDF8220041187980B6F8EC109B
:109F1000072908DD2A46DFF8E813DFF8E803E9F748
:109F200009F9AFF30080B6F8EC0007283FF791AECF
:109F300006F1AC01421C01EBC000A6F8EC20048045
:109F4000A0F802B0A0F804A0A0F8069081E6009660
:109F5000BB88FD88BDF81C10BDF820201B195D448E
:109F60002D1A5B1ABDF822109B1ABDF91C201BB2DA
:109F7000ABEB000B0BFB03FB6D1A2DB2A41A6C4369
:109F80005C450CDBFD80BDF81E10BDF822004118B9
:109F90007980BDF820105B18ADF8203014E5BB8047
:109FA000BDF81C00BDF8201008183880BDF822202C
:109FB000AD18ADF8225007E5BDF81C100096BDF8AD
:109FC0002250A0EB0B065B1A9B1AF988BDF91C20E6
:109FD000281800B21BB2594409B2A41A32B2401A6E
:109FE00054435843844204DBFE80BDF820209B1874
:109FF000D2E7A7F800E0BB80BDF82210ADF81EB094
:10A000007618ADF82260DFE405B20FFA89F4A542B4
:10A01000009609DBADF81EB04944ADF822108B4420
:10A02000A7F802B0F880CFE4A7F80690BDF8221098
:10A030004018ADF82200C7E4BDF92030BDF81C007F
:10A04000181800B2904230D1C918ADF82010B6F8F7
:10A05000EC201FFA88F1914211D2B6F8EC30591E6B
:10A060001FFA88FB88B28345A6F8EC101DD289B28E
:10A07000484607EBC1010822E9F76EF815E02A46C9
:10A0800021465046E9F756F8AFF30080E5E72A4647
:10A0900021465046E9F74EF8AFF30080CEE6BDF911
:10A0A0002200C3181BB28B4204D0B8F101087FF51F
:10A0B00091AE14E012181FFA88F0ADF82220B6F81D
:10A0C000EC10884203D2B6F8EC20511EC8E72A46AD
:10A0D00021465046E9F72EF8AFF30080F3E70096EB
:10A0E0000098B0F8EC00072809DCDDE90701009BC7
:10A0F0000A46014603F1AC0001F052FFAFE0009ABE
:10A100000024401E4FF0FF356FF0004602F1AC0115
:10A1100001913FF54EACDDF804801FFA80FE08EB9C
:10A12000CE01A0F10108B1F90420B1F90630039085
:10A13000049112FB03F20692B8F1000F5DBF019A81
:10A140001FFA88F002EBC0090DF11C09B9F90410DF
:10A15000B9F90600049B11FB00F004990590B3F9CE
:10A160000200B3F90070ADF80800B1F904B0B1F91C
:10A1700006A0484601F04EFE70B11BFB0AF106989E
:10A18000059B8A10081A01EB5271C01AB0EBE10F5F
:10A1900038DBB0423DDA38E0BBF1000FC8BFBAF19E
:10A1A000000F06DDB9F9002038469042A8BF1046DE
:10A1B00004E0B9F904B0B9F906A0DEE7B9F9023054
:10A1C000BDF908109942C8BF1946B9F804E05F44C8
:10A1D00072440FFA82FC0FFA87FEF445B8BF3A4684
:10A1E000BDF80870B9F80690BA444B440FFA83FBE7
:10A1F0000FFA8AF9CB45B8BF5346A2EB000BA3EB8D
:10A20000010ABAE7039C45460CE0039C454648B169
:10A210000646A8F1010818F1010F8DDA0398401ED7
:10A220007FF579AF002D3FF5C4AB01990198A6B237
:10A23000ADB201EBC50100EBC60001F0F7FD0199DD
:10A24000082201EBC50007A9E8F786FF019A07A8D5
:10A2500002EBC6010822E8F77FFFFFF7B1BB09B0A8
:10A26000BDE8F08FDFF8EC09006910B10368DA6926
:10A2700010477047DFF8DC09006910B103681A6AFB
:10A280001047704738B50446DFF8C8596869C0B14F
:10A29000017A39B9002284F8382103689968BDE849
:10A2A0003440084794F8380158B9286910B1026859
:10A2B0001169884768690268D1688847012084F875
:10A2C0003801201D00F049FC201D00F067FC2869C2
:10A2D00020B10268516ABDE83440084731BD000032
:10A2E000F09B0408C07D0408D4000024CDB5E8B577
:10A2F000C2A507F46EC003246CC0032474C00324F9
:10A30000607E0408309604080CA904080C7E04083A
:10A310000021A0F8EC1070472DE9F04F81469BB06A
:10A3200009F5987001F076FDA8B9684609F59871AD
:10A330000822E8F711FFD9F80040DDE900010A46DC
:10A340000146236C4846984709F5977000224280E1
:10A350008280C2800281B9F8EC0030B9DFF8F818C9
:10A360000A6892F84C00022801D1012100E0002186
:10A37000DFF8E0289069C8B11446B4F90420002A37
:10A38000C4BFB4F90630002B10DD2046FFF7A1F85A
:10A39000D9F800B0D4E900010A460146DBF84030A4
:10A3A0004846984700222260626002E0002900F0DF
:10A3B000CA8304A801F0D8F9DFF89808048910E0EE
:10A3C00009F1AC02A3B202EBC30168460822641C87
:10A3D000E8F7C2FEDDE900010A46014604A801F0E3
:10A3E000DFFDB9F8EC00A1B28142E9D3DFF864B82F
:10A3F000BBF8084012E009F1EE03A2B203EBC20180
:10A4000068460822641CE8F7A7FED9F80070DDE969
:10A4100000010A4601463B6C4846984709F5977784
:10A42000A0B21A973A889042E5D3DFF82C38186822
:10A4300090F84C10012940F02D81DFF82008BBF87E
:10A4400008100278012A40F08D80DFF81458B9F81E
:10A45000EC20288809F1AC04074606E08BB234F9F9
:10A4600033B0BB45D8BF5F46491C9142F6DB4FEA8B
:10A47000D00ABAF1020FB8BF4FF0010A00B20022B1
:10A48000ADF80000DFF8DC67ADF80220DFF8C4B7F4
:10A490000192DFF8C44707E0180026D11368104680
:10A4A0000121D3F8A4209047BDF90000874280F233
:10A4B000EB8020680268D2F8A810884722682988B3
:10A4C000BDF900C002F16E03091A987C1B7889B2AD
:10A4D000ACEB0A0C5B1E9B41DB43DB0F8C45B8BF2A
:10A4E0008F4201DA0028D7D000B90BB1384603E01B
:10A4F00038468F42B8BF0846BDF800200023ADF8AB
:10A500000000BBF80880ADF80230121AADF8042044
:10A51000F25EADF80620B9F8EC008045C4DA09F126
:10A52000AC011FFA88F201EBC20115A80822E8F776
:10A5300013FE694615A801F059FDDDE91501CDE9C5
:10A540000201BDF90C20002AC4BFBDF90E0000288D
:10A5500005DDD9F8003002A948469A6C904708F109
:10A560000108D8E74FF00008B9F8EC000CE009F159
:10A57000AC048BB204EBC3046288E3889B181BB263
:10A580009845B8BF9846491C8142F0DBDFF8D406F5
:10A590000788FF08022FB8BF01270022DFF8C0A6F6
:10A5A0000092DFF8B446019208E0BCF1000F2ED112
:10A5B000136810460121D3F8A4209047BDF802107B
:10A5C000BDF80600411809B241455DDA206802680D
:10A5D000D2F8A810884722680146BDF802E002F1CF
:10A5E0006E03987C1B78B3F1010C6CEB0C0CBDF87E
:10A5F00006306FEA0C0C4FEADC7C734407FA83F5F3
:10A60000A942B8BF414501DA0028CED010B9BCF14B
:10A61000000F01D0424603E042468845C8BF0A46C3
:10A62000ADF80230D31ABAF900E04FF0000CADF8E3
:10A6300000C0BBF80850ADF804E0ADF80630B9F83A
:10A64000EC008542BADA09F1AC02A9B202EBC10111
:10A6500015A80822E8F780FD694615A801F0C6FC98
:10A66000DDE91501CDE90201BDF90C20002AC4BFC6
:10A67000BDF90E00002805DDD9F8003002A94846D2
:10A680009A6C90476D1CDAE720684F460268516A61
:10A69000884738E2022940F0F680002400F1820168
:10A6A00019944A8801920B88189390F88160721E61
:10A6B00012B202920768D7F8A81088478246DFF8DE
:10A6C0009C150878DFF89C35DFF89425B3F80080F6
:10A6D0001588012802D12846454680460020DFF82B
:10A6E0007875FEF760FA00960CE038680A21036876
:10A6F000D3F89C2090473868D0F800C0DCF8A81048
:10A70000884782460098029998FBF0F00346039030
:10A710004B4303939A45E8DB029F0020FEF792FA31
:10A72000DDF800E04FEA181108EBD162ADF808A09F
:10A73000DFF8246598FBFEF04743520903974F4624
:10A74000ADF80A20C146179540E00020179AADF8F1
:10A750005400ADF85680ADF85820ADF85A4023E0CB
:10A7600019940C46ADF808501546CDF860A00120AC
:10A77000FEF719FA306829B20368D3F89820904799
:10A78000DFF8D80490F800C0BCF1010FDDD1A9EBCF
:10A790000800001B00231799ADF85400ADF856309F
:10A7A000ADF85840ADF85A103B6815A938466D42CF
:10A7B0004444A4B29A6C9047306829B2D0F800C0E3
:10A7C000DCF8983098470120FEF73CFA4C4500F041
:10A7D0009A81A046199CDDF860A0BDF8085037E0CA
:10A7E0000124804546DB0099002C054699FBF1FCCD
:10A7F00098FBFCF20CFB02C342D00CEB0001894534
:10A80000ACBF6044484681B21FFA83FC614588BFF3
:10A810006146A1EB080CE245A6BFA1EB080189B295
:10A820005146DDF804C061459ADA01EB080CCC45CD
:10A8300096D09BB280B2834292D330680268916A0C
:10A8400088473068BDF80A100368D3F89C20904709
:10A8500030680368D3F8A8108847A84202DB002CB0
:10A86000C1D0BEE7002CBBD030680268D2F8B81067
:10A87000884748E130680368D3F8B820904742E140
:10A880000399401ABFE7032940F01B8100F18202BF
:10A89000DFF8C80301781C46B2F90470012940F0C2
:10A8A000AF80BA4609F1AC0723E0206892B200926B
:10A8B0008BB2BDF80620BDF80410D0F800E0DEF839
:10A8C00094C0E047054601A8ADF80A50FEF701FE26
:10A8D000D9F8003001A948469A6C9047B8F80400AE
:10A8E000451BA8F804502DB21DB93146384601F079
:10A8F000E5FAB9F8EC00002800F004810026BBF866
:10A900000800BD5F07E0B2F906209142B8BF0646D5
:10A910006545B8BF6546B9F8EC30401C80B207EB1E
:10A92000C60898421DD2B8F80020B8F8043009EBE8
:10A93000C6019B1807EBC002B2F900C01BB2B1F907
:10A94000B210B2F804E0E6440FFA8EFE734502DA64
:10A9500006461D46DCE79E45D5D0AE45DBDB754699
:10A96000D9E701A841460822E8F7F6FBBDF908003F
:10A970005045B8BFBDF90450BDF80410ADF80450FF
:10A980004018401BADF8080001A8FEF7BBFDBDF95B
:10A9900008100029ADDDBDF90A201000A9DD92459F
:10A9A00083DA524681E7B6F800C0E88889B260448D
:10A9B000801A80B2814288BF014620680091BDF8AC
:10A9C00004109BB292B2D0F800E0DEF894C0E047E9
:10A9D000ADF80A00D9F8003001A948469A6C9047B2
:10A9E0003188BDF80A0041183180E888BDF80A10A6
:10A9F000401AE88000B218B95146404601F05EFAAC
:10AA0000B9F8EC0000287DD009F1AC084FF0000A3D
:10AA1000B8F80200B8F80610BBF80820091809B207
:10AA20000BE0BCF902309842B8BF9246BCF8040073
:10AA300045192DB2A94200DD2946B9F8ECC0521CD7
:10AA400092B2624517D209EBC20C09EBCA003CF97D
:10AA5000AE5F30F9AE3F9D42B0F9020003DBE0D0BB
:10AA60008D42EADCE8E708EBC20092461946C0884E
:10AA700045192DB2DEE708EBCA05B5F906301846D0
:10AA8000B84202DA6A88991809B2B5F90430002B85
:10AA9000C8BF0028B4DD0022AE1C01920292B5F9B5
:10AAA00000E0ADF804E0B25EADF80620B5F9043080
:10AAB000A1EB020C6745ADF80830B4BF3946891ADE
:10AAC00071E7BBF808404F4616E007F1AC02A1B2AF
:10AAD00002EBC10168460822E8F73EFBBDF904001D
:10AAE0000028C4BFBDF90610002904DD3B68694693
:10AAF00038469A6C9047641CB7F8EC10A0B28842B4
:10AB0000E3D300E04F46584A1078E0B11A9A00218A
:10AB100007F1EE091180BBF808400FE004ABA2B2C8
:10AB200003EBC20168460822641CE8F715FBDDE967
:10AB300000010A460146484601F032FABDF85000CD
:10AB4000A1B28142EAD31BB0BDE8F08F4148006951
:10AB500010B103689A6A1047704738B5054605F189
:10AB600080040020A0842088E0840BE0681890F81E
:10AB7000840020B155F821000268116D8847A08C2F
:10AB8000401CA084A18CE08C8142EFD331BD002217
:10AB90002021A0F88020843001F06CBA0146002208
:10ABA0002DE9F04701F1840A002500230024D44652
:10ABB00001F180061FE0B6F824E0A64504DAF08C27
:10ABC000844215DA5B1C13E0521CF8E79CF8000085
:10ABD0000028F0D0AC420AD0A0B21FFA85FE51F88E
:10ABE000208041F82E809CF800000AF805006D1CBA
:10ABF000641C0CF1010C30888442E7DBB48CF08CCF
:10AC0000A21ADFF86890B284DFF864A040F2DD1881
:10AC10000C46C31AF38417E0471EB9B2814206D32B
:10AC2000424651464846E8F785FAAFF3008033883C
:10AC3000B8B25A1E91B28842328005D292B2BFB2E7
:10AC400054F8222044F8272030888542E4DBBDE810
:10AC5000F0870000D400002474C003246AC00324D9
:10AC60006CC003246EC0032468C003241CA904081C
:10AC7000B47E04084164704770B505000E001400EE
:10AC8000002C07D040F2031204490548E8F752FAB5
:10AC9000AFF3008005EB8400466070BD00760408C9
:10ACA00000A504080163036B83634263704770B5BA
:10ACB00005000024002C16D1242000FB04F02844B9
:10ACC00010F10C06707F002802D1B07F002808D058
:10ACD0003100280001F0D1F9002802D0012086F8C7
:10ACE0002200641CE6E7012085F83D00286CEFF7A0
:10ACF0008BF995F83E00002805D0686CEFF7AAF8AC
:10AD0000002085F83E0070BDF8B505005FF0FF310A
:10AD1000286CEFF73AF95FF0FF31686CEFF75EF8F7
:10AD2000002000280DD1242101FB00F1294411F15C
:10AD30000C0292F82210002901D00121D177401C89
:10AD4000EFE70024002C52D1242000FB04F028441B
:10AD500010F10C0696F82200002846D005EB84007E
:10AD600047687069002807D0716938003A68526AEC
:10AD700090470020706113E0B069002810D03800BF
:10AD80003968896A88470100B069411838003A6813
:10AD9000526A90477168B069411871600020B061D3
:10ADA0004FF4166000904FF4F0734FF4487205EBC7
:10ADB000840081683800D7F800C0DCF814C0E04790
:10ADC00086F820007068401C706096F8200000280B
:10ADD00006D038003968896A8847401E306001E033
:10ADE00001203060002086F82200641CAAE7686C0D
:10ADF000EFF730F88AE7704710B50400074800788D
:10AE0000002808D020002168496B8847216C8842BF
:10AE100001D1606C00E0206C10BD00BF68C003244D
:10AE200001617047817B49B10189491C018189B267
:10AE3000082903DB002343818381837370472DE955
:10AE4000F04186B006460C9C1F4690460D460021F8
:10AE500020B2019038B20090B6F90630B6F904205D
:10AE600002A801F02FF9BDF81220BDF80E00121A49
:10AE700010B2002844BF02465242B18A12B2914237
:10AE80000CDBBDF81420BDF81000121A10B2002817
:10AE900044BF0246524212B2914211DA306902A90D
:10AEA0007D1BA4EB080803685A6890470020308196
:10AEB00001207581A6F80C80B780F480B07300E0A3
:10AEC000002006B0BDE8F0812DE9F0410F4684B0C6
:10AED000044615461E46012F18BF022F36D1B4F97D
:10AEE0000AE00EF10300072814D3B4F90630B4F9D0
:10AEF000042023494FF00008009169468DF8048032
:10AF0000ADF806E0ADF80820ADF80A302069036816
:10AF10009A689047B4F90CE00EF1030007281ED39D
:10AF2000B4F90620B4F9043015494FF00108009136
:10AF300069468DF80480ADF806E0ADF80830ADF84C
:10AF40000A20206903689A68904708E0380006D113
:10AF50000020A580E68020816081A081A07300226E
:10AF600033B200922AB2394601A801F0BBF8226937
:10AF70000146136810461A68904704B0BDE8F08196
:10AF80006CA504082DE9F84782460125BAF1000FA7
:10AF900083B0884617461E460C9C06D52168CAF128
:10AFA000000A4FF0FF3549422160002F04D5206888
:10AFB0007F426D42404220604FF00109002E44BFA5
:10AFC00076424FF0FF39384600F089F802A903466F
:10AFD00001913A4600964146504600F01CF822681E
:10AFE0000299891891FBF6F2101806FB12114D45D3
:10AFF00018BF4042002D08D549420029C4BF401E59
:10B00000891B216004B0BDE8F087FADD0029F8D57E
:10B01000401E7118F5E72DE9F04F83B05FEA000894
:10B0200092460D9E18BFBAF1000F05D00C46202C99
:10B030003CBF1D46202D02D3002030604CE00C9F09
:10B040007CB945B1019600230097424629465046F7
:10B05000FFF7E1FF40E04FF0FF3030606FF000405D
:10B060003AE03AFA04F006D10AFB08F8B8FBF7F028
:10B0700007FB10872FE00121A140491E834601EA0A
:10B080000A0A504608FA04F900F029F80196014628
:10B090000097234642465046B9FBF7F807FB18993C
:10B0A000FFF7B9FF8246484600F019F802A90346A7
:10B0B00001914A460097291958460BFB08ABFFF748
:10B0C000AAFF3268029983448918B1FBF7F207FBA3
:10B0D000121702EB0B00376003B0BDE8F08F0100E0
:10B0E00001D12020704700200A0C120404BF102058
:10B0F000090411F07F4F04BF0830090211F0704FAE
:10B1000004BF001D090111F0404F04BF801C8900DD
:10B11000002958BF401C7047FEB51C4D0446AB6962
:10B120002668606873B303EBD371A86801AE00961C
:10B1300000EB6100E969019022682868FFF722FFAF
:10B1400001AA07460092AB696268296A6868FFF73E
:10B1500019FFAB69C619686901AA009203EBD371A4
:10B1600000EB6100696A01902268E868FFF70AFF56
:10B17000074601A80090AB696268A96A2869FFF7D1
:10B1800001FFC0192660606003B0F0BDF4BD032468
:10B1900030B40020104B1B68DB010ED430BC70476C
:10B1A0004D782D021D438B781B042B43CD782D0643
:10B1B0001D43091D2560121F001D002AEED0E0244A
:10B1C00024062368002BFAD00B78042AE8D22370D7
:10B1D000491C401C521EF0E7FCED00E018B583B09E
:10B1E0000300140000930191029469460520ABBE50
:10B1F00001221900201AAFF3008004B010BD70477F
:10B2000041600022027200224272704710B504466B
:10B21000E7F7A2FF204610BDDFED620A60EE200ACC
:10B2200010EE902A22F0004101EE101ADFED5E1AB6
:10B23000B4EE611AF1EE10FA25D54FF07C51D20F21
:10B2400062F3DF7101EE101A71EE200AFDEEE00AE2
:10B2500010EE901A00296AD0FAEEC90A9FED531A2F
:10B2600000EE810ADFED521A00EEA10A9FED512A8D
:10B2700000EE820ADFED502A00EEA20A9FED4F1A7F
:10B2800000EE810A53E010EE101A4B001B1613F16A
:10B29000010F0AD14900081610F1010F02D109026D
:10B2A00040F07F809FED460A7047490004D1002896
:10B2B00077D0B7EE000A70474FF07C51D20F62F39F
:10B2C000DF7101EE101A71EE200A10EE902A510083
:10B2D0000DD0090EC1F196011829A8BF02F0004255
:10B2E00003DA0029C4BFCA408A4000EE902A10EE5B
:10B2F000901A490017D09FED331A20EE811ADFED26
:10B300002B1A01EE210A9FED2A2A01EE020ADFED37
:10B31000292A01EE220A9FED283A01EE030ADFED09
:10B32000271A01EE210AFDEEE00A10EE901A01F054
:10B330000301081810EE101A21F0004100EE901AD7
:10B340009FED211AF4EE410AF1EE10FA04D5C1077F
:10B3500023D5B7EE000A20E0C10760EE000A0ED543
:10B36000DFED1A1A9FED1A0A00EEA10A9FED191AD5
:10B3700000EE201AB7EE000A01EE200A0DE0DFED24
:10B38000161A9FED162A00EEA12ADFED152A20EEEF
:10B39000201A42EE202A01EE220A800748BFB1EEB1
:10B3A000400A704783F9223F0000004F0000C9C6E1
:10B3B00000A0FDC00020A2BA000034B30030C2AE2D
:10B3C000FFFFFF7F00008038000080399349B2BA48
:10B3D00036A02A3DDFFFFFBE6E8C4CB94283083C8D
:10B3E000A1AA2ABE012017E7002015E71CB504001A
:10B3F00004980090200000F083FE16BD10B50400F4
:10B40000200000F092FE02482060200010BD00BF26
:10B410005492040810B50400200000F086FE024893
:10B420002060200010BD00BF8892040810B5040001
:10B43000200000F07AFE02482060200010BD00BF0E
:10B44000BC9204082DE9F84F040000202060002081
:10B4500084F88402002084F885024FF420750026C9
:10B46000271D320029003800E7F7E6FCE4275FF0EB
:10B47000000814F52279424639004846E7F7DCFC1B
:10B480005FF0E4095FF0000A14F55B7B5246494621
:10B490005846E7F7D1FC2000BDE8F28F2DE9F04FC8
:10B4A000C9B00400002239A975480068F0F706F910
:10B4B00001284ED139A97348F6F770FB724D280068
:10B4C000F6F7BAFB206800283DD039AE07226F4955
:10B4D00039A8F6F7CDFB002802D10DF1EB000600EC
:10B4E00014F1040814F144094FF4107AC3464F468E
:10B4F000524659463800F6F789FF3F223100201D99
:10B50000F6F7D2FB002084F843006148F6F746FBCB
:10B510002800F6F791FB00270A2F0DDA402000FBE8
:10B5200007F02044021D39005A48F6F737FB28007F
:10B53000F6F782FB7F1CEFE7211D20682268126866
:10B540009268904705E05448F6F728FB2800F6F784
:10B5500073FB2068002800F08F80002269464F4866
:10B560000068F0F7ABF8012840F086802068216879
:10B570000968C9698847002837D09DF8000000286D
:10B5800003D0022822D010D32EE001A94448F6F7B8
:10B5900005FB3D48F6F750FB31AB21AA01A9206815
:10B5A00025682D68ED68A84766E0039A02993D4832
:10B5B000F6F7F4FA3448F6F73FFB039B029A019939
:10B5C000206825682D682D69A84755E001A93648EF
:10B5D000F6F7E4FA2C48F6F72FFB01A92068226859
:10B5E00012685269904747E046E09DF80000002845
:10B5F00003D0022824D011D333E001A92B48F6F759
:10B60000CDFA2148F6F718FB14F522706946E422BA
:10B61000E7F7B2FD012084F8840222E0039A029940
:10B620002348F6F7BBFA1848F6F706FB14F55B70EB
:10B630006946E422E7F7A0FD012084F8850210E0C6
:10B6400001A91C48F6F7AAFA0F48F6F7F5FA14F51F
:10B6500022706946E422E7F78FFD012084F8840216
:10B66000FFE71548F6F79AFA0748F6F7E5FA206873
:10B67000216809688969884749B0BDE8F08F0000F2
:10B6800010C10324909E0408C0010024ACAB040840
:10B69000B09E04089CA70408809404082CC10324CD
:10B6A00068970408B094040894970408C0970408A5
:10B6B000E0940408EC9704087890040870B504003E
:10B6C0000D00160032002900200000F033FD024872
:10B6D0002060200070BD00001C7C040838B5040008
:10B6E0000D00280000F054FD31BD00214160002113
:10B6F000816070471CB50400BDF814000190BDF8CE
:10B7000010000090200000F08FFD16BD10B5040061
:10B71000200000F033FE10BD10B50400200000F042
:10B720002FFE10BD0160704738B504000D002000E9
:10B7300000F044FE14F1080000F046FE034810F14A
:10B74000080121602C30A060200032BD048F040865
:10B7500010B50400200000F03DFE024820602000EB
:10B7600010BD00BFD89F040838B50446082308223E
:10B770000349FAF7A1F900252046A4F8405032BD4C
:10B7800085B70308002101800021418000218180CC
:10B790000021C18070477047F0B402462D4C2068EC
:10B7A00000234CF240274008400020602A4CD4F887
:10B7B00000C04FF6F07000EA0C0CBC451FBF2668B5
:10B7C00006404CF27025AE421CD1DFF890C0DCF888
:10B7D0000000002830D122480468C4F30B04B4F5FB
:10B7E0008A6F1FBF0568C5F30B0540F28344A5426D
:10B7F00006D0066840F28540C6F30B0686421BD190
:10B80000184C1AE026684DF220250640AE421FBFB4
:10B81000D4F800C000EA0C004DF23027B8420BD13A
:10B82000114D124C2868A04203BF6D68104EB542FE
:10B8300000200DD10F4C00E00F4C0125A560A06841
:10B840000028FCD1226022688A4208BF01231846E2
:10B85000F0BC7047002000E000ED00E0002004E0B4
:10B860000010005C004C0258F84F0246010017001F
:10B8700001DDC5A3004C02460030024000BF70B598
:10B88000044638492160201D00F0AAFD0022002056
:10B8900022636368A2860122E086334984F8382057
:10B8A0000D5E32481A6BB0F900600021201D9047F0
:10B8B00063680021201D5A6B904763683146201D44
:10B8C0009A6B904763682946201DDA6B90472046A3
:10B8D00070BDF8B584B004460D4602A804F1080115
:10B8E0000822E7F739FC294602A800F07FFBDDE9D2
:10B8F0000267CDE9006794F8380028B16946204610
:10B9000000F036F805B0F0BD211D02A800F0EAFDF8
:10B91000BDF80010BDF80800091ABDF80A00ADF81E
:10B920000010BDF80210091A201DADF8021069467A
:10B9300000F043FE05B0F0BD78B504460B4D0A4853
:10B94000B5F90030B0F9006083B000220021009604
:10B9500001A800F0DCFF2368014620469A68904762
:10B9600004B070BDF09204086EC003246CC00324C0
:10B9700038B586B004460D4600220192211D02A86A
:10B9800000F0B0FDB5F90620BDF80A10BDF80800BA
:10B9900000926A88B5F90430521A298812B2091A3D
:10B9A00009B204A800F0B3FF014601AA201D00F06F
:10B9B0006CFF019820B102462946204600F002F8AB
:10B9C00007B030BD2DE9F04781460E4686B01446DB
:10B9D000304600F01FFA002840F0E180204600F0D9
:10B9E0009FFF314600F0B9FA18B9E469002CF5D18F
:10B9F000D9E0E069002800F0A4802368214602A86D
:10BA0000DA689047204600F0ACFF0746204600F079
:10BA1000BCFFBDF80810BDF80A20BDF80C300818AE
:10BA20003146ADF80000BDF80E00D719ADF804306E
:10BA3000ADF806006846ADF8027000F0D7FADDE90F
:10BA40000085CDE90285204600F06AFFDDE902238A
:10BA500001466846CDE9002300F0C8FABDF900A010
:10BA6000B6F90010BDF90270BDF90480BDF90650A9
:10BA70008A4504BFB6F90220974207D1B6F90430CF
:10BA8000984504BFB6F9062095425AD0B8F1010F87
:10BA9000A8BF012DC0F28480B6F90220BA420CDAA8
:10BAA000B81A00B20090B6F9043001A800F02FFFD8
:10BAB000E26901464846FFF785FFB6F90010514597
:10BAC0000CDAAAEB010300951BB23A4601A800F07C
:10BAD0001EFFE26901464846FFF774FF3188B088CF
:10BAE000401808EB0A010AB203B29A4210DAA0EB3E
:10BAF0000A0AAAEB080A00950FFA8AF33A4609B235
:10BB000001A800F004FFE26901464846FFF75AFF2A
:10BB10007288F0888018EA1913B201B28B4210DAE9
:10BB2000C71B7F1B3FB212B20097B6F90430B6F9BB
:10BB3000001001A800F0EBFEE26901464846FFF75D
:10BB400041FF204600F0ECFE814602A83146082263
:10BB5000E7F702FB494602A800F048FADDE9026770
:10BB6000CDE90467DDE90423CDE90023684600F050
:10BB700051F9A0B9204600F008FFBDF80010081ADE
:10BB8000ADF80000204600F0ECFEBDF80210081AE7
:10BB90006946ADF80200236820469A68904702E0A3
:10BBA000E2693146CAE706B0BDE8F08778B589B0EA
:10BBB0000446206B0D4610B12A79002A45D0211D7C
:10BBC00002A800F08FFC2A79A2B904F1360104F131
:10BBD00034000191BDF80A1000902A89BDF80800D0
:10BBE00004F13003521AE98812B2091A09B2201D71
:10BBF00000F049FD216B41B304A800F073FC002163
:10BC000000912B89E08EEA88A68EBDF81210C31829
:10BC1000BDF80A00B2185B1ABDF81010521A297943
:10BC2000C318BDF808001BB2821812B206A800F0B3
:10BC300059FA226B0146136810465A6C90472879CE
:10BC400018B100222263A286E2860AB070BD2DE9F7
:10BC5000F0418AB004460D46216B002900F0868031
:10BC600002A800F03FFCB4F93410EB88B4F93600B8
:10BC70002F89BDF908C0CB181AB2C71962453CDB41
:10BC8000BDF80860BDF80C201BB292190FFA82FCB7
:10BC9000634532DABDF90A300FFA87FE9E452CDB88
:10BCA000BDF80E603FB2F6180FFA86FC674524DA3D
:10BCB000B5F80AE0BDF90870B5F80C8071440FFAC8
:10BCC00081FEBE4540440ADB09B212B2914206DA57
:10BCD00001B2994203DB00B236B2B0420DDB002064
:10BCE000002300900022022104A800F0FBF9226B3F
:10BCF0000146136810465A6C9047211D04A800F0B5
:10BD0000F1FBB4F93660A989BDF90A30BDF91270AA
:10BD1000B4F93420BDF808007118C91A791809B2AD
:10BD20000191B5F80AC0BDF810109444ACEB000CBA
:10BD3000BDF810008C440FFA8CFCCDF800C0B5F8AB
:10BD400008C0BDF808106644F31AEE88FB181BB251
:10BD50009219521A2979821812B206A800F0B2F983
:10BD6000226B014613681046DA6C90470AB0BDE8B2
:10BD7000F08138B586B004460D46216BE9B101A8C3
:10BD800000F0B0FB6A89E08EBDF806108218521AE6
:10BD900012B200922B89A08EBDF80410B5F90620CE
:10BDA000C31803A85B1A29791BB200F003FE226BAB
:10BDB0000146136810469A6C904707B030BD0A469A
:10BDC000011D136810469A691047F0B4B0F900508D
:10BDD000B0F904402B0002D52C1900250580B0F9DC
:10BDE000006023B2B0F906508F1B9F42B8BF8C1B76
:10BDF000B0F90230190002D55D1900234380B0F973
:10BE0000023029B2D61A8E42B8BFD51AC5808480B6
:10BE1000F0BC7047B0F904100129A4BFB0F90600C6
:10BE2000012801DA0120704700207047B1F9042091
:10BE3000012A00DA70472DE9F041B1F90630012BF3
:10BE400039DBB0F90440012CA4BFB0F90650012D34
:10BE500008DBB1F90060B0F90080B045B4BFC4465A
:10BE6000B44609E00C8804804B8843808A8882802D
:10BE7000C988C180BDE8F081B1F90210B0F902E0D3
:10BE80008E45B4BF77460F46444492190FFA82F8A4
:10BE900026B2B045B8BF224675445B181CB229B221
:10BEA0008C42B8BF2B46A0F800C0A2EB0C02478022
:10BEB000DB1B8280C380BDE8F081704738B5044643
:10BEC0000D46B4F840309D4207D340F2DD120C49D4
:10BED0000C48E7F72FF9AFF30080B4F84010491E83
:10BEE00088B28542A4F8401009D289B204EBC5009B
:10BEF00004EBC1010822BDE83840E7F72DB931BD98
:10BF00000C7E04080CA90408F0B4B1F90440012C1B
:10BF1000A4BFB1F90620012A19DBB0F90070B1F90C
:10BF20000050BD42A2BFB0F90230B1F902609E429A
:10BF300010DB8188641924B2CF193FB2A74209DB14
:10BF4000C088921912B2C3181BB2934202DB0120BF
:10BF5000F0BC70470020F0BC704730B4B1F900303D
:10BF60008D88B0F90040ED182DB2AC42BFBF828879
:10BF7000141924B2A3420FDAB1F90220C988B0F92A
:10BF80000230891809B28B42BFBFC088C3181BB2E8
:10BF90009A42B8BF012000DB002030BC70477047D8
:10BFA0007CB506460C46B6F840301546082B07DB34
:10BFB00040F2A3120B490C48E7F7BCF8AFF300803E
:10BFC000B6F84010084608280ADACDE90045491CB1
:10BFD00006EBC000A6F8401069460822E7F7BCF857
:10BFE00073BD00BF607E040830960408F0B5B1F957
:10BFF00000208B88B0F900409B181DB2AC42BFBF37
:10C0000085882D192EB2B24215DAB1F90260B1F865
:10C0100006C0B0F90270B4440FFA8CFC6745BFBF8C
:10C02000B0F806C0BC440FFA8CFE764503DAA24293
:10C0300006DA224604E0002200268280944614E0BC
:10C04000BE42B8BF3E462FB21CB2A742B8BF2B4675
:10C050009B1A0FFA8CF483804D88C98849190BB25A
:10C060009C42A8BF8C46ACEB060C02804680A0F830
:10C0700006C0F0BD002200F0ABBC10B402008B681B
:10C08000C86843430C6948684443A34216D392F8F6
:10C090003C00002810D08B68C86843430C6948688E
:10C0A00000FB14330869B3FBF0F08861886900284D
:10C0B00002D08869401E8861012000E0002010BC89
:10C0C0007047704770B4BDF90C60BDF91040044D65
:10C0D00005600171C28003814681848170BC704714
:10C0E00058A5040830B4BDF90850044C046001712F
:10C0F000C2800381458130BC704700BF44A504085D
:10C10000F8B504000D0016001F00069800903B00D3
:10C1100032002900200000F074FC0248206020005A
:10C12000F2BD00BFCCA404087047FFE70021818066
:10C130007047704710B50400200000F001F810BDF2
:10C1400070B504000D001600200000F062FC3148BC
:10C15000206014F5A27000F063FCC4F85461C4F8C8
:10C160005851FCF717FE00210268926890470020A2
:10C17000E6F77BFF00F068FC00F078FC00F064FC60
:10C1800000F086FC00F060FC00F08EFC200070BD2A
:10C190001FB504002048D0E900232100684600F0C4
:10C1A00093FC010014F5A27000F0A0FC14F5A2703D
:10C1B000C4F840011FBD1CB50400D4F8580100901C
:10C1C000164BD4F8542114F59E71154800F09EFCCE
:10C1D00013BD1FB504001348D0E9002321006846B1
:10C1E00000F072FC010014F5A27000F07FFC14F561
:10C1F000A270C4F840011FBD1CB50400D4F858015A
:10C200000090064BD4F8542114F59E71044800F0B8
:10C210005BFD13BDC47C04087CAB0408E80000246B
:10C22000E400002484AB04082DE9F84306000F0065
:10C2300090469946089C099D7760C6F80880C6F824
:10C240000C9000203061002070610020B06100205F
:10C25000F06116F1200000F015FE002086F838008D
:10C260000020F06300203064002070640020B0647F
:10C27000002086F84C00012086F84D00002086F84A
:10C280004E00002086F84F000020306516F1540063
:10C29000FFF778FA002086F85C0000203066002066
:10C2A00070660020B066012086F86C00002086F8D9
:10C2B0006D00002086F86E00012086F86F000020D7
:10C2C00086F87000002086F87100002086F8720061
:10C2D000002086F87300002086F874000020B06704
:10C2E000002086F87C00002086F87D00012086F87A
:10C2F0007E00012086F87F00002086F88000042060
:10C3000086F88100280080B296F8811090FBF1F049
:10C31000A6F88200B6F88200032190FBF1F0A6F89F
:10C3200084001420A6F886000E4806600E4804809B
:10C3300000880E4908800E48058000880D49088055
:10C3400000200D4908702000290080B289B288427F
:10C3500001D3002000E0012086F838003000BDE85D
:10C36000F28300BF74C003246CC0032470C0032494
:10C370006EC0032472C003246AC003247047704750
:10C3800010B50400200000F088FD0B482060201D3F
:10C39000FFF7F8F914F10C00FFF7F4F914F1260097
:10C3A000FFF7F0F914F13400FDF7E0F814F158004C
:10C3B00000F07AFD200010BD0884040810B50400C8
:10C3C000200000F07DFD10BD10B50400200000F03D
:10C3D000B3FD10BD10B50400200000F0B9FD10BD84
:10C3E00010B50446201DFFF7CDF904F10C00FFF74E
:10C3F000C9F9002104F1240061610123A161054A0A
:10C40000E1612184618401704370226041602046B3
:10C4100010BD00BF3C6B04083EB505460C462188A4
:10C42000A8884118204621806388EA88291DD318EE
:10C430006380FFF7DBFDB4F90420012AA4BFB4F93F
:10C44000060001281CDB686928B1214604682269BE
:10C45000904703B030BD384B1968081D85420FD195
:10C46000FDF742FA0546684621460822E6F774FEC3
:10C470002C68DDE900010A460146236C28469847EE
:10C4800003B030BD1CB5B0F90A30B0F90840002245
:10C4900069460092ADF80440ADF8063003681A69A9
:10C4A000904713BD38B505460C462188A888411829
:10C4B000204621806388EA88291DD3186380FFF70E
:10C4C00095FDB4F90420012AA4BFB4F9060001289F
:10C4D00007DB686928B1036821469A6ABDE83840DD
:10C4E000104731BD3EB504460846B0F90A10B0F910
:10C4F000085000230093ADF80450ADF8061005680D
:10C500006946EA6A9047204669460822E6F724FE13
:10C5100003B030BD18B40A8883889A180A804C8802
:10C52000C28814194C80406918B10368DA6A18BCD3
:10C53000104711BC70470000E4000024F8B506461F
:10C540000D46B54208D1DFF82003202200F12C016E
:10C55000E6F7F0FDAFF30080686948B1DFF8080343
:10C56000212200F12C018830E6F7E4FDAFF30080D2
:10C5700000206E61A861B46A0CB9B562F1BDBA4F12
:10C5800007F1C0060AE0AC4207D1322207F12C01C4
:10C590003046E6F7CFFDAFF30080A469A06900281C
:10C5A000F1D1AC4207D1352207F12C013046E6F734
:10C5B000C1FDAFF30080A561F1BD90F82520002AF0
:10C5C00000D17047F8B588B0846AACB302A80822DD
:10C5D000E6F7C2FD94F8255025B9A469002CF9D1DD
:10C5E00009B0F0BDDDE90201CDE90401211D04A877
:10C5F000FFF7FCFCDDE90467CDE90667DDE906230A
:10C60000CDE90023BDF904100129A4BFBDF906003E
:10C610000128E2DBBDF80010A088091AADF800106F
:10C62000BDF80210E088091A2046ADF80210236810
:10C6300069469A689047D0E709B0F0BDF8B516464C
:10C640000D4600F124021F46117801B1386054688C
:10C6500016E094F8251091B132462946201D00F0CD
:10C6600092FC60B1E288A188D4F800E03B46204605
:10C67000DEF824C0B21A691A12B209B2E047A469FE
:10C68000002CE6D1F1BD2DE9F04F8B46814677496C
:10C690008BB00868DDF850C0159E4FF0000EF046D4
:10C6A0001F4690F84D50ACF800E0A6F80080144604
:10C6B000C7F8008059464846FFF7C0FF042DC0F276
:10C6C000CE80494602A8FFF70DFF39684FF0FF3AC8
:10C6D00001B388466846FFF705FFBDF90410BDF9B0
:10C6E0000820BDF9000001EBD17102EB0B0ABDF986
:10C6F0000620AAEB000ABDF90200AAEB610ABDF907
:10C700000A1002EBD2720919091AA1EB620149431E
:10C710000AFB0A1A6A1E564982FB013101EBD17EDF
:10C72000BEF1040FA8BF4FF0030E03DABEF1000FF5
:10C7300040F39580BDF90A30BDF908100A9500252F
:10C740001B19CDF810E0099301EB0B020892DDF8FC
:10C7500028E0691C049A4748ADF808B001FB0EFEBA
:10C76000ADF806400597002115968B469EFBF2F228
:10C7700005EBD57E03922EF0010EA5EB0E0E00EB1D
:10C780004E1004462168039F6068039EBDF8062092
:10C790004F43BDF8081046437918ADF80410BDF9B1
:10C7A0000410B9F904C0B218614547DBB9F8083084
:10C7B0009C440FFA8CFC614540DAB9F906E011B2ED
:10C7C00071453BDBB9F80A3010B29E440FFA8EFE79
:10C7D000704533DABDF90410002000906B4612B2A8
:10C7E0004846FFF72BFF009800281CBF0146414533
:10C7F00024D0804606A8FFF775FEBDF91C00BDF9E0
:10C800001810089A099B00EBD070521ABDF91A1043
:10C81000A2EB6002BDF91E0000EBD0705B1AA3EB27
:10C8200060035B4302FB0233534507D20598009A2D
:10C830009A46026014990F80159A16800BF1010B2D
:10C840000834BBF1040F9DDB04986D1CBDF908B0E2
:10C85000BDF90640059F159E8542FFF678AF0BB0E7
:10C86000BDE8F08F00000000705D040874C0032470
:10C8700056555555DC8A04081CB5002469460094B9
:10C8800008220194E6F768FC13BD2DE9F84386B051
:10C890000E4690F82510154600291CBF846A002C0E
:10C8A00032D094F8250018B9A469002CF9D12BE0F6
:10C8B00002A831460822E6F74FFC211D02A8FFF727
:10C8C00095FBDDE90289CDE90489DDE90423CDE9A1
:10C8D0000023BDF904100129A4BFBDF906000128F9
:10C8E000E2DBBDF80010A0882A46091AADF8001056
:10C8F000BDF80210E088091A2046ADF8021027683A
:10C900006946FB6D9847CFE707B0BDE8F08310B4E8
:10C91000BDF90440018042808380C48010BC704710
:10C9200030B583B00446B4F90C0010F1010F14D1F6
:10C93000B4F90A500022002101A80095B4F908308A
:10C94000FFF7E5FF2368014620469A6A904704F105
:10C950000C0001A90822E6F7FFFB04F10C0003B06C
:10C9600030BD1CB50446B4F9221011F1010F09D1F4
:10C9700021466846FFF7B6FDBDF800102184BDF8DA
:10C9800002006084B4F9220016BD1CB50446B4F957
:10C99000201011F1010F09D121466846FFF7A2FDD1
:10C9A000BDF800102184BDF802006084B4F92000B5
:10C9B00016BD704730B4BDF90850044C04600171D5
:10C9C000C2800381458130BC704700BF6CA504085C
:10C9D00000B500BF130096469446103928BFA0E862
:10C9E0000C50FAD85FEA417C28BF0CC048BF40F821
:10C9F000042BC90728BF20F8022B48BF00F8012BE1
:10CA000000BD1CB5040004980090200000F0D4FA8A
:10CA100016BD10B50400200000F0DAFA10BD704712
:10CA200010B50400200000F0E9FA0548206000205D
:10CA30006060044AD2E90001C4E90201200010BD8F
:10CA40008CA2040874AB04080749086890F85C00DD
:10CA5000002806D00868006D002802D00868006D24
:10CA600001E008688068704774C0032410B504466C
:10CA700000F0CAFA204600F0D0FA204600F0D6FABC
:10CA8000204600F0DCFA2046BDE8104000F0E0BA95
:10CA900010B5044600F0E6FA204600F0EDFA204614
:10CAA000BDE8104000F0F2BA054A117829B94FF0FC
:10CAB000010C044B82F800C05360111D8166704761
:10CAC0003CAE032434A30408F8B506000F0014009C
:10CAD0001D00300000F092FA034830607760C6E92C
:10CAE00002453000F2BD00BF8CA2040838B5040036
:10CAF0000D002900200000F0D9FA68686060D5E9CF
:10CB00000201C4E90201200032BD70472DE9FE4F49
:10CB100005000E0017009846DDF83090B868B96837
:10CB20000968096A8847B0F59C7F06D2A32262494A
:10CB30006248E6F7FFFAAFF3008078687968096821
:10CB4000096A8847102806D2A4225B495C48E6F7A8
:10CB5000F1FAAFF30080F868F9680968096A884754
:10CB60000C2806D2A52254495648E6F7E3FAAFF35B
:10CB70000080CDF8088001960095FCF7B5FE00F026
:10CB800096FA02980068002806D002980068029978
:10CB900009680968C968884702980068002806D0B3
:10CBA000029800680299096809680968884700982E
:10CBB0000068002806D00098006800990968096894
:10CBC0004969884701980068002806D001980068E4
:10CBD0000199096809684968884700980068002831
:10CBE00006D00098006800990968096809688847B4
:10CBF00001980068002806D001980068019909682A
:10CC00000968896888470021F86800F056FA010031
:10CC10000C2000F05CFA00F05DFA82460021B86852
:10CC200000F064FA01004FF49C7000F050FA00F03C
:10CC30007EFA83460021786800F0D2FB01001020C4
:10CC400000F045FA594600F0D5FB0400C8F800A0F2
:10CC50003460C5F800B0002C01D0211D00E0002197
:10CC6000484600F001FC4946201D00F0FFFB210072
:10CC7000584600F0FDFBCDF800A00294CDF804B0BA
:10CC8000019801990968C96888470298029909685A
:10CC90000968884700990198FFF791F80098009972
:10CCA00009680969884700980099096849698847AF
:10CCB0002000BDE8FE8F00BF2873040884690408C3
:10CCC000C86504086C6604082DE9FE4F05000E00D7
:10CCD00017009846DDF83090B868B9680968096AA5
:10CCE0008847B0F5567F06D2A32262496248E6F72C
:10CCF00021FAAFF30080786879680968096A884783
:10CD0000102806D2A4225B495C48E6F713FAAFF379
:10CD10000080F868F9680968096A88470C2806D213
:10CD2000A52254495648E6F705FAAFF30080CDF83E
:10CD3000088001960095FCF7D7FD00F0B8F902983D
:10CD40000068002806D002980068029909680968FE
:10CD5000C968884702980068002806D002980068D1
:10CD600002990968096809688847009800680028DE
:10CD700006D00098006800990968096849698847E1
:10CD800001980068002806D0019800680199096898
:10CD900009684968884700980068002806D000980C
:10CDA000006800990968096809688847019800685F
:10CDB000002806D001980068019909680968896807
:10CDC00088470021F86800F078F901000C2000F095
:10CDD0007EF900F07FF982460021B86800F04AFB36
:10CDE00001004FF4567000F072F900F07DFB8346AD
:10CDF0000021786800F053FD0100102000F067F971
:10CE0000594600F057FD0400C8F800A03460C5F88A
:10CE100000B0002C01D0211D00E00021484600F0A8
:10CE200023FB4946201D00F021FB2100584600F05D
:10CE3000EDFDCDF800A00294CDF804B00198019961
:10CE40000968C9688847029802990968096888478B
:10CE500000990198FEF7B3FF0098009909680969E5
:10CE60008847009800990968496988472000BDE80B
:10CE7000FE8F00BF90730408146A0408106704084A
:10CE8000B467040810B50400200000F0C1FD0020C4
:10CE900020610020A082200010BD10B504002000F9
:10CEA00000F0C7FD10BD704710B50400200000F071
:10CEB000C1FD02482060200010BD00BF486F04087B
:10CEC00070B50500280000F061FE184828600126B2
:10CED000FFF7BAFD0168096B88473100C9B2884283
:10CEE00001D1012400E00024FBF754FF00F054FEC0
:10CEF00000280ED0FBF74EFF00F04EFE0168096BD4
:10CF000088473100C9B2884201D1012000E00020E9
:10CF10000443E4B2002C06D1272205490548E6F770
:10CF200009F9AFF30080280070BD00BFB89F040866
:10CF3000F86D04088877040810B5040003482060E1
:10CF4000201D00F02BFE200010BD00BFF4A404083B
:10CF500010B50400200000F019FE0020208164209C
:10CF600060810020E06000202074002060740020B8
:10CF7000A074002060610020A0610020E06100201A
:10CF80002062200010BD10B4B0F90040A1420FDBB8
:10CF900083881C1924B2A1420ADAB0F902108A422D
:10CFA00006DBC088411809B28A42B8BF012000DB05
:10CFB000002010BC7047704730B4029C034D0560E0
:10CFC00041608260C360046130BC7047E4A804081B
:10CFD00010B504002000FCF74BFC06482060002040
:10CFE000C4F83C010020C4F840010348046020005C
:10CFF00010BD00BF707C0408E000002410B50400E0
:10D00000200000F0CEFD10BD10B5044600F0CAFDB2
:10D010002046BDE8104000F0D5BD10B5044600F034
:10D02000E1FD2046BDE8104000F0ECBD10B504461F
:10D0300000F0F8FD2046BDE8104000F003BE10B53A
:10D04000044600F00FFE2046BDE8104000F01ABE76
:10D0500010B5044600F026FE2046BDE8104000F062
:10D0600031BE7047034A117809B901231370121DAC
:10D07000C265704768010024034A117809B9012389
:10D080001370121D0266704770010024054A117862
:10D0900029B94FF0010C044B82F800C05360111DF8
:10D0A00041667047945803241CA30408704710B5C8
:10D0B0000400201DFDF76BFD10BD38B504000D0008
:10D0C000290089B220002268526A904732BD0800C8
:10D0D0007047704710B50400200000F003FE0248BE
:10D0E0002060200010BD00BF649C040838B5040017
:10D0F0000D00290089B220002268526A904732BD93
:10D100007CB5FF24250026002000C0B23100C9B242
:10D11000090251EA00412800C0B2014351F07F41A9
:10D120006846FEF7FFFA0068A549086073BD10B5B0
:10D130000400200000F0DCFDA248206014F16C0027
:10D1400000F01AFE200010BD7CB504009E48F4F7E4
:10D1500025FD9E48F4F770FD200000F00CFE002035
:10D16000A4F8B80040F23F1000904FF4217355220C
:10D170004B2114F16C0000F00DFE0221684600F016
:10D1800021FE010014F16C0001F040F814F1B80127
:10D1900014F16C0001F040FB8948056814F16C063D
:10D1A000356314F16C01200001F03EFB73BD10B536
:10D1B0000400200001F040FB10BD2DE9FE4F0400EB
:10D1C0000D0029008248F4F7E9FC804E3000F4F7A6
:10D1D00033FD00275FF00008380080B2285C00288B
:10D1E00071D0404680B23F286DD2380080B2295CB1
:10D1F0000800C0B280280BD20800C0B2424692B2EA
:10D2000004EB4202A2F8B80018F101087F1CE3E722
:10D210000800C0B210F0E000C0281DD1380080B274
:10D2200028444078002817D0380080B2284440783D
:10D230000A00D2B2920112F4F8620300DBB213F0DA
:10D240003F031A4343469BB204EB4303A3F8B820C1
:10D2500018F10108BF1CBFE70800C0B210F0F000D1
:10D26000E0282ED1380080B228444078002828D009
:10D27000380080B228448078002822D0380080B25C
:10D28000284440783A0092B22A4492780B00DBB2EC
:10D2900084465FFA8CFC5FEA8C1C1CF47C6C5CEAB4
:10D2A000033C1300DBB213F03F0353EA0C0C43467C
:10D2B0009BB204EB4303A3F8B8C018F10108FF1CAC
:10D2C0008AE77F1C88E70020414689B204EB4101D0
:10D2D000A1F8B800404680B2002819D0404680B27C
:10D2E00004EB4000B0F8B6000A2807D0404680B2F0
:10D2F00004EB4000B0F8B6000D2809D1B8F10108E0
:10D300000020414689B204EB4101A1F8B800E1E7F1
:10D310005FF0000900210800424680B292B29042BC
:10D320001AD24846C0B2002816D1080080B204EBD9
:10D330004000B0F8B800B0F5B66F0BD3080080B26B
:10D3400004EB4000B0F8B80040F2EB52904201D23A
:10D3500001208146491CDEE714F16C00FFF792F8CA
:10D360004846C0B2002801D0032100E0022189B262
:10D37000684600F027FD010014F16C0000F046FF44
:10D3800014F1B80114F16C0001F046FA0C48D0F821
:10D3900000A014F16C0BCBF830A014F16C00FFF777
:10D3A00071F84846C0B2002801D00A4900E00A4995
:10D3B0000A48F4F7F3FB3000F4F73EFCBDE8F78FC2
:10D3C00054C10324B8910408CC8C0408C001002483
:10D3D000F4980408CCAA0408D8AA04087C9D040880
:10D3E00038B504000D00290089B220002268526A75
:10D3F000904732BD38B504000D00200001F01DFA41
:10D40000201D01F020FA144810F108012160283095
:10D410006060E560200032BD70477047001F38B57E
:10D4200004000D0029000D48F4F7B8FB0C48F4F790
:10D4300003FC2900E068FFF7C0FE31BD001F10B5F6
:10D4400004000848F4F7AAFB0548F4F7F5FBFCF7DD
:10D450004BFAFEF7BEFE10BDDC840408989B04085E
:10D46000C00100245C8E0408016070474160704771
:10D47000C163704738B504000D00290089B220004F
:10D480002268526A904732BD2DE9FE43FF242500F1
:10D4900026002000C0B23100C9B2090251EA0041A1
:10D4A0002800C0B2014351F07F4101A8FEF73AF9CC
:10D4B00000689F490860C8275FF0C8085FF0C80986
:10D4C0004846C0B24146C9B2090251EA004138009B
:10D4D000C0B2014351F07F416846FEF723F900686E
:10D4E00094490860BDE8F7832DE9F84F0400200057
:10D4F00001F0B0F990482060002084F854034FF404
:10D500008075002614F5D677320029003800E5F73B
:10D5100093FC80275FF0000814F52B794246390010
:10D520004846E5F789FC5FF028095FF0000A14F52A
:10D530004B7B524649465846E5F77EFC2000BDE845
:10D54000F28F10B50400200001F0FBF97B48F4F7DE
:10D5500025FB7B48F4F770FB002114F16C0001F00F
:10D56000F2F9012084F8540310BD10B50400002026
:10D5700084F85403200001F0E5F910BD2DE9F84FBF
:10D5800004000D001600802214F5D671280000F06A
:10D59000E9F8804614F1C800FEF774FF14F5D6715F
:10D5A00014F1C80001F038F96148076814F1C8099E
:10D5B000C9F8307014F1C800FEF764FF4046C0B2ED
:10D5C000002801D05F4900E05F492A005F48F4F776
:10D5D000E5FA5B4F3800F4F72FFB402214F52B716E
:10D5E000300000F0BFF8814614F58A70FEF74AFF5C
:10D5F00014F52B7114F58A7001F00EF94D48D0F82E
:10D6000000A014F58A7BCBF830A014F58A70FEF7E1
:10D6100039FF4846C0B2002801D04A4900E04A49D3
:10D6200032004B48F4F7BAFA3800F4F705FB002152
:10D6300014F19C0001F08AF914F19C00FEF722FF1E
:10D6400094F8540300280AD14248F4F7A7FA3800A6
:10D65000F4F7F2FA200001F07BF9FEF7BAFDBDE81D
:10D66000F18F2DE9F04104000D0016001F003B0072
:10D67000320029003848F4F791FADFF8C4804046B8
:10D68000F4F7DAFA290014F16C0001F066F9FF21D1
:10D6900014F16C0001F057F914F16C00FEF7F2FE82
:10D6A0003A0031002D48F4F779FA4046F4F7C4FA0D
:10D6B000BDE8F0812DE9F04104000D00802214F551
:10D6C000D671280000F04EF8060014F1C800FEF7ED
:10D6D000D9FE14F5D67114F1C80001F09DF8144874
:10D6E000076814F1C808C8F8307014F1C800FEF7D4
:10D6F000C9FE0020A4F8AC0214F52B7114F58A7051
:10D7000001F08AF814F58A70FEF7BCFE94F8540311
:10D71000002804D1200001F01BF9FEF75AFD290072
:10D720000F48F4F73BFA0648F4F786FABDE8F081B3
:10D7300030C1032434C10324B490040854A1040864
:10D74000C0010024DCA90408E8A90408109F04080B
:10D75000109D0408349D04089C980408048704085C
:10D76000309F04082DE9F04104000B000021002542
:10D770000026280080B2205C002800F0878030005E
:10D7800080B21700BFB27F1EB84280F07F802800B1
:10D7900080B2275C3800C0B2802809D23800C0B2FD
:10D7A000B4461FFA8CFC23F81C00761C6D1CE0E7C5
:10D7B0003800C0B210F0E000C0282ED1280080B29E
:10D7C00020444078002828D0280080B2204490F8D7
:10D7D00001C0BE465FFA8EFE5FEA8E1E1EF4F86E32
:10D7E0006046C0B210F03F0050EA0E00B6461FFA85
:10D7F0008EFE23F81E00761C86461FFA8EFEBEF5AE
:10D80000B26F08D386461FFA8EFEBEF5C06F02D2F5
:10D810005FF0010E7146AD1CABE73800C0B210F0EE
:10D82000F000E02830D1280080B220444078002861
:10D830002AD0280080B220448078002824D02800F4
:10D8400080B220444078AC461FFA8CFCA4449CF87B
:10D8500002C0BE465FFA8EFE80465FFA88F85FEA35
:10D86000881818F47C6858EA0E38E6465FFA8EFE8F
:10D870001EF03F0E5EEA0808B6461FFA8EFE23F839
:10D880001E80761CED1C74E76D1C72E700203700CB
:10D89000BFB223F817000800C0B2BDE8F08138B568
:10D8A00004000D00290089B220002268526A9047C6
:10D8B00032BD704738B504000D00200000F0BDFFF8
:10D8C000201D00F0C0FF484810F1080121603030F1
:10D8D0006060E560200032BD38B5F2B00400434816
:10D8E000F4F75CF9424D2800F4F7A6F9A06801F0BE
:10D8F00036F8002825D0A168684601F033F839A829
:10D900006946E422E5F738FC9DF8E40002280BD1D3
:10D910003AA93848F4F742F92800F4F78DF93AA902
:10D92000E068FFF7C7FE0CE03AA93348F4F736F990
:10D930002800F4F781F96AAB5AAA3AA9E068FFF720
:10D940001DFEA06801F022F8002811D0A1686846E9
:10D9500001F01FF8039A02992848F4F71FF92800EC
:10D96000F4F76AF9039B029A0199E068FFF779FEE0
:10D9700073B030BD001FF8B504000D0016001F0085
:10D9800029001F48F4F70AF91948F4F755F93B0044
:10D9900032002900E068FFF7F1FDF1BD001FF8B586
:10D9A00004000D0016001F003A0031001548F4F77E
:10D9B000F5F80F48F4F740F93B0032002900E06821
:10D9C000FFF74FFEF1BD001F38B504000D00290020
:10D9D0000D48F4F7E3F80648F4F72EF92900E0685B
:10D9E000FFF768FE31BD0000008004089C89040830
:10D9F000C00100241898040844980408A09504085D
:10DA0000D09E040870980408F09E0408C163704713
:10DA10000021018000214180002181800021C180FE
:10DA20000021018100214181002181810021817338
:10DA30007047704700BF38B504462621FEF71AFB31
:10DA4000002304F12400A3800025E3800121238129
:10DA5000FF226381A381E381238263826361A361E7
:10DA6000E36123846384474B0570417023608270B7
:10DA70004560204632BDF8B586B0044623680D46A1
:10DA8000214602A89A6E904704A802A90822E5F749
:10DA900063FB02A829460822E5F75EFB04A902A859
:10DAA000FEF7A4FADDE90267CDE90467DDE90423A6
:10DAB000CDE90023A06A002861D00368211DDA683F
:10DAC000904700285BD0BDF90460012EA4BFBDF9CA
:10DAD0000650012D53DB2C4802781AB1012A27D0B9
:10DAE00007B0F0BDBDF802106D182DB21BE0401C50
:10DAF0004010ADF80600236869462046DA6E90476C
:10DB000018B9BDF906000128F1D1BDF90600BDF82C
:10DB100002104118401800B2ADF802108542BCBF97
:10DB2000691AADF80610BDF90210A94227DAE2E73A
:10DB3000BDF80000361836B21DE0401C4010ADF8AC
:10DB40000400236869462046DA6E904718B9BDF98B
:10DB500004000128F1D1BDF90400BDF80030C3185C
:10DB6000ADF80030BDF80010401800B28642BCBFCE
:10DB7000701AADF80400BDF90010B142E1DB07B046
:10DB8000F0BD0000C06F04086AC0032410B5040093
:10DB9000200000F012FF10BD006D704700210160F1
:10DBA00070477047064A117809B9012313705178FC
:10DBB00009B901235370111D083241658265704710
:10DBC00050010024064A117809B9012313705178D5
:10DBD00009B901235370111D0832C16402657047F1
:10DBE0005C010024064A117809B9012313705178A9
:10DBF00009B901235370111D0832416482647047D2
:10DC000038010024064A117809B9012313705178AC
:10DC100009B901235370111D0832C16302647047B2
:10DC200044010024064A117809B901231370517880
:10DC300009B901235370111D083241628262704795
:10DC400008010024064A117809B90123137051789C
:10DC500009B901235370111D0832C1610262704776
:10DC600014010024064A117809B901231370517870
:10DC700009B901235370111D083241618261704757
:10DC8000F0000024064A117809B901231370517875
:10DC900009B901235370111D0832C1600261704738
:10DCA000FC000024064A117809B901231370517849
:10DCB00009B901235370111D083241638263704713
:10DCC00020010024064A117809B901231370517804
:10DCD00009B901235370111D0832C16202637047F4
:10DCE0002C01002410B50400200000F069FE10BDD6
:10DCF00010B50400200000F007F810BD10B50400B6
:10DD0000200000F037F810BDF8B50400200000F046
:10DD100061FE1748206014F1400000F061FE4FF4EE
:10DD2000F07000904FF448730022002114F140007D
:10DD300000F030F80025002600273800C0B231007E
:10DD4000C9B2090251EA00412800C0B2014351F0B2
:10DD50007F416846FDF7E6FC016814F1400000F0E1
:10DD600057FE14F14001200000F05EFD2000F2BDDE
:10DD7000209204087047704710B50400200000F09E
:10DD800049FE034820600020A064200010BD00BFB1
:10DD9000AC6A04082DE9F04104000D0016001F00D4
:10DDA000BDF91880320012B2290009B2200000F03B
:10DDB00037FE424612B2390009B2200000F041FE9F
:10DDC000BDE8F081014A02608180704774A70408B1
:10DDD000F8B50446DFF81856A28D29888A4221D268
:10DDE000DFF810663068A8B9DFF80C76842239466F
:10DDF000DFF80806E5F79EF9AFF30080A08D2988CB
:10DE0000884207D385223946DFF8D009E5F792F931
:10DE1000AFF30080A18D306800EB4102507800F034
:10DE20000300F2BD0020F2BDF8B50446DFF8C0558E
:10DE3000A38D2888834232D221682046D1F88020E1
:10DE40009047236806462046D96F88470746DFF883
:10DE5000A425106840B96022DFF8A415DFF8A405F6
:10DE6000E5F768F9AFF30080A08D2988884208D3D0
:10DE70006122DFF88C15DFF89005E5F75BF9AFF369
:10DE80000080A18DDFF858090068E5F72CF92568B6
:10DE90000146204633463A46AC6FA047F2BD00200B
:10DEA000F2BD2DE9FC470446DFF84455A28D2888D1
:10DEB000824275D2DFF83C653168A9B9DFF8247970
:10DEC0006C223946DFF82009E5F734F9AFF300801A
:10DED000A18D2888814207D36D223946DFF80C09CD
:10DEE000E5F728F9AFF30080A18D3268DFF800393B
:10DEF0002768186812F81130D7F8802050F823905E
:10DF000020469047236807462046D96F88478046B9
:10DF1000306840B96022DFF8E814DFF8E804E5F77C
:10DF200009F9AFF30080A18D2888814208D36122CE
:10DF3000DFF8CC14DFF8D004E5F7FCF8AFF300808D
:10DF4000A18DDFF89C281068E5F7CDF8824630688F
:10DF500040B99022DFF89C18DFF89C08E5F7EAF852
:10DF6000AFF30080A08D2988884208D39122DFF882
:10DF70008418DFF88808E5F7DDF8AFF30080009734
:10DF8000A18D3068D9F800504346524600EB410459
:10DF900048466678EC69C6F38101A047BDE8F6877C
:10DFA0000020BDE8F6872DE9F8418DB00646DFF880
:10DFB0004054B78D2C88A74280F0258106A80822FE
:10DFC000E5F7CAF8B6F82C80A04570D2DFF82474C3
:10DFD0003C68ACB9DFF8284460222146DFF824040D
:10DFE000E5F7A8F8AFF30080B18D2888814207D308
:10DFF00061222146DFF81004E5F79CF8AFF30080BA
:10E00000B18DDFF8DC070068E5F76DF8014606F131
:10E010003C0000F027FD002849D0BDF918C006F1EA
:10E020003601B1F90620B1F90870B1F90A00B1F969
:10E030000C10801803B29C4525DABDF81840BDF8D5
:10E040001CC0A4440FFA8CF39A42BFBFBDF91AE07A
:10E05000C9190CB2A64516DABDF81E4074440FFA71
:10E0600084F847450FDABDF918309342B8BF13461C
:10E070007246BA42B8BF3A460FFA8CFE07B2BE45A6
:10E0800005DA604603E0002106910791BBE0C01A63
:10E0900027B20FFA81FCADF81C006745B8BF2146D6
:10E0A000891AADF81830ADF81E10ADF81A20BDF978
:10E0B0001C000128A4BFBDF91E100129C0F2A380D5
:10E0C000DFF83073386840B96C22DFF81817DFF8D2
:10E0D0001807E5F72FF8AFF30080B08D2988884244
:10E0E00008D36D22DFF8FC16DFF80007E5F722F809
:10E0F000AFF30080B28D3868DFF8F446216810F87D
:10E10000123051F82340002C7DD040B99022DFF826
:10E11000E416DFF8E406E5F70DF8AFF30080B08D04
:10E120002988884208D39122DFF8C816DFF8CC0688
:10E13000E5F700F8AFF30080B08D3968326801EB85
:10E140004003304693F801C0D16ECCF38108884774
:10E1500006F13601CB7805934A78CDF80C8004920D
:10E1600091F802C0CDF808C0B6F93430009008A884
:10E1700001930B78326B214600F083FC3168304606
:10E18000D1F880309847326880463046D16F884752
:10E190000446386840B96022DFF86412DFF8640290
:10E1A000E4F7C8FFAFF30080B08D2988884208D318
:10E1B0006122DFF84C12DFF85002E4F7BBFFAFF347
:10E1C0000080B18DDFF818060068E4F78CFF054683
:10E1D000314604A8FEF786F9DFF82416096891F89D
:10E1E0005C0000281ABF086D00288868029408A9FE
:10E1F000019506AB0091DDE90445CDF80C80214680
:10E200002A46E4F721FF0EB0BDE8F08178B583B06F
:10E210000446B4F908008988A185002801BFB4F933
:10E220000A100029204600F00EF8214654F83C6BF5
:10E230006846D6F88450A847684690E80E0084E8FF
:10E240000E0004B070BD38B50446DFF8B855A08D97
:10E250002A88904216D2216820464B6F9847226840
:10E2600005462046116F8847014694F8380000287B
:10E2700013BF02280A4629B22AB22046BDE8384018
:10E2800000F0DFBB31BD0CB42DE9F04F9BB005466B
:10E29000574FAA8D38880C46824280F09B80554E9D
:10E2A0000DF19008316841B96C22DFF83815DFF8BC
:10E2B0003805E4F73FFFAFF30080A88D3988884226
:10E2C00008D36D22DFF81C15DFF82005E4F732FFD4
:10E2D000AFF300800194AA8D3168DFF81495D9F866
:10E2E000000011F8123050F823A0DAF800108A6B01
:10E2F00050469047044602A8E3F772FADAF8001095
:10E3000050460A6D9047DAF8003083465046D96C83
:10E31000884701990346CDF800B0424602A8E3F7CA
:10E32000B8FB3068B5F9088040B96C22DFF8B41446
:10E33000DFF8B404E4F7FEFEAFF30080A88D39885F
:10E34000884208D36D22DFF89C14DFF8A004E4F7BC
:10E35000F1FEAFF30080AB8D3068D9F8001010F8F3
:10E36000132051F8229040B99022DFF88814DFF88A
:10E370008804E4F7DFFEAFF30080A88D3988884277
:10E3800008D39122DFF86C14DFF87004E4F7D2FEB2
:10E39000AFF3008005F13701366808784B46A8EBEB
:10E3A00000080FFA88F8CDF80080AA8D897806EB6E
:10E3B0004200477802A8C7F38102E4F78FFFB5F95E
:10E3C000341022B28B18012B07DB441E614302FB81
:10E3D000001007E01BB0002006E000B20128ACBF2F
:10E3E000204600201BB000B2BDE8F00F5DF80CFB2A
:10E3F00000C20324E0C103245C7F040814880408DD
:10E40000087F0408D08704081C8B04082DE9F14F0D
:10E41000AEB00C46DFF8EC13A08D0A88904280F075
:10E420008D80DFF8E4532B68BBB9DFF8B8536C225A
:10E430002946DFF8B403E4F77DFEAFF30080DFF890
:10E44000C423A08D1188884207D36D222946DFF8A6
:10E450009C03E4F76FFEAFF30080DFF8AC03DFF856
:10E460009053A38D0068296810F8132051F82250AA
:10E4700040B96022DFF89413DFF89403E4F75AFE02
:10E48000AFF30080DFF87C130691A08D09888842E5
:10E4900008D36122DFF87413DFF87803E4F74AFE4B
:10E4A000AFF30080A18DCE48006804F1370BE4F78C
:10E4B0001AFE2968064628468A6B9047ADF8100078
:10E4C000A28E0023ADF81430ADF81230111809B245
:10E4D00007919BF80200002877D10BA8E3F780F999
:10E4E00023682046D3F880108847226807462046D4
:10E4F000D36F98472968804628460A6D90472B6855
:10E5000081462846D96C884702460197CDF800809D
:10E510004B4631460BA8E3F7D2FA9BF801000028DE
:10E520001ABF0228B4F90890B4F90A90079EBDF901
:10E530001470BDF81280DFF8D0A23AE000224FF04C
:10E54000FF3100922E9CADF804106846ADF806101D
:10E5500002923CE10699A08D0A88904206D391224E
:10E56000A449A648E4F7E6FDAFF30080A18DDAF8F0
:10E57000000000EB410229460BA8537847F6FF72D2
:10E58000C3F38103E4F76CFE39B28842A8BF0746A3
:10E590000BA8A9EB0609E3F778F9002808F10108B0
:10E5A0000FFA89F940F09180297A49440129C0F293
:10E5B0008C80DAF800000028CCD190228D498E485A
:10E5C000E4F7B8FDAFF30080C4E714A8E3F708F957
:10E5D00022682046D2F8801088472368814620466A
:10E5E000DA6F90472968074628460B6D98472A68D6
:10E5F00080462846D16C88470246CDF804900097A3
:10E600004346314614A8E3F75AFA9BF80100002864
:10E6100018BF022807BFB4F90860B4F90A90B4F92A
:10E620000A60B4F908907849086830B990227149B5
:10E630007148E4F77FFDAFF300800699A08D0A884A
:10E64000904206D391226B496C48E4F773FDAFF317
:10E6500000809BF802006C4A0390B4F934100195D5
:10E6600010680291A18D00EB410314A95A781FFA9A
:10E6700089F3C2F3810000909BF80000361AB2B211
:10E680000BA8E5F7A4FE0DF14A00DDF81C80009010
:10E69000BDF91460BDF812700BA8E5F70BFDBDF8CD
:10E6A0004A0031B28842A8BF0646BDF82C00A9EB4B
:10E6B00008097F1C0FFA89F958B10099087940B907
:10E6C0002A7A4A44012AE7DA03E030463E464746C2
:10E6D00000E04046BFB2B4F934107843BDF91020D1
:10E6E000401A00B29042B8BF1046697A002700EB8A
:10E6F00001099BF80100002816BF0228B4F9088020
:10E70000B4F90A8022682046D16E884701280AD0D1
:10E71000022811BF9BF80080A8EB06089BF80000B8
:10E72000A8EB000806E030B2A8EB000808EBD878A8
:10E730004FEA6808E87A297BA8EB000886199BF85D
:10E7400001007518012804D01BD3032811D007D36A
:10E7500017E04746B4F808802846A8EB09080EE001
:10E7600020896789A0EB0808A8EB0508A7EB090733
:10E7700007E005EB0801B846678928467F1A4D4631
:10E7800081462149086830B9602220492048E4F7D1
:10E79000D1FCAFF30080069AA08D1188884206D381
:10E7A00061221A491B48E4F7C5FCAFF30080A18D34
:10E7B0000B480068E4F797FC0A902E9CADF8208087
:10E7C00008A8ADF82270ADF82450ADF8269090E876
:10E7D0002C0084E82C002FB0BDE8F08F5C8B04087F
:10E7E000E4C1032458720408B08504089C88040816
:10E7F000E8C10324C0720408F4850408DC88040816
:10E8000074C0032400C20324E0C10324087F040869
:10E81000D08704081C8B040838B504000D002900BB
:10E82000200000F043F931BD38B504000D00290087
:10E83000201DFDF783FE31BD704710B50400200098
:10E8400000F036F910BD10B50400200000F036F9D4
:10E8500010BD704710B50400200000F007F810BD8F
:10E8600010B50400200000F06BF810BDF8B50400EE
:10E87000200000F02BF93148206014F1400000F036
:10E88000AFF814F16C0000F027F914F19C0000F0CF
:10E89000A7F814F1C800FFF76FFA14F58A70FFF7B4
:10E8A0006BFA14F5B070FFF767FA4FF4F070009050
:10E8B0004FF448730022002114F14000FFF76AFA78
:10E8C0001225122612273800C0B23100C9B209023F
:10E8D00051EA00412800C0B2014351F07F4168462F
:10E8E000FCF720FF016814F1400000F091F814F1EA
:10E8F00040012000FFF798FF4FF4F07000904FF4B4
:10E9000048730022002114F16C00FFF743FA012143
:10E9100014F16C0000F0F8F8002114F16C0000F024
:10E920001CF8002114F16C0000F00DF814F16C01DA
:10E930002000FFF779FF2000F2BD00001C910408C1
:10E9400070477047704780F82D10704701817047FD
:10E9500010B50400FAF7C8FF10BD8162704790F847
:10E960008402704730B5B9B004000D00002085F86E
:10E970008402684615F52271E422E4F7FDFB2000CD
:10E980006946E422E4F7F8FB39B030BD90F885021F
:10E99000704730B5B9B004000D00002085F885023D
:10E9A000684615F55B71E422E4F7E6FB2000694652
:10E9B000E422E4F7E1FB39B030BD002181807047EB
:10E9C000034901600021416000210172704700BFCE
:10E9D000409C040810B50400200000F099F810BD18
:10E9E00010B50400262100222000E4F725FA2000BB
:10E9F00000F09CF805482060FF2084F826000021E4
:10EA000014F12800FCF78EFE200010BD38750408B4
:10EA10008162704710B50400200000F08DF810BD31
:10EA200070B504000D001600290009B2200022680C
:10EA3000126B9047310009B220002268526B904758
:10EA400070BD70B504000D001600290009B2200049
:10EA50002268926B9047310009B220002268D26B85
:10EA6000904770BDB0F90630002B5CBFB0F90420B0
:10EA7000002A04D48068884201D101207047002018
:10EA80007047F0B5059CBDF918E0079D089E099FE9
:10EA9000DDF828C001600471467185718260A0F8BC
:10EAA0000CE08373C77380F810C0F0BD81647047B9
:10EAB00001490160704700BFA4A204080249016037
:10EAC00000214160704700BF509B040810B504004E
:10EAD000200000F03DF810BD10B5040026210022F2
:10EAE0002000E4F7A9F9200000F020F80548206094
:10EAF0000020A062012084F82C00FF2084F82D0063
:10EB0000200010BDD074040880F82C1070477047A6
:10EB100010B504002000FCF7B1FE0348206000207F
:10EB2000E063200010BD00BFEC91040810B50400A4
:10EB3000200000F01BF810BD10B50400200000F00C
:10EB40001CF802482060200010BD00BFCC6B0408F8
:10EB500010B504002000FCF791FE0348206000205F
:10EB6000E063200010BD00BFE890040810B5040069
:10EB7000200000F008F8200010BD10B504002000AF
:10EB800000F008F810BD10B50400200000F030F8C7
:10EB900010BD704710B50400262100222000E4F7C4
:10EBA0004BF92000FFF7C2FF104820604FF6FF71BD
:10EBB00014F12800FFF706F9002114F13000FCF7EA
:10EBC000B1FD0020A086FF2084F83600002084F8E4
:10EBD0003700002084F83800002084F8390014F150
:10EBE0003C0000F020F8200010BD00BF5C6C040861
:10EBF00010B50400201DFCF7C5FD14F10C00FCF756
:10EC0000C1FD002060610020A0610020E0610020C3
:10EC1000208400206084002084F82400012084F8EF
:10EC20002500200010BD1CB504005FF0FF300090EF
:10EC30005FF0FF33002200212000FDF768FE002076
:10EC4000A060200016BD704738B504461546201D4B
:10EC50000822E4F781FA04F126002946082200255B
:10EC6000E4F77AFAA56104F13400FAF790FCFF208A
:10EC70004FF07E5360770122A07704F12400C36037
:10EC80000270457031BD0021C184018541858185B7
:10EC9000806910B102681169084770472DE9F04793
:10ECA00084B0044689469246984602A804F126019B
:10ECB0000822E4F751FABDF90C50012DA4BFBDF9AB
:10ECC0000E70012F5CDBDFF83C1B0C9E087810B146
:10ECD00001282AD054E0BDF80A20BF183FB21FE037
:10ECE000401C4010ADF80E0002A843460190524669
:10ECF00000964946204600F047F818B9BDF90E00C5
:10ED00000128EDD1BDF90E00BDF80A1041184018D8
:10ED100000B2ADF80A108742BCBF791AADF80E10E8
:10ED2000BDF90A10B9422BDADEE7BDF808002D184C
:10ED30002DB221E0401C4010ADF80C0002A8434663
:10ED40000190524600964946204600F01DF818B939
:10ED5000BDF90C000128EDD1BDF90C00BDF808305B
:10ED6000C318ADF80830BDF80810401800B285424D
:10ED7000BCBF681AADF80C00BDF90810A942DDDB74
:10ED800004B0BDE8F0870000FEB50C00064617464B
:10ED90001D4608D15FF08702DFF86C1A10A0E4F777
:10EDA000C9F9AFF3008045B95FF08802DFF8581A5F
:10EDB0000DA0E4F7BFF9AFF30080307F089A0999FE
:10EDC000009201912B463A4621460028304603D056
:10EDD00000F00EF803B0F0BD00F0D6F903B0F0BDBE
:10EDE000636D647300000000706F696E74730000DF
:10EDF0002DE9F84F4FF0FF0C8A462DED0A8BA0B09D
:10EE00009B46CDF800C0359B05461446A9692A1DCE
:10EE100002A8002701F06BF82A7F012A0CBF01200D
:10EE200000208DF84C00DFEDD20A9FEDD10A05F1EC
:10EE30003400FAF748FC002CDFEDCDAA9FEDCCAAF8
:10EE4000B0EE408AF0EE608A00F07881DFF8BC898D
:10EE5000DDF8D0909AF80000062800F26A81DFE819
:10EE600010F00700170048007D00AD00DD0018011C
:10EE7000B94503D302A801F056F95AE1A22208F1DC
:10EE800044010FF2F020E4F755F9AFF30080F1E709
:10EE9000BE1CB14523D30BEB8700D0ED00AAB0EE2A
:10EEA0006A0A90ED01AA05F13400F0EE4A0AFAF779
:10EEB0000AFCB0EE408A02A8F0EE608AB0EE680A62
:10EEC000BEEEED0A8DED010A019AB0EE480ABEEEE3
:10EED000ED0A8DED000A009901F07DF81DE1A622F2
:10EEE00008F144010FF22060E4F724F9AFF3008049
:10EEF000D1E7781C814527D30BEB8700BF1CD0EDF1
:10EF000000AAB0EE6A0A90ED01AA05F13400F0EE15
:10EF10004A0AFAF7D8FBB0EE408ADDF808C0F0EEF6
:10EF2000608A02A8B0EE680ABEEEED0A8DED010A15
:10EF3000019AB0EE480ABEEEED0A8DED000A009986
:10EF4000DCF808309847F4E0AE2208F144010FF2F3
:10EF5000D050E4F7EFF8AFF30080CDE77E1CB14569
:10EF600022D30BEB8700F0EE4A0AD0ED00AA05F1A0
:10EF70003400B0EE6A0AFAF7A6FBB0EE408A029FB0
:10EF8000F0EE608A02A8B0EE680ABEEEED0A8DEDE2
:10EF9000010A019AB0EE480ABEEEED0A8DED000AB4
:10EFA0000099BB689847B8E0B62208F144010FF217
:10EFB0007050E4F7BFF8AFF30080D2E77E1CB14594
:10EFC00022D30BEB8700B0EE6A0A90ED00AA05F1A0
:10EFD0003400F0EE4A0AFAF776FBB0EE408A029F60
:10EFE000F0EE608A02A8B0EE680ABEEEED0A8DED82
:10EFF000010A019AB0EE480ABEEEED0A8DED000A54
:10F000000099BB68984788E0BD2208F144010FF2DF
:10F010001050E4F78FF8AFF30080D2E73E1DB14502
:10F020002DD30BEB8700D0ED02AA90ED03AAD0ED13
:10F03000010A90ED000A05F13400FAF744FBB0EE46
:10F0400040BA05F13400F0EE60BAF0EE4A0AB0EED4
:10F050006A0AFAF738FBB0EE409A02A8F0EE609A1E
:10F06000F0EE692AB0EE492AF0EE6B1AB0EE4B1AB8
:10F07000F0EE680AB0EE480A01F0BEFB49E0C42297
:10F0800008F144010FF2B040E4F754F8AFF3008008
:10F09000C7E7BE1DB14542D30BEB870705F134002E
:10F0A000D7ED04AA97ED05AAD7ED010A97ED000A5E
:10F0B000FAF709FBB0EE40CA05F13400F0EE60CA81
:10F0C000D7ED030A97ED020AFAF7FDFAB0EE40BA5F
:10F0D00005F13400F0EE60BAF0EE4A0AB0EE6A0ACA
:10F0E000FAF7F1FAB0EE409A02A8F0EE609AF0EE6C
:10F0F000693AB0EE493AF0EE6B2AB0EE4B2AF0EEE8
:10F100006C1AB0EE4C1AF0EE680AB0EE480A01F044
:10F1100092FBB0EE498AF0EE698A374609E0D022C8
:10F1200008F144010FF22840E4F704F8AFF300803F
:10F13000B2E7641E0AF1010A7FF48CAEA97F6A7FF0
:10F1400011FB02F101EB1120401C0004010E02A88A
:10F1500001F012F80446DFF8BC0C029007A801F099
:10F16000A1FB20B02046BDEC0A8BBDE8F28F000069
:10F1700000000000706F696E74496E78203C3D207D
:10F180006E506F696E7473002DE9F84F83460BF172
:10F19000240A2DED048BB6B09AED030A0027002453
:10F1A000B5EE400A88469946F1EE10FA98BF012064
:10F1B00040F2A2810BF1340CFF20CDF804C01546BB
:10F1C0000090459BDBF818100BF1040209A827AE4C
:10F1D000DFEDCC9A02F05AFA9BF81E209BF81D1026
:10F1E000DAED030A9AF80100B0EEE01AF6EE000A32
:10F1F00012FB01F19BED080A61EE200A20EE201AB5
:10F2000001EB112221EE000A9AF8001020EE200AEC
:10F21000C6ED010A86ED020A521C3173120A002D56
:10F220007073B2739FEDB78ADFEDB68A9FEDB59A22
:10F2300000F05681449A08954346DFF8D08508F1DE
:10F24000AC00CDF818B04D469A460790934604930B
:10F25000B946791C05919AF80000A0B9B945F0EEBD
:10F26000689AB0EE498A0BD2F0EE480A09A8B0EECF
:10F27000690A00F0D1FA09A800F075FB00283BD01C
:10F28000DDF8149010E15C452DD29AF800000628B4
:10F2900000F20A81DFE810F0070008006C00880027
:10F2A000A200BC00E000D9E7A11C8B4548D3B945BA
:10F2B00004D209A800F057FB00284BD005EB8400CE
:10F2C000B946D0ED009AA41CF0EE698A90ED018A4F
:10F2D0000120C6ED049A8DF89C0086ED058A7070B9
:10F2E000B0EE489AE0E00798F82208F14401E3F70D
:10F2F00021FFAFF30080C8E7F0EE480A09A8B0EE9E
:10F30000690A00F004FB0120C6ED049A86ED058A27
:10F310008DF89C00707009AA049803920090002157
:10F32000059A0698029123460195494600F01CF97A
:10F33000F0EE480A09A8B0EE690A00F0E8FA9FE783
:10F3400040F2131208F144016FA0E3F7F3FEAFF3AC
:10F350000080ACE7049809AA009001210698039266
:10F360000291234601953A46494600F0FDF8A5E78B
:10F37000A71CBB450DD305EB8400D0ED009AB0EE81
:10F38000690A90ED018A09A8F0EE480A00F044FAF3
:10F390007EE04FF4927208F1440100BF5AA0E3F7F7
:10F3A000C9FEAFF30080E6E7671CBB450BD305EB56
:10F3B0008400F0EE480AD0ED009A09A8B0EE690A80
:10F3C00000F02AFA64E040F22B1208F1440100BF79
:10F3D00053A0E3F7AFFEAFF30080E8E7671CBB453F
:10F3E0000BD305EB8400B0EE690A90ED008A09A802
:10F3F000F0EE480A00F010FA4AE040F2311208F14B
:10F40000440100BF46A0E3F795FEAFF30080E8E7B4
:10F41000271DBB4515D305EB8404F0EE480AB0EE7A
:10F42000690A09A8D4ED032A94ED022AD4ED011A41
:10F4300094ED001A01F0E0F9D4ED029A94ED038AFC
:10F4400026E040F2371208F1440100BF3AA0E3F78A
:10F4500071FEAFF30080DEE7A71DBB451AD305EBB5
:10F460008404F0EE480AB0EE690A09A8D4ED053A22
:10F4700094ED043AD4ED032A94ED022AD4ED011A56
:10F4800094ED001A01F0D7F9D4ED049A94ED058AB1
:10F490003C4609E04FF49F7208F144012CA0E3F7C9
:10F4A00049FEAFF30080DAE7059F08980AF1010AE8
:10F4B0008742FFF4CEAEB945DDF8188010D209A816
:10F4C00000F051FA60B909A90120049A0391029051
:10F4D000234600923A4601954946404600F044F8DA
:10F4E000B17B09A800F048FE8046DFF828090990A2
:10F4F0000EA801F0D7F9404636B0BDEC048BBDE84C
:10F50000F28F000000000000706F696E74496E7821
:10F51000202B2032203C3D206E506F696E747300AA
:10F52000706F696E74496E78202B2031203C3D202D
:10F530006E506F696E747300706F696E74496E7887
:10F54000202B2034203C3D206E506F696E74730078
:10F55000706F696E74496E78202B2036203C3D20F8
:10F560006E506F696E7473002DE9F04F87B04FF0E5
:10F570000008DDF84CA0109F119EDDF848B0CDF8D2
:10F5800010800FF6D809CDF80C80DFF880828AF859
:10F590007AB01446CDF81890814605911D4619E0C1
:10F5A000641E3B5D062B15D8DFE803F004243241CE
:10F5B000414F780002962346019703AA009504A9BB
:10F5C000484600F0A1F8DDED030A50469DED040A1F
:10F5D00000F022F90598A04280F08D80002CDFD148
:10F5E00006984FF4AD7208F14401E3F7A3FDAFF3C1
:10F5F0000080D5E705988442ECD040F2631208F110
:10F6000044010FF66400E3F795FDAFF30080E1E7F6
:10F61000022D01D3AD1ECDE74FF4B37208F14401C2
:10F620000FF66000E3F786FDAFF30080F2E70DB15F
:10F630006D1EBFE740F26D1208F144010FF6540051
:10F64000E3F778FDAFF30080F2E7042D1BD30296B9
:10F650002D1F01972346009503AA04A9484600F0F0
:10F6600053F806EB8500DDED032AD0ED011A90ED8D
:10F67000001AD0ED030A90ED020A50469DED042ACF
:10F6800001F0BAF8A6E740F2731208F144010FF650
:10F690001400E3F74FFDAFF30080D8E7062D1FD32A
:10F6A0000296AD1F01972346009503AA04A9484678
:10F6B00000F02AF806EB8500DDED033AD0ED012AD3
:10F6C00090ED002AD0ED031A90ED021AD0ED050A54
:10F6D00090ED040A50469DED043A01F0ACF879E74C
:10F6E00040F27B1208F144010FF2C870E3F722FDEB
:10F6F000AFF30080D4E7BBF1000F1CBF504600F011
:10F7000064F907B0BDE8F08F2DE9F84F8A461F462F
:10F710000A9EDDF830B000240025DFF8F090904616
:10F7200013E04EB94FF4D37209F144010FF2647043
:10F73000E3F700FDAFF30080761E1CB95BF82600EE
:10F74000CAF80000002D47D10124002F3CD00B99AE
:10F750007F1EC85D401E0528F7D8DFE800F00505CC
:10F76000041C0505F1E7DCE7022E09D24FF4CD7247
:10F7700009F144010FF20C70E3F7DCFCAFF30080F9
:10F78000B61E1CB95BF82600CAF8000025BB0BEBBF
:10F79000860148681EE03EB1761E85B1002C08BF88
:10F7A0000125D2D0BDE8F18F40F2B31209F1440136
:10F7B0000FF2E060E3F7BEFCAFF30080ECE75BF82C
:10F7C0002600C8F80000E9E714B90021CAF80010C3
:10F7D00015B90020C8F80000BDE8F18F38B50D4616
:10F7E00004462B0EA3772268D16B8847036829460D
:10F7F0009A68904725682046296C8847A06131BDEA
:10F80000417770476AC00324B05C04086C5C04084C
:10F8100034302422E3F7B0BC38B5044604F178054F
:10F820002DED088BF0EE40BA95ED048AF0EE60AA5B
:10F830003BEEC89A95ED05BA7AEECB8A29EE090A15
:10F8400008EEA80A01F050FFF0EE400AF5EE400A7B
:10F85000F1EE10FA58DD95ED010A00212878697063
:10F86000C0EE800A88EEA00AC9EE200A70EE088A6F
:10F870003BEE609A70EE2B9A3AEEE0AA88B1C5EDA5
:10F88000068A204685ED079AC5ED089A85ED09AAF6
:10F89000F0EE490AB0EE680A01F035FF002028704A
:10F8A00026E0A87895ED0C2AD5ED0D2A68B1F0EE8A
:10F8B000491A2046B0EE681AF0EE620AB0EE420A2B
:10F8C00000F0BAF90021A97012E0F0EE4A4A204691
:10F8D000B0EE694AF0EE493AB0EE683AD5ED0B1A4F
:10F8E00095ED0A1AF0EE4B0AB0EE480A00F078F8EF
:10F8F000C5ED0A8A85ED0B9AC5ED0C9A85ED0DAA2A
:10F90000C5ED04BAC5ED05AABDEC088B31BD10B537
:10F9100004462DED028BB0EE408AF0EE608A00F0D6
:10F9200022F818B1BDEC028B002010BD04F190004C
:10F93000F0EE680AD0ED034A90ED024AD0ED013AAC
:10F9400090ED003AD0ED072A90ED062AD0ED051A89
:10F9500090ED041A2046B0EE480A00F041F8BDECE4
:10F96000028B012010BD38B504462DED028B94F8B2
:10F97000790038B304F17C052046D5ED040A95EDF5
:10F98000000A30EEC08A70EE808AF0EE480A95EDEB
:10F99000030A01F0B8FE95ED030A2046F0EE681A5E
:10F9A000B0EE401AF0EE480A00F046F995ED030A71
:10F9B0002046F0EE481AB0EE401AF0EE680A00F069
:10F9C0003BF90120BDEC028B32BD00F19001D1ED7D
:10F9D000011A91ED001AD1ED070A91ED060A2BE10B
:10F9E00010B5044604F180012DED0A8B0879F0EE84
:10F9F000409AB0EE609AB0EE41BAF0EE61BA0228D9
:10FA0000B0EE428AF0EE628AB0EE43AAF0EE63AA4C
:10FA1000B0EE44CAF0EE64CA28D1F0EE680A20467F
:10FA2000B0EE480A01F086FE3BEEE80A7AEE4C0A98
:10FA300020EE200A7BEE480A3AEEEC1A60EE810ACC
:10FA4000F4EE400AF1EE10FA4FDB0121F0EE6A2AE3
:10FA5000B0EE4A2A2046F0EE681AB0EE481AF0EEF0
:10FA6000490AB0EE690A00F047F83EE0012835D1B6
:10FA70003AEEEC1A7BEE481A78EEEB0A3AEE4C0AB4
:10FA800061EE811A40EE801AF5EE401AF1EE10FA9E
:10FA900024D06BEE282A2AEE2C2A4BEEC82A0AEE36
:10FAA000CC2A22EE800A38EE4B3A03EE020A22EE0E
:10FAB000811A80EE210A00EE821AC1EE210A79EE47
:10FAC000C01A39EE601A61EEA11A41EE011A91EDE9
:10FAD000001AB4EE611AF1EE10FA0ADAF0EE680AD2
:10FAE0002046B0EE480A01F025FEF0EE6A0AB0EEBC
:10FAF0004A0ABDEC0A8B87E12DE9F04104460F4626
:10FB00002DED088B82B0B0EE418AF0EE618A0FF2E3
:10FB1000B435D14EB0EE409A40F27B28F0EE609AB8
:10FB2000B0EE42AAF0EE62BA2AE07F1CF0EE4B2A59
:10FB30003946B0EE6A2AF0EE681A2046B0EE481A4E
:10FB4000F0EE690AB0EE490AFFF7D6FF606FF0EEFB
:10FB50004B0AB0EE6A0AF0EE4B8AF9F7B4FDB0EE4C
:10FB6000601A2046BEEEED1ABEEEED0A8DED011ACA
:10FB7000019A8DED000A0099B0EE6A8A00F072FADF
:10FB8000781E03282DD238EE0A0AF6EE000A60EE3F
:10FB900020AA78EEAB0AB6EE000A20EE80BA39EE63
:10FBA0006A0A79EECB0A20EE000A00EEA00A01F004
:10FBB0009BFDB5EE400AF1EE10FA1BD0D4ED1F0A02
:10FBC0003AEEC91A21EE201A81EE001A71EE09AA46
:10FBD0003BEE691A61EE200A80EE800A30EE29BA07
:10FBE0001CE0424606F144012846E3F7A3FAAFF3CE
:10FBF0000080C8E73AEE480AF6EE001A20EE210A25
:10FC00007BEEE81AF6EE000A61EEA00A38EE001A62
:10FC100071EE20AA78EEA00A30EEC0BA032F84DB82
:10FC200002B0B0EE6A0AF0EE4B0A2046BDEC088B3B
:10FC3000BDE8F04101F07EBD10B504462DED0E8B00
:10FC400094F88500B0EE409AF0EE609AB0EE418AEA
:10FC5000F0EE618A002800F0CD8038EE490A0228D3
:10FC6000F6EE000A60EE20EA78EEE90AB6EE000A47
:10FC700020EE80AA0BD179EEEE0A204639EE0A0A70
:10FC800001F058FD78EEEE0A38EE0A0AB9E0F0EE1F
:10FC9000690A2046B0EE490A01F04CFD9FED5E0A6C
:10FCA00020462EEE80BADFED5D0A9FED5D0AF0EE94
:10FCB000691A6AEE20AA4AEE001A71EE8B0AF0EE7B
:10FCC000491A4EEE801A31EEAA0A01F033FDDFED3B
:10FCD000550A20469FED540AB0EE691A2EEEA0CACE
:10FCE0000AEE001A71EE0C0A9FED502AB0EE491A86
:10FCF0006AEE02BA0EEE801A31EE2B0A01F01AFDFE
:10FD00009FED4B0A20466AEE00CADFED4A2A9FEDBE
:10FD10004A0AF0EE690AF0EE491A2EEEA2DA4AEE2D
:10FD2000000A4EEE801A70EE8D0A31EEAC0A01F038
:10FD300001FD9FED420A20462EEE80EA9FED400A2B
:10FD4000B0EE691A0AEE001A71EE0E0A9FED3D2A16
:10FD5000B0EE491A6AEE02DA0EEE801A31EE2D0A82
:10FD600001F0E8FC39EE8A0A204670EE6E0A39EEA0
:10FD70002E0A30EE0A0A01F0DDFC9FED330A204620
:10FD8000F0EE690AF0EE491A4AEE000A4EEE801AC9
:10FD900070EE8E0A31EEAD0A01F0CCFC9FED2B0A1D
:10FDA0002046B0EE691A0AEE001A71EE0D0AB0EEA6
:10FDB000491A0EEE801A31EE2C0A01F0BBFC9FEDC1
:10FDC000240A2046F0EE690AF0EE491A4AEE000ACB
:10FDD0004EEE801A70EE8C0A31EEAB0A01F0AAFCEE
:10FDE0009FED1C0A4AEE009A0EEE809A79EE8B0A7D
:10FDF00039EE2A0A204601F09DFCF0EE680AB0EECA
:10FE0000480ABDEC0E8B00BF2046BDE8104001F053
:10FE100091BC000038A70408295C8FBE295C8F3E86
:10FE20000AD7233D9A9919BFCDCC4C3E9A99193FD8
:10FE3000CDCC4C3FCDCC4CBFCDCCCC3E8FC275BFD2
:10FE4000EC51383F8FC2753F0AD7A33FCDCCCC3F92
:10FE50006666E63F48E1FA3F6C5C0408636D6449FE
:10FE60006E78203E20300000636D64496E78203D3E
:10FE70003D20636D64496E7850617468537461729B
:10FE800074000000706F696E74496E78203E3D20EA
:10FE900032000000706F696E74496E78203E3D201C
:10FEA00031000000706F696E74496E78203E3D200D
:10FEB00034000000706F696E74496E78203E3D20FA
:10FEC000360000006C6576656C203E3D20312026B2
:10FED00026206C6576656C203C3D203300000000D8
:10FEE0001CB59DF81040009400F001F816BDFEB559
:10FEF000044615460898DFF8E82822601E4661602F
:10FF0000A988A0720023218104F11400A38104F1C7
:10FF10004C07E3812382638201F023FC00213960D6
:10FF20007960B960F960397479747961B961397748
:10FF3000797739627962F7F7AEF840B9DFF8A4084B
:10FF40002A2200F15C01E3F7F5F8AFF30080684680
:10FF500031460822E3F700F9B5F802E07388B5F8F6
:10FF600000C03088B6F90610B6F9042073446182E7
:10FF700029468444E381A4F80CC06846228204F137
:10FF80004605F9F7D7FA04F10C00F9F7BBFABDF909
:10FF90000000BDF90210288004F11400698000F00F
:10FFA00086FCBDF9000040013860BDF9021049012E
:10FFB0007960BDF904004001B860BDF9061049013F
:10FFC000F960B4F91000B4F91210A880E06320467B
:10FFD000216403B0F0BD2DE9F041074607F15C064E
:10FFE00030780C46904618B1384600F09CF8B8B30B
:10FFF000DFF8F4271078012806D1B7F90810404639
:020000040804EE
:10000000C4EB4114A0460446F86C396D241AB8EBD1
:10001000010848BF012504D4B86D8045ACBF022556
:100020000025002C48BF45F0040504D4786D8442B7
:10003000A8BF45F0080515B10021317009E07573BE
:100040004246214607F1140001F098FB012131706E
:100050007170FC66C7F870803C66C7F864803573C1
:10006000BDE8F0812DE9F0410F460546DFF878172D
:1000700090460878012806D1B5F908204046C7EB1C
:100080004217B8460746E96C286D7F1AB8EB00089E
:1000900048BF012404D4A86D8045ACBF02240024CD
:1000A000002F48BF44F0040404D4686D8742A8BF01
:1000B00044F0080405F15C06307B18B9AA69E969C7
:1000C0008A4221E0002C18BF204225D1317871B935
:1000D0007073AA69E869824205D3B268716805F154
:1000E000140001F04DF901223270727009E0A96923
:1000F000E869814205D3B268716805F1140001F026
:100100007EF9A969E869814207D34246394605F17B
:10011000140001F074F900E004402F66C5F8648013
:100120003473BDE8F08138B5044604F15C052878E5
:10013000C0B1287B6A7B104214D148B1A369E06941
:10014000834205D3AA68696804F1140001F057F9E5
:10015000A269E069824205D36A69296904F1140041
:1001600001F04DF900202870A169E26991428041B7
:10017000C043C00F32BD00002DE9FE430446A27A01
:1001800012FB01F101EB11256D1C2D0AE9B20029CA
:100190001ABF94F85D000028012000F0A6802046D8
:1001A000FFF7C1FF002800F0A0806068DFF83C6620
:1001B00002689168884701463068F8F7F2F83168BC
:1001C000804691F85C0000281ABF086D00288868F6
:1001D00002680027516B88473168814691F85C00BE
:1001E00000281ABF086D002888680268116B8847CC
:1001F000102864D8DFE800F0393D50095919294723
:1002000047474747595959595900B4F90C00B4F9AF
:100210000E20811000EB517300EB5177DB1009FBCE
:10022000023307F0F80798441DE0B4F90C00B4F964
:100230000EC0411000EB917200EB9177921009FB18
:100240000C2207F0FC0790440DE0B4F90C00B4F95F
:100250000E2000EBD0735B1009FB023300EBD0776C
:10026000984407F0FE07C71B29E0B4F90C004000D2
:1002700003E0B4F90C0000EB4000B4F90E1009FBE8
:10028000010080441BE0B4F90E20B4F90C0009FB16
:1002900002F21218904412E0B4F90C10B4F90E00F6
:1002A000890009FB0011884409E0DFF83805E022E5
:1002B00000F15C01BC30E2F73DFFAFF30080EDB22E
:1002C000FFB201950FFA89F300976168424604F185
:1002D000140001F05DFA05466068026811698847FC
:1002E000306803681A6B9047284603B0BDE8F08376
:1002F00038B50D46092D2DED108B044680F0AF80EA
:10030000DFED5DFAB5EE00FADFED5CCAF0EE408A93
:10031000B0EE609AF0EE41EAF0EE61DAF0EE429A69
:10032000B0EE62AA38EEAE0AB6EE003A20EE038ACC
:1003300039EE2D3AF6EE002A23EE22DA7EEEA92AD5
:10034000B6EE002A62EE82AA3DEE8A2AF6EE001A86
:1003500022EE21BA78EE2A1AB6EE000A61EE80BAD1
:100360003DEE0B0AF6EE000A20EE20CA7AEE490AAC
:100370003EEEE91A79EEE81A3AEE6D0A21EE201AFD
:1003800000EE211AB0EEC11AB4EE6C1AF1EE10FABA
:1003900036DA78EEA90AB6EE003AB0EE6B0A00EE55
:1003A000C30A39EE0A3AF6EE003AF0EE4C0A43EE92
:1003B000630A60EE003A40EEA03A9FED314AF4EE57
:1003C000443AF1EE10FA4BD46D1CF0EE4C2A29465B
:1003D000B0EE6B2AF0EE4D1A2046B0EE481AF0EE61
:1003E000490AB0EE680AFFF783FF092DF0EE4BDAF9
:1003F000F0EE6AEAB0EE4C9AF0EE6B8A92D3F8E136
:1004000061EEA11A40EEA01A21EE011A61EE8F0AE8
:10041000F4EE410AF1EE10FAD6DB79EEEE0A01F0C5
:1004200081FAB0EE40EA7EEEE80A3DEEC90A01F03C
:1004300079FA3EEE400AB0EEC00AB4EE6F0AF1EE71
:1004400010FA07DA9FED0F1AB4EE410AF1EE10FA36
:10045000BAD505E0DFED0C0A30EEC00AF2E7C8E1DC
:10046000B0EE6B0A2046F0EE4C0A00BFBDEC108BDC
:10047000BDE8324001F08BBADB0F494000E7DB2ECC
:100480000100803ECDCCCC3DDB0FC94038B50C46D9
:10049000092C2DED108B84B0054680F05081F0EED4
:1004A00040BAF0EE609AF0EE41EAF0EE61CAB0EECA
:1004B00042DAF0EE62DAB0EE43AACDED003A3BEE5E
:1004C000AE0A002CB6EE003A20EE038A39EEAC3AC2
:1004D000B6EE002A63EE028A7DEE0A1AB6EE001A24
:1004E0003EEE8D2AF6EE000A21EE811A62EE200A17
:1004F0008DED021A7CEEAD2AB6EE000A9DED002AC3
:1005000038EE203AB6EE001A22EE800A3DEE822A3C
:10051000F6EE003A23EE019A62EE233A38EE801AA4
:10052000F6EE001ACDED013A21EE21CADDED022AE8
:100530009DED011A70EEA22AB6EE002A30EE011AE5
:10054000F6EE000A62EE82FA21EE20FA79EE2F0A28
:1005500060EEA1AA7CEE0F1AB6EE000A21EE80BA78
:100560004AD0DDED000A70EEE90A3EEECA1ADDED72
:10057000002A3AEE6B0A21EE201A72EEEC2A02EE05
:10058000801ADDED001AB0EEC11A31EEEDEA9FEDF2
:100590008F2A7DEE4A1AB4EE421A61EEA01AF1EEED
:1005A00010FA4EEE001AF0EEE11A4ADA9FED871AC1
:1005B000F4EE411AF1EE10FA80F2C2803BEE8A1A94
:1005C000F6EE000AB0EE6A0A01EE600A9DED004AFE
:1005D00039EE844AF6EE004AF0EE4B0A44EE640A25
:1005E00060EE004A40EEA04A9FED795AF4EE454A8B
:1005F000F1EE10FA00F1E580641CF0EE4B3A214672
:10060000B0EE6A3AF0EE4C2A2846B0EE492AF0EEF7
:10061000681AB0EE481AF0EE690AB0EE6B0AFFF7FE
:1006200035FF092CDDED01DA9DED02DAF0EE4FCA5F
:10063000F0EE6FEAF0EE4B9AF0EE6ABAFFF43FAFDD
:10064000D6E020EE000A00EEA00ADFED600AF4EE2C
:10065000601AF1EE10FAB5EE002A20EE020A28DA4E
:1006600061EE010AB4EE600AF1EE10FAC4DB7DEE31
:100670006E0A3DEEEC0A01F055F9B0EE40EA7EEE6E
:10068000EB0A3CEEE90A01F04DF93EEE400AB0EE0D
:10069000C00ADFED500AB4EE600AF1EE10FA80F203
:1006A0008B809FED4D1AB4EE410AF1EE10FAA3D5FE
:1006B00074E071EE210A60EEA00AB4EE600AF1EE79
:1006C00010FA99DB7DEE6E0A3DEEEC0A01F02AF994
:1006D000F0EE40DA7EEEEB0A3CEEE90A01F022F998
:1006E0003DEEC00AF0EEC0CA7AEE4D0AB0EE4E0AF8
:1006F00001F018F9DFED370AF4EE60CAF1EE10FAF6
:1007000030EE6D0AB0EEC00A0FDAB4EE600AF1EE18
:1007100010FA0FDA3CEE800ADFED2F0AB4EE600A21
:10072000F1EE10FA7FF568AF4BE09FED2C1A71EEF9
:100730006CCAEAE7DFED291A31EEC00AEAE757E0B2
:1007400020EE000A00EEA00AF5EE000A21EEA11A42
:1007500020EE200AB4EE410AF1EE10FAFFF64CAF9B
:100760007AEE4D0AB0EE4E0A01F0DCF8B0EE40EA47
:100770007DEE6E0A3DEEEC0A01F0D4F83EEE400A42
:10078000B0EEC00ADFED130AB4EE600AF1EE10FA23
:1007900087DB9FED121A31EE400A82E7F0EE6C0A19
:1007A0002846B0EE6E0A01F0F2F8F0EE6D0AB0EEF7
:1007B0004D0A04B0284659E6DFED080A30EEC00ABB
:1007C0006FE7B0EE6A0AF0EE4B0AF2E700E7DB2EC5
:1007D0000100803EDB0F4940CDCCCC3DDB0FC94052
:1007E00038A704083C6004086AC0032474C00324CA
:1007F00004B0BDEC108B31BD10B5044600212DEDC9
:10080000028B82B0F0EE428AB0EE628AFFF770FD92
:100810002046BEEEED8AFEEEED8A8DED018A019A4C
:10082000CDED008A24680099A36802B0BDEC028B6C
:10083000BDE81040184710B5044600212DED028B8D
:1008400082B0F0EE438AB0EE638AFFF71FFE2046C7
:10085000BEEEED8AFEEEED8A8DED018A019ACDEDB8
:10086000008A24680099A36802B0BDEC028BBDE841
:100870001040184710B50446DFF8F43A6FF0004016
:1008800023600022A062E06220466260A260E26013
:1008900022616261A261E2612262626200F007F895
:1008A000204610BD00BF0022C2600261704710B533
:1008B0000446F6F7FBFBE060F6F70AFCC0080228E6
:1008C000606008D2DFF8AC0A3A2200F12C01E2F7AE
:1008D00031FCAFF3008061680020A060E068002276
:1008E000491E616047F6FF71018041808280C280AD
:1008F000616A0222206162F30101616210BD2DE98B
:10090000FC4F91B00E461C995511044602F01F0B86
:100910004F11049701F01F03049F0593BD4240F05F
:100920001581059B129A7011DDF8488006F01F01B1
:100930009B4502F01F024FEA6818029223D12269F8
:10094000B2F90000404504BFB2F90230AB4200F0FA
:100950000B85B2F90600B2F9041008430ED0B2F9C3
:10096000021000290AD4E06A814207DAA0686168AF
:1009700088423CBF08322261401CA0602069A0F878
:10098000008000F00EBC059A4045A2EB0B020BD193
:1009900023699D8855199D80DC880298411811FBB8
:1009A0000240D88000F0E0BC2027C1F12009129B52
:1009B000ADF80070012702FB09F99E1B07D502FB69
:1009C00001F90022ADF800204FF0FF37764299FB85
:1009D000F6FA06FB1A99B9F1000F44BFAAF1010A11
:1009E000B14423693818B3F804C0D444A3F804C050
:1009F000BDF80020B3F806E0511811FB0AE1D980D8
:100A00000190B3F90010814204BFB3F90230AB4248
:100A100008D16822DFF86019DFF86009E2F78AFB85
:100A2000AFF300802269B2F90600B2F9041008435E
:100A30000ED0B2F9021000290AD4E06A814207DA26
:100A4000A068616888423CBF08322261401CA060F7
:100A5000206901990022D344018045808280C280B0
:100A60000199414562D00598A0EB0B0082444FEA02
:100A70004A1090FBF6F106FB1100002844BF491E06
:100A80003018A9EB0602DDF8049001975F46CDF817
:100A90000C8090468A4683461BEB080850461DD5BD
:100AA0002169C7190A1DB2F800C053888444A2F80E
:100AB00000C003EB401353800198B1F9002081443A
:100AC0004A4504BFB1F90210A9420BD02169B1F91E
:100AD0000600B1F9042010431DD00DE0A8EB060874
:100AE000401CDDE76822DFF89018DFF89008E2F795
:100AF00021FBAFF30080E9E7B1F90220002A0AD414
:100B0000E06A824207DAA068626890423CBF08311E
:100B10002161401CA06020690021A0F80090458060
:100B20008180C18003988145B6D1BB462269059971
:100B30009088A1EB0B01D48808189080029BBDF827
:100B4000000020331B1A13FB01403DE3129B9B1B4B
:100B50008A1A0993029210D510464042002D029045
:100B600000F102844FF0FF31002F48BF0491099A31
:100B70000023019302FB0BF20EE0E06AA842C0F2F0
:100B8000F383B842BCBF401C0490099ACBF120000B
:100B900020230121019342430891029B029992FB79
:100BA000F3F301FB13220392002A02D58A185B1E7D
:100BB00003929B1959110093019B009A70110B919C
:100BC0000F469B4506F01F0102F01F020A9225D135
:100BD0002269B2F90000B84204BFB2F90230AB4258
:100BE00000F00281B2F90600B2F9041008430ED0F9
:100BF000B2F9021000290AD4E06A814207DAA0683B
:100C0000616888423CBF08322261401CA0602069B4
:100C10000022078045808280C280E5E0019AB842C8
:100C2000A2EB0B020AD123699F88D7199F80DE8827
:100C30000A98411811FB0260D880D5E0DDF800E089
:100C40002023C1F12009ADF8183002FB09F94FF05B
:100C50000108BEEB060607D502FB01F90022ADF83C
:100C600018204FF0FF38764299FBF6FA06FB1A99E6
:100C7000B9F1000F44BFAAF1010AB144236940440D
:100C8000B3F804C0D444A3F804C0BDF81820B3F8E6
:100C900006E0511811FB0AE1D9800790B3F9000072
:100CA000DDF81CE0704504BFB3F90210A94208D179
:100CB0006822DFF8C416DFF8C406E2F73BFAAFF3A8
:100CC00000802269B2F90600B2F9041008430ED080
:100CD000B2F9020000280AD4E36A984207DAA06851
:100CE000616888423CBF08322261401CA0602069D4
:100CF000079B0022038045808280C280079B0AEB0D
:100D00000B02BB4261D00198801A82444FEA4A111B
:100D100091FBF6F006FB1011002944BF401E71182C
:100D2000A9EB0603DDF81C900C971746CDF81C8044
:100D3000984682468B461BEB080850461DD5216914
:100D4000C7190A1DB2F800C053888444A2F800C035
:100D500003EB40135380079AB1F9000091444845D2
:100D600004BFB1F90210A9420BD02169B1F9060004
:100D7000B1F9042010431DD00DE0A8EB0608401C7B
:100D8000DDE76822DFF8F015DFF8F005E2F7D2F9C9
:100D9000AFF30080E9E7B1F90220002A0AD4E06A43
:100DA000824207DAA068626890423CBF0831216144
:100DB000401CA06020690022A0F80090458082803D
:100DC000C2800C988145B6D13A460199891A2269A8
:100DD0009088081890800A9EBDF81800D3882036A5
:100DE000361A16FB0130D080236908990B9AB3F9A3
:100DF00000004D19904204BFB3F90260AE421AD010
:100E0000B3F90600B3F9041008430ED0B3F9021089
:100E100000290AD4E06A814207DAA0686168884242
:100E20003CBF08332361401CA0602069028000227F
:100E300045808280C2800498854200F07C81099BB5
:100E400002995B0193FBF1F201FB1233002B44BFCB
:100E5000521ECB18039E019F761A10920396C7F17B
:100E600020070F930E97039B10990F9A0A91D3189E
:100E7000039305D4029A0A999B1A0393491C0A9179
:100E8000002D00F12181E36A9D4280F21D81DDF891
:100E90003890019F00980A9E411100F01F023618F9
:100EA000B94506F01F004FEA661A0B9024D121695C
:100EB000B1F90000504504BFB1F90260AE4200F044
:100EC0000381B1F90600B1F9042010430DD0B1F946
:100ED0000200002809D4984207DAA06862689042AC
:100EE0003CBF08312161401CA06020690022A0F8AD
:100EF00000A045808280E6E0019B5145A3EB0903F9
:100F00000AD120698788DF198780C6880B998A18DB
:100F100012FB0361C180D7E0C2F12007DDF800B009
:100F20005F434FF0200E4FF00108ADF818E0B6EB2C
:100F30000B06CDF81C8009D503FB02F74FF0000E1D
:100F40004FF0FF33ADF818E00793764297FBF6F8C1
:100F500006FB1877002F44BFA8F10108F719206994
:100F6000B0F804E0C644A0F804E0BDF81830B0F8CA
:100F700006C09A1812FB08C3C380DDF81CE0714458
:100F80000991B0F900208A4204BFB0F90200A842DA
:100F900008D16822DFF8E013DFF8E003E2F7CAF8CF
:100FA000AFF300802169B1F90600B1F904201043C4
:100FB0000ED0B1F9020000280AD4E36A984207DA99
:100FC000A068626890423CBF08312161401CA0606B
:100FD0002069099B0021C144038045808180C18034
:100FE000099B534560D00198A0EB090080444FEA6B
:100FF000481090FBF6F106FB1100002844BF491E83
:101000003018BA1BCDF834A00C96DFF87073DFF8F7
:1010100068839B461646099182461AEB0606099894
:101020001DD5216981440A1DB2F800C0538884444B
:10103000A2F800C003EB40135380079AB1F90000F7
:101040009344584504BFB1F90210A9420BD021695D
:10105000B1F90600B1F9042010431BD00BE00C9944
:10106000401C761ADDE7682241463846E2F762F80E
:10107000AFF30080EBE7B1F90220002A0AD4E06A5E
:10108000824207DAA068626890423CBF0831216161
:10109000401CA06020690022A0F800B0458082803A
:1010A000C2800D988345B8D1206901998288A1EB4F
:1010B0000909C1884A4482800B9BBDF8182020335F
:1010C0009B1A13FB0912C280009B0A980899C31847
:1010D0005E1100934D192169B1F90000B04204BFBF
:1010E000B1F90210A94206D16822A349A348E2F748
:1010F00021F8AFF300802169B1F90600B1F90420AD
:1011000010430ED0B1F9020000280AD4E26A9042DE
:1011100007DAA068636898423CBF08312161401C2F
:10112000A06020690022068045808280C2800498E9
:1011300085427FF498AEDDF804B00098059B129AC2
:10114000DDF848900099CBF1200B40119B4502F04F
:101150001F024FEA691901F01F01029226D122698C
:10116000B2F90000484504BFB2F90230AB4200F0CA
:10117000FB80B2F90600B2F9041008430ED0B2F9B0
:10118000021000290AD4E06A814207DAA068616887
:1011900088423CBF08322261401CA0602069A0F850
:1011A0000090002245808280C280DDE0059B48459A
:1011B000A3EB0B030AD1226995885D199580D48829
:1011C0000298411811FB0340D080CDE02022129EEE
:1011D000ADF80420009A0127C1F1200803FB08F8AC
:1011E000B61A07D503FB01F80023ADF804304FF021
:1011F000FF37764298FBF6FA06FB1A88B8F1000F23
:1012000044BFAAF1010AB04423693818B3F804C0F6
:10121000D444A3F804C0BDF80420B3F806E0511884
:1012200011FB0AE2DA800090B3F9000000998842CD
:1012300004BFB3F90220AA4206D168224E494F48A2
:10124000E1F778FFAFF300802269B2F90600B2F946
:10125000041008430ED0B2F9021000290AD4E06A43
:10126000814207DAA068616888423CBF0832226187
:10127000401CA0602069009B002203804580828082
:10128000C28000980AEB0B0248455ED00599891A86
:101290008A444FEA4A1090FBF6FB06FB1B0000282D
:1012A00044BFABF1010B3018DDF800A0A8EB06013C
:1012B000CDF80C90904600970F46814619EB070732
:1012C00058461DD5216980440A1DB2F800C05388D4
:1012D0008444A2F800C003EB40135380009AB1F994
:1012E00000009244504504BFB1F90210A9420AD04F
:1012F0002169B1F90600B1F9042010431AD00AE0BF
:10130000BF1B401CDEE768221B491C48E1F712FFA7
:10131000AFF30080ECE7B1F9020000280AD4E36AD9
:10132000984207DAA068626890423CBF08312161A8
:10133000401CA06020690022A0F800A045808280A7
:10134000C28003988245B9D1424605998A1A21691B
:10135000888810188880029CBDF80400CB8820344F
:10136000241A14FB0230C88013B0BDE8F08F0000CF
:1013700034A90408F06804089875040878990408EA
:10138000F8B504460D4694F82410164688075CBF4D
:101390002046FFF78CFA94F82410C80704D5226A77
:1013A000E169204600F02BF8276972116B11B7F93B
:1013B0000000984204BFB7F902C094451AD0B7F9AB
:1013C0000600B7F9041008430ED0B7F9021000293F
:1013D0000AD4E06A814207DAA068616888423CBFAB
:1013E00008372761401CA0602069038042800022EA
:1013F0008280C280E5612662A6616561F1BD7CB52F
:1014000004460D4694F824001646810712D5A269B9
:10141000616985EA010086EA020318430AD0009652
:101420002B462046FFF76BFA606A6561A66140F0C3
:101430000100606273BD2DE9F84B00EBC10BD3B026
:10144000804603A803AD009004E02C60C5F804B00A
:10145000B34608354746ABEB0700C0100A2808F131
:101460000804C0F2A98000EBD07041460822401069
:1014700008EBC00601A8E1F76FFE4046082231469E
:10148000E1F76AFE304601A90822ABF10806E1F750
:1014900063FEB4F90210B6F90200884206DB14D1EB
:1014A000B6F90010B4F9000081420EDA01A8214615
:1014B0000822E1F751FE204631460822E1F74CFEB2
:1014C000304601A90822E1F747FEB4F90210B8F945
:1014D0000200884206DB14D1B8F90010B4F900000C
:1014E00081420EDA01A841460822E1F735FE404666
:1014F00021460822E1F730FE204601A90822E1F743
:101500002BFEB6F90210B8F90200814206DB1AD1AF
:10151000B6F90010B8F90000814214DA01A841467A
:101520000822E1F719FE404604E021460822E1F7CF
:1015300013FE204631460822E1F70EFE304601A98F
:101540000822E1F709FE0834B8F90200B4F90210E4
:101550008142F8DB05D1B4F90020B8F900108A42C5
:10156000F1DB083EB6F902108842FADB05D1B8F982
:101570000020B6F900108A42F3DBA64201A8D4D2BB
:1015800041460822E1F7E8FD404631460822ABEB30
:101590000409E1F7E1FD304601A908224FEAE90913
:1015A000E1F7DAFDF71BB9EBE70FBFF64EAFC5F871
:1015B0000080A0466E604CE75C4525D222E0083FE3
:1015C000B7F90210B7F90A00884206DB18D1B7F95B
:1015D0000810B7F90000814212DA01A807F10801EA
:1015E0000822E1F7B9FD07F1080039460822E1F7C2
:1015F000B3FD384601A90822E1F7AEFD4745DED12B
:10160000274608345C45DBD30098A84204D255F83D
:10161000088DD5F804B01DE754B0BDE8F08B10B5C7
:10162000044694F82400C30708D5226AE1692046DD
:10163000FFF7E5FE626A52085200626294F82400E5
:10164000810721D52269B2F90600B2F904100843D6
:101650000ED0B2F9021000290AD4E06A814207DAFA
:10166000A068616888423CBF08322261401CA060CB
:10167000A16829B16068884224BFE068FFF7DBFEFB
:10168000606A20F002006062E06810BD7CB504462C
:101690009DF81800079D134E00902046FEF720FC91
:1016A000266004F14400056304F178010023002260
:1016B0000B704FF07E534B600125FF234D708A70F5
:1016C0008A600A734A738B730A614A618A61CA61CC
:1016D0000A624A628A62CA620A634A6302702046E8
:1016E00076BD00BF24A70408B5EEC00AF1EE10FADB
:1016F00002D4B1EEC00A70476FF0004C00EE10CA81
:10170000AFF3008070471CB50446606FF7F7DBFF4E
:10171000B0EE601A2046BEEEED1ABEEEED0A8DED7B
:10172000011A019A8DED000A009902B0BDE810403F
:10173000FEF751BC1CB50446606FF7F7C4FFB0EE6E
:10174000601A2046BEEEED1ABEEEED0A8DED011ACE
:10175000019A8DED000A009902B0BDE81040FEF735
:1017600081BC38B504460025FFF784F804F1300049
:10177000057045808580C580204632BD18B4446818
:1017800083689C4202D318BCFFF7FABD11BC7047B6
:101790002DE9F04F87B00546884693461E46FFF771
:1017A0003EFFA96882465FEA010900F0B6806868DA
:1017B000884238BF0020C0F0B18030465A46BAF99E
:1017C0000230B5F9346083460021CDF81080A9F1CC
:1017D0000109069288461BFB03FB9E190393ADF893
:1017E0001400934468E0814659B3002C28D4B5F91D
:1017F0003600844224DAC1EB8811284600F0D7F87D
:101800009DF8441010FB01F00204120E12FA80F150
:10181000491C091248B298B1C9B204980291012139
:10182000019131B200916B8E9DF84020D0F800E01C
:101830005946DEF814C01B191BB2A21812B2E047B9
:10184000641C19F1010F68D0BAF900703F1B002F1A
:1018500032DD002C03D5E7190024002F2CDDB5F96B
:1018600036103819884202DB0F1B002F24DD4FEAA7
:101870008811284600F09BF89DF8441010FB01F0F9
:101880000204120E12FA80F1491C091248B298B1F2
:10189000C9B23FB2029130B20197594600906B8EA7
:1018A0009DF840001B191BB22218049812B2D0F800
:1018B00000E0DEF814C0E047BAF902200398BAF954
:1018C000003082421C460AD00392B5F93410934688
:1018D00006985618BDF9141011FB0BFB8344BAF996
:1018E0000400B9F1000FBAF90610804412D048463E
:1018F0003AF9089F401E994504BFBAF902C09445C1
:101900007FF471AFBAF90690BAF904E000284944AF
:10191000F044EDD14FF0FF3966E7012007B0BDE894
:10192000F08F704752EC101AB0EEC00AC80F490091
:101930005200F0EEE00A28BF0C3011F1807F38BF72
:1019400012F1807F0CD28A4238BF80F0040012422C
:1019500014D034BF80EE800A80EE200A00F03AB83E
:1019600011F1807F08BF80F0040098BF12F1807FE2
:1019700008D88A4214BF00224FF07E5200EE102A8F
:1019800000F028B86FF0004100EE101A70471EB446
:10199000FEEEED0ABEEEED0ACDED010A019A8DEDE7
:1019A000000A04680099A36803B010BC18470246F7
:1019B000C81048BF404292F83010012906D1C0F348
:1019C0000800B0F5807FC8BFC0F50070FF28C8BF11
:1019D000FF2070471AA210EE101A43F2A40CC3F6AF
:1019E000896CF2EC060A614509DB00EE803A70EE84
:1019F000800A83EE200A40F0020010EE101A49001F
:101A0000D1F1E6410BD860EE000A20EE203A03EE59
:101A1000010A01EEA02A42EE202A80EE220A4008A6
:101A200010F0020F18BFB1EE400A02EB8002D2EDB7
:101A3000000A30EE200A28BFB1EE400A70470000CD
:101A4000D7B3DD3F6AD5033F2B94A93DB82A593F50
:101A50000000803F000080BF00000000920A063FA7
:101A6000DB0FC93F920A863FDB0FC93F920A06404F
:101A7000DB0F4940368D274010B50400002C01D102
:101A8000012067E094F84100002805D1002084F887
:101A90004000200000F08AFC242084F841002068E7
:101AA00000684008400021680860606830F070609D
:101AB000216808612068806830F4004021688860EF
:101AC000E068012805D1A06850F4004021688860D2
:101AD00004E0A06850F4044021688860E0680228AF
:101AE00006D12068406850F400602168486005E035
:101AF0002068406830F400602168486020684068D1
:101B000040F0007050F40040216848602068C068D0
:101B100030F400402168C860216960690143A06910
:101B200051EA00212068C160E169206A0143206810
:101B300001602068006850F0010021680860002002
:101B40006064202084F8410000202063002084F895
:101B50004200002010BD10B50400002C01D101206E
:101B600019E0242084F84100206800684008400003
:101B700021680860200000F01AFC0020606400204A
:101B800084F8410000202063002084F842000020F7
:101B900084F84000002010BD2DE9FE4F83460E0062
:101BA000170098460C9C0D9DDDF838909BF841007D
:101BB000202840F0EA80002C03D0280080B20028C2
:101BC00005D14FF40070CBF844000120DEE09BF813
:101BD0004000012801D10220D8E001208BF840000C
:101BE000DFF7F8FD8246CDF800A0192301224FF45B
:101BF0000041584600F07CFA002801D00120C5E0E1
:101C000021208BF8410040208BF842000020CBF8C7
:101C10004400CBF82440ABF82A500020CBF8340025
:101C2000CDF804A0CDF8009043469BB23A0092B2A2
:101C3000310089B2584600F0B6F9002804D00020DF
:101C40008BF840000120A1E0BBF82A00B0F5807FAE
:101C50000FD3FF20ABF82800002000905FF08073C6
:101C6000BBF82820D2B2310089B2584600F081FB7F
:101C70000FE0BBF82A00ABF82800002000905FF0CE
:101C80000073BBF82820D2B2310089B2584600F068
:101C900070FB52464946584600F070FA002801D0C1
:101CA000012073E0DBF824000078DBF80010886284
:101CB000DBF82400401CCBF82400BBF82A00401EAF
:101CC000ABF82A00BBF82800401EABF82800BBF890
:101CD0002A00002834D0BBF82800002830D1CDF8E5
:101CE00000A04B4600228021584600F001FA00284F
:101CF00001D001204AE0BBF82A00B0F5807F0FD365
:101D0000FF20ABF82800002000905FF08073BBF844
:101D10002820D2B2310089B2584600F02AFB0FE0E9
:101D2000BBF82A00ABF82800002000905FF0007399
:101D3000BBF82820D2B2310089B2584600F019FB16
:101D4000BBF82A000028A4D152464946584600F064
:101D500045FA002801D0012018E02020DBF800100F
:101D6000C861DBF800004168DFF828020140DBF8B9
:101D70000000416020208BF8410000208BF84200D9
:101D800000208BF84000002000E00220BDE8FE8F1C
:101D90002DE9FE4F83460E00170098460C9C0D9DC2
:101DA000DDF838909BF84100202840F0EF80002CAF
:101DB00003D0280080B2002805D14FF40070CBF882
:101DC00044000120E3E09BF84000012801D10220FB
:101DD000DDE001208BF84000DFF7FCFC8246CDF807
:101DE00000A0192301224FF40041584600F080F969
:101DF000002801D00120CAE022208BF841004020B9
:101E00008BF842000020CBF84400CBF82440ABF81C
:101E10002A500020CBF83400CDF804A0CDF8009073
:101E200043469BB23A0092B2310089B2584600F064
:101E300003F9002804D000208BF840000120A6E020
:101E4000BBF82A00B0F5807F10D3FF20ABF8280044
:101E5000DFF8440100905FF08073BBF82820D2B215
:101E6000310089B2584600F084FA10E0BBF82A002D
:101E7000ABF82800DFF8200100905FF00073BBF89A
:101E80002820D2B2310089B2584600F072FACDF85B
:101E900000A04B4600220421584600F029F90028F2
:101EA00001D0012073E0DBF80000406ADBF8241069
:101EB0000870DBF82400401CCBF82400BBF8280095
:101EC000401EABF82800BBF82A00401EABF82A00E1
:101ED000BBF82A00002834D0BBF82800002830D1F5
:101EE000CDF800A04B4600228021584600F000F9B2
:101EF000002801D001204AE0BBF82A00B0F5807F1D
:101F00000FD3FF20ABF82800002000905FF0807313
:101F1000BBF82820D2B2310089B2584600F029FA25
:101F20000FE0BBF82A00ABF82800002000905FF01B
:101F30000073BBF82820D2B2310089B2584600F0B5
:101F400018FABBF82A000028A1D152464946584643
:101F500000F044F9002801D0012018E02020DBF82F
:101F60000010C861DBF800004168DFF8280001407C
:101F7000DBF80000416020208BF8410000208BF846
:101F8000420000208BF84000002000E00220BDE865
:101F9000FE8F000000E800FE0024008090F8410061
:101FA0007047406C70472DE9F84304000D0016009F
:101FB0001F00DDF82080DDF82490434800905FF09A
:101FC00080733A00D2B2290089B2200000F0D1F922
:101FD0004A464146200000F0D1F8002801D00120F7
:101FE00028E0380080B2012804D13000C0B2216856
:101FF000886212E0300080B2000AC0B221688862B4
:102000004A464146200000F0B9F8002801D00120DE
:1020100010E03000C0B221688862CDF800904346DD
:1020200000228021200000F063F8002801D0012068
:1020300000E00020BDE8F2832DE9F84304000D0024
:1020400016001F00DDF82080DDF824901E48009067
:1020500000233A00D2B2290089B2200000F089F9A9
:102060004A464146200000F089F8002801D00120AE
:1020700028E0380080B2012804D13000C0B22168C5
:10208000886212E0300080B2000AC0B22168886223
:102090004A464146200000F071F8002801D0012096
:1020A00010E03000C0B221688862CDF8009043464D
:1020B00000224021200000F01BF8002801D0012060
:1020C00000E00020BDE8F2830020008001688969FB
:1020D000890702D500210268916201688969C907F0
:1020E00005D40168896951F0010102689161704766
:1020F0002DE9F04105000E0017001C00DDF81880E6
:10210000286880693040B04201D1012000E0002001
:102110003900C9B288422ED142462100280000F081
:102120008AF8002801D0012026E014F1010FE7D041
:10213000DFF750FBB0EB0800844201D3002CDFD165
:10214000286880693040B04201D1012000E00020C1
:102150003900C9B28842D3D1686C50F0200068645D
:10216000202085F84100002085F84200002085F8F5
:102170004000012000E00020BDE8F08170B50500BE
:102180000C00160028688069800725D432002100E1
:10219000280000F050F8002801D001201DE014F1C3
:1021A000010FEFD0DFF716FB801B844201D3002C18
:1021B000E8D1286880698007E4D4686C50F020007A
:1021C0006864202085F84100002085F84200002046
:1021D00085F84000012000E0002070BD70B50500CA
:1021E0000C00160028688069800622D43200210085
:1021F000280000F020F8002801D001201AE0DFF7C5
:10220000E9FA801B844201D3002CEBD12868806955
:102210008006E7D4686C50F020006864202085F8C0
:102220004100002085F84200002085F84000012090
:1022300000E0002070BD2DE9FE4F05000C001600E7
:1022400000272868806901905FF00009B246019874
:10225000C0064CD510202968C861286880698006AE
:102260003AD43800C0B2002836D114F1010FF4D0AE
:10227000DFF7B0FAB0EB0A00844201D3002CECD1B6
:102280002868406810F48040009095F8420080462D
:1022900028688069000410D50098B0F5804F0CD0F4
:1022A0004046C0B2202808D02868406850F48040DA
:1022B00029684860DFF78EFA8246286880698006C0
:1022C000CBD4DFF787FAB0EB0A001A28F5D359F020
:1022D000200901200700C0E73800C0B2002802D161
:1022E00020202968C86159F00409012007002868E6
:1022F000D0F818B05FEACB5007D559F001094FF478
:1023000080702968C861012007005FEA4B5007D53B
:1023100059F008094FF480602968C861012007005E
:102320005FEA8B5007D559F002094FF40070296815
:10233000C861012007003800C0B2002815D028006D
:10234000FFF7C4FE286841681648014028684160CC
:10235000686C59EA00006864202085F8410000207C
:1023600085F84200002085F840003800C0B2BDE882
:10237000FE8FF0B4049C0D00ADB2AD05AD0D16009E
:10238000F6B255EA06451D43254325F0004506688B
:102390007668054F57EA5457BE432E4307687E6060
:1023A000F0BC704700E800FEFF63FF037047704712
:1023B0006269746D61707320262620224269746DF3
:1023C000617020646174616261736520686173206B
:1023D0006E6F74206265656E20696E697469616CE8
:1023E000697A65642E220000433A5C6A656E6B6907
:1023F0006E735C776F726B73706163655C746F751D
:1024000063686766782D305C746F7563686766789B
:102410005C6672616D65776F726B5C736F7572630A
:10242000655C746F7563686766785C4269746D613A
:10243000702E6370700000006964203C2042495493
:102440004D41505F414E494D4154494F4E5F5354A9
:102450004F524147452026262022496E7465726EF0
:10246000616C206572726F722C20617474656D707E
:1024700074696E6720746F2067657420616464728C
:10248000657373206F6620696E76616C696420697C
:102490006422000072657320262620224E6F74206D
:1024A000616C6C206269746D61707320636F756C10
:1024B0006420626520636163686564212200000016
:1024C00066616C7365202626202244796E616D69F1
:1024D00063204269746D6170204372656174652088
:1024E0006E6F7420737570706F7274656420666FA0
:1024F0007220435553544F4D20616E6420434F4D1D
:1025000050524553534544206269746D6170206692
:102510006F726D6174220000696420213D20424980
:10252000544D41505F494E56414C49442026262087
:102530002243616E6E6F7420636F7079204249543C
:102540004D41505F494E56414C4944220000000025
:102550006964203C20286E756D6265724F66426921
:10256000746D617073202B206E756D6265724F669D
:1025700044796E616D69634269746D61707329207D
:1025800026262022496C6C6567616C204269746D57
:1025900061704964220000002821697344796E61EA
:1025A0006D69634269746D617028696429207C7C5F
:1025B0002064796E4269746D6170735B6964202D6B
:1025C000206E756D6265724F664269746D617073DD
:1025D0005D2E696E75736529202626202243616E63
:1025E0006E6F7420636F70792066726F6D20646502
:1025F0006C657465642064796E616D6963206269DD
:10260000746D617022000000216269746D61702E2A
:102610006765744578747261446174612829202665
:10262000262022416C706861206368616E6E656C63
:10263000206E6F7420737570706F7274656420669D
:102640006F722064796E616D6963206269746D6177
:102650007073220066616C736520262620224479FF
:102660006E616D6963204269746D617020437265AB
:1026700061746520436F7079206E6F74207375707C
:10268000706F7274656420666F7220435553544FA7
:102690004D20616E6420434F4D5052455353454485
:1026A000206269746D617020666F726D61742200C2
:1026B000636C757453697A65203E2030202626208D
:1026C000636C757453697A65203C3D203235362041
:1026D0002626202250616C657474652073697A65C2
:1026E000206D757374206265206265747765656E10
:1026F000203120616E6420323536220066616C73B1
:1027000065202626202244796E616D696320426926
:10271000746D6170204372656174652045787465DD
:10272000726E616C206E6F7420737570706F72744E
:10273000656420666F72204C382C20435553544FEB
:102740004D20616E6420434F4D50524553534544D4
:10275000206269746D617020666F726D6174220011
:10276000697344796E616D69634269746D61702843
:10277000696429202626202243616E206F6E6C79C1
:102780002066696C6C2064796E616D696320626992
:10279000746D6170732200006269746D61702E67E0
:1027A0006574466F726D61742829203D3D20484153
:1027B0004C3A3A6C636428292E6672616D656275C5
:1027C00066666572466F726D617428292026262020
:1027D0002243616E206F6E6C792066696C6C206E8E
:1027E0006174697665206269746D617020666F72CC
:1027F0006D61747322000000286373697A65203E5E
:10280000202873697A655F63616368655F746162DC
:102810006C6573202B2073697A655F64796E616DD6
:1028200069635F6269746D61705F646174612929B5
:102830002026262022496E73756666696369656E77
:10284000742063616368652073746F7261676522C9
:10285000000000006964203C204249544D41505F13
:10286000414E494D4154494F4E5F53544F52414799
:10287000452026262022496E7465726E616C2065A3
:1028800072726F722C20617474656D7074696E67FA
:1028900020746F2067657453697A654F6642697466
:1028A0006D6170207769746820696E76616C696407
:1028B00020696422000000006461746120262620E3
:1028C0002244796E616D6963206269746D61702064
:1028D0006C6F737420706978656C20706F696E74AA
:1028E0006572220066616C73652026262022436192
:1028F0006368696E672F44796E616D6963206269F0
:10290000746D617073206E6F7420737570706F7268
:1029100074656420666F722073656C6563746564AA
:10292000206269746D617020666F726D617422003F
:1029300066616C73652026262022446174612073D1
:10294000697A65206F662042575F524C4520616E60
:102950006420434F4D505245535345442063616EAC
:102960006E6F742062652063616C63756C61746561
:102970006422000066616C73652026262022436174
:102980006368696E67206E6F7420737570706F7204
:1029900074656420666F722073656C65637465642A
:1029A000206269746D617020666F726D61742200BF
:1029B00038B50024DFF8A855DFF8A8052860DFF84F
:1029C000A8150868002819D10868401C086028006C
:1029D000FFF7E4FA002811D1280000F025FAE7F704
:1029E00055FFDFF8881500F068F80100280000F0B6
:1029F000CFFA002802D07FF007000400200032BD8B
:102A000038B50024DFF860050168491E01600068E0
:102A100000280CD1DFF84855280000F04FFA2800B4
:102A2000FFF799F8002802D07FF00700040020008B
:102A300032BDF8B504000D0016001F00380080B24A
:102A4000009033000122290089B2200080B200F0FA
:102A50004EFA002801D100200AE0DFF80405FFF754
:102A6000A0FA042802D17FF0650001E07FF00300A6
:102A7000F2BDF8B504000D0016001F00380080B24A
:102A8000009033000122290089B2200080B200F0BA
:102A90004AFA002801D100200AE0DFF8C404FFF759
:102AA00080FA042802D17FF0650001E07FF0030086
:102AB000F2BD80B5DEF78EFE02BD2DE9F0410400C7
:102AC0000D000026002C4AD0002D48D00020070021
:102AD000032F44D22C20DFF8981400FB07F20A449D
:102AE0005268954239D300FB07F008448068A84239
:102AF00033D33900200000F035F83900200000F011
:102B0000D3F88046B8F1800F26D21420DFF8641481
:102B100000FB08F28A5800FB08F30B445B681B05B6
:102B200013F4700353EA027300FB08F20A4492683C
:102B3000120412F47022134300FB08F20A44D26814
:102B4000120212F47F42134300FB08F00844007C99
:102B500000F0FF0003431E0001E07F1CB8E73000D7
:102B6000BDE8F0812DE9F14F83B010240398DFF820
:102B7000085415EB50050398B5FBF0F53220019091
:102B80004FF4827000905FF02C0CDFF8E4E30CFB54
:102B900001F07044406A0CFB01F67644F668361882
:102BA0000198361A0CFB01F07044806AC01C05FBCA
:102BB00010660CFB01F0704407690CFB01F07044D7
:102BC000006A3F1A00983F1A0CFB01F07044806ABB
:102BD000001D05FB10770CFB01F07044D0F820803D
:102BE0000CFB01FC0EEB0C00406910EB0808CDF863
:102BF0000880012E01DA00200600012F01DA0020F2
:102C00000700002010284DD25FF0000C6246102A09
:102C100046D212F1010C10F1010E0EFB0CFE05FB69
:102C20000EFEDDF808C0E64538D35FF0000C6346C1
:102C3000102B33D210F1010C0CFB03FC05FB0CFC38
:102C4000B44529D3674527D3A04225D0DFF82C838C
:102C5000DFF820B35FF01409D8F800A009FB0AFAE6
:102C60004BF80A00D8F800A009FB0AFADA44CAF8BF
:102C70000420D8F800A009FB0AF9D944C9F80830A3
:102C80000400D8F8009019F10109C8F80090D8F8AC
:102C90000080B8F1800F05D25B1CC9E7521CB6E773
:102CA000401CAFE7BDE8FF8F2DE9F14F88B05FF022
:102CB000FF300590B048089C10EB5404089DB4FB0D
:102CC000F5F400942C24AA4D04FB01F6AE5910EB48
:102CD000560004FB01F6AE59B0FBF6F0049032202A
:102CE000019004FB01F02844866A0098464302964E
:102CF000A14804FB01F62E447668B0FBF6F006907E
:102D00009D4804FB01F62E44B668B0FBF6F0079030
:102D100004980390002699480068864280F08080DD
:102D2000DFF850E2142000FB06F05EF80000401CC3
:102D3000009F07FB00F700200200B2F5807F6DD2F4
:102D40000198DDF8088018EB0008009818EB40089F
:102D5000501C07FB008804FB01F0284480694045B3
:102D60005AD2DDF800C0DDF80490B8EB09090298EA
:102D7000B9EB0009BCEB990F4ED200200300B3F56C
:102D8000807F49D20198DDF8089019EB000900987E
:102D900019EB4009581C07FB009919EB080C04FBC0
:102DA00001F02844006A10EB0C0C04FB01F02844ED
:102DB000406A10EB0C00DDF81CC060452AD3DDF83A
:102DC00018C0844526D304FB01FCAC44DCF81CC0CD
:102DD000E1451FD3DDF800C0CC451BD2DDF810A0C3
:102DE000B0EB0A0ABAF1000F01D5DAF1000ADDF8FA
:102DF0000CC0E2450ED2CDF80CA05FF0140C0CFB19
:102E000006FBF344CBF810200CFB06FCF444CCF892
:102E10000C3005965B1CB2E7521C8EE7761C7AE7F5
:102E2000059809B0BDE8F08F38B586B00400544865
:102E3000016851F008010160016811F00801059175
:102E40000599016851F008010160006810F0080060
:102E5000059005984FF480500090122001900020BA
:102E600002900220039004200490464D69462800F9
:102E7000E6F726FC4FF4005000901220019000204D
:102E80000290022003900420049069462800E6F78F
:102E900017FC3D48016851F080010160006810F0A6
:102EA0008000059005983948016851F08001016063
:102EB000016831F08001016007B030BD30B585B0E8
:102EC00004004FF4805000902E4D00992800E6F742
:102ED00016FD4FF40050009000992800E6F70FFD12
:102EE0002948016831F08001016005B030BDFEB5B0
:102EF00004000D0016001F004FF47A700290BDF818
:102F000020000190009733009BB22A0092B221006A
:102F100089B21348FEF740FE002801D1002001E0ED
:102F20007FF00700FEBDFEB504000D0016001F0077
:102F30004FF47A700290BDF82000019000973300A2
:102F40009BB22A0092B2210089B20548FEF720FF09
:102F5000002801D1002001E07FF00700FEBD000045
:102F6000F4B90324001C005858C10324801A060039
:102F7000746D04084845032400CA9A3B5CC10324CD
:102F8000E0440258000C0258F44402589C44025891
:102F9000F8B504000D00002665600020A060012047
:102FA000E06000202061002060610020A06100201E
:102FB000E061002020622000FEF75EFD002802D0C4
:102FC0000120060011E000273900200000F010F871
:102FD000002802D00120060007E00021200000F0B8
:102FE00039F8002801D0012006003000C0B2F2BD3F
:102FF000020092F8410020282AD192F840000128CE
:1030000001D1022025E0012082F84000242082F82E
:10301000410010680068400840001368186010689C
:10302000006830F480501368186010680068084326
:10303000136818601068006850F001001368186089
:10304000202082F84100002082F84000002000E0AB
:103050000220704710B4020092F84100202827D1C6
:1030600092F84000012801D1022022E0012082F8DC
:103070004000242082F841001068006840084000A9
:10308000136818601068036833F4706353EA01230F
:10309000106803601068006850F001001468206038
:1030A000202082F84100002082F84000002000E04B
:1030B000022010BC7047704766616C73652026263D
:1030C0002022556E737570706F727465642062692A
:1030D000746D617020666F726D617420666F72200E
:1030E000323462707020646973706C617922000000
:1030F000433A5C6A656E6B696E735C776F726B7373
:10310000706163655C746F7563686766782D305CA9
:10311000746F7563686766785C6672616D65776FFA
:10312000726B5C736F757263655C706C6174666FF3
:10313000726D5C6472697665725C6C63645C4C434E
:103140004432346270702E637070000066616C737C
:10315000652026262022556E737570706F72746517
:1031600064206269746D617020666F726D61742095
:10317000696E204C434432343A3A626C6974436F4E
:1031800070792122000000002848414C3A3A6765D6
:1031900074496E7374616E636528292D3E6765748A
:1031A0004672616D655265667265736853747261CB
:1031B00074656779282920213D2048414C3A3A52CC
:1031C0004546524553485F53545241544547595F11
:1031D0005041525449414C5F4652414D454255463B
:1031E000464552292026262022436F707920667298
:1031F000616D6562756666657220726567696F6E7E
:1032000020746F206D656D6F7279206973206E6F09
:103210007420737570706F7274656420696E2050CD
:1032200061727469616C204672616D656275666673
:103230006572206D6F6465212200000028626D7048
:103240002E676574466F726D61742829203D3D209C
:103250006672616D65627566666572466F726D61F4
:10326000742829292026262022546865206769763B
:10327000656E206269746D61702068617320616E93
:1032800020696E76616C696420666F726D6174226C
:103290000000000028626D705F6461746120213D50
:1032A00020302920262620224E6F206D656D6F72FA
:1032B0007920616C6C6F636174656420666F722045
:1032C00074686520676976656E204269746D617007
:1032D000220000002864737420213D2028766F6945
:1032E000642A29302920262620224120636F727209
:1032F0006563742064657374696E6174696F6E20B0
:103300006D656D6F727920706F696E746572206D76
:103310007573742062652070726F766964656421CC
:103320002200000028636F6D7072657373696F6EA1
:10333000416C676F726974686D203D3D204269740D
:103340006D61703A3A434F4D5052455353494F4E79
:103350005F4C385F4E4F4E4529202626202254656B
:1033600078747572656D6170706572206F6E6C79BE
:1033700020737570706F72747320756E636F6D70EB
:10338000726573736564204C3820696D616765737D
:103390002200000066616C736520262620224C38CE
:1033A0005F52474235363520496E64657865642042
:1033B0004269746D617020666F726D61742069730B
:1033C000206E6F7420737570706F72746564206FF7
:1033D0006E2032342062697420646973706C617984
:1033E0007321220066616C73652026262022556EAB
:1033F0006578706563746564207465787420726F95
:10340000746174696F6E220066616C736520262694
:103410002022556E6B6E6F776E204C385F4152479D
:10342000423838383820636F6D7072657373696F16
:103430006E20616C676F726974686D2122000000F4
:1034400066616C73652026262022556E6B6E6F7741
:103450006E204C385F52474238383820636F6D70A9
:1034600072657373696F6E20616C676F72697468DF
:103470006D21220066616C736520262620224C385F
:103480005F52474235363520496E64657865642061
:103490004269746D617020666F726D61742069732A
:1034A000206E6F7420737570706F72746564206F16
:1034B0006E20323462707020646973706C6179734D
:1034C000212200002A7265696E74657270726574DB
:1034D0005F636173743C636F6E73742075696E749F
:1034E00031365F742A3E28636C75744461746129B7
:1034F000203D3D204269746D61703A3A434C555409
:103500005F464F524D41545F4C385F4152474238FD
:10351000383838002A7265696E7465727072657425
:103520005F636173743C636F6E73742075696E744E
:1035300031365F742A3E28636C7574446174612966
:10354000203D3D204269746D61703A3A434C5554B8
:103550005F464F524D41545F4C385F5247423838B6
:1035600038000000636C7574446174615B305D20E9
:103570003D3D204269746D61703A3A434C55545F49
:10358000464F524D41545F4C385F524742383838AD
:1035900000000000636C7574446174615B305D20F1
:1035A0003D3D204269746D61703A3A434C55545F19
:1035B000464F524D41545F4C385F41524742383874
:1035C00038380000000000002000000000001C004F
:1035D00000000000000021000A3B3B0B1F00000020
:1035E00027010000220019173D06250001005202A4
:1035F00000002300333B3B0741000000500800005F
:103600002400284C3E0633000000400E0000250038
:103610004C3D3C05560000004E1700002600393D89
:103620003C043A000000371E000027000A173D0640
:1036300015010200AA1E00002800184D3D072400B5
:103640000000462200002900194D3D052403010019
:103650002F2600002A0027253D06330401001329E8
:1036600000002B003231320841000000DC2D000048
:103670002C00121A0C051D051600C62E00002D0088
:1036800019081E06241B17002E2F00002E000B0CFD
:103690000C091D321500762F00002F0024493DFE35
:1036A00024000000983400003000293D3C05330020
:1036B0000000993900003100213B3B0A3300000033
:1036C000843D00003200283C3C06330000003442B8
:1036D00000003300273D3C0633000000F8460000A0
:1036E00034002C3B3B03330000000A4C0000350043
:1036F000273C3B0733000000BA50000036002A3D4B
:103700003C0533000000BB5500003700283B3B065A
:1037100033000000575A000038002B3D3C043300B2
:103720000000955F000039002A3D3C043300000092
:10373000966400003A000A2C2C0D2447050072659F
:1037400000003B00113B2D09244C0500856700005B
:103750003F00223C3C062C510300816B00004000DE
:1037600043453C0650000000AB7400004100353B6F
:103770003A0137540900E47A000042002D3B3B0730
:1037800037000000318000004300313D3C04385DCB
:103790000300268600004400323B3B073E00000049
:1037A000E98B00004500283A3A0733000000719089
:1037B00000004600263A3A072E000000BF940000A1
:1037C0004700353D3C043E6003002E9B000048004E
:1037D0002E3B3B073C0000007BA000004900183A4C
:1037E0003A052263010033A300004A001D3C3B015F
:1037F00024640200B7A600004B002F3B3B083700B3
:1038000000003FAC00004C00263B3B072D000000B1
:10381000A0B000004D00353B3B0743000000D9B687
:1038200000004E002E3B3B073C00000026BC000081
:103830004F00373D3C043F660500D2C200005000F7
:10384000273B3B07300000006EC700005100384B9B
:103850003C043F000000A2CF00005200313A3A077A
:10386000380000004CD5000053002E3D3C05376B5E
:103870000200C7DA00005400323B3A00316D0B0001
:103880008AE0000055002E3C3B063B000000EEE5C0
:1038900000005600353B3B013778030027EC000061
:1038A0005700493B3B034F7B0400AEF40000580037
:1038B000323B3B02377F010071FA00005900313B77
:1038C0003B0031800700340001005A002F3A3A04CF
:1038D00037870300A40501005B00154D3D09240056
:1038E0000000F30801005C0024493D02248A010025
:1038F000150E01005D00154D3D06248B010064117D
:1039000001005E0033203B0741000000A4140100C9
:103910005F003405F9FF33000060261501006000E8
:10392000110F420D33000000AD1501006100262E7D
:103930002D04308C0F00171901006200273E3D074F
:1039400032000000EF1D01006300242E2D042A9B8D
:1039500003002B2101006400273E3D04329E01003C
:10396000032601006500282E2D04309F0E009B29A0
:10397000010066001D3E3D021C0000003D2D0100BF
:103980006700273E2E0432AD0200153201006800A8
:10399000253D3D07330000009C36010069000A3BCD
:1039A0003B0616000000C33701006A00184C3CFDBE
:1039B0001C000000533B01006B00283D3D072F0019
:1039C0000000174001006C00083D3D071600000094
:1039D0000B4101006D00402D2D074EAF0100AB469D
:1039E00001006E00252D2D0733B00100024A0100B1
:1039F0006F00292F2E0431B10E00DD4D0100700043
:103A0000273D2D0732BF0100A15201007100273D63
:103A10002D0432C001006557010072001C2C2C07D8
:103A200022C10300CD5901007300232E2D042AC4A6
:103A30000200095D010074001C39380220C6010033
:103A4000276001007500262D2C0633C707007E6312
:103A5000010076002B2C2C022FCE0C0046670100B3
:103A600077003B2C2C0341DA06006E6C01007800D5
:103A70002B2C2C022FE002003670010079002B3C29
:103A80002C022FE210005E7501007A00242C2C031A
:103A90002AF20200767801007B00264D3D063300B5
:103AA00000002D7E01007C00084D3D0E240000002A
:103AB000617F01007D00254D3D0733F4010018852D
:103AC00001007E00341525074100000002EB420290
:103AD0002DE9F04FBDF92450BDF928A01144427CD6
:103AE0000B9C002A00F08680B0F9082090ED080AAF
:103AF000AA420ADBB5EE400AF1EE10FACCBF002371
:103B000040F6FC73C268D75823E0B0F90A70BD4292
:103B10000ADBB5EE400AF1EE10FACCBF40F6FC72BB
:103B20000022C3689F5814E0AD1AB5EE400A00EEBB
:103B3000905AF8EEE00A60EE800AFDEEE00A10EE20
:103B4000902AF1EE10FAD8BF02F2FF32C36853F8A0
:103B500022700AEB4A0A007C3A043D02FBB2120EC4
:103B60002D0E8A4468B1FF2C0BD1514580F0FC81A9
:103B700051453FBF0B704A708D70C91CF8D3BDE82A
:103B8000F08F3F0E17FB04F404EB1424641C240490
:103B9000240E5145C4F1FF0080F0E68114FB05F5C9
:103BA00014FB02F214FB03F320E00F7810FB07373D
:103BB0003C04240E14FA87F4641C241201F8014B0F
:103BC0000C7810FB042427043F0E17FA84F77F1C9F
:103BD0003F1201F8017B0F7810FB07573C04240EBD
:103BE00014FA87F4641C241201F8014B5145DCD30C
:103BF000BDE8F08F827C32B1B0F9085001EE905AE6
:103C0000B8EEE10A16E000EE105AB8EEC00A90EDE8
:103C1000061A90ED082A30EE410AD0ED050AB5EEFD
:103C2000402A80EE200AF1EE10FA44BFD0ED071AC8
:103C300030EE610A1F4600EE907AF8EEE00AB4EE2C
:103C4000600AF1EE10FAC0F28180B7EE001A524617
:103C500030EE011A71EE600A01EE102AB8EEC11AB8
:103C6000F4EE410AF1EE10FA4CBFFDEEE00AFDEE73
:103C7000C10A10EE90CAD0ED080AF5EE400AF1EE46
:103C800010FACCBF002540F6FC75C26852F80590CA
:103C90000CEB4C05027C01EB050B4FEA09254FEAC2
:103CA00009485FFA89FE4FEA18682D0E6AB1FF2CA9
:103CB0000BD1594549D259453FBF81F800E081F801
:103CC00001808D70C91CF6D33FE04FEA19695A464E
:103CD00019FB04F909EB1926761C3604360E9142BD
:103CE000C6F1FF0931D216FB05F516FB08F816FBE5
:103CF0000EFE28E091F800B019FB0BEB4FEA0B46E3
:103D0000360E16FA8BF6761C361201F8016B0E7819
:103D100019FB06864FEA064B4FEA1B6B1BFA86FB24
:103D20000BF1010B4FEA2B2B01F801BB91F800B00E
:103D300019FB0B5B4FEA0B46360E16FA8BF6761C18
:103D4000361201F8016B9142D4D3674453441BB23D
:103D50009F4280F20981D0ED070A30EE201A00EE72
:103D6000907AF8EEE00AF4EE410AF1EE10FA40F132
:103D70009F801A4601EE902AF8EEE11AF4EE411AFD
:103D8000F1EE10FA4CBFBDEEE11ABDEEC11A11EE14
:103D900010AAAAEB070790ED081A07EB4707B5EE44
:103DA000401ACD19F1EE10FACCBFDFED701ADFED3D
:103DB000701A027C30EEC00A40EE011AE2B1FF2C0C
:103DC0001AD1A94271D2A9426FD2BDEEE10AC268EE
:103DD00010EE107A02EB870292F800C001F801CBD6
:103DE000577801F8017B92F802E001F801EB90EDC1
:103DF000080A71EE801AE6E7A942C26855D252E07D
:103E0000BDEEE10A10EE10CA02EB8C0E10EE109A15
:103E100012F829B091F800909EF8038018FB04F87E
:103E200008EB1826761C3604360EC6F1FF0C1CFB78
:103E300009F916FB0B994FEA09484FEA186818FA76
:103E400089F808F101084FEA282801F8018B1EF8CB
:103E500001BF91F800801CFB08F816FB0B884FEAA5
:103E600008494FEA196919FA88F909F101094FEA75
:103E7000292901F8019B9EF8018091F800E01CFBC4
:103E80000EFC16FB08C64FEA064C4FEA1C6C1CFAE7
:103E900086FC0CF1010C4FEA2C2C01F801CB90EDC3
:103EA000080A71EE801AA942AAD357469F425BDAEC
:103EB000DF1BD0ED080A07EB4707F5EE400ACA19E9
:103EC000F1EE10FACCBF40F6FC730023C568007C0D
:103ED000EF583B041B0E3D022D0E5FFA87FA68B1C6
:103EE000FF2C0BD191423FD291423FBF81F800A0FD
:103EF0004B708D70C91CF7D3BDE8F08F3F0E17FBD8
:103F000004F404EB1424641C2404240E9142C4F130
:103F1000FF0029D214FB05F514FB03F314FB0AFA86
:103F200020E00F7810FB07A73C04240E14FA87F456
:103F3000641C241201F8014B0C7810FB0434270494
:103F40003F0E17FA84F77F1C3F1201F8017B0F78B0
:103F500010FB07573C04240E14FA87F4641C241247
:103F600001F8014B9142DCD3BDE8F08F0000000066
:103F7000FEFF7F4470477047660002004C00FB0064
:103F80006600020066000400660002002E00FB00CE
:103F90004200FF004400FE004600F4004A00FF001B
:103FA0004F00FF005000F4005100FF005300FF00DD
:103FB0005400F5005500FF005600F5005700F500CD
:103FC0005900F5006200FF006600FB006F00FF0073
:103FD0007000FF007200F5007600F9007700FD0028
:103FE0007900F9002E00FA004100FE004300FE00B7
:103FF0004900FF004B00FC004C00FA005200FC009E
:104000005400FA005600FE005700FE005800FD0064
:104010005900FB005A00FE006300FF006600FE002E
:104020006B00FC007200FF007400FE007600FE00D2
:104030007700FF007800FE007900FE007A00FF00A4
:104040004200FF004400FE004600F4004A00FF006A
:104050004F00FF005000F4005100FF005300FF002C
:104060005400F5005500FF005600F5005700F7001A
:104070005900F5006200FF006600FB006F00FF00C2
:104080007000FF007200F5007600F9007700FD0077
:104090007900F9004600FE005400F8005600FD00CB
:1040A0005700FD005900F8004600FE005400F800DB
:1040B0005600FD005700FD005900F80046000200C0
:1040C00054000200660004002700FC002D00FE00E2
:1040D0004600FC005000FE005300FF005400FB00AF
:1040E0005600FE005700FE005900FD004C00FF0086
:1040F0005400FE005A00FF004C00FF005400FE0078
:104100005A00FF002D00FF002D00FC004C000400B1
:104110004B00FF004C00FF005400FE005900FF0060
:104120005A00FF002D00FF005300FF002D00FA0091
:104130004100FB004200FE004400FE00460001007A
:104140004C00F9004F00FE005200FE005400FD003C
:104150006300FE006500FB002D00FE004100FE0034
:104160004C00FC002D00FE004100FE004400FF005A
:104170004C00FC002D00FD002D00FB004100FD0067
:104180004400FF004C00FA004F00FF005000010007
:104190005200FF002D00FF004400FF004F00FF0011
:1041A00066000400660004002D00FF004600FC00CD
:1041B0004B00FE005000FE005200FE005400F700CD
:1041C0005600FC005700FC005800FE005900FB00A0
:1041D0005A00FE007200FF007600FE007700FF002C
:1041E0007900FE005400F7007800FF007900FF001E
:1041F0005900FB004600FE004B00FD005000FE0091
:104200005200FE005400F7005600FC005700FC006E
:104210005800FE005900FB005A00FE006B00FF0032
:104220007600FF007800FF007900FF005400F800DE
:104230005900FB005900FC005900FC004600FE003C
:104240004B00FD005000FE005200FE005400F7003D
:104250005600FC005700FC005800FE005900FB000F
:104260005A00FE006B00FF007600FF007800FF00A0
:104270007900FF005900FC005900FB005400F800D1
:104280005700FE005900FC005400F9005900FC00E2
:104290004100FF004B00FE005200FF005400F800F8
:1042A0005600FE005700FE005800FF005900FC00B9
:1042B0002D00FE004100FE004B00FD004C00FC0004
:1042C0005300FF005400F8005900FC006100FF009B
:1042D0006800FF006D00FF006E00FF006F00FF0030
:1042E0002D00FF004100FF004B00FD005300FF00C8
:1042F0005400F8005A00FE002D00FE006F00FF0081
:104300002D00FE004100FE004B00FD004C00FC00B3
:104310005200FE005300FF005400F8005600FD005C
:104320005700FD005800FD005A00FD006100FF002D
:104330006800FF006D00FF006E00FF006F00FF00CF
:104340002D00FE005400F900660004002DE9FF4135
:1043500004000D000026002C19D12868002816D072
:10436000286840F22131884211D2686800280ED0B6
:10437000686840F2E111884209D268682968884279
:1043800001D2686800E02868E968884203D27FF0BB
:104390000100060052E0200000F01FF9002803D0C1
:1043A0005FF0FF30060049E02827DFF8D882286850
:1043B00007FB04F148F80100686807FB04F1414479
:1043C0004860A86807FB04F141448860E86807FB7F
:1043D00004F14144C8606946DFF8AC0250F824009B
:1043E000DFF8A8221268D2699047002803D57FF031
:1043F0000400060022E0019807FB04F14144086133
:10440000029807FB04F1414448610021022915D2BA
:1044100007FB04F0404400EB81022B68E868C318F6
:104420005B1C936107FB04F0404400EB81026B6866
:10443000E868C3185B1C1362491CE7E7300004B04E
:10444000BDE8F0812DE9FF4704000D000026002C97
:1044500003D07FF001000600BBE06946DFF82802C8
:1044600050F82400DFF824221268126990470028CF
:1044700003D57FF004000600ABE00098002800F0B0
:10448000998001980700029880462821DFF8F421DE
:1044900001FB04F01044007A000703D502980700DE
:1044A0000198804601FB04F01044007A800705D58E
:1044B00001FB04F010440069C71B7F1E01FB04F0E0
:1044C0001044007A400707D501FB04F0104440690E
:1044D000B0EB0808B8F1010801FB04F0105800FB2C
:1044E00007F001FB04F313441B69B0FBF3F06860B1
:1044F00001FB04F01044406800FB08F001FB04F3EA
:1045000013445B69B0FBF3F0A8600098286001FBDE
:1045100004F0104480696B68984208D2D5F8049082
:1045200001FB04F010448069B9EB000907E001FBCE
:1045300004F01044D0F818906868B9EB000901FB4A
:1045400004F01044006AAB68984208D2D5F808A07D
:1045500001FB04F01044006ABAEB000A07E001FB1B
:1045600004F01044D0F820A0A868BAEB000A01FBC0
:1045700004F01044C068484505D301FB04F0104422
:10458000C06850450AD2686801FB04F3134498617F
:10459000A86801FB04F1114408621AE001FB04F071
:1045A00010448069686001FB04F102EB0100006ABD
:1045B000A8600EE0002028602820DFF8C81000FB6B
:1045C00004F20A4492696A6000FB04F00844006A3D
:1045D000A860300004B0BDE8F087F8B58CB00400E6
:1045E00001A82B49D1E90023C0E900232948039001
:1045F000294804902948079029480690294808909E
:104600000026022E3AD201A850F82600ADF8140078
:10461000254F03A9380000F04BF8002803D07FF0A5
:104620000700050028E06946380000F0D3F80028AC
:1046300003D07FF0040005001EE00098112803D08D
:104640007FF00600050017E009A9380000F054F8D3
:104650000D4840F824700D49144A0A6050F82400AF
:10466000096809688847002803D07FF00400050026
:1046700002E00020050001E0761CC2E728000DB032
:10468000F0BD000020BE032464C1032460C10324E4
:10469000DCAB0408B1290408012A0408732A0408C1
:1046A000332A0408B32A040848BE03240000002467
:1046B00038B504000D00002C02D15FF0FF301AE085
:1046C000286820606868606028892081E868E06068
:1046D00028692061686960610FF26920E0610FF26A
:1046E0008D20A06124622068002802D020688047C5
:1046F00001E05FF0FF3032BD0200012008700020B1
:104700004870022088704FF4487048604FF4F07091
:1047100088600020704738B50500002495F8240013
:10472000002809D128688047280000F0E7F8001920
:104730000400012085F82400002C02D05FF0FF3037
:104740000400200032BD010091F82400012802D1AC
:10475000002081F82400002070472DE9F047040074
:104760000D002968C9B214F1180000F04DF90600D7
:104770006968C9B214F1180000F04FF90700BF19B9
:10478000A968C9B214F1180000F050F9804618EB7E
:104790000708E968C9B214F1180000F050F9814621
:1047A00019EB08092969C9B214F1180000F050F991
:1047B00082461AEB090A6969C9B214F1180000F0BF
:1047C00050F910EB0A00002802D05FF0FF3108001A
:1047D000BDE8F08738B504000D00694614F11800F3
:1047E00000F051F99DF80010296032BD7CB504003D
:1047F0000D000026200000F08FF8286004236A4690
:10480000032114F1180000F0C5F8002803D05FF070
:10481000FF30060011E09DF80010090211F47061EC
:104820009DF80100014369609DF80210090211F42E
:1048300070619DF803000143A960300076BD7FB52B
:1048400004000D000026200000F066F828600C230C
:104850006A46032114F1180000F09CF8002803D0E8
:104860005FF0FF30060035E09DF80010090211F4FA
:1048700070619DF801000143696069469DF802205E
:10488000120212F47062C8780243EA609DF80000D8
:104890008009E861087968619DF80500000968628F
:1048A0008A79120212F470629DF807000243AA602E
:1048B0000A7A120212F470629DF8090002432A611A
:1048C0008879800928629DF80A00A8619DF80B008C
:1048D0000009A862300004B070BD38B504000D00B6
:1048E000290014F1180000F073F832BD10B504006F
:1048F000012114F1180000F0BDF810BD10B504003E
:10490000002114F1180000F0B5F810BD01000020DE
:1049100070470100002070471CB50400694614F17F
:10492000180000F05FF8002802D05FF0FF3007E0C9
:104930009DF80000032801D3002001E09DF800004D
:1049400016BD00002DE9F04104000D0016001F0007
:10495000A0463B009BB232002900C9B289B2B8F828
:104960000800D8F810C0E047BDE8F0812DE9F0411B
:1049700004000D0016001F00A0463B009BB2320051
:104980002900C9B289B2B8F80800D8F80CC0E047CD
:10499000BDE8F081F8B504000D0016001F003B00D3
:1049A0009BB232002900C9B2A068D4F804C0E04725
:1049B000F2BDF8B504000D0016001F003B009BB2CD
:1049C00032002900C9B2A068D4F800C0E047F2BDA7
:1049D00038B504000D0001232A0001212000FFF753
:1049E000D9FF32BD38B504000D0001232A00022191
:1049F0002000FFF7CFFF002805D1297811F00F0123
:104A000029702978297032BD13B50400012301AA49
:104A100091212000FFF7CDFF16BD13B5040001233F
:104A200001AA92212000FFF7C4FF16BD13B50400B0
:104A3000012301AA93212000FFF7BBFF16BD13B588
:104A40000400012301AA94212000FFF7B2FF16BD44
:104A500013B50400012301AA95212000FFF7A9FF47
:104A600016BD13B50400012301AA96212000FFF70B
:104A7000A0FF16BD13B50400012301AAA421200044
:104A8000FFF797FF16BD38B504000D0001232A007B
:104A9000A8212000FFF77EFF002803D12978297084
:104AA0002978297032BD7047287769647468203E80
:104AB0002030292026262028686569676874203EF2
:104AC000203029202626202243616E6E6F742062DA
:104AD0006C697420656D707479207265637422004E
:104AE000433A5C6A656E6B696E735C776F726B7369
:104AF000706163655C746F7563686766782D305CA0
:104B0000746F7563686766785C6672616D65776FF0
:104B1000726B5C736F757263655C746F75636867E5
:104B200066785C68616C5C48414C2E637070000074
:104B300028626C69744F702E6F7065726174696F52
:104B40006E202620676574426C6974436170732817
:104B500029292026262022626C6974206F706572D4
:104B60006174696F6E206E6F7420737570706F72F0
:104B70007465642200000000287769647468203E30
:104B80002030292026262028686569676874203E21
:104B9000203029202626202243616E6E6F74206605
:104BA000696C6C20656D7074792072656374220085
:104BB00028626C69744F702E6F7065726174696FD2
:104BC0006E202620676574426C6974436170732897
:104BD00029292026262022626C69742066696C6C63
:104BE000206F7065726174696F6E206E6F742073D0
:104BF0007570706F72746564220000005553455FD4
:104C0000414E494D4154494F4E5F53544F524147D5
:104C1000452026262022416E696D6174696F6E20E1
:104C200073746F726167652072657175697265640E
:104C300020666F722074686973206F70657261748A
:104C4000696F6E2E205365652048414C3A3A736572
:104C500074416E696D6174696F6E53746F726167D0
:104C6000652200006672616D654275666665724117
:104C70006C6C6F6361746F72202626202248414C51
:104C80003A3A6672616D65427566666572416C6C32
:104C90006F6361746F72206E6F7420696E697469DE
:104CA000616C697A656421220000000066616C73A2
:104CB00065202626202248414C3A3A524546524524
:104CC00053485F53545241544547595F50415254E1
:104CD00049414C5F4652414D45425546464552205A
:104CE0006F6E6C7920737570706F727473203136CB
:104CF000626974206F722032346269742066726156
:104D00006D656275666665722200000066616C738F
:104D100065202626202248414C3A3A5245465245C3
:104D200053485F53545241544547595F5041525480
:104D300049414C5F4255464645525F5446545F4395
:104D400054524C206F6E6C7920737570706F727452
:104D5000732031366269742C2032346269742C20DD
:104D60006F72203332626974206672616D6562759C
:104D7000666665722200000066616C7365202626F7
:104D80002022556E737570706F727465642062694D
:104D9000746D617020666F726D617420696E20673A
:104DA00065744269744465707468282922000000A3
:104DB00000000000000000000000000000000000F3
:104DC00000000000000000000000000000000000E3
:104DD00000000000000000000000000000000000D3
:104DE00000000000000000000000000000000000C3
:104DF00000000000000000000000000000000000B3
:104E000000000000000000000000000000000000A2
:104E10000000000000000000000000000000000092
:104E20000000000000000000000000000000000082
:104E30000000000000000000000000000000000072
:104E40000000000000000000000000000000000062
:104E50000000000000000000000000000000000052
:104E60000000000000000000000000000000000042
:104E70000000000000000000000000000000000032
:104E80000000000000000000000000000000000022
:104E90000000000000000000000000000000000012
:104EA0000000000000000000000000000000000002
:104EB000000102030405060708090A0B0C0D0E0F7A
:104EC000101112131415161718191A1B1C1D1E1F6A
:104ED000202122232425262728292A2B2C2D2E2F5A
:104EE000303132333435363738393A3B3C3D3E3F4A
:104EF000404142434445464748494A4B4C4D4E4F3A
:104F0000505152535455565758595A5B5C5D5E5F29
:104F1000606162636465666768696A6B6C6D6E6F19
:104F2000707172737475767778797A7B7C7D7E7F09
:104F3000808182838485868788898A8B8C8D8E8FF9
:104F4000909192939495969798999A9B9C9D9E9FE9
:104F5000A0A1A2A3A4A5A6A7A8A9AAABACADAEAFD9
:104F6000B0B1B2B3B4B5B6B7B8B9BABBBCBDBEBFC9
:104F7000C0C1C2C3C4C5C6C7C8C9CACBCCCDCECFB9
:104F8000D0D1D2D3D4D5D6D7D8D9DADBDCDDDEDFA9
:104F9000E0E1E2E3E4E5E6E7E8E9EAEBECEDEEEF99
:104FA000F0F1F2F3F4F5F6F7F8F9FAFBFCFDFEFF89
:104FB000FFFFFFFFFFFFFFFFFFFFFFFFFFFFFFFF01
:104FC000FFFFFFFFFFFFFFFFFFFFFFFFFFFFFFFFF1
:104FD000FFFFFFFFFFFFFFFFFFFFFFFFFFFFFFFFE1
:104FE000FFFFFFFFFFFFFFFFFFFFFFFFFFFFFFFFD1
:104FF000FFFFFFFFFFFFFFFFFFFFFFFFFFFFFFFFC1
:10500000FFFFFFFFFFFFFFFFFFFFFFFFFFFFFFFFB0
:10501000FFFFFFFFFFFFFFFFFFFFFFFFFFFFFFFFA0
:10502000FFFFFFFFFFFFFFFFFFFFFFFFFFFFFFFF90
:10503000FFFFFFFFFFFFFFFFFFFFFFFFFFFFFFFF80
:10504000FFFFFFFFFFFFFFFFFFFFFFFFFFFFFFFF70
:10505000FFFFFFFFFFFFFFFFFFFFFFFFFFFFFFFF60
:10506000FFFFFFFFFFFFFFFFFFFFFFFFFFFFFFFF50
:10507000FFFFFFFFFFFFFFFFFFFFFFFFFFFFFFFF40
:10508000FFFFFFFFFFFFFFFFFFFFFFFFFFFFFFFF30
:10509000FFFFFFFFFFFFFFFFFFFFFFFFFFFFFFFF20
:1050A000FFFFFFFFFFFFFFFFFFFFFFFFFFFFFFFF10
:1050B000000000003F00203B3A0224000000B00343
:1050C0000000B005050CFA0400000060D4030000E5
:1050D000B105160CFA040000006058040000B20587
:1050E000160CFA0400000060DC040000B305160C86
:1050F000FA040000006060050000B4050505FB042B
:10510000000000606F050000B5050E05FB040000FF
:10511000006092050000B6050E0CFA040000006065
:10512000E6050000B7050F04FB040000006006065A
:105130000000B8050F0CFB040000006066060000CC
:10514000B90505053A040000000075060000BA051F
:1051500005053A040000000084060000BB05110CA0
:10516000FA0400000060F0060000BC0505051B0401
:1051700000000000FF060000BD05040DFB04000058
:10518000006019070000BF0510043A040000000089
:1051900039070000C10505053A0400000000480772
:1051A0000000C20505053A04000000005707000092
:1051B000D0052E302F0233000000A70B0000D105D0
:1051C00028302F032E000000670F0000D2051B308F
:1051D0002F011E00000007120000D30526302F0308
:1051E0002B00000097150000D40529302F04320051
:1051F000000087190000D5050F302F0318000000AC
:10520000071B0000D60515302F031A000000171DDC
:105210000000D7052D302F03350000006721000066
:10522000D8052B312F04330000009D250000D9053F
:105230000F1B2F031800000075260000DA05243E1E
:105240002F032C000000D12A0000DB0523302F03A0
:1052500029000000312E0000DC05253E3D022A0019
:105260000000CB320000DD052D302F043700000098
:105270001B370000DE052F31300335000000B33B43
:105280000000DF05103E2F031A000000A33D0000C0
:10529000E00516302F031E000000B33F0000E105BB
:1052A0002D302F033300000003440000E2052934B1
:1052B00030032F00000047480000E3052940310378
:1052C00032000000874D0000E40529313104300030
:1052D00000008C510000E505253E2F022A00000049
:1052E00026560000E60526302F032C000000B65994
:1052F0000000E7052B3E2F05320000000A5F00008A
:10530000E80521302F032A0000003A620000E90579
:1053100031302F053A000000EA660000EA052F3020
:105320002F0237000000000093ECDE2900F7ADDA11
:10533000EF02330000F90A000000F30C000000F552
:105340000A000010FD030000D56F0000B0CF03007D
:1053500000E00C000000E00C000000400300000032
:105360000000000000F00E000000F00E0000F1FF51
:10537000030000FC01F1FE0C0000FC01F1AC5F0039
:1053800000FC01F12CDF0000FC01F10CF90600FC2F
:1053900001F10CE11E00FC01F10C708F00FC01F129
:1053A0000C00ED02FC01F10C00F609FC01F10C000F
:1053B000C03FFC01F10C0040BFFC01F10C0000FB00
:1053C000FE01F10C0000F3FF01F10C000090FF0161
:1053D000FFFFFFFFFFFF05AAAAEABFAAAA0300007A
:1053E000C02F0000000000C02F0000000000C02FF0
:1053F0000000000000C02F0000000000C02F0000CF
:10540000000000C02F0000000000C02F00000000BE
:1054100000C02F0000000000C02F0000000000C0EE
:105420002F0000000000C02F0000000000C02F006F
:10543000000000B4FE9D0270DF89FA2EF3090050CF
:105440009FFA121111DEFDFFFFFFEFEE44444444CA
:10545000FD01000000FA06000000F44E0000847018
:10546000FF9CDABF00A4FDCE2820AF000020AF00D3
:105470000020AF0000F6FFFF7F93DF884820AF00D9
:105480000020AF000020AF000020AF000020AF00E0
:105490000020BF000010EF010000FA9D6A0091FD9E
:1054A0005DF10D00A02F00606FC02F00E17F00A014
:1054B0002F805F00F5CE00D00D409F00DAF702F19B
:1054C0000900CE008EF207F50600FB413FC00CF844
:1054D0000200F7940D802FDC0000F3E808307F9F76
:1054E0000000E0FE0300ED5F0000A0DF0000F81FF9
:1054F0000000609F0000F30C00E15F0000F41C401E
:10550000EF0210EE0200F70CB04F0000A08FF7077B
:10551000000010FDAF00000000F52F00000010EDAE
:10552000CF000000A05FF9080000F709D15F00403C
:10553000CF0030EF02E22E0000F61C002DE9F04310
:105540008BB007468846594EB98D3088814280F02D
:10555000AA80574D2B6893B9564C6C222146564869
:10556000DDF7E8FDAFF30080B98D3088814206D3C6
:105570006D2221465148DDF7DDFDAFF30080BB8D84
:1055800028684F4C216810F8132051F82240002C55
:1055900000F0898030B990224A494B48DDF7CAFDB6
:1055A000AFF30080B98D3088814206D391224549FE
:1055B0004648DDF7BFFDAFF30080BA8D286800EBE9
:1055C00042014B78C3F3810930B9842240494148F4
:1055D000DDF7B0FDAFF30080B98D3088814206D38E
:1055E00085223B493C48DDF7A5FDAFF3008007F17C
:1055F0003600C27805924178CDF80C9004918378FA
:105600000293B7F934E0CDF804E0B98D2A6802EBD3
:10561000410C21469CF8013003F00303009303780A
:105620003A6B06A8F9F72DFA39683846D1F8802088
:1056300090473B6881463846D96F884704462868BA
:1056400030B9602225492648DDF774FDAFF30080AC
:10565000B88D3188884206D3612220492148DDF780
:1056600069FDAFF30080B98D1F480068DDF73BFD91
:105670000646394604A8F6F735FF1C49096891F833
:105680005C0000281ABF086D002888684346029411
:1056900006A9CDF80C900091DDE904480196214659
:1056A0004246DDF7D1FC0BB0BDE8F08300C2032415
:1056B000E0C1032458720408B08504089C880408DB
:1056C000E8C10324C0720408F4850408DC880408D7
:1056D0005C7F0408148804085C8B0408087F0408B5
:1056E000D08704081C8B0408E4C1032474C003247D
:1056F00066616C73652026262022556E657870657C
:1057000063746564207465787420726F7461746961
:105710006F6E2200433A5C6A656E6B696E735C77EC
:105720006F726B73706163655C746F7563686766D5
:10573000782D305C746F7563686766785C6672613B
:105740006D65776F726B5C736F757263655C746F98
:105750007563686766785C6C63645C4C43442E6375
:1057600070700000286269747350657250697865C2
:105770006C203D3D2031207C7C2062697473506533
:1057800072506978656C203D3D2032207C7C20621F
:10579000697473506572506978656C203D3D2034A2
:1057A000207C7C2062697473506572506978656CE6
:1057B000203D3D2038292026262022496C6C656733
:1057C000616C2062697473506572506978656C20F1
:1057D000666F7220676C797068220000766563746A
:1057E0006F72466F6E7452656E64657265722026C4
:1057F0002620224E6F20566563746F72466F6E745A
:1058000052656E646572657220696E7374616E6351
:105810006520666F756E6421220000002175736536
:10582000456C6C6970736973202626202257696461
:10583000652054657874206861732073746F70708C
:105840006564207769746820616E20656C6C69708E
:10585000736973202D20646F206E6F7420736361F1
:105860006E20616E792066757274686572212200FF
:10587000FEE72DE9FE4F0500A869029068690190D6
:10588000EE69404807684048D0F800803F48D0F8AB
:1058900000903F48D0F800A00020E7F7C1F80400CE
:1058A000002C01D0210000E035A13A48ECF776F950
:1058B000DFF8E4B05846ECF7BFF9CDF800A04B464E
:1058C000424639003548ECF769F95846ECF7B4F927
:1058D00000953300019A02993148ECF75FF9584678
:1058E000ECF7AAF9FEE738B52648046827480568AA
:1058F0002A0021002B48ECF751F92748ECF79CF9D6
:10590000FEE738B51F480468214805682A002100D1
:105910002548ECF743F92048ECF78EF9FEE780B50F
:10592000184801682148ECF739F91B48ECF784F96D
:10593000FEE7704780B51E48EFF7FCFC01BD80B55F
:105940001C48E9F774F901BD80B51B48E8F796FAE1
:1059500001BD80B51948DFF71DFA01BD80B51848B3
:10596000E0F7B4FE1748E0F7B1FE01BD80B5164878
:10597000E8F712FD01BD80B51448EBF734F901BD1D
:105980003F00000028ED00E02CED00E034ED00E0E9
:1059900038ED00E0709F0408C0010024948E0408D4
:1059A000088D0408209904084C990408909F040865
:1059B00080BB032400B0032414B803249CB903243F
:1059C00064B60324F8B50324F8BE032448B10324C5
:1059D00080B5E5F7B8F901BD3D48016851F47001A3
:1059E00001603C48016851F0100101603A490868C3
:1059F00010F00F00072804D207200A6860F30302A2
:105A00000A60364A106850F0010010600020344BE4
:105A100018601368334803401360086810F00F00E3
:105A2000082804D307200B6860F303030B600020F1
:105A30002D49086000202D49086000202C4908608D
:105A40002C482D4908602D482D4908602D482E49C5
:105A5000086000212D4B19602D49086000212D4B55
:105A600019602D49086000202C490860106830F446
:105A70008020106000202A4908602A48016851F4FB
:105A80008041016028480068000C0004B0F1005F0C
:105A900002D201202549086025480168C9040BD4B9
:105AA000016851F48051016043F2D201214A116032
:105AB000016831F480510160704700001E480168A0
:105AC00031F0020101601D4800688004FBD5704779
:105AD00088ED00E010ED00E0002000520044025884
:105AE000104402587FEDF6EA184402581C4402584C
:105AF0002044025800020202284402580000FF011C
:105B00002C440258800201013044025834440258A7
:105B1000384402583C440258404402584444025815
:105B200060440258E40000580010005C08810051F5
:105B3000D4440258004000520C480258044802580D
:105B40002000210022002300240025002600270039
:105B5000280029002A002B002C002D002E002F00E9
:105B60003000310032003300340035003600370099
:105B7000380039003A003B0002003F00400041007D
:105B800042004300440045004600470048004900E9
:105B90004A004B004C004D004E004F005000510099
:105BA0005200530054005500560057005800590049
:105BB0005A005B005C005D005E005F0060006100F9
:105BC00062006300640065006600670068006900A9
:105BD0006A006B006C006D006E006F007000710059
:105BE0007200730074007500760077007800790009
:105BF0007A007B007C007D007E000000D005D1058E
:105C0000D205D305D405D505D605D705D805D905C0
:105C1000DB05DA05DC05DE05DD05E005DF05E10570
:105C2000E205E405E305E605E505E705E805E90520
:105C3000EA05B005B105B205B305B405B505B6056D
:105C4000B705B805B905BA05BB05BC05BD05BF0557
:105C5000C105C20500004E00650077002000540019
:105C600065007800740000000200000070616C653F
:105C7000747465202626202241206772616469655C
:105C80006E742070616C6574746520697320726530
:105C90007175697265642062792043575256656355
:105CA000746F7252656E6465726572220000000046
:105CB000433A5C6A656E6B696E735C776F726B7387
:105CC000706163655C746F7563686766782D305CBE
:105CD000746F7563686766785C6672616D65776F0F
:105CE000726B5C736F757263655C746F7563686704
:105CF00066785C776964676574735C63616E76610E
:105D0000735C435752566563746F7252656E646577
:105D10007265722E637070007374617469635F637F
:105D20006173743C566563746F725072696D697407
:105D3000697665733E28636D64735B636D64496E59
:105D4000785D29203D3D20564543544F525F5052C7
:105D5000494D5F434C4F5345207C7C20706F696EEA
:105D600074496E78203C206E506F696E7473000029
:105D7000266420213D207468697320262620224352
:105D8000616E6E6F74206164642044726177616239
:105D90006C6520746F2073656C662200433A5C6A00
:105DA000656E6B696E735C776F726B737061636540
:105DB0005C746F7563686766782D305C746F7563AB
:105DC000686766785C6672616D65776F726B5C732D
:105DD0006F757263655C746F7563686766785C6322
:105DE0006F6E7461696E6572735C436F6E74616926
:105DF0006E65722E63707000642E706172656E74D1
:105E0000203D3D2030202626202243616E6E6F7497
:105E100020616464204472617761626C65206D75F5
:105E20006C7469706C652074696D65732200000084
:105E30006865616420213D202664202626202243B7
:105E4000616E6E6F74206164642044726177616278
:105E50006C65206D756C7469706C652074696D6516
:105E6000732200000000000000000000000000009D
:105E7000000000005DAB040800000000BD7D0308C9
:105E800000000000000000005F7E03084383030859
:105E9000518303088F930408598303080DA4040851
:105EA000577E030800000000FDA104085785030881
:105EB00049860308938603080000000000000000E4
:105EC000AF870308ED860308298803080000000057
:105ED0000789030861890308000000000000000032
:105EE000F7A30408097E0308177E0308237E03082E
:105EF0000000000000000000F180030819A204085F
:105F0000F7830308BF8403080D9E04080000000007
:105F1000DF7002081DAC04085DA904080000000041
:105F2000000000007BA00408918103082F7E030875
:105F30003B7E03085D7E0308918A0308018B0308FA
:105F4000818204086F7E0308BD7E0308C7A0040891
:105F50000000000000000000000000000000000041
:105F60005DAB040800000000013203082F32030873
:105F7000000000008B3203084383030851830308A9
:105F80008F930408598303080DA404087132030891
:105F900000000000FDA10408578503084986030896
:105FA000938603080000000000000000AF8703088C
:105FB000ED8603082988030800000000078903080C
:105FC000618903080000000000000000F7A3040836
:105FD0009B320308A7320308B3320308BF32030819
:105FE000000000000533030819A20408F783030822
:105FF000BF8403080D9E040800000000DF70020843
:106000001DAC04085DA904080000000000000000A9
:106010007BA0040891810308233303083733030866
:106020007B320308918A0308018B030881820408EC
:106030006F7E0308BD7E0308C7A0040843616E7627
:10604000617357696467657452656E6465726572E1
:106050003A3A686173427566666572282920262679
:1060600020224E6F2062756666657220616C6C6FCF
:10607000636174656420666F722043616E7661733C
:1060800057696467657452656E64657265722064F1
:10609000726177696E672200433A5C6A656E6B696C
:1060A0006E735C776F726B73706163655C746F7530
:1060B00063686766782D305C746F756368676678AF
:1060C0005C6672616D65776F726B5C736F7572631E
:1060D000655C746F7563686766785C77696467652B
:1060E00074735C63616E7661735C43616E76617339
:1060F0002E6370700000000066616C7365202626B8
:106100002022556E737570706F72746564206269B9
:106110007420646570746822000000000A3D3D3DF3
:106120003D3D3D3D3D3D3D3D3D3D3D3D3D3D3D3D9F
:106130003D3D3D3D3D3D3D3D3D3D3D3D3D3D3D3D8F
:106140003D3D3D3D3D0A5B554152545D2055415218
:1061500054526563656976655461736B207374612D
:1061600072746564202D2D20444D412B49444C45CB
:10617000206D6F64650A2020202020202055415288
:106180005438207C202039323136303020384E319E
:10619000207C20444D41312053747265616D300A7A
:1061A00020202020202020445754206379636C65F0
:1061B00020636F756E74657220656E61626C6564D4
:1061C0002028343830204D487A290A3D3D3D3D3D58
:1061D0003D3D3D3D3D3D3D3D3D3D3D3D3D3D3D3DEF
:1061E0003D3D3D3D3D3D3D3D3D3D3D3D3D3D3D3DDF
:1061F0003D3D3D0A0A00000072656E64657265727D
:1062000020262620224E6F20566563746F725265D9
:106210006E646572657220696E7374616E63652069
:10622000666F756E64212200433A5C6A656E6B6925
:106230006E735C776F726B73706163655C746F759E
:1062400063686766782D305C746F7563686766781D
:106250005C6672616D65776F726B5C736F7572638C
:10626000655C746F7563686766785C566563746FA8
:1062700072466F6E7452656E6465726572496D70B8
:106280006C2E637070000000706F696E7473496EDD
:10629000646578203C20706F696E7442756666652F
:1062A0007253697A65202D2031000000706F696E8D
:1062B0007473496E646578203C20706F696E744217
:1062C000756666657253697A65202D20330000007B
:1062D00066616C736520262620224C6F636B4672C4
:1062E0006565444D415F5175657565206F766572D2
:1062F000666C6F7721220000433A5C6A656E6B69B9
:106300006E735C776F726B73706163655C746F75CD
:1063100063686766782D305C746F7563686766784C
:106320005C6672616D65776F726B5C736F757263BB
:10633000655C746F7563686766785C68616C5C4403
:106340004D412E6370700000216973456D70747942
:10635000282920262620224C6F636B4672656544EF
:106360004D415F517565756520756E646572666C2B
:106370006F7721220000000066616C73652026267D
:106380002022444D413A3A65786563757465282941
:1063900020696E76616C696420426C69744F70226A
:1063A0000000000062756666657253697A65203E7A
:1063B0003D2032202A2073697A656F662843656C18
:1063C0006C2920262620224E6F7420656E6F75671B
:1063D00068206D656D6F727920616C6C6F6361749C
:1063E000656420666F72204357522200433A5C6A0C
:1063F000656E6B696E735C776F726B7370616365EA
:106400005C746F7563686766782D305C746F756354
:10641000686766785C6672616D65776F726B5C73D6
:106420006F757263655C746F7563686766785C63CB
:10643000616E7661735F7769646765745F72656EBC
:1064400064657265725C43616E76617357696467F7
:10645000657452656E64657265722E6370700000BB
:106460000002010303020403050504040000017D8A
:106470000102030004110512213141061351610785
:10648000227114328191A1082342B1C11552D1F079
:106490002433627282090A161718191A252627282A
:1064A000292A3435363738393A434445464748492E
:1064B0004A535455565758595A6364656667686914
:1064C0006A737475767778797A8384858687888904
:1064D0008A92939495969798999AA2A3A4A5A6A711
:1064E000A8A9AAB2B3B4B5B6B7B8B9BAC2C3C4C53D
:1064F000C6C7C8C9CAD2D3D4D5D6D7D8D9DAE1E26B
:10650000E3E4E5E6E7E8E9EAF1F2F3F4F5F6F7F8B3
:10651000F9FA000000020102040403040705040460
:106520000001027700010203110405213106124126
:10653000510761711322328108144291A1B1C1093E
:10654000233352F0156272D10A162434E125F11773
:1065500018191A262728292A35363738393A434454
:1065600045464748494A535455565758595A636403
:1065700065666768696A737475767778797A8283F5
:106580008485868788898A92939495969798999A14
:10659000A2A3A4A5A6A7A8A9AAB2B3B4B5B6B7B832
:1065A000B9BAC2C3C4C5C6C7C8C9CAD2D3D4D5D65E
:1065B000D7D8D9DAE2E3E4E5E6E7E8E9EAF2F3F48A
:1065C000F5F6F7F8F9FA000073697A656F662850F6
:1065D000726573656E7465725479706529203C3DEF
:1065E00020686561702E70726573656E7465725394
:1065F000746F726167652E656C656D656E745F732F
:10660000697A652829202626202250726573656ED6
:1066100074657220616C6C6F636174696F6E206564
:1066200072726F723A20436865636B20746861749C
:1066300020616C6C2070726573656E746572732076
:1066400061726520616464656420746F2046726FB6
:106650006E74656E64486561703A3A507265736530
:106660006E746572547970657322000073697A657F
:106670006F66285472616E735479706529203C3DB1
:1066800020686561702E7472616E736974696F6ED3
:1066900053746F726167652E656C656D656E745FAE
:1066A00073697A65282920262620225472616E7328
:1066B0006974696F6E20616C6C6F636174696F6E71
:1066C000206572726F723A20436865636B2074684C
:1066D000617420616C6C207472616E736974696F8F
:1066E0006E732061726520616464656420746F203C
:1066F00046726F6E74656E64486561703A3A5472A2
:10670000616E736974696F6E5479706573220000ED
:1067100073697A656F662850726573656E74657209
:106720005479706529203C3D20686561702E707237
:106730006573656E74657253746F726167652E65FB
:106740006C656D656E745F73697A652829202626ED
:10675000202250726573656E74657220616C6C6F77
:10676000636174696F6E206572726F723A2043685C
:1067700065636B207468617420616C6C2070726555
:1067800073656E74657273206172652061646465FF
:106790006420746F2046726F6E74656E6448656124
:1067A000703A3A50726573656E74657254797065AB
:1067B0007322000073697A656F66285472616E7384
:1067C0005479706529203C3D20686561702E747293
:1067D000616E736974696F6E53746F726167652E51
:1067E000656C656D656E745F73697A65282920260E
:1067F0002620225472616E736974696F6E20616C19
:106800006C6F636174696F6E206572726F723A208B
:10681000436865636B207468617420616C6C2074DC
:1068200072616E736974696F6E7320617265206145
:106830006464656420746F2046726F6E74656E6464
:10684000486561703A3A5472616E736974696F6E2B
:10685000547970657322000030B585B00C4600F1A4
:1068600028052968E1B101466846F5F73BFE03A813
:1068700069460822DCF770FC0A49096891F85C0057
:1068800000281ABF086D00288868002203AB029216
:106890006979009401912A79296805686C69A04793
:1068A00005B030BD74C0032438B584B08A6AB2B173
:1068B00001F12C025478FF2C11D11578012D81BFE4
:1068C000ED1E032D0B3D012D09D8002302930B89EA
:1068D000ADF80C304C8902A9ADF80E4003E000255C
:1068E0006946009501950822DCF736FC05B030BDFD
:1068F0006D617843656C6C73203E20312026262024
:10690000224E6F7420656E6F756768206D656D6FC0
:10691000727920666F72204357522200433A5C6AB4
:10692000656E6B696E735C776F726B7370616365B4
:106930005C746F7563686766782D305C746F75631F
:10694000686766785C6672616D65776F726B5C73A1
:106950006F757263655C746F7563686766785C6396
:10696000616E7661735F7769646765745F72656E87
:1069700064657265725C4F75746C696E652E6370C8
:106980007000000073697A656F66285363726565ED
:106990006E5479706529203C3D20686561702E73C6
:1069A000637265656E53746F726167652E656C65A1
:1069B0006D656E745F73697A65282920262620220A
:1069C0005669657720616C6C6F636174696F6E20C6
:1069D0006572726F723A20436865636B20746861F8
:1069E0007420616C6C207669657773206172652014
:1069F000616464656420746F2046726F6E74656EA6
:106A000064486561703A3A56696577547970657380
:106A10002200000073697A656F66285363726565AA
:106A20006E5479706529203C3D20686561702E7335
:106A3000637265656E53746F726167652E656C6510
:106A40006D656E745F73697A652829202626202279
:106A50005669657720616C6C6F636174696F6E2035
:106A60006572726F723A20436865636B2074686167
:106A70007420616C6C207669657773206172652083
:106A8000616464656420746F2046726F6E74656E15
:106A900064486561703A3A566965775479706573F0
:106AA00022000000000000000000000000000000C4
:106AB000000000003D55040845A3040819C403085C
:106AC00085C4030800000000000000000000000072
:106AD0009DA00408A5C4030815C5030879AC0408E3
:106AE0007DAC0408A5990408D199040800000000B1
:106AF00053E803080FEB030893EB030847EC030884
:106B00000000000000000000D5A304080000000001
:106B10000000000000000000D1DD030829DE0308AA
:106B2000A3DE030887E2030881AC0408A325030859
:106B30005DA3040800000000000000000000000049
:106B400000000000BBC5030879C8030819C4030886
:106B500085C40308000000000000000000000000E1
:106B60003DC60308A5C4030815C5030879AC04088D
:106B70007DAC04084DE90308FD99040800000000FD
:106B800053E803080FEB030893EB030847EC0308F3
:106B900000000000000000008BC803083DC503088A
:106BA00000000000000000000000000000000000E5
:106BB0000000000087C6030800000000000000007D
:106BC00000000000000000000000000000000000C5
:106BD000000000003D55040845A3040819C403083B
:106BE00085C4030800000000000000000000000051
:106BF0009DA00408A5C4030815C5030879AC0408C2
:106C00007DAC0408A5990408D1990408000000008F
:106C100053E803080FEB030893EB030847EC030862
:106C20000000000000000000D5A3040800000000E0
:106C30000000000000000000D1DD030829DE030889
:106C4000A3DE030887E20308C5AE0408A3250308F2
:106C50005DA3040800000000000000000000000028
:106C600000000000A7DF030845A3040819C40308B7
:106C700085C40308000000000000000000000000C0
:106C80009DA00408A5C4030815C5030879AC040831
:106C90007DAC0408A5990408D199040800000000FF
:106CA00053E803080FEB030893EB030847EC0308D2
:106CB0000000000000000000D5A304080000000050
:106CC0000000000000000000D1DD030829DE0308F9
:106CD000A3DE030887E20308C5AE0408A325030862
:106CE0000DE4030810B504001D484FF44871026814
:106CF00011604FF4F071026851600C2102689160DC
:106D000000210268D16001680020FDF71FFB002808
:106D100002D101201349087012480078002806D1DA
:106D20002E2211491148DCF705FAAFF3008010BD9F
:106D3000F8B504000D0016000A48007800280DD0B0
:106D40000B4F39000020FDF77DFB3868002805D087
:106D500078682860B8683060012000E00020F2BD4B
:106D600074C1032405C20324E0810408B0A404080C
:106D700090C00324A086010080380100C0D4010027
:106D8000000000007A0D0000FA0000005C12000014
:106D9000A00F0000800200001400000000000000AE
:106DA000801A060000E20400005307000000000003
:106DB0008403000064000000140500005802000075
:106DC000FA000000640000000000000040420F00D4
:106DD00000350C00804F120000000000C2010000CE
:106DE00032000000F4010000040100003C0000003B
:106DF0006400000000000000433A5C546F75636853
:106E000047465850726F6A656374735C4D79417080
:106E1000706C69636174696F6E5C434D375C4D697A
:106E200064646C6577617265735C53545C746F75F0
:106E300063686766785C6672616D65776F726B5CBC
:106E4000696E636C7564655C746F7563686766789A
:106E50005C776964676574735C63616E7661735CAB
:106E600041627374726163745061696E74657252C9
:106E700047423838382E68707000000010B50400A2
:106E800094F8A00D00281BD120002168896A88474A
:106E90001648174909680901405C012824D11548A2
:106EA0000068002820D1207A00281DD1A07A00286F
:106EB0001AD1012084F8A00D200000F01DF813E085
:106EC000200000F029F8606861680968096888474F
:106ED000002809D1607A002806D0002084F8A00D8F
:106EE00020002168496A884710BD00BF3000002497
:106EF000ECC00324F0C0032410B50400012020726C
:106F000003480449096809010844E0F741F810BD45
:106F100030000024ECC0032410B50400207A0028BF
:106F200008D0002020720448044909680901084477
:106F3000E0F772F810BD00BF30000024ECC003245D
:106F40000000000000000000000000000000000041
:106F500077DA03088DA3040819C4030800000000B1
:106F60000000000000000000000000009DA00408D8
:106F7000A5C4030815C5030879AC04087DAC040852
:106F80004DE90308FD9904080000000053E80308D8
:106F90000FEB030893EB030847EC03080000000025
:106FA00000000000D5A3040800000000000000005D
:106FB00051930408EB5A0308000000000000000091
:106FC000000000000000000077DA03088DA3040829
:106FD00019C40308000000000000000000000000C9
:106FE000000000009DA00408A5C4030815C50308FF
:106FF00079AC04087DAC04084DE90308FD99040848
:107000000000000053E803080FEB030893EB0308AC
:1070100047EC03080000000000000000D5A30408AE
:10702000000000000000000051930408C9AE0408ED
:1070300010B504005FF0FF31D4F8A40DE2F7CEFEE6
:107040006068616809680968884700280DD1607A1E
:1070500000280AD0207A002807D1002084F8A00D4B
:1070600020002168496A884712E00C480C490968E9
:107070000901405C01280BD1207A002808D1A07AB0
:10708000002805D1012084F8A00D2000FFF734FF6F
:10709000D4F8A40DE2F7DEFE10BD00BF30000024DE
:1070A000ECC00324000000002000000000000700E6
:1070B0000000000000003F00090E0E010B00000060
:1070C000460000004E000D0E0E010F000000A8004B
:1070D000000054000D0E0E000C0002000A0100001A
:1070E00065000A0B0B010C02010041010000740055
:1070F000080E0E0008000000790100007700100B58
:107100000B0010030100D101000078000C0B0B00F4
:107110000C000000433A5C546F7563684746585052
:10712000726F6A656374735C4D794170706C6963EA
:107130006174696F6E5C434D375C4D6964646C6566
:1071400077617265735C53545C746F7563686766CE
:10715000785C6672616D65776F726B5C696E636C8B
:107160007564655C746F7563686766785C54657890
:107170007450726F76696465722E687070000000DA
:10718000433A5C546F75636847465850726F6A653E
:107190006374735C4D794170706C69636174696F7D
:1071A0006E5C434D375C4D6964646C6577617265F4
:1071B000735C53545C746F7563686766785C667261
:1071C000616D65776F726B5C696E636C7564655C2D
:1071D000746F7563686766785C5465787450726F15
:1071E00076696465722E687070000000433A5C54E2
:1071F0006F75636847465850726F6A656374735C55
:107200004D794170706C69636174696F6E5C434D58
:10721000375C4D6964646C6577617265735C535467
:107220005C746F7563686766785C6672616D6577BC
:107230006F726B5C696E636C7564655C746F7563AB
:10724000686766785C5465787450726F76696465B7
:10725000722E687070000000433A5C546F7563686A
:1072600047465850726F6A656374735C4D7941701C
:10727000706C69636174696F6E5C434D375C4D6916
:1072800064646C6577617265735C53545C746F758C
:1072900063686766785C6672616D65776F726B5C58
:1072A000696E636C7564655C746F75636867667836
:1072B0005C5479706564546578742E687070000051
:1072C000433A5C546F75636847465850726F6A65FD
:1072D0006374735C4D794170706C69636174696F3C
:1072E0006E5C434D375C4D6964646C6577617265B3
:1072F000735C53545C746F7563686766785C667220
:10730000616D65776F726B5C696E636C7564655CEB
:10731000746F7563686766785C54797065645465EA
:1073200078742E6870700000433A5C546F7563681F
:1073300047465850726F6A656374735C4D7941704B
:10734000706C69636174696F6E5C434D375C4D6945
:1073500064646C6577617265735C53545C746F75BB
:1073600063686766785C6672616D65776F726B5C87
:10737000696E636C7564655C6D76705C4D565041EA
:1073800070706C69636174696F6E2E687070000054
:10739000433A5C546F75636847465850726F6A652C
:1073A0006374735C4D794170706C69636174696F6B
:1073B0006E5C434D375C4D6964646C6577617265E2
:1073C000735C53545C746F7563686766785C66724F
:1073D000616D65776F726B5C696E636C7564655C1B
:1073E0006D76705C4D56504170706C696361746964
:1073F0006F6E2E687070000000000000000000003A
:107400000000000000000000ED4702086B44020885
:1074100059AC04085DAC0408000000001D2F0208F0
:10742000000000000000000000000000000000005C
:1074300061AC04080000000065AC040805AC040859
:107440000DAC040803470208000000006DAC0408FE
:1074500071AC04089B1E030839AB0408DF46020820
:10746000433A5C546F75636847465850726F6A655B
:107470006374735C4D794170706C69636174696F9A
:107480006E5C434D375C4D6964646C657761726511
:10749000735C53545C746F7563686766785C66727E
:1074A000616D65776F726B5C696E636C7564655C4A
:1074B000746F7563686766785C68616C5C48414CA2
:1074C0002E68707000000000000000000000000046
:1074D000000000000000000059680408A9680408C2
:1074E00019C4030885C40308000000000000000060
:1074F000000000009DA00408A5C4030815C50308EA
:1075000079AC04087DAC04084DE90308FD99040832
:107510000000000053E803080FEB030893EB030897
:1075200047EC03080000000000000000D5A3040899
:10753000000000000000000000000000000000004B
:107540008D7604086576040819C4030885C4030809
:107550000000000000000000000000009DA00408E2
:10756000A5C4030815C5030879AC04087DAC04085C
:107570004DE90308FD9904080000000053E80308E2
:107580000FEB030893EB030847EC0308000000002F
:1075900000000000D5A30408433A5C6A656E6B697D
:1075A0006E735C776F726B73706163655C746F751B
:1075B00063686766782D305C746F7563686766789A
:1075C0005C6672616D65776F726B5C736F75726309
:1075D000655C746F7563686766785C63616E76611D
:1075E000735F7769646765745F72656E6465726501
:1075F000725C4F75746C696E652E6370700000006C
:10760000433A5C546F75636847465850726F6A65B9
:107610006374735C4D794170706C69636174696FF8
:107620006E5C434D375C546F7563684746585C74B5
:1076300061726765745C67656E6572617465645CD0
:107640004465646963617465644275666665725613
:107650006964656F436F6E74726F6C6C65722E68CF
:10766000707000003EB500250095019591F8264008
:10767000FF2C05D10A89ADF804204C89ADF80640ED
:1076800069460822DBF768FD03B030BD7CB50446CF
:1076900068460822DBF760FD266869462046F56AE1
:1076A000A8470849096891F85C0000281ABF086DCE
:1076B00000288868056894F82630A26A69466C6AD2
:1076C000A04773BD74C003245B444D415D20464117
:1076D00054414C3A20735F646D615F72785F6275EC
:1076E0006620402030782530386C58206973206936
:1076F0006E204454434D20E2809420444D4131207B
:1077000063616E6E6F742061636365737320746868
:1077100069732120466978206C696E6B65722073ED
:1077200063726970742E0A005B345D205468756D55
:10773000626E61696C2073656E7420746F20736370
:107740007265656E3A20256C75207820256C752051
:10775000707820205B6465636F64653A20256C75E2
:10776000206D73202F20256C75204B6379636C6529
:107770007320207C2020746F74616C3A20256C7516
:10778000206D735D0A000000636F6D706174696243
:107790006C654672616D65627566666572284269E0
:1077A000746D61703A3A524742383838292026269B
:1077B00020225468652063686F73656E207061696C
:1077C0006E746572206F6E6C7920776F726B7320A8
:1077D000776974682052474238383820646973707A
:1077E0006C61797322000000433A5C546F756368E2
:1077F00047465850726F6A656374735C4D79417087
:10780000706C69636174696F6E5C434D375C546F73
:107810007563684746585C7461726765745C676538
:107820006E6572617465645C4861726477617265EB
:107830004D4A5045474465636F6465722E637070AE
:107840000000000000000000000000000000000038
:10785000000000000000000000000000F15E0308CE
:107860006F6003080000000000000000000000003E
:10787000DD6003088161030800000000C1AE040858
:10788000019A040800000000000000000000000051
:107890000000000000000000000000001163030869
:1078A000433A5C6A656E6B696E735C776F726B737B
:1078B000706163655C746F7563686766782D305CB2
:1078C000746F7563686766785C6672616D65776F03
:1078D000726B5C696E636C7564655C706C61746618
:1078E0006F726D5C6472697665725C6C63645C4C2B
:1078F000434432346270702E687070005B335D20D8
:107900005468756D626E61696C204A5045472072FB
:10791000656365697665643A20256C7520627974C3
:10792000657320205B7472616E736665723A202500
:107930006C75206D73202F20256C75204B63796347
:107940006C65732066726F6D20747261636B5D0A83
:1079500000000000433A5C6A656E6B696E735C7789
:107960006F726B73706163655C746F756368676673
:10797000782D305C746F7563686766785C667261D9
:107980006D65776F726B5C696E636C7564655C7452
:107990006F7563686766785C5465787450726F764B
:1079A000696465722E68707000000000433A5C6A7A
:1079B000656E6B696E735C776F726B737061636514
:1079C0005C746F7563686766782D305C746F75637F
:1079D000686766785C6672616D65776F726B5C690B
:1079E0006E636C7564655C746F7563686766785CFC
:1079F0005465787450726F76696465722E68707021
:107A000000000000433A5C6A656E6B696E735C77D8
:107A10006F726B73706163655C746F7563686766C2
:107A2000782D305C746F7563686766785C66726128
:107A30006D65776F726B5C696E636C7564655C74A1
:107A40006F7563686766785C5465787450726F769A
:107A5000696465722E68707000000000433A5C6AC9
:107A6000656E6B696E735C776F726B737061636563
:107A70005C746F7563686766782D305C746F7563CE
:107A8000686766785C6672616D65776F726B5C695A
:107A90006E636C7564655C746F7563686766785C4B
:107AA0005465787450726F76696465722E68707070
:107AB00000000000433A5C6A656E6B696E735C7728
:107AC0006F726B73706163655C746F756368676612
:107AD000782D305C746F7563686766785C66726178
:107AE0006D65776F726B5C696E636C7564655C74F1
:107AF0006F7563686766785C5465787450726F76EA
:107B0000696465722E68707000000000433A5C6A18
:107B1000656E6B696E735C776F726B7370616365B2
:107B20005C746F7563686766782D305C746F75631D
:107B3000686766785C6672616D65776F726B5C69A9
:107B40006E636C7564655C746F7563686766785C9A
:107B50005465787450726F76696465722E687070BF
:107B600000000000433A5C6A656E6B696E735C7777
:107B70006F726B73706163655C746F756368676661
:107B8000782D305C746F7563686766785C667261C7
:107B90006D65776F726B5C696E636C7564655C7440
:107BA0006F7563686766785C5465787450726F7639
:107BB000696465722E68707000000000433A5C6A68
:107BC000656E6B696E735C776F726B737061636502
:107BD0005C746F7563686766782D305C746F75636D
:107BE000686766785C6672616D65776F726B5C69F9
:107BF0006E636C7564655C746F7563686766785CEA
:107C00005465787450726F76696465722E6870700E
:107C1000000000000000000000000000F1980308D0
:107C200065A2030875A203084DAB030845A7040825
:107C300045AB040800000000000000000000000048
:107C40000000000000000000000000000000000034
:107C500011A3030819A303084D9903087999030890
:107C6000000000000399030800000000000000006D
:107C7000F198030865A2030875A203084DAB030839
:107C800085A2030845AB04080000000000000000C6
:107C900000000000000000000000000000000000E4
:107CA0000000000011A3030819A303084D9903085D
:107CB0007999030800000000039903080000000000
:107CC00000000000F198030865A2030875A20308EC
:107CD0004DAB030885A2030845AB04080000000073
:107CE0000000000000000000000000000000000094
:107CF000000000000000000011A3030819A30308FE
:107D00004D990308799903080000000003990308BE
:107D10005B4A5045475D205374616765323A2025C0
:107D20006C7578256C752063733D256C75207373B5
:107D30003D256C75202079636263725B302E2E378F
:107D40005D3D2530325825303258253032582530A7
:107D500032582530325825303258253032582530A7
:107D600032580A005B345D20547261636B20736586
:107D70006E7420746F2073637265656E3A202225DD
:107D80007322206279202225732220205B256C75C6
:107D9000206D73202F20256C75204B6379636C65F3
:107DA000732066726F6D20747261636B20726563FD
:107DB00065697665645D0A0000000000000000004F
:107DC000F198030865A2030875A203084DAB0308E8
:107DD00085A20308019903080000000000000000CC
:107DE0000000000000000000000000000000000093
:107DF0000000000011A3030819A303084D9903080C
:107E0000799903080000000003990308433A5C6A6B
:107E1000656E6B696E735C776F726B7370616365AF
:107E20005C746F7563686766782D305C746F75631A
:107E3000686766785C6672616D65776F726B5C69A6
:107E40006E636C7564655C746F7563686766785C97
:107E500068616C5C54797065732E68707000000006
:107E6000433A5C6A656E6B696E735C776F726B73B5
:107E7000706163655C746F7563686766782D305CEC
:107E8000746F7563686766785C6672616D65776F3D
:107E9000726B5C696E636C7564655C746F75636846
:107EA0006766785C68616C5C54797065732E687085
:107EB00070000000433A5C6A656E6B696E735C77B4
:107EC0006F726B73706163655C746F75636867660E
:107ED000782D305C746F7563686766785C66726174
:107EE0006D65776F726B5C696E636C7564655C74ED
:107EF0006F7563686766785C68616C5C54797065FF
:107F0000732E687070000000433A5C6A656E6B699E
:107F10006E735C776F726B73706163655C746F75A1
:107F200063686766782D305C746F75636867667820
:107F30005C6672616D65776F726B5C696E636C75A0
:107F400064655C746F7563686766785C54797065A6
:107F500064546578742E687070000000433A5C6A5F
:107F6000656E6B696E735C776F726B73706163655E
:107F70005C746F7563686766782D305C746F7563C9
:107F8000686766785C6672616D65776F726B5C6955
:107F90006E636C7564655C746F7563686766785C46
:107FA0005479706564546578742E687070000000B0
:107FB0005B554152545D205741524E494E473A203D
:107FC00052784576656E7443616C6C6261636B20B8
:107FD00053697A653D3020E2809420706F73736935
:107FE000626C6520444D41206D656D6F7279206132
:107FF0006363657373206572726F72210A000000FB
:108000000000000000000000D9D80308B7CF030823
:10801000A7CE03080000000025AC040877D90308A8
:108020009FD90308C9D90308FCFFFFFF0000000027
:10803000000000000000000033C1030875D90308E8
:108040009DD90308C7D903080BCB03082BAC040840
:10805000433A5C546F75636847465850726F6A655F
:108060006374735C4D794170706C69636174696F9E
:108070006E5C434D375C546F7563684746585C745B
:1080800061726765745C67656E6572617465645C76
:108090004F5357726170706572732E637070000079
:1080A000000000000000000093560308E39103085D
:1080B00017AA02084D560308317004087D6E0408A3
:1080C000BB31030839560308000000003992030849
:1080D000F1920308DD9103089B560308F958030841
:1080E0004393030845930308000000002B92030804
:1080F000433A5C546F75636847465850726F6A65BF
:108100006374735C4D794170706C69636174696FFD
:108110006E5C434D375C546F7563684746585C74BA
:1081200061726765745C67656E6572617465645CD5
:1081300053544D3332444D412E63707000000000A3
:10814000433A5C546F75636847465850726F6A656E
:108150006374735C4D794170706C69636174696FAD
:108160006E5C434D375C546F7563684746585C746A
:1081700061726765745C67656E6572617465645C85
:1081800053544D3332444D412E6370700000000053
:10819000433A5C546F75636847465850726F6A651E
:1081A0006374735C4D794170706C69636174696F5D
:1081B0006E5C434D375C546F7563684746585C741A
:1081C00061726765745C67656E6572617465645C35
:1081D00053544D3332444D412E6370700000000003
:1081E000433A5C546F75636847465850726F6A65CE
:1081F0006374735C4D794170706C69636174696F0D
:108200006E5C434D375C546F7563684746585C74C9
:1082100061726765745C53544D3332546F75636893
:10822000436F6E74726F6C6C65722E6370700000B9
:1082300000002115110E0D0C0B0B0A0A0909090982
:1082400009080808080808080707070707070707B5
:10825000070707070700000030313233343536375F
:1082600038396162636465666768696A6B6C6D6EF4
:108270006F707172737475767778797A0000000088
:1082800030B490F87C1090F8382091420CD00D4A10
:108290001178002914D10C490C880C4B1D880D80D5
:1082A0001C80012111700BE0064A1178002907D0CB
:1082B00005490C88054B1D880D801C80002111701C
:1082C00030BC70476AC003246EC003246CC0032412
:1082D000286672616D654E756D626572203E203054
:1082E00029202626202248617264776172654D4AF2
:1082F0005045474465636F646572206465636F64CD
:10830000696E6720776974686F7574206672616D35
:108310006520646174612122000000005B4D454DC1
:108320005D20735F79636263724275663D257020DC
:10833000256C754B422020735F7267623838384273
:1083400075663D257020256C754B422020735F7249
:1083500067623838385363616C65643D2570202549
:108360006C754B420A000000CA8D0308BCAB0408C0
:1083700048AA040854AA04086CA80408C4AB04085A
:1083800060AA04086CAA04087CA8040878AA040857
:1083900084AA040890AA040888A404088CA80408E5
:1083A0009CAA04089CA80408A8AA0408B4AA040863
:1083B000ACA804080000000000000000000000005D
:1083C0000000000049EC0308B5AE040800000000FE
:1083D000000000000000000087EC03089DEC03088B
:1083E00000000000DDF7030801F8030800000000AA
:1083F00011F8030800000000B9AE0408BDAE04087F
:10840000000000000000000000000000000000006C
:1084100049EC0308B5AE04080000000000000000AD
:108420000000000087EC03089DEC0308000000003A
:10843000DDF7030801F803080000000011F8030845
:10844000C9AE0408C9AE0408C9AE04085B4D555353
:1084500049435D204A5045475F4765744465636FF3
:108460006465436F6C6F72436F6E766572744675A8
:108470006E632072657475726E65643A202564209F
:1084800020666E3D257020206E4D4355733D256C52
:10849000750A0000286672616D655F6275666665C3
:1084A000725F73656D20213D203029202626202211
:1084B0004372656174696F6E206F66206672616DCC
:1084C000656275666665722073656D6170686F724E
:1084D00065206661696C6564220000000000000090
:1084E0000000000019D403081BD40308773F0408D8
:1084F000000000001FD403083FD40308FCFFFFFF67
:108500000000000000000000000000001DD403086F
:108510007FC30308B3C903081FCA03083DD4030877
:10852000A324030871ECDF1800F48BB7CF00100010
:1085300000F903000000F604000000F902000060EA
:108540009F000010FA080000B03E000000F1070094
:108550000000D20400000000000000002000000025
:1085600000F50A000000E408000000005B554152DD
:10857000545D20464154414C3A20444D412062759F
:108580006666657220696E204454434D203078251C
:1085900030386C5820E2809420444D413120636192
:1085A0006E6E6F7420616363657373210A0000004F
:1085B0007479706564546578747320213D2030208F
:1085C000262620225479706564546578742064618D
:1085D00074616261736520686173206E6F742062DC
:1085E00065656E20696E697469616C697A65642E6F
:1085F00022000000747970656454657874732021DA
:108600003D203020262620225479706564546578F8
:108610007420646174616261736520686173206EA7
:108620006F74206265656E20696E697469616C693A
:108630007A65642E220000000000000000000000A7
:10864000000000000000000000000000000000002A
:1086500000000000BB6A02080000000000000000EB
:1086600000000000916C020875AC0408DD6C020883
:108670000000000000000000000000005B54494DB5
:10868000494E475D2037204A5045475F4465636F38
:1086900064655F646F6E6520256C7578256C752048
:1086A0002073743D25642020743D256C75207573FE
:1086B00020206475723D256C752075730A000000DA
:1086C0005B4552524F525D204A50454720646563D6
:1086D0006F6465204641494C454420205B646563D6
:1086E0006F646520617474656D70743A20256C75D3
:1086F000206D73202F20256C75204B6379636C658A
:10870000735D0A005B4D75736963566965775D201B
:108710005468756D626E61696C20646973706C6118
:108720007965643A20256C75207820256C75202D9C
:108730003E20383030783438302066756C6C736386
:108740007265656E0A000000000000000000000075
:108750000000000000000000000000000000000019
:108760000000000000000000000000000000000009
:1087700000000000000000000000000000000000F9
:108780000000000000000000A5AC030848414C3A7E
:108790003A4652414D455F4255464645525F57491C
:1087A000445448203E2030202626202248414C2098
:1087B000686173206E6F74206265656E20696E69F2
:1087C0007469616C697A65642079657422000000BF
:1087D0007479706564546578747320213D2030206D
:1087E000262620225479706564546578742064616B
:1087F00074616261736520686173206E6F742062BA
:1088000065656E20696E697469616C697A65642E4C
:1088100022000000747970656454657874732021B7
:108820003D203020262620225479706564546578D6
:108830007420646174616261736520686173206E85
:108840006F74206265656E20696E697469616C6918
:108850007A65642E2200000080B50D4A7A443032D9
:108860000C4B7B442E339A4203D00B49AFF300806C
:1088700002BD8DF80000012269460120ECF7B3FB30
:10888000012802D19DF8000002BD4FF0FF3002BD6B
:108890007077FBF76C77FBF7C001002468617356B3
:1088A000616C696449642829202626202274797025
:1088B0006564546578744964206C617267657220E0
:1088C0007468616E206E756D6265724F6654797062
:1088D000656454657874732E2200000068617356D5
:1088E000616C6964496428292026262022747970E5
:1088F0006564546578744964206C617267657220A0
:108900007468616E206E756D6265724F6654797021
:10891000656454657874732E220000005B4D5553D6
:1089200049435D204A5045475F4765744465636F1E
:108930006465436F6C6F72436F6E766572744675D3
:108940006E63204641494C45442020737562736133
:108950006D706C696E673D256C750A005B54494DFE
:10896000494E475D203861204D43555F5247425F75
:10897000737461727420206E4D4355733D256C7580
:1089800020206D637542797465733D256C752020D8
:10899000743D256C752075730A0000005B5072658C
:1089A00073656E7465725D204D7573696353637290
:1089B00065656E20616374697661746564202D2D30
:1089C000206469737061746368696E6720636163B2
:1089D00068656420646174610A0000002876737918
:1089E0006E635F717565756520213D2030292026F5
:1089F0002620224372656174696F6E206F6620764F
:108A000073796E63206D6573736167652071756539
:108A10007565206661696C656422000000010810BC
:108A20000902030A11182019120B04050C131A214C
:108A3000283029221B140D06070E151C232A313855
:108A400039322B241D160F171E252C333A3B342D9B
:108A5000261F272E353C3D362F373E3F100B0A1080
:108A60001828333D0C0C0E131A3A3C370E0D101813
:108A7000283945380E11161D3357503E1216253829
:108A8000446D674D182337405168715C31404E5733
:108A900067797865485C5F62706467631112182FAC
:108AA0006363636312151A4263636363181A38635E
:108AB000636363632F4263636363636363636363DB
:108AC0006363636363636363636363636363636376
:108AD00063636363636363636363636300000000F2
:108AE000FFFFFFFFFFFFFFFF00000000010000008D
:108AF000000000000000000001000000FFFFFFFF79
:108B0000FFFFFFFF01000000FFFFFFFFFFFFFFFF70
:108B100001000000010000000100000068617356C0
:108B2000616C6964496428292026262022747970A2
:108B30006564546578744964206C6172676572205D
:108B40007468616E206E756D6265724F66547970DF
:108B5000656454657874732E220000006861735652
:108B6000616C696449642829202626202274797062
:108B70006564546578744964206C6172676572201D
:108B80007468616E206E756D6265724F665479709F
:108B9000656454657874732E220000000021016022
:108BA00000214160002181600021C160002101613C
:108BB000002141610021816100210177002141777D
:108BC000002181770021C177002180F82010012148
:108BD00080F82110002180F8221070475B4A504530
:108BE000475D205374616765313A20696E70757412
:108BF0003D25702073697A653D256C752020796369
:108C00006263725F6275663D25702073697A653DA7
:108C1000256C750A000000005B4D555349435D20EB
:108C20004A504547206465636F646520636F6D70CB
:108C30006C6574653A20256C75207820256C75204C
:108C40002073756273616D706C696E673D256C751C
:108C50000A0000005B4D555349435D20436F6C6F24
:108C600072436F6E76657274204F4B3A20666E3D8C
:108C7000257020206E4D4355733D256C7520206D69
:108C8000637542797465733D256C750A00000000B8
:108C90005B4A5045475D205374616765333A2070E5
:108CA000496E3D257020704F75743D2570206E4DC6
:108CB0004355733D256C75206D63754279746573FA
:108CC0003D256C7520666E3D25700A005B56696512
:108CD000775D20736574757053637265656E2829BE
:108CE00020E280942063656E74657220776F7264F1
:108CF00020646973706C617920696E697469616C54
:108D0000697365640A0000005B464154414C5D2074
:108D1000537461636B65642050433D2530386C5853
:108D200020204C523D2530386C582020785053522A
:108D30003D2530386C58202053503D2530386C5834
:108D40000A0000005B444D415D20735F646D615F0C
:108D500072785F62756620402030782530386C5814
:108D600020E28094204F4B2028444D4120616363D2
:108D700065737369626C65290A0000005B55415296
:108D8000545D204552524F523A20444D4120617269
:108D90006D206661696C656421207265743D25648F
:108DA000204572726F72436F64653D3078253038AC
:108DB0006C580A005B4D555349435D2050697865F6
:108DC0006C5B305D202325303258253032582530F9
:108DD00032582020506978656C5B315D2023253046
:108DE000325825303258253032580A005B315D2028
:108DF000596F755475626520747261636B2072657A
:108E00006365697665643A2022257322207C2022DE
:108E1000257322207C20766964656F49643D257343
:108E20000A0000005B4D555349435D205741524EA7
:108E3000494E473A20784D75736963446F6E6551AA
:108E4000756575652066756C6C202D2D2045525218
:108E50004F522064726F707065640A005B507265D7
:108E600073656E7465725D206F6E4D7573696350C6
:108E7000656E64696E67202D2D2073776974636851
:108E8000696E6720746F204D7573696353637265F3
:108E9000656E0A005B464154414C5D204346535287
:108EA0003D2530386C5820484653523D2530386CAB
:108EB00058204D4D4641523D2530386C5820424691
:108EC00041523D2530386C580A0000006672616DD1
:108ED0006542756666657220213D20302026262079
:108EE0002241206672616D656275666665722061F9
:108EF000646472657373206D75737420626520738A
:108F00006574220000000000000000000000000066
:108F10000000000035A20408771E030877A00408AB
:108F20005BA00408A9A90408F8FFFFFF00000000E7
:108F3000000000000000000031AC040830B400253F
:108F400012E050F8042BD30744BF4A44521E091FB5
:108F5000042942F8045BFAD213468C0744BF1580FB
:108F60009B1CC90748BF1D7050F8041B0029E8D19D
:108F700030BC70475B4D555349435D2063616C6C59
:108F8000696E67204A5045475F4765744465636F63
:108F90006465436F6C6F72436F6E7665727446756D
:108FA0006E632E2E2E0A00005B4A5045475D20530B
:108FB00074616765353A207363616C6520256C7553
:108FC00078256C752D3E2575782575202073726384
:108FD0003D2570206473743D25700A005B4D555328
:108FE00049435D205363616C6520256C7578256C61
:108FF000752D3E25757825753A20256C75206D7385
:10900000202F20256C75204B6379636C65730A00F3
:109010005B54494D494E475D2034205448554D42DC
:109020005F616363756D20256C7525252020256C97
:10903000752F256C7520422020743D256C75207598
:10904000730A00005B554152545D205741524E490E
:109050004E473A20784D7573696351756575652083
:1090600066756C6C202D2D205448554D422064723D
:109070006F707065640A00005B4D6F64656C5D2005
:1090800072657175657374696E6720736372656567
:109090006E20737769746368202D3E204D75736967
:1090A0006353637265656E0A0000000000000000F3
:1090B000000000008DA9040800000000D3B80308D8
:1090C00043D5030863D003086BD50308ADBB030881
:1090D0004FBC030873BD0308D3D00308B3D80308FB
:1090E0000000000000000000B7300408000000008D
:1090F000D3B803082319040863D0030839E8030828
:10910000ADBB03084FBC030873BD0308D3D00308ED
:10911000B3D80308000000000000000041E9030884
:1091200000000000D3B8030843E9030863D0030834
:1091300045E90308ADBB03084FBC030873BD030832
:10914000D3D00308B3D80308000080308A40B1A907
:109150009134B4504E8166A1089201959433A31BBB
:109160008283830EA6A0B0C0D090E0F00055777F38
:109170002C02FF00000066B606B106005B535441A6
:10918000434B5D202D2D2048574D2028776F72646A
:10919000732066726565292020686561705F66725C
:1091A00065653D256C752042202D2D0A00000000CC
:1091B00000000000000000009BA90408000000005F
:1091C000D3B8030849D1030863D00308AFD103081B
:1091D000ADBB03084FBC030873BD0308D3D003081D
:1091E000B3D803080000000000000000A74A0408EC
:1091F00000000000D3B803082319040863D0030853
:1092000039E80308ADBB03084FBC030873BD03086E
:10921000D3D00308B3D8030800000000000000000A
:1092200075DD030800000000D3B8030877DD0308EC
:1092300063D0030839E80308ADBB03084FBC03083B
:1092400073BD0308D3D00308B3D80308000000009F
:10925000000000004DA00408000000000000000015
:1092600000000000000000000000000000000000FE
:1092700000000000033D03082F1D0308000000004C
:1092800000000000000000003FA0040800000000F3
:1092900000000000000000000000000000000000CE
:1092A000000000000000000015AC04089B1C03082F
:1092B00000000000000000000000000031A00408D1
:1092C000000000000000000000000000000000009E
:1092D000000000000000000000000000134103082F
:1092E00051AB040800000000000000000000000076
:1092F000E7AE040800000000D3B8030823190408EF
:1093000063D0030839E80308ADBB03084FBC03086A
:1093100073BD0308D3D00308B3D8030810B5040005
:10932000D4F84001002812D0D4F84001D4F84011FC
:109330000968C9688847002809D0D4F84001D4F8E2
:1093400040110968896888470020C4F8400110BDB1
:109350007FB504000D00280000F013F80600280077
:1093600000F012F8030036B200961BB20022002172
:1093700001A8F3F7CCFA200001A90822D9F7ECFEE6
:109380007FBDB0F90A007047B0F908007047704718
:109390005B4A5045475D2053746167653120464103
:1093A000494C45443A2048414C5F4A5045475F4448
:1093B00065636F6465206572723D25640A00000074
:1093C0005B54494D494E475D203862204D43555FFF
:1093D0005247425F646F6E652020743D256C752096
:1093E000757320206475723D256C752075730A00B5
:1093F0005B54494D494E475D203320785261774296
:109400006C6551756575655F72656376206C656E18
:109410003D25752020743D256C752075730A00006C
:109420005B554152545D2062757273743A20257504
:1094300020627974657320205B25303258202530F6
:109440003258202530325820253032585D0A00002D
:109450005B54494D494E475D2035204D53475F547D
:1094600048554D425F73656E742073697A653D257A
:109470006C752020743D256C752075730A00000002
:109480005B4D6F64656C5D205741524E494E473AC3
:10949000206E6F206D6F64656C4C697374656E65CA
:1094A00072206174746163686564210A00000000C1
:1094B0005B4D6F64656C5D204D555349435F444F70
:1094C0004E455F5448554D42202864697265637467
:1094D000293A20256C75207820256C750A0000003B
:1094E0005B4D6F64656C5D204D555349435F444F40
:1094F0004E455F5448554D4220286361636865645A
:10950000293A20256C75207820256C750A0000000A
:109510005B4D555349435D204D757369635F496EDB
:1095200069742829202D2D20717565756573202B90
:10953000207461736B20637265617465640A000056
:109540005B5741524E5D20784D75736963446F6E71
:109550006551756575652066756C6C202D2D2054E0
:109560005241434B2064726F707065640A000000C2
:109570005B5741524E5D20784D75736963446F6E41
:109580006551756575652066756C6C202D2D2054B0
:1095900048554D422064726F707065640A00000087
:1095A0005B50726573656E7465725D20616374698A
:1095B000766174653A2070656E64696E6720544800
:1095C000554D4220256C75207820256C750A0000C9
:1095D0005B52544F535D202A2A2A204F564552464B
:1095E0004C4F5720E2809420256C75206576656E7F
:1095F0007473206C6F7374202A2A2A0A00000000FA
:109600005B52544F535D2025376C752E2530336CDB
:10961000756D732020252D3138732020683D3078FA
:109620002530386C5820207461736B3D25730A0017
:109630005F73697A65203C20636170616369747946
:109640002026262022566563746F72206361706144
:1096500063697479206578636565646564220000D8
:109660005B4A5045475D205374616765343A205921
:10967000436243722D3E52474220444F4E452020C4
:109680007267623838383D25700A00005B574152D6
:109690004E5D2078426C6551756575652066756C08
:1096A0006C202D2D20524553554C542064726F7000
:1096B000706564210A0000005B325D205043207019
:1096C0006C61796572206E6F7469666965642028C3
:1096D0004E4F5241204854545020504F5354290A61
:1096E000000000005B5741524E5D20784D75736954
:1096F0006351756575652066756C6C202D2D205441
:109700005241434B2064726F707065640A00000020
:109710005B5741524E5D20784D7573696351756595
:1097200075652066756C6C202D2D204552524F5268
:109730002064726F707065640A0000005B554152CE
:10974000545D20686561727462656174202D2D20FE
:1097500069646C65202849535220636F756E743DAF
:10976000256C75290A0000005B4D6F64656C5D20F7
:109770004D555349435F444F4E455F545241434B0F
:109780002028646972656374293A20222573220AAD
:10979000000000005B4D6F64656C5D204D555349C2
:1097A000435F444F4E455F4552524F5220286469F3
:1097B00072656374293A20222573220A0000000092
:1097C0005B4D6F64656C5D204D555349435F444F5D
:1097D0004E455F545241434B202863616368656482
:1097E000293A20222573220A000000005B4D6F6495
:1097F000656C5D204D555349435F444F4E455F4571
:1098000052524F522028636163686564293A2022CE
:109810002573220A000000005B50726573656E7448
:1098200065725D2061637469766174653A20706564
:109830006E64696E67204552524F52202225732272
:109840000A0000005B50726573656E7465725D207E
:1098500061637469766174653A2070656E64696EDF
:109860006720545241434B20222573220A000000F6
:109870005B50726573656E7465725D206F6E4D75B9
:109880007369635468756D626E61696C3A20256C0A
:1098900075207820256C750A000000005B4D7573FB
:1098A0006963566965775D207365745468756D6288
:1098B0006E61696C207074723D257020256C75781E
:1098C000256C750A000000005B535441434B5D203A
:1098D000252D3230732020626173653D307825304C
:1098E000386C58202068776D3D25347520776F726D
:1098F00064730A005B566965775D20736574426C1A
:10990000654D657373616765282920E28094207234
:10991000617720696E7075743A20222573220A00DF
:109920005B464154414C5D204D656D4D616E6167F4
:10993000652120434653523D2530386C58204D4D0B
:109940004641523D2530386C580A00005B46415470
:10995000414C5D204275734661756C74212043460D
:1099600053523D2530386C5820424641523D2530F7
:10997000386C580A0000000063757243656C6C50C7
:1099800074722D3E7820213D2078207C7C206375E8
:109990007243656C6C5074722D3E7920213D2079A4
:1099A000000000007FB504000D00290009B220006E
:1099B000F4F7CCFF210068462268D2F88420904753
:1099C00014F13C00694691E84C0080E84C007FBDF2
:1099D0007FB504000D00290009B2200000F00EF848
:1099E000210068462268D2F88420904714F13C0098
:1099F000694691E84C0080E84C007FBD418170478A
:109A000010B5074C208830B9552206490648D9F7C9
:109A100091FBAFF30080208800EB400080B210BDC6
:109A200070C00324A07804088C87040881B09FEDDF
:109A3000090A07B4DDED020AF8EEE00A9DED011A0D
:109A400004B060EE800AB8EEC11A21EE000AF5F704
:109A5000E3BE00BF0000003D5B554152545D2068ED
:109A6000646D617278206C696E6B65643A20257054
:109A700020284E554C4C3D626164290A00000000CC
:109A80005B4D555349435D204A50454720636F6CF9
:109A90006F7572207461626C657320696E69746998
:109AA000616C697365640A005B4A5045475D2053E9
:109AB00074616765363A207363616C696E67204430
:109AC0004F4E4520207363616C65643D25700A002C
:109AD0005B554152545D20444D412061726D656477
:109AE000202D2D206C697374656E696E67206F6E12
:109AF0002055415254380A005B554152545D205460
:109B0000696D656F757420666C757368202825759E
:109B1000206279746573293A20222573220A000095
:109B20005B54494D494E475D2036204A5045475FBA
:109B30004465636F64655F73746172742020743D63
:109B4000256C752075730A000000000000000000FD
:109B5000000000000000000033C103087FC30308B9
:109B6000B3C903081FCA03080BCB0308A3240308C7
:109B70005B52544F535D2025376C752E2530336C66
:109B8000756D732020252D31387320207461736B1F
:109B90003D25730A000000005B50726573656E74AA
:109BA00065725D20666F7277617264696E6720749A
:109BB0006F20566965773A20222573220A0000003B
:109BC00000000000000000005D7F030800000000AE
:109BD0000000000000000000CD7F0308ED7F0308B7
:109BE000A9AE0408ADAE04080000000000000000AB
:109BF000FFA004086BA70408B7A9040837AC040841
:109C0000E5AE0408000000000000000000000000B5
:109C100010B5074979441831064C7C44163404E0E9
:109C20000A68081D114488470146A142F8D110BDB9
:109C3000B8010000D8010000000000000000000092
:109C400023910308000000004793030817970308B7
:109C5000F7AD03083DA9040869AC04080000000042
:109C60000000000097B70308000000000724030865
:109C700017970308F7AD03083DA9040869AC040869
:109C80007CA70408000000000000000000000000A5
:109C9000000000000040000018000000000000006C
:109CA00000000000B8A90408000000000000000047
:109CB0000000000000000000A00F000008000000ED
:109CC00000000000000000008CA704080000000055
:109CD0000000000000000000000000000010000074
:109CE0002000000000000000000000005B4D555304
:109CF00049435D204A706567446973706C617954AB
:109D000061736B20737461727465640A00000000F3
:109D10005B4D75736963566965775D20417274693F
:109D200073742073657420282573293A2025730ADB
:109D3000000000005B4D555349435D205377697423
:109D40006368696E6720746F204D75736963536330
:109D50007265656E0A0000005B52554E535D202D02
:109D60002D20737769746368657320706572202590
:109D700075206D73202D2D0A000000005B5669656B
:109D8000775D2063656E74657254657874417265A1
:109D900061207570646174656420282573290A0048
:109DA00000000000000000003791030847910308FD
:109DB000619103080000000000000000A191030869
:109DC000CF9103084EF68851CEF20001086840F4A6
:109DD00070000860BFF34F8FBFF36F8F4FF00170BB
:109DE000E1EE100A7047000055F1FFFF1CBF0300B1
:109DF000F402002400000000A790FDFFF010000016
:109E0000A802000000000024750200007047000056
:109E10005B554152545D20444D4120627566666534
:109E200072204F4B3A2030782530386C580A0000A9
:109E30005B4D555349435D204A5045472064656357
:109E40006F646520737461727465640A00000000B9
:109E50005B524F5554455D206C696E653A20222552
:109E6000732220282575206279746573290A000001
:109E70005B554152545D2042756666657220667579
:109E80006C6C202D2D20666C757368696E670A00F6
:109E90005B4D6F64656C5D207469636B2829206479
:109EA000657175657565643A20222573220A000084
:109EB0005B4D6F64656C5D206D6573736167654CA8
:109EC0006F6720616674657220707573683A0A0066
:109ED0005B50726573656E7465725D206F6E4D7553
:109EE000736963547261636B3A20222573220A00FE
:109EF0005B50726573656E7465725D206F6E4D7533
:109F00007369634572726F723A20222573220A00C8
:109F10005B4D75736963566965775D205469746C30
:109F2000652073657420282573293A2025730A005B
:109F30005B4D555349435D204572726F72206469D1
:109F400073706C617965643A2025730A0000000023
:109F50005B464154414C5D20537461636B206F76C6
:109F60006572666C6F773A207461736B3D00000018
:109F70005B464154414C5D20486172644661756C9A
:109F80007420696E207461736B3A2025730A000097
:109F90005B464154414C5D20557361676546617570
:109FA0006C742120434653523D2530386C580A00CA
:109FB00000000000000000000000000000000000A1
:109FC0001F500308771E0308EFA00408C9AE040859
:109FD0000000000000000000000000000000000081
:109FE0001F500308771E0308753F0408CD3A040884
:109FF00010B504006068E16849100844217BC90776
:10A0000001D4A16802E00168A2688958884710BDA0
:10A0100010B5040014F5637000F00AF814F12C0078
:10A0200000F00DF814F1140000F010F8200010BD3D
:10A0300010B504002000F2F777F8200010BD10B52D
:10A0400004002000F2F770F8200010BD10B50400E5
:10A050002000F2F769F8200010BD3CB40D4614460C
:10A0600004EB4404BDF91410069BC26802B0281921
:10A0700030BCEBF7A7BCEBF79DBC704710B50446AE
:10A08000044979440E31044878440C30EFF7AEF9B6
:10A09000204610BD400300002403000038B5040032
:10A0A0001D00200000F009F8002805D0200000F075
:10A0B00007F8002800D02C6031BD90F825007047CB
:10A0C00090F824007047704700F00DF8002801D088
:10A0D000FFF79EFDAFF300800020AFF30080DEF7B6
:10A0E00079FA00F002F80120704700F001B87047DB
:10A0F0000746EFF7A2F93846DAF7A6FAFBE770470A
:10A100005B554152545D206875617274382E6864E5
:10A110006D6172783A2025700A0000005B4552524A
:10A120004F525D204E4F5241206572726F723A203D
:10A13000222573220A0000005B4552524F525D20D7
:10A14000446973706C6179206572726F723A202570
:10A15000730A00005B4D75736963566965775D200E
:10A16000736574757053637265656E28290A000003
:10A17000302026262022556E737570706F727465BC
:10A180006420466F726D6174212200003020262603
:10A190002022556E737570706F7274656420466FFF
:10A1A000726D617421220000302026262022556E17
:10A1B000737570706F7274656420666F726D617410
:10A1C0002200000000010501010101010100000061
:10A1D00000000000000102030405060708090A0B3D
:10A1E0000003010101010101010101000000000063
:10A1F000000102030405060708090A0B10B5040054
:10A2000094F87E00002805D06068616809680968D4
:10A21000884700E0002010BD8164002903D001229E
:10A22000034B1A7002E00022014B1A70704700BF06
:10A2300069C0032480B5054B18680268D2F8AC10D9
:10A240008847012818BF002002BD00BF74C0032446
:10A250000548014603B4684680F30988AFF30080DF
:10A26000FFF7B0FDFFF730FFA5EDF5FE5B5541525E
:10A27000545D20444D412061726D6564204F4B0A4E
:10A2800000000000000000000000000000000000CE
:10A2900000000000F19F0408DB48020800000000F5
:10A2A00000000000BBBE03089FBF0308C3C0030833
:10A2B00000000000010002000400060008000A007F
:10A2C0000C00100020004000800000010000000091
:10A2D000000000000000000000000000E56C040821
:10A2E000316D0408000000000000000000000000C4
:10A2F000000000000000000000000000000000005E
:10A30000000000000000000000000000000000004D
:10A31000000000000000000000000000000000003D
:10A32000000000000000000000000000000000002D
:10A33000000000000000000000000000000000001D
:10A34000000000003EB504000D006846F1F71AFA5F
:10A35000200069460822D8F7FFFE37BD3EB504004D
:10A360000D006846F4F75FFC684690E80E0084E84C
:10A370000E0037BD02488047024880470248004728
:10A38000BD5A0408D959040851A204083EB5040076
:10A390000D006846F1F7F6F9200069460822D8F763
:10A3A000DBFE37BD8B0000008B0000009400000036
:10A3B00094000000000000005E000000CD30FFFFB0
:10A3C000412DFFFFE97DFEFF5DD9FEFFF58DFEFF0C
:10A3D000B19FFDFF70B504000D001600200000F0D5
:10A3E00004F83068E061346070BD5FF0FF31818156
:10A3F00001844184704710B504002000EEF719FB7A
:10A4000020002168D1F8BC10884710BD10B50400A9
:10A410002000EDF7E8FF606861680968096988470E
:10A4200010BD38B504460D462846FEF715FAA84279
:10A4300018BF0024204632BD0000000000000000CC
:10A44000000000000000000000000000000000000C
:10A4500000000000000000000000000000000000FC
:10A46000212242756666657220746F20736D616C7F
:10A470006C2200005B4A5045475D204D4355202526
:10A480006C752F256C750A005441534B5F44454C45
:10A4900041595F554E54494C000000005B52554EE7
:10A4A000535D20252D3230732020256C750A000065
:10A4B0006273705F74735F696E697469616C697AE5
:10A4C00065640000000000000000000000000000C3
:10A4D00000000000DDB603080000000000000000DE
:10A4E00011A0040800000000DDB603080000000011
:10A4F000000000000000000000000000B1AE0408F1
:10A50000696E646578203C206E6F5F73747265615C
:10A510006D73000075736564202B206E756D203C93
:10A520003D2073697A65000075736564202B206E89
:10A53000756D203C3D2073697A65000000000000C5
:10A54000000000000000000000000000000000000B
:10A5500000000000000000000000000000000000FB
:10A5600000000000000000000000000000000000EB
:10A5700000000000000000000000000000000000DB
:10A5800000000000000000000000000000000000CB
:10A5900000000000000000000000000000000000BB
:10A5A00000000000000000000000000000000000AB
:10A5B000000000000000000000000000000000009B
:10A5C000000000000000000000000000000000008B
:10A5D000000000000000000000000000000000007B
:10A5E000000000000000000000000000000000006B
:10A5F000000000000000000000000000000000005B
:10A60000000000000000000000000000000000004A
:10A61000000000000000000000000000000000003A
:10A62000000000000000000000000000000000002A
:10A63000000000000000000000000000000000001A
:10A64000000000000000000000000000000000000A
:10A6500000000000000000000000000000000000FA
:10A6600000000000000000000000000000000000EA
:10A6700000000000000000000000000000000000DA
:10A6800000000000000000000000000000000000CA
:10A6900000000000000000000000000000000000BA
:10A6A00000000000000000000000000000000000AA
:10A6B000000000000000000000000000000000009A
:10A6C000000000000000000000000000000000008A
:10A6D000000000000000000000000000000000007A
:10A6E000000000000000000000000000000000006A
:10A6F000000000000000000000000000000000005A
:10A700000000000000000000000000000000000049
:10A7100000000000000000001168030800000000B5
:10A720000000000000000000000000002D9A040856
:10A730000000000000000000000000000000000019
:10A740006500040810B50400D4F85801F0F7A6FE1F
:10A750002000EFF797FD10BD1EF0040F0CBFEFF3C4
:10A760000880EFF30980FBF784B870470000000011
:10A77000000000000000000000000000546F75633E
:10A78000684746585461736B0000000055415254AD
:10A79000526563656976655461736B0020205B25A3
:10A7A000645D20222573220A0000000000090F0EBC
:10A7B00007100B0A04070B080F100A0100090F0EFF
:10A7C00007100B0A04070B080F100A0118040339BD
:10A7D0000000001803033A00000000001802033BC9
:10A7E0000000001801033C00000000000000000011
:10A7F0000000000000000000000000000000000059
:10A80000000000000000000000000000000404043C
:10A810000404000000000000000000000000000030
:10A820000000040404040400000000000000000014
:10A8300000000000000000260A0C020025000000B5
:10A840000000000000000000000000000000000008
:10A8500000000000000000250B0901002600000098
:10A86000000000000000000000000000515F5345A0
:10A870004E445F4953525F4641494C00515F524537
:10A8800043565F4953525F4641494C005441534B34
:10A890005F53555350454E44000000005441534B04
:10A8A0005F524553554D455F4953520054494D45FC
:10A8B000525F45585049524500000000000000001A
:10A8C0000102030401020304060708096F666673A8
:10A8D0006574203C20757365640000000000000072
:10A8E00000000000000000000000000075736564B7
:10A8F000203E206F66667365740000006F666673A5
:10A900006574203C2075736564000000696E6465A1
:10A9100078203C205F73697A65000000696E646589
:10A9200078203C205F73697A650000000000000019
:10A9300000000000A50804080000000010B5040095
:10A94000EEF7D2FF0168C96B884710BD10B504004F
:10A9500014F10C00F3F722F9200010BD10B504002B
:10A960006068616809688969884710BD0000000057
:10A970003F00090E0E000900000000005400FF0017
:10A980006500FF005400FE005400FE0010B50400F6
:10A990002000F3F765FF200010BD10B50400200073
:10A9A000F3F7ACF9200010BD0B0C0A0AC160037468
:10A9B0004274817470477047766964656F5461733F
:10A9C0006B00000072746F735F74726163650000E6
:10A9D0006D757369635F64697370000048656272C6
:10A9E00065772052544C00004C6174696E204C54C1
:10A9F00052000000010120200000010200000000C0
:10AA00000000000000000000000000000000000046
:10AA10000000000000000000000000000000000036
:10AA200000000000FFFFFFFFFFFFFFFFFFFF000030
:10AA30000026090B012500000000000000250C0A7B
:10AA40000226000000000000515F53454E445F465F
:10AA500041494C00515F53454E445F4953520000F9
:10AA6000515F524543565F4641494C00515F524544
:10AA700043565F4953520000424C4F434B5F52458F
:10AA800043560000424C4F434B5F53454E44000039
:10AA90005441534B5F44454C415900005441534B82
:10AAA0005F524553554D45005441534B5F4352450A
:10AAB000415445005441534B5F44454C4554450077
:10AAC0007072652D736368656400000052544C2FEA
:10AAD00048656272657700004C54522F4C6174696E
:10AAE0006E0000005465726D696E616C00000000BC
:10AAF00075736564203E2030000000007573656446
:10AB0000203E20310000000075736564203E203037
:10AB10000000000075736564203E3D206E756D0079
:10AB200075736564203E2030000000007573656415
:10AB3000203C2073697A65009FED010A704700BFD1
:10AB40000000000010B504002000FEF7E7FB10BD78
:10AB500089B20C22514308440830704780F87C10B9
:10AB6000012280F87D2070470000000001010305EC
:10AB7000010003040000000000000000B7C103084A
:10AB800000000000F9C103080000000052455355C1
:10AB90004C543A00545241434B3A00005448554DEE
:10ABA000423A00004552524F523A00005245535526
:10ABB0004C543A008501008401000000515F534568
:10ABC0004E440000515F52454356000052544F53CB
:10ABD000000000000100000003000000540000001D
:10ABE00070000000000610160006101649444C457F
:10ABF00000000000546D722053766300546D725152
:10AC000000000000807A10F07F007047807AC0B2A8
:10AC1000C009704701004FF45670704701004FF6AD
:10AC2000FF707047010001207047001FFFF7FABF57
:10AC30000838FFF7B9BE7047080000000000031F86
:10AC4000000001DF80090100FFFFFF00F0E300E0EA
:10AC5000A4A3040868AB0408C0897047008A704741
:10AC6000C08870478088704741607047406A70476D
:10AC7000806A70474069704781807047C180704723
:10AC8000806C7047FFF7FEBFFFF7FEBFFFF7FEBF08
:10AC9000FFF7FEBFFFF7FEBFFFF7FEBFFFF7FEBFE8
:10ACA000FFF7FEBFFFF7FEBFFFF7FEBFFFF7FEBFD8
:10ACB000FFF7FEBFFFF7FEBFFFF7FEBFFFF7FEBFC8
:10ACC000FFF7FEBFFFF7FEBFFFF7FEBFFFF7FEBFB8
:10ACD000FFF7FEBFFFF7FEBFFFF7FEBFFFF7FEBFA8
:10ACE000FFF7FEBFFFF7FEBFFFF7FEBFFFF7FEBF98
:10ACF000FFF7FEBFFFF7FEBFFFF7FEBFFFF7FEBF88
:10AD0000FFF7FEBFFFF7FEBFFFF7FEBFFFF7FEBF77
:10AD1000FFF7FEBFFFF7FEBFFFF7FEBFFFF7FEBF67
:10AD2000FFF7FEBFFFF7FEBFFFF7FEBFFFF7FEBF57
:10AD3000FFF7FEBFFFF7FEBFFFF7FEBFFFF7FEBF47
:10AD4000FFF7FEBFFFF7FEBFFFF7FEBFFFF7FEBF37
:10AD5000FFF7FEBFFFF7FEBFFFF7FEBFFFF7FEBF27
:10AD6000FFF7FEBFFFF7FEBFFFF7FEBFFFF7FEBF17
:10AD7000FFF7FEBFFFF7FEBFFFF7FEBFFFF7FEBF07
:10AD8000FFF7FEBFFFF7FEBFFFF7FEBFFFF7FEBFF7
:10AD9000FFF7FEBFFFF7FEBFFFF7FEBFFFF7FEBFE7
:10ADA000FFF7FEBFFFF7FEBFFFF7FEBFFFF7FEBFD7
:10ADB000FFF7FEBFFFF7FEBFFFF7FEBFFFF7FEBFC7
:10ADC000FFF7FEBFFFF7FEBFFFF7FEBFFFF7FEBFB7
:10ADD000FFF7FEBFFFF7FEBFFFF7FEBFFFF7FEBFA7
:10ADE000FFF7FEBFFFF7FEBFFFF7FEBFFFF7FEBF97
:10ADF000FFF7FEBFFFF7FEBFFFF7FEBFFFF7FEBF87
:10AE0000FFF7FEBFFFF7FEBFFFF7FEBFFFF7FEBF76
:10AE1000FFF7FEBFFFF7FEBFFFF7FEBFFFF7FEBF66
:10AE2000FFF7FEBFFFF7FEBFFFF7FEBFFFF7FEBF56
:10AE3000FFF7FEBFFFF7FEBFFFF7FEBFFFF7FEBF46
:10AE4000FFF7FEBFFFF7FEBFFFF7FEBFFFF7FEBF36
:10AE5000FFF7FEBFFFF7FEBFFFF7FEBFFFF7FEBF26
:10AE6000FFF7FEBFFFF7FEBFFFF7FEBFFFF7FEBF16
:10AE7000FFF7FEBFFFF7FEBFFFF7FEBFFFF7FEBF06
:10AE8000FFF7FEBFFFF7FEBFFFF7FEBFFFF7FEBFF6
:10AE9000FFF7FEBFFFF7FEBFFFF7FEBFFFF7FEBFE6
:10AEA000FFF7FEBFFFF7FEBF406870474160704785
:10AEB00041607047017770478C307047843070472D
:10AEC0000120704700207047D9F77EBA00000000CB
:10AED0000000000024850408D489010828530408D0
:10AEE00098020008704770470000000010031747E1
:10AEF00004084704125B0412D50412ED0410033F4A
:10AF0000480408DB0413F94610110812FD0410036D
:10AF1000134904080D041200019003A0010224004B
:10AF20000183A04C10125A0912AA01400853454748
:10AF3000474552205254541A1202071201041004B9
:10AF4000E4AA0408A0D730F3144000012130D00354
:10AF500028C00324102F3110200190D00304123791
:10AF60000C2340A49C6004018F0190031F2BF30568
:10AF7000E80364400480A5040894A5CC12A80852F4
:10AF8000BC0C12D00852E40C12F808430CA60C12A8
:10AF9000200852340C124808525C0C12700852847B
:10AFA0000C12980852AC0C12C00852D40C12E808CB
:10AFB00052FC0C43ECA208100B04A304080104008B
:10AFC00000BC010024BD0452BC04211CA10852A8ED
:10AFD0000CF10B0110070204010198BA0324E804E4
:10AFE00052980431905108F0031304020024F048F1
:10AFF0005002080202484052480431F05108124CF5
:10B0000048F31138024812786C12C004F206082C7A
:10B01000F00207E9AE04080452FF01D001428E039A
:10B0200014280400008E90030840F2067058129D08
:10B030002012910412B104F1032052011503010101
:040000050804A251F8
:00000001FF
